user	date	lon	lat	geoprivacy
Cccefalon	2012-07-24	118.119941	5.838667	open
Cccefalon	2012-07-29	116.87711111	5.68	open
Cccefalon	2012-07-29	116.87711111	5.68	open
Cccefalon	2012-08-02	116.07885	5.978889	open
Cccefalon	2012-08-02	116.07885	5.978889	open
Cccefalon	2012-08-02	116.07885	5.978889	open
Cccefalon	2012-08-02	116.07885	5.978889	open
Cccefalon	2012-08-02	116.07885	5.978889	open
Cccefalon	2012-08-02	116.07885	5.978889	open
Cccefalon	2012-08-02	116.07885	5.978889	open
Cccefalon	2012-07-25	118.110226	5.8449	open
Gryffindor	2005-10-04T17:38:16Z	11.50890278	48.15825	open
Gryffindor	2005-10-04T17:43:56Z	13.46105	52.51091	open
Gryffindor	2005-10-05T20:34:39Z	13.4388	52.51342	open
Gryffindor	2005-11-06T15:21:22Z	16.36	48.21475	open
Gryffindor	2006-02-06T16:36:23Z	13.39363889	52.51675	open
Gryffindor	2006-02-06T16:48:52Z	12.33888889	45.43402778	open
Gryffindor	2006-02-06T16:53:47Z	12.34016667	45.43383333	open
Gryffindor	2006-02-08T13:29:28Z	13.41491667	52.52213889	open
Gryffindor	2006-02-08T13:37:26Z	13.45758333	52.51163889	open
Gryffindor	2006-02-14T17:32:49Z	2.18016667	41.39136111	open
Gryffindor	"17 December 2005 (according to <span lang=""en"" dir=""ltr""><a href=""https://en.wikipedia.org/wiki/Exif"" class=""extiw"" title=""en:Exif"">Exif</a></span> data)"	16.362389	48.203833	open
Gryffindor	2005-12-17	16.361636	48.203822	open
Gryffindor	"17 December 2005 (according to <span lang=""en"" dir=""ltr""><a href=""https://en.wikipedia.org/wiki/Exif"" class=""extiw"" title=""en:Exif"">Exif</a></span> data)"	16.362389	48.203833	open
Gryffindor	"1888<div style=""display: none;"">date QS:P571,+1888-00-00T00:00:00Z/9</div>"	16.362389	48.203833	open
Gryffindor	2006-02-23T18:32:49Z	13.40656	52.51819	open
Gryffindor	"circa 1900<div style=""display: none;"">date QS:P,+1900-00-00T00:00:00Z/9,P1480,Q5727902</div>"	13.40245	52.51675	open
Gryffindor	1900	13.37439	52.51845	open
Gryffindor	2006-02-23T19:20:49Z	13.39204	52.49742	open
Gryffindor	2006-02-23T19:25:49Z	13.35227	52.49961	open
Gryffindor	2006-02-23T19:45:53Z	13.34021	52.50551	open
Gryffindor	2006-02-23T19:49:14Z	13.30728	52.51716	open
Gryffindor	2006-02-23T19:51:17Z	13.29584	52.51999	open
Gryffindor	2006-04-03T15:54:36Z	16.36080556	48.21108333	open
Gryffindor	2006-04-03T16:00:47Z	16.36080556	48.21108333	open
Gryffindor	2006-04-03T16:31:00Z	16.38461111	48.21380556	open
Gryffindor	2006-04	13.43258625	52.51772401	open
Gryffindor	2006-04	13.4482	52.5164	open
Gryffindor	2006-04-15	13.42938889	52.51863889	open
Gryffindor	2006-04	-0.11296	51.5133	open
Gryffindor	2006-04	-0.1165	51.51227778	open
Gryffindor	2006-04	-0.11755556	51.51194444	open
Gryffindor	2006-05	2.334	48.85080556	open
Gryffindor	2006-05	2.32180556	48.86875	open
Gryffindor	2006-05	2.316629	48.8388869	open
Gryffindor	2006-05	2.316538	48.8389717	open
Gryffindor	2006-05	2.32598611	48.86734722	open
Gryffindor	2006-06	16.36375	48.21163889	open
Gryffindor	2006-06	16.36375	48.21163889	open
Gryffindor	2006-06	16.362389	48.203833	open
Gryffindor	2006-06	16.36143056	48.20393056	open
Gryffindor	2006-06	16.36158333	48.20401389	open
Gryffindor	2006-06	16.36158333	48.20401389	open
Gryffindor	2006-06	16.38064167	48.18736667	open
Gryffindor	2006-06	16.38064167	48.18736667	open
Gryffindor	2006-06	16.38064167	48.18736667	open
Gryffindor	2006-06	16.38064167	48.18736667	open
Gryffindor	2006-06	16.38272222	48.21133333	open
Gryffindor	2006-06	16.38244444	48.21186111	open
Gryffindor	2006-08	16.36277778	48.20825	open
Gryffindor	2006-08	16.36277778	48.20825	open
Gryffindor	"Photo: June 2006<br>Pegasus statue: 1876<a rel=""nofollow"" class=""external autonumber"" href=""http://www.planet-vienna.com/spots/Staatsoper/staatsoper.htm"">[1]</a>"	16.368674	48.202818	open
Gryffindor	2006-08	16.37819444	48.20408333	open
Gryffindor	2006-06	16.36808333	48.20422222	open
Gryffindor	2006-06	16.36508056	48.21175556	open
Gryffindor	2006-06	16.36622222	48.20811111	open
Gryffindor	2006-06	16.35805556	48.20358333	open
Gryffindor	2006-06	16.35805556	48.20358333	open
Gryffindor	2006-06	16.35772222	48.20358333	open
Gryffindor	2006-06	16.35772222	48.20358333	open
Gryffindor	2006-06	16.35772222	48.20358333	open
Gryffindor	2006-08	16.37388889	48.21152778	open
Gryffindor	2006-09	16.37363889	48.21177778	open
Gryffindor	2006-06	16.36138889	48.20930556	open
Gryffindor	2006-06	16.36186111	48.20886111	open
Gryffindor	2006-06	16.36516667	48.20736111	open
Gryffindor	2006-09	16.36408333	48.209	open
Gryffindor	2006-09	16.36375	48.20911111	open
Gryffindor	2006-09	16.36375	48.20911111	open
Gryffindor	2006-08	16.36575	48.20811111	open
Gryffindor	2006-08	16.36575	48.20811111	open
Gryffindor	2006-06	16.36091667	48.20441667	open
Gryffindor	2006-09	16.36958333	48.21138889	open
Gryffindor	2006-09	16.3695	48.2115	open
Gryffindor	2006-09	16.36958333	48.21138889	open
Gryffindor	2006-09	16.36886111	48.21166667	open
Gryffindor	2006-09	16.36819444	48.20441667	open
Gryffindor	2006-08	16.36441667	48.20827778	open
Gryffindor	2006-08	16.36791667	48.20725	open
Gryffindor	2006-08	16.36378056	48.21186111	open
Gryffindor	2006-08	16.36409167	48.21199722	open
Gryffindor	2006-08	16.36458056	48.21178333	open
Gryffindor	2006-08	16.36458056	48.21178333	open
Gryffindor	2006-09	16.35827778	48.20336111	open
Gryffindor	2006-08	2.34288889	48.88661111	open
Gryffindor	2006-08	2.34288889	48.88661111	open
Gryffindor	2006-08	2.343	48.88654167	open
Gryffindor	2006-08	2.33576953	48.88812723	open
Gryffindor	2006-06	16.36097222	48.21255556	open
Gryffindor	2006-06	16.37436111	48.21280556	open
Gryffindor	2006-08	2.35755556	48.84245833	open
Gryffindor	2006-08	2.35752778	48.8425	open
Gryffindor	2006-06	16.36627778	48.20777778	open
Gryffindor	2006-06	16.36561111	48.20761111	open
Gryffindor	2006-06	16.36558333	48.20758333	open
Gryffindor	2006-06	16.36552778	48.20763889	open
Gryffindor	2006-06	16.36627778	48.20808333	open
Gryffindor	2006-06	16.36638889	48.20761111	open
Gryffindor	2006-06	16.36408333	48.20386111	open
Gryffindor	2006-10	16.38183333	48.20991667	open
Gryffindor	2006-10	17.107837	48.149256	open
Gryffindor	2006-10	16.36627778	48.20808333	open
Gryffindor	2006-10	16.36627778	48.20808333	open
Gryffindor	2006-10	16.36563889	48.20811111	open
Gryffindor	2006-10	16.36563889	48.20811111	open
Gryffindor	2006-10	16.36563889	48.20811111	open
Gryffindor	"circa 1874<div style=""display: none;"">date QS:P,+1874-00-00T00:00:00Z/9,P1480,Q5727902</div>"	16.38015278	48.18806389	open
Gryffindor	1874	16.38015278	48.18806389	open
Gryffindor	2006-10	16.36730556	48.20788889	open
Gryffindor	2006-10	16.36730556	48.20788889	open
Gryffindor	2006-12	100.33708611	5.41683889	open
Gryffindor	2007-04	16.36919444	48.21144444	open
Gryffindor	2007-04	16.3645	48.218	open
Bùi Thụy Đào Nguyên	2010-02-27 20:27:55	105.12589264	10.52158356	open
Bùi Thụy Đào Nguyên	2010-09-03 09:26:50	105.12589264	10.52158356	open
Bùi Thụy Đào Nguyên	2010-09-03 09:40:18	105.12589264	10.52158356	open
Bùi Thụy Đào Nguyên	2010-09-03 09:37:22	105.12589264	10.52158356	open
Bùi Thụy Đào Nguyên	2010-09-03 09:22:53	105.12589264	10.52158356	open
Bùi Thụy Đào Nguyên	2010-09-03 09:40:08	105.44540405	10.4101572	open
Bùi Thụy Đào Nguyên	2010-12-04 12:56:58	105.12589264	10.52158356	open
Bùi Thụy Đào Nguyên	2010-12-04 14:09:19	105.12589264	10.52158356	open
Bùi Thụy Đào Nguyên	2010-12-04 17:00:38	105.12589264	10.52158356	open
Bùi Thụy Đào Nguyên	2012-04-22 18:38:59	4.541764	52.264842	open
Bùi Thụy Đào Nguyên	2013-02-13 08:26:46	105.434531	10.390428	open
Bùi Thụy Đào Nguyên	Xem bên dưới.	104.980888	10.502497	open
Bùi Thụy Đào Nguyên	2013-03-16 14:02:49	106.342049	10.449332	open
Bùi Thụy Đào Nguyên	2013-12-25 14:32:35	104.98397827	10.50333977	open
Bùi Thụy Đào Nguyên	2013-12-25 14:17:14	104.98105621	10.50266457	open
Bùi Thụy Đào Nguyên	2013-12-25 14:52:19	104.98175049	10.50469112	open
Bùi Thụy Đào Nguyên	2014-01-12 08:53:06	106.70042419	10.77565861	open
Bùi Thụy Đào Nguyên	2014-01-12 08:43:35	106.70042419	10.77565861	open
Bùi Thụy Đào Nguyên	2014-01-22 14:48:19	105.53055573	10.49222183	open
Bùi Thụy Đào Nguyên	2014-01-26 07:51:25	105.33776855	10.34481144	open
Bùi Thụy Đào Nguyên	2014-01-23 12:51:50	105.76670074	10.30000019	open
Bùi Thụy Đào Nguyên	3 tháng 3 năm 2008	106.664497	10.085856	open
Bùi Thụy Đào Nguyên	ngày 3 tháng 3 năm 2008	106.664497	10.085856	open
Bùi Thụy Đào Nguyên	2010-12-04 17:02:47	105.12589264	10.52158356	open
Bùi Thụy Đào Nguyên	2013-05-22 09:51:29	106.76152	21.853708	open
Bùi Thụy Đào Nguyên	2010-02-27 20:17:09	105.12589264	10.52158356	open
Benoît Prieur	2003-11-30 00:00	13.764908	43.190897	open
Benoît Prieur	2010-10-26	4.97683333	45.82733333	open
Benoît Prieur	2010-08	-16.99633333	14.54866667	open
Benoît Prieur	2010-08	-17.26983333	14.71366667	open
Benoît Prieur	2011-03-10T19:01:56Z	4.9775	45.82683333	open
Benoît Prieur	2010-10-31	4.3505	50.84566667	open
Benoît Prieur	2010-10-30	4.35716667	50.85483333	open
Benoît Prieur	2010-11-23	2.35366667	48.82866667	open
Benoît Prieur	2010-12-11	4.9675	45.82766667	open
Benoît Prieur	2010-12-22	2.421	48.552	open
Benoît Prieur	2010-12-16	4.862	45.7605	open
Benoît Prieur	2010-12-24	4.977	45.8275	open
Benoît Prieur	2011-04-09	4.89266667	45.80366667	open
Benoît Prieur	2010-12-25	3.50083333	47.61433333	open
Benoît Prieur	2011-05-14	4.97683333	45.8275	open
Benoît Prieur	2011-01-15	5.05733333	45.8525	open
Benoît Prieur	2011-01-15	5.058	45.85283333	open
Benoît Prieur	2011-01-15	5.05766667	45.84766667	open
Benoît Prieur	2011-01-15	5.05816667	45.85283333	open
Benoît Prieur	2011-01	-0.3645	49.18333333	open
Benoît Prieur	2011-01	-0.34766667	49.17616667	open
Benoît Prieur	2011-02-12	4.85416667	45.777	open
Benoît Prieur	2011-02-12	4.8555	45.77666667	open
Benoît Prieur	2011-02-13	4.8575	45.7765	open
Benoît Prieur	2011-02-13	4.8575	45.7765	open
Benoît Prieur	2004	-56.152812	-34.894482	open
Benoît Prieur	2011-02-19	5.00133333	45.84	open
Benoît Prieur	2011-02-19	5.00133333	45.84016667	open
Benoît Prieur	2011-02-19	5.001	45.83983333	open
Benoît Prieur	2011-02-19	5.00116667	45.83983333	open
Benoît Prieur	2011-02-20	4.95266667	45.82283333	open
Benoît Prieur	2011-02-20	4.9525	45.82266667	open
Benoît Prieur	2011-02-20	4.9525	45.823	open
Benoît Prieur	2011-03-11	4.98116667	45.83016667	open
Benoît Prieur	2011-03-05	-73.99762	40.71363	open
Benoît Prieur	2011-03-18	4.87916667	45.77833333	open
Benoît Prieur	2011-03-22	4.975	45.82883333	open
Benoît Prieur	2011-03-20	4.82733333	45.7495	open
Benoît Prieur	2011-03-24	4.94766667	45.8195	open
Benoît Prieur	2011-03-24	4.89366667	45.78383333	open
Benoît Prieur	2011-03-24	4.88883333	45.78483333	open
Benoît Prieur	2011-03-24	4.8865	45.7845	open
Benoît Prieur	2011-03-24	4.93416667	45.81283333	open
Benoît Prieur	2011-03-24	4.93516667	45.81333333	open
Benoît Prieur	2011-03-24	4.93383333	45.80383333	open
Benoît Prieur	2011-03-29	4.93366667	45.80383333	open
Benoît Prieur	2011-04-02	4.95116667	45.824	open
Benoît Prieur	2011-04-02	4.952	45.82366667	open
Benoît Prieur	2011-04-02	4.95216667	45.82383333	open
Benoît Prieur	2011-04-02	4.952	45.82366667	open
Benoît Prieur	2011-04809	4.89233333	45.80366667	open
Benoît Prieur	2011-04-09	4.89233333	45.80366667	open
Benoît Prieur	2011-04-09	4.89283333	45.80383333	open
Benoît Prieur	2011-04-09	4.89266667	45.80383333	open
Benoît Prieur	2011-04-09	4.893	45.80383333	open
Benoît Prieur	2011-04-09	4.892	45.80383333	open
Benoît Prieur	2011-04-09	4.93383333	45.804	open
Benoît Prieur	2011-04-09	4.93383333	45.80466667	open
Benoît Prieur	2011-04-09	4.93233333	45.81483333	open
Benoît Prieur	2011-04-09	4.93233333	45.815	open
Benoît Prieur	2011-04-05 18:49:37	4.964	45.82466667	open
Benoît Prieur	2011-04-11 08:21:58	4.9365	45.81383333	open
Benoît Prieur	2011-04-12 08:18:38	4.9435	45.81733333	open
Benoît Prieur	2011-04-12 08:26:21	4.93233333	45.8065	open
Benoît Prieur	2011-04-12 08:33:41	4.9265	45.798	open
Benoît Prieur	2011-04-13 18:07:24	4.88733333	45.78483333	open
Benoît Prieur	2011-04-12 17:49:41	4.8865	45.78433333	open
Benoît Prieur	2011-04-12 17:50:52	4.88466667	45.78416667	open
Benoît Prieur	2011-04-12 17:51:01	4.88616667	45.7845	open
Benoît Prieur	2011-04-13 18:52:36	4.95416667	45.8225	open
Benoît Prieur	2011-04-12 17:54:18	4.88566667	45.78566667	open
Benoît Prieur	2011-04-12 17:54:49	4.88583333	45.78583333	open
Benoît Prieur	2011-04-12 17:55:09	4.886	45.78583333	open
Benoît Prieur	2011-04-12 17:56:58	4.88633333	45.78566667	open
Benoît Prieur	2011-04-12 17:58:38	4.89016667	45.78433333	open
Benoît Prieur	2011-04-12 18:06:31	4.884	45.78433333	open
Benoît Prieur	2011-04-12 18:11:33	4.88933333	45.78416667	open
Benoît Prieur	2011-04-12 18:13:33	4.887	45.786	open
Benoît Prieur	2011-04-12 18:13:42	4.887	45.78616667	open
Benoît Prieur	2011-04-12 18:13:23	4.887	45.78616667	open
Benoît Prieur	2011-04-13	4.92616667	45.80183333	open
Benoît Prieur	2011-04-15 08:15:16	2.308167	48.838833	open
Benoît Prieur	2011-04-15 08:28:01	4.934	45.80316667	open
Benoît Prieur	2011-04-15	4.887	45.78616667	open
Benoît Prieur	2011-04-30 09:45:22	4.97633333	45.83566667	open
Benoît Prieur	2011-04-30 09:45:38	4.9765	45.83583333	open
Benoît Prieur	2011-04-30 09:46:15	4.97616667	45.83583333	open
Benoît Prieur	2011-04-30 09:46:51	4.976	45.836	open
Benoît Prieur	2011-04-30 09:47:52	4.97583333	45.83566667	open
Benoît Prieur	2011-04-30 09:48:27	4.97616667	45.83566667	open
Benoît Prieur	2011-04-30 09:49:24	4.98583333	45.83233333	open
Benoît Prieur	2011-04-30 09:46:38	4.976	45.836	open
Benoît Prieur	2011-05-03 09:00:01	4.958	45.8235	open
Benoît Prieur	2011-05-24 19:30:45	4.964	45.82833333	open
Benoît Prieur	2011-06-01	-0.36716667	49.1865	open
Benoît Prieur	2011-06-01	-0.36733333	49.1865	open
Benoît Prieur	2011-06-06	4.96983333	45.832	open
Benoît Prieur	2011-06-06	4.97	45.832	open
Benoît Prieur	2011-06-06	4.97883333	45.83333333	open
Benoît Prieur	2011-06-06	4.9645	45.8285	open
Benoît Prieur	2011-06-06	4.9645	45.8285	open
Benoît Prieur	2008-08-24 10:27	6.221458	43.426284	open
Benoît Prieur	2011-05-03 23:53:13	4.83416667	45.76466667	open
Benoît Prieur	2011-06-06 18:53:58	4.954	45.82216667	open
Benoît Prieur	2011-07-05 10:42:29	4.9515	45.82466667	open
Benoît Prieur	2005-08	116.40564	39.890772	open
Benoît Prieur	2004	-56.152812	-34.8754122	open
Benoît Prieur	2010	1.442951	43.59703399	open
Benoît Prieur	2005-08	113.034512	23.191807	open
Benoît Prieur	2009-06-05	4.831213	45.722453	open
Benoît Prieur	2008-10-02 12:20:26	14.51233333	35.89486111	open
Benoît Prieur	2009-06-05 20:50:46	4.831213	45.722453	open
Benoît Prieur	2011-10-12	4.826	45.74633333	open
Benoît Prieur	2011-10-27	4.82333333	45.74566667	open
Benoît Prieur	2012-02-19	4.98666667	45.82733333	open
Benoît Prieur	2012-02-19	4.98666667	45.82733333	open
Benoît Prieur	2012-04-08	3.32752778	47.56261944	open
Benoît Prieur	2012-04-08	3.32643611	47.56453611	open
Benoît Prieur	2012-03-08	5.05783333	45.84783333	open
Benoît Prieur	2012-03-06	5.00683333	45.834	open
Benoît Prieur	2012-03-06	5.00716667	45.834	open
Benoît Prieur	2011-02-01	-0.3485	49.17633333	open
Benoît Prieur	2012-02-16	4.8825	45.7805	open
Benoît Prieur	2012-02-19	4.97833333	45.82666667	open
Benoît Prieur	2012-02-28	4.9205	45.80817	open
Benoît Prieur	2012-02-28	4.9205	45.80816667	open
Benoît Prieur	2012-02-28	4.91866667	45.808	open
Benoît Prieur	2012-02-28	4.92016667	45.80816667	open
Benoît Prieur	2012-03-06	4.93216667	45.81516667	open
Benoît Prieur	2012-02	4.86383333	45.7705	open
Benoît Prieur	2012-03-01	4.95316667	45.82233333	open
Benoît Prieur	2009-04-21	4.8408	45.782167	open
Benoît Prieur	2012-03-06	4.96683333	45.82966667	open
Benoît Prieur	2013-02-19	4.9805	45.82833333	open
Benoît Prieur	2011-06-11 16:54:19	4.98116667	45.82666667	open
Benoît Prieur	2012-02-15	4.98583333	45.83266667	open
Benoît Prieur	2012-02-15	4.979	45.829	open
Benoît Prieur	2012-02-16	4.98883333	45.824	open
Benoît Prieur	2012-02-29	4.97883333	45.8265	open
Benoît Prieur	2012-02-25	4.95683333	45.82733333	open
Benoît Prieur	2011-06-24 18:21:34	4.954	45.82466667	open
Benoît Prieur	2012-02-19	4.981	45.82766667	open
Benoît Prieur	2011-10-08	4.82660833	45.79454167	open
Benoît Prieur	2012-03-04	4.98116667	45.82683333	open
Benoît Prieur	2004	-54.03121	5.50392	open
Benoît Prieur	2012-02-15	4.95083333	45.82416667	open
Benoît Prieur	2011-12-11	5.31266667	46.06516667	open
Benoît Prieur	2012-01-05	4.85966667	45.76	open
Benoît Prieur	2012-01-05	2.35516667	48.85766667	open
Benoît Prieur	2012-01-06	-0.3725	49.19116667	open
Benoît Prieur	2012-01-06	-0.3645	49.18966667	open
Benoît Prieur	2012-01-05	4.97766667	45.8275	open
Benoît Prieur	2012-01-06	-0.36483333	49.1905	open
Benoît Prieur	2012-01-09	4.82616667	45.7485	open
Benoît Prieur	2012-01-09	4.82533333	45.74816667	open
Benoît Prieur	2012-02-07	4.92816667	45.81416667	open
Benoît Prieur	2012-02-07	4.97683333	45.82633333	open
Benoît Prieur	2012-02-07	4.93083333	45.814	open
Benoît Prieur	2012-02-07	4.93116667	45.82016667	open
Benoît Prieur	2012-02-15	4.93216667	45.81466667	open
Benoît Prieur	2012-02-15	4.94016667	45.8155	open
Benoît Prieur	2012-02-15	4.94033333	45.81566667	open
Benoît Prieur	2012-02-15	4.94033333	45.81566667	open
Benoît Prieur	2012-02-15	4.9395	45.81666667	open
Benoît Prieur	2012-02-15	4.93883333	45.81716667	open
Benoît Prieur	2012-02-15	4.939	45.81666667	open
Benoît Prieur	2012-02-15	4.9325	45.815	open
Benoît Prieur	2012-02-15	4.9395	45.81666667	open
Benoît Prieur	2012-02-15	4.93166667	45.81383333	open
Benoît Prieur	2012-02-16	4.988426	45.824186	open
Benoît Prieur	2012-02-18	5.0005	45.83533333	open
Benoît Prieur	2012-02-18	5.0005	45.83533333	open
Benoît Prieur	2012-02-18	4.99016667	45.82133333	open
Benoît Prieur	2012-02-18	5.0115	45.83716667	open
Benoît Prieur	2012-02-17	4.82466667	45.7475	open
Benoît Prieur	2012-02-16	4.8325	45.77	open
Benoît Prieur	2012-02-18	4.97683333	45.83033333	open
Benoît Prieur	2012-02-18	4.97633333	45.8305	open
Benoît Prieur	2012-02-20	4.95383333	45.82466667	open
Benoît Prieur	2012-02-20	4.95433333	45.8225	open
Benoît Prieur	2012-02-24	4.97466667	45.83266667	open
Benoît Prieur	2012-02-24	4.97466667	45.83283333	open
Benoît Prieur	2012-02-24	4.9745	45.83266667	open
Benoît Prieur	2012-02-28	4.94566667	45.81933333	open
Benoît Prieur	2012-02-28	4.95816667	45.82216667	open
Benoît Prieur	2012-02-28	4.95816667	45.82216667	open
Benoît Prieur	2012-02-28	4.98783333	45.81983333	open
Benoît Prieur	2012-02-29	4.90783333	45.81916667	open
Benoît Prieur	2012-02-29	4.909	45.81933333	open
Benoît Prieur	2012-02-29	4.92633333	45.81983333	open
Benoît Prieur	2012-02-29	4.92633333	45.81983333	open
Benoît Prieur	Années 1930.	4.981012	45.826751	open
Benoît Prieur	2012-03-01	4.981	45.82683333	open
Benoît Prieur	2012-03-01	4.97966667	45.82766667	open
Benoît Prieur	2012-03-01	4.953	45.82266667	open
Benoît Prieur	2012-03-01	4.98366667	45.8345	open
Benoît Prieur	2012-03-01	4.98366667	45.83433333	open
Benoît Prieur	2012-03-01	4.98866667	45.83683333	open
Benoît Prieur	2012-03-01	5.00216667	45.84	open
Benoît Prieur	2012-03-01	5.00216667	45.84	open
Benoît Prieur	2012-03-01	5.00933333	45.83133333	open
Benoît Prieur	2012-03-01	5.00716667	45.834	open
Benoît Prieur	2012-03-01	5.00933333	45.83133333	open
Benoît Prieur	2012-03-01	5.00733333	45.834	open
Benoît Prieur	2012-03-01	4.99433333	45.82183333	open
Benoît Prieur	2012-03-01	5.01066667	45.82866667	open
Benoît Prieur	2012-03-01	5.01066667	45.82866667	open
Benoît Prieur	2012-03-01	4.99433333	45.82183333	open
Benoît Prieur	2012-03-01	4.95683333	45.823	open
Benoît Prieur	2012-03-01	4.954	45.82233333	open
Benoît Prieur	2012-03-01	4.954	45.82233333	open
Benoît Prieur	2012-03-01	4.95316667	45.82233333	open
Benoît Prieur	2012-03-01	4.95316667	45.82233333	open
Benoît Prieur	2012-03-01	4.953	45.82266667	open
Benoît Prieur	2012-03-01	4.98883333	45.83683333	open
Benoît Prieur	2012-03-01	4.957	45.823	open
Benoît Prieur	2012-03-01	5.00216667	45.84016667	open
Benoît Prieur	Années 1910 ?	4.946954	45.830048	open
Benoît Prieur	2012-03-02	5.01933333	45.81833333	open
Benoît Prieur	2012-03-02	5.01583333	45.82333333	open
Benoît Prieur	2012-03-02	5.01583333	45.82333333	open
Benoît Prieur	2012-03-02	5.01933333	45.81833333	open
Benoît Prieur	2012-03-02	5.02	45.81683333	open
Benoît Prieur	2012-03-02	5.01933333	45.81833333	open
Benoît Prieur	2012-03-02	5.01933333	45.81833333	open
Benoît Prieur	2012-03-02	5.02	45.817	open
Benoît Prieur	2012-03-02	5.02	45.817	open
Benoît Prieur	2012-03-02	5.02	45.817	open
Benoît Prieur	2012-03-02	5.022	45.81466667	open
Benoît Prieur	2012-03-02	5.02183333	45.8145	open
Benoît Prieur	2012-03-02	5.022	45.81416667	open
Benoît Prieur	2012-03-02	5.0225	45.81133333	open
Benoît Prieur	2012-03-02	5.02183333	45.81433333	open
Benoît Prieur	2012-03-02	5.0225	45.81133333	open
Benoît Prieur	2012-03-02	5.0275	45.81166667	open
Benoît Prieur	2012-03-02	5.027	45.815	open
Benoît Prieur	2012-03-02	5.027	45.815	open
Benoît Prieur	2012-03-02	5.0275	45.81166667	open
Benoît Prieur	2012-03-02	5.01583333	45.82316667	open
Benoît Prieur	2012-03-02	5.028	45.81716667	open
Benoît Prieur	2012-03-03	5.2125	45.81716667	open
Benoît Prieur	2012-03-03	5.21216667	45.81733333	open
Benoît Prieur	2012-03-03	5.21216667	45.81733333	open
Benoît Prieur	2012-03-03	5.21183333	45.81766667	open
Benoît Prieur	2012-03-03	5.21116667	45.81783333	open
Benoît Prieur	2012-03-03	5.21133333	45.81783333	open
Benoît Prieur	2012-03-03	5.21233333	45.8175	open
Benoît Prieur	2012-03-03	5.21233333	45.8175	open
Benoît Prieur	2012-03-03	5.2105	45.818	open
Benoît Prieur	2012-03-03	4.98116667	45.828	open
Benoît Prieur	2012-03-03	5.12466667	45.8305	open
Benoît Prieur	2012-03-03	4.98066667	45.834	open
Benoît Prieur	2012-03-05	4.995	45.83833333	open
Benoît Prieur	2012-03-05	5.00166667	45.83983333	open
Benoît Prieur	2012-03-05	4.99516667	45.83783333	open
Benoît Prieur	2012-03-05	4.99516667	45.83783333	open
Benoît Prieur	2012-03-06	5.007	45.83383333	open
Benoît Prieur	2012-03-06	4.94533333	45.82566667	open
Benoît Prieur	2012-03-06	4.94566667	45.82566667	open
Benoît Prieur	2012-03-06	5.022	45.8135	open
Benoît Prieur	2012-03-06	5.03266667	45.814	open
Benoît Prieur	2012-03-06	4.96683333	45.82966667	open
Benoît Prieur	2012-03-06	4.966	45.829	open
Benoît Prieur	2012-03-06	4.95483333	45.82516667	open
Benoît Prieur	2012-03-06	4.95316667	45.827	open
Benoît Prieur	2012-03-06	4.9835	45.83466667	open
Benoît Prieur	2012-03-06	4.95516667	45.825	open
Benoît Prieur	2012-03-06	4.93216667	45.81516667	open
Benoît Prieur	2012-03-07	4.999	45.82966667	open
Benoît Prieur	2012-03-06	4.93233333	45.81516667	open
Benoît Prieur	2012-03-07	4.999	45.82966667	open
Benoît Prieur	2012-03-07	4.99783333	45.831	open
Benoît Prieur	2012-03-07	5.00116667	45.83133333	open
Benoît Prieur	2012-03-08	5.071	45.85116667	open
Benoît Prieur	2012-03-08	5.07566667	45.85116667	open
Benoît Prieur	2012-03-08	5.08716667	45.85066667	open
Benoît Prieur	2012-03-08	5.08716667	45.85066667	open
Benoît Prieur	2012-03-08	5.0745	45.85083333	open
Benoît Prieur	2012-03-08	5.07116667	45.851	open
Benoît Prieur	2012-03-10	4.96683333	45.82433333	open
Benoît Prieur	"between 1900 and 1910<div style=""display: none;"">date QS:P,+1950-00-00T00:00:00Z/7,P1319,+1900-00-00T00:00:00Z/9,P1326,+1910-00-00T00:00:00Z/9</div>"	5.001951	45.840172	open
Benoît Prieur	2012-03-12	4.995	45.8195	open
Benoît Prieur	2012-03-12	4.99716667	45.8205	open
Benoît Prieur	2012-03-12	4.99466667	45.8195	open
Benoît Prieur	2012-03-12	4.99533333	45.81966667	open
Benoît Prieur	2012-03-12	4.99466667	45.8195	open
Benoît Prieur	2012-03-12	5.002	45.84016667	open
Benoît Prieur	2012-03-12	4.976	45.83066667	open
Benoît Prieur	2012-03-12	4.997	45.81966667	open
Benoît Prieur	2012-03-12	5.0005	45.82316667	open
Benoît Prieur	Années 1910 ; la carte est postée et reçue en 1915	5.002186	45.840998	open
Benoît Prieur	2012-03-12	4.9875	45.83783333	open
Benoît Prieur	2012-03-16	5.0025	45.83766667	open
Benoît Prieur	2012-03-16	5.0025	45.83783333	open
Benoît Prieur	2012-03-16	5.00216667	45.83783333	open
Benoît Prieur	2012-03-19	4.98766667	45.8335	open
Benoît Prieur	2012-03-25	5.17866667	45.9035	open
Benoît Prieur	2012-03-25	5.17866667	45.9035	open
Benoît Prieur	2012-03-25	5.17966667	45.90333333	open
Benoît Prieur	2012-03-25	5.1795	45.90366667	open
Benoît Prieur	2012-03-25	5.17866667	45.90316667	open
Benoît Prieur	2012-03-25	5.179	45.90333333	open
Benoît Prieur	2012-03-25	5.1785	45.9035	open
Benoît Prieur	2012-03-30	4.43434667	45.13881833	open
Benoît Prieur	2012-03-30	4.43434667	45.13881833	open
Benoît Prieur	2012-03-31	4.4355	45.142	open
Benoît Prieur	2012-03-31	4.4355	45.142	open
Benoît Prieur	2012-03-31	4.43566667	45.142	open
Benoît Prieur	2012-04-01	4.44533333	45.14166667	open
Benoît Prieur	2012-03-31	4.43516667	45.142	open
Benoît Prieur	2012-04-01	4.48683333	45.166	open
Benoît Prieur	2012-03-31	4.502665	45.17489167	open
Benoît Prieur	2012-03-31	4.50252	45.17486333	open
Benoît Prieur	2012-03-31	4.50253833	45.17486833	open
Benoît Prieur	2012-04-01	4.54733333	45.19866667	open
Benoît Prieur	2012-03-31	4.59027833	45.22633167	open
Benoît Prieur	2012-03-31	4.59034167	45.226395	open
Benoît Prieur	2012-03-31	4.578565	45.215755	open
Benoît Prieur	2012-03-31	4.59025	45.22635667	open
Benoît Prieur	2012-03-29	4.95226167	45.823655	open
Benoît Prieur	2012-04-05 12:02	4.952	45.82366667	open
Benoît Prieur	2012-04-05 12:06	4.952	45.82366667	open
Benoît Prieur	2012-03-29	4.95226167	45.823655	open
Benoît Prieur	2012-04-07	4.82863167	47.05607833	open
Benoît Prieur	2012-04-07	3.33773667	47.54180833	open
Benoît Prieur	2012-04-07	3.349305	47.50366333	open
Benoît Prieur	2012-03-20	4.95266667	45.823	open
Benoît Prieur	2012-04-05	4.955	45.82483333	open
Benoît Prieur	2012-04-07	3.32814333	47.56248	open
Benoît Prieur	2012-04-07	3.32580333	47.56334	open
Benoît Prieur	2012-04-16	10.83045833	35.776405	open
Benoît Prieur	2012-04-16	10.82847667	35.77741667	open
Benoît Prieur	2012-04-16	10.8289	35.77739167	open
Benoît Prieur	2012-04-16	10.82906833	35.77732167	open
Benoît Prieur	2012-04-16	10.83147167	35.77629667	open
Benoît Prieur	2012-04-16	10.82839167	35.777375	open
Benoît Prieur	2012-04-16	10.832935	35.77667333	open
Benoît Prieur	2012-04-16	10.83188667	35.77613	open
Benoît Prieur	2012-04-16	10.83197	35.776195	open
Benoît Prieur	2012-04-16	10.83295833	35.77668167	open
Benoît Prieur	2012-04-16	10.83294	35.77668333	open
Benoît Prieur	2012-04-16	10.83132833	35.77592167	open
Benoît Prieur	2012-04-22	10.77233333	35.7725	open
Benoît Prieur	2012-04-16	10.831295	35.776255	open
Benoît Prieur	2012-04-16	10.74056	35.76482333	open
Benoît Prieur	2012-04-16	10.831075	35.77622833	open
Benoît Prieur	2012-04-16	10.829535	35.77705833	open
Benoît Prieur	2012-04-16	10.82894	35.77737167	open
Benoît Prieur	2012-04-16	10.830455	35.776405	open
Benoît Prieur	2012-04-20	10.79878167	35.77211167	open
Benoît Prieur	2012-04-20	10.73811667	35.762455	open
Benoît Prieur	beginning 20th century	3.343451	47.563437	open
Benoît Prieur	beginning 20th century	3.328854	47.559095	open
Benoît Prieur	2012-04-20	10.63958833	35.82727667	open
Benoît Prieur	2012-04-20	10.6397	35.827325	open
Benoît Prieur	2012-04-20	10.63958167	35.82725667	open
Benoît Prieur	2012-04-20	10.63877	35.82735667	open
Benoît Prieur	2012-04-20	10.63897	35.827295	open
Benoît Prieur	2012-04-20	10.63901	35.82739667	open
Benoît Prieur	2012-04-20	10.63986	35.82493	open
Benoît Prieur	2012-04-20	10.63876333	35.82735333	open
Benoît Prieur	2012-04-20	10.63995833	35.82557333	open
Benoît Prieur	2012-04-20	10.63980167	35.82731667	open
Benoît Prieur	2012-04-26	4.8265	45.7265	open
Benoît Prieur	2012-04-26	4.95799833	45.874155	open
Benoît Prieur	2012-04-26	4.94918667	45.87438	open
Benoît Prieur	2012-04-26	4.94934167	45.87388167	open
Benoît Prieur	2012-04-26	4.94932167	45.87388833	open
Benoît Prieur	2012-04-26	4.97627	45.835835	open
Benoît Prieur	2012-04-26	4.97624	45.83586333	open
Benoît Prieur	2012-04-26	4.97625167	45.83585	open
Benoît Prieur	2012-04-26	4.97626833	45.83535333	open
Benoît Prieur	2012-04-26	4.96443167	45.87448667	open
Benoît Prieur	2012-04-26	4.97591	45.83744167	open
Benoît Prieur	2012-04-26	4.94680167	45.832905	open
Benoît Prieur	2012-04-26	4.96607833	45.86726333	open
Benoît Prieur	2012-04-26	4.97476833	45.86590333	open
Benoît Prieur	2012-04-26	4.96608167	45.86725667	open
Benoît Prieur	2012-04-26	4.94928667	45.87394333	open
Benoît Prieur	2012-04-26	4.97475833	45.86588667	open
Benoît Prieur	2012-04-26	4.96469	45.87475167	open
Benoît Prieur	2012-04-26	4.96469	45.87475167	open
Benoît Prieur	2012-05-03	4.82416667	45.72766667	open
Benoît Prieur	2012-04-27	5.058485	45.848195	open
Benoît Prieur	2012-04-27	5.057435	45.84810167	open
Benoît Prieur	2012-05-07	4.957255	46.11852667	open
Benoît Prieur	2012-05-07	4.95734667	46.11867167	open
Benoît Prieur	2012-05-07	4.95744667	46.11854167	open
Benoît Prieur	2012-05-07	4.95747667	46.11855333	open
Benoît Prieur	2012-05-07	4.95744667	46.11854167	open
Benoît Prieur	2012-05-07	4.95747667	46.11855333	open
Benoît Prieur	2012-05-07	4.95747667	46.11855333	open
Benoît Prieur	2012-05-07	4.95747667	46.11855333	open
Benoît Prieur	2012-05-07	4.95747667	46.11855333	open
Benoît Prieur	2012-05-07	4.95747667	46.11855333	open
Benoît Prieur	2012-05-07	4.95747667	46.11855333	open
Benoît Prieur	2012-05-07	4.95747667	46.11855333	open
Benoît Prieur	2012-05-07	4.95750333	46.11863333	open
Benoît Prieur	2012-05-07	4.95747667	46.11859833	open
Benoît Prieur	2012-05-07	4.95724667	46.11851833	open
Benoît Prieur	2012-05-07	4.95740167	46.11869667	open
Benoît Prieur	2012-05-08	4.95733333	46.11866667	open
Benoît Prieur	2012-05-08	4.95733333	46.11866667	open
Benoît Prieur	2012-05-08	4.95733333	46.11866667	open
Benoît Prieur	2012-05-08	4.95733333	46.11866667	open
Benoît Prieur	2012-05-08	4.95733333	46.11866667	open
Benoît Prieur	2012-05-08	4.95733333	46.11866667	open
Benoît Prieur	2012-05-08	4.95733333	46.11866667	open
Benoît Prieur	2012-05-08	4.9745	45.86983333	open
Benoît Prieur	2012-05-08	4.98766667	46.04916667	open
Benoît Prieur	2012-05-08	4.99133333	46.023	open
Benoît Prieur	2012-05-08	4.9575	46.11883333	open
Benoît Prieur	2012-05-08	4.98066667	45.94583333	open
Benoît Prieur	2012-05-09	4.82366667	45.74566667	open
Benoît Prieur	2012-05-09	4.82483333	45.74783333	open
Benoît Prieur	2012-05-09	4.82566667	45.74483333	open
Benoît Prieur	2012-05-09	4.82016667	45.7485	open
Benoît Prieur	2012-05-09	4.91116667	45.87466667	open
Benoît Prieur	2012-05-11	4.75117167	46.10721667	open
Benoît Prieur	2012-05-11	4.75006167	46.10768	open
Benoît Prieur	2012-05-11	4.7503	46.10784167	open
Benoît Prieur	2012-05-11	4.74747667	46.109225	open
Benoît Prieur	2012-05-11	4.74732667	46.10969167	open
Benoît Prieur	2012-05-11	4.74741833	46.10964667	open
Benoît Prieur	2012-05-11	4.74745667	46.10924167	open
Benoît Prieur	2012-05-11	4.74759167	46.10924167	open
Benoît Prieur	2012-05-11	4.747415	46.109645	open
Benoît Prieur	2012-05-11	4.745745	46.10964167	open
Benoît Prieur	2012-05-11	4.746095	46.11001667	open
Benoît Prieur	2012-05-11	4.74557333	46.109505	open
Benoît Prieur	2012-05-11	4.740621	46.11008	open
Benoît Prieur	2012-05-11	4.99159667	46.02205833	open
Benoît Prieur	2012-05-11	4.75067	46.105905	open
Benoît Prieur	2012-05-11	4.75019333	46.11018167	open
Benoît Prieur	2012-05-11	4.75021667	46.11015	open
Benoît Prieur	2012-05-11	4.750085	46.11148833	open
Benoît Prieur	2012-05-11	4.751255	46.10588167	open
Benoît Prieur	2012-05-11	4.74976333	46.10716333	open
Benoît Prieur	2012-09	4.9775	45.83316667	open
Benoît Prieur	2012-10-21	5.05650278	45.85181389	open
Benoît Prieur	2012-10-12	5.05683	45.85233	open
Benoît Prieur	2012-10-12	5.05667	45.85233	open
Benoît Prieur	2012-09-06	4.97741	45.83349333	open
Benoît Prieur	2012-05-11	4.74967	46.10711	open
Benoît Prieur	2012-05-11	4.75127	46.10593	open
Benoît Prieur	2012-05-11	4.75312167	46.10756167	open
Benoît Prieur	2012-05-11	4.75004667	46.11024167	open
Benoît Prieur	2012-05-11	4.7504	46.108145	open
Benoît Prieur	2012-05-11	4.75009167	46.11025667	open
Benoît Prieur	2012-05-11	4.75001333	46.110255	open
Benoît Prieur	2012-05-11	4.75023167	46.10784667	open
Benoît Prieur	2012-05-11	4.74662333	46.108315	open
Benoît Prieur	2012-05-11	4.74648167	46.10831333	open
Benoît Prieur	2012-05-11	4.753305	46.10751667	open
Benoît Prieur	2012-05-11	4.753115	46.10755	open
Benoît Prieur	2012-05-11	4.95913667	46.11643667	open
Benoît Prieur	2012-05-11	4.96388	46.11132	open
Benoît Prieur	2012-05-11	4.80226	46.09601333	open
Benoît Prieur	2012-05-11	4.90026833	46.11007	open
Benoît Prieur	2012-05-11	4.90154667	46.11038667	open
Benoît Prieur	2012-05-14	4.83116667	45.7275	open
Benoît Prieur	2012-05-10	4.8245	45.73083333	open
Benoît Prieur	2012-05-09	4.9105	45.87466667	open
Benoît Prieur	2012-05-09	4.91116667	45.87466667	open
Benoît Prieur	2012-05-18	4.8345	45.7795	open
Benoît Prieur	2012-05-16	4.94557333	45.83016167	open
Benoît Prieur	2012-05-16	4.83614667	45.84332	open
Benoît Prieur	2012-05-16	4.83631667	45.84413333	open
Benoît Prieur	2012-05-16	4.83610167	45.84279167	open
Benoît Prieur	2012-06-08	5.028115	45.99117833	open
Benoît Prieur	2012-06-08	5.02868333	45.99081833	open
Benoît Prieur	2012-06-08	5.029425	45.99107833	open
Benoît Prieur	2012-06-08	5.02821667	45.99119167	open
Benoît Prieur	2012-06-08	5.029695	45.99088167	open
Benoît Prieur	2012-06-08	5.03089667	45.98981167	open
Benoît Prieur	2012-06-08	5.03065667	45.98988333	open
Benoît Prieur	2012-06-08	5.03089667	45.98981167	open
Benoît Prieur	2012-05-17	4.837	45.84416667	open
Benoît Prieur	2012-06-22	4.88033333	45.7695	open
Benoît Prieur	2012-06-29	4.82883333	45.76633333	open
Benoît Prieur	2012-06-29	4.83483333	45.77533333	open
Benoît Prieur	2012-05-17	4.83716667	45.84533333	open
Benoît Prieur	2012-05-17	4.82983333	45.845	open
Benoît Prieur	2012-07-10	-77.03693667	38.89856	open
Benoît Prieur	2012-07-10	-77.03656833	38.89890833	open
Benoît Prieur	2012-07-10	-77.036555	38.89865667	open
Benoît Prieur	2012-07-10	-77.02813333	38.8871	open
Benoît Prieur	2012-07-10	-77.05997	38.86239667	open
Benoît Prieur	2012-07-10	-77.02831167	38.88706667	open
Benoît Prieur	2012-07-10	-77.011535	38.89056667	open
Benoît Prieur	2012-07-10	-77.01049833	38.89019	open
Benoît Prieur	2012-07-10	-77.01142833	38.89041833	open
Benoît Prieur	2012-07-10	-77.010475	38.890155	open
Benoît Prieur	2012-07-10	-77.01071667	38.88876333	open
Benoît Prieur	2012-07-10	-77.05174	38.88813167	open
Benoît Prieur	2012-07-10	-77.05174	38.88813167	open
Benoît Prieur	2012-07-10	-77.050195	38.88928167	open
Benoît Prieur	2012-07-10	-77.05017833	38.88929333	open
Benoît Prieur	2012-07-10	-77.04881167	38.88928667	open
Benoît Prieur	2012-07-10	-77.027078	38.907248	open
Benoît Prieur	2012-07-10	-77.03188667	38.90189	open
Benoît Prieur	2012-07-10	-77.03319333	38.89908667	open
Benoît Prieur	2012-07-10	-77.034045	38.898595	open
Benoît Prieur	2012-07-10	-77.03428667	38.89855833	open
Benoît Prieur	2012-07-10	-77.03428667	38.89855833	open
Benoît Prieur	2012-07-10	-77.03409167	38.89859167	open
Benoît Prieur	2012-07-10	-77.03429833	38.89857833	open
Benoît Prieur	2012-07-10	-77.03644	38.89891	open
Benoît Prieur	2012-07-10	-77.03551667	38.89892	open
Benoît Prieur	2012-07-10	-77.038575	38.89855	open
Benoît Prieur	2012-07-10	-77.03855167	38.89854833	open
Benoît Prieur	2012-07-10	-77.03830667	38.89850167	open
Benoît Prieur	2012-07-10	-77.03874833	38.89854667	open
Benoît Prieur	2012-07-10	-77.03855167	38.89855167	open
Benoît Prieur	2012-07-10	-77.03871833	38.898615	open
Benoît Prieur	2012-07-10	-77.039275	38.898515	open
Benoît Prieur	2012-07-10	-77.03735	38.89500333	open
Benoît Prieur	2012-07-12	-77.04683333	38.90066667	open
Benoît Prieur	2012-07-12	-77.04683333	38.9005	open
Benoît Prieur	2012-07-10	-77.036645	38.89226	open
Benoît Prieur	2012-07-10	-77.03634833	38.89073333	open
Benoît Prieur	2012-07-10	-77.03991167	38.88987167	open
Benoît Prieur	2012-07-10	-77.03991667	38.88984667	open
Benoît Prieur	2012-07-10	-77.04053333	38.89009667	open
Benoît Prieur	2012-07-10	-77.040565	38.88987	open
Benoît Prieur	2012-07-10	-77.040535	38.889805	open
Benoît Prieur	2012-07-10	-77.048725	38.88931	open
Benoît Prieur	2012-07-10	-77.04907	38.88930667	open
Benoît Prieur	2012-07-10	-77.04896833	38.88938667	open
Benoît Prieur	2012-07-10	-77.047395	38.887725	open
Benoît Prieur	2012-07-10	-77.03114167	38.90576	open
Benoît Prieur	2012-07-10	5.08077833	45.71316667	open
Benoît Prieur	2012-07-10	-77.02822	38.90421667	open
Benoît Prieur	2012-07-10	-77.03123667	38.90563167	open
Benoît Prieur	2012-07-10	-77.039395	38.89642667	open
Benoît Prieur	2012-07-10	-77.039375	38.89586667	open
Benoît Prieur	2012-07-10	-77.039275	38.898515	open
Benoît Prieur	2012-07-10	-77.03876	38.895985	open
Benoît Prieur	2012-07-10	-77.03937167	38.89487833	open
Benoît Prieur	2012-07-10	-77.05033167	38.889345	open
Benoît Prieur	2012-07-10	-77.048095	38.887365	open
Benoît Prieur	2012-07-10	-77.010725	38.88951667	open
Benoît Prieur	2012-07-10	-77.01174167	38.88924	open
Benoît Prieur	2012-07-10	-77.01093	38.88941167	open
Benoît Prieur	2012-07-10	-77.030295	38.88578333	open
Benoît Prieur	2012-07-10	-77.059725	38.86263	open
Benoît Prieur	2012-07-11	-77.04696167	38.89918333	open
Benoît Prieur	2012-07-11	-77.04694167	38.89926333	open
Benoît Prieur	2012-07-12	-77.029745	38.90958	open
Benoît Prieur	2012-07-12	-77.029745	38.90958	open
Benoît Prieur	2012-07-12	-77.04704667	38.90059333	open
Benoît Prieur	2012-07-12	-77.04767333	38.90002	open
Benoît Prieur	2012-07	-77.02966667	38.9045	open
Benoît Prieur	2012-07	-77.02666667	38.89933333	open
Benoît Prieur	2012-07-19	11.58633333	48.162	open
Benoît Prieur	2012-07-19	11.5625	48.1455	open
Benoît Prieur	début du vingtième siécle	4.954421	45.824558	open
Benoît Prieur	2012-07-22	2.86390667	45.85685	open
Benoît Prieur	2012-07-21	2.535575	45.63064833	open
Benoît Prieur	2012-07-21	2.43984333	45.61069167	open
Benoît Prieur	2012-07-23	-1.38633333	43.54466667	open
Benoît Prieur	2012-07-23	-1.39016667	43.54083333	open
Benoît Prieur	2012-07-23	-1.40183333	43.55016667	open
Benoît Prieur	2012-07-22	-1.40135833	43.51381	open
Benoît Prieur	2012-07-21	2.07420833	45.456355	open
Benoît Prieur	2012-07-23	-1.38626333	43.54489	open
Benoît Prieur	2012-07-23	-1.38898167	43.52913833	open
Benoît Prieur	2012-07-23	-1.38890667	43.52900667	open
Benoît Prieur	2012-07-23	-1.388845	43.52895667	open
Benoît Prieur	2012-07-23	-1.38883667	43.528955	open
Benoît Prieur	2012-07-23	-1.38620833	43.54496667	open
Benoît Prieur	2012-07-23	-1.386265	43.544885	open
Benoît Prieur	2012-07-23	-1.38915167	43.52902667	open
Benoît Prieur	2012-07-23	-1.38628667	43.54491	open
Benoît Prieur	2012-07-23	-1.385805	43.54626667	open
Benoît Prieur	Taken on 23 July 2012	-1.38577833	43.546265	open
Benoît Prieur	2012-07-24	-1.33810167	43.503575	open
Benoît Prieur	2012-07-23	-1.38579167	43.54612667	open
Benoît Prieur	2012-07-23	-1.386305	43.54494167	open
Benoît Prieur	2012-07-26	-1.44829167	43.56109667	open
Benoît Prieur	2012-07-26	-1.38903	43.54719167	open
Benoît Prieur	2012-07-26	-1.38874167	43.54748167	open
Benoît Prieur	2012-07-27	-1.457185	43.56873833	open
Benoît Prieur	2012-07-27	-1.45718	43.568715	open
Benoît Prieur	2012-07-27	-1.45715667	43.56873167	open
Benoît Prieur	2012-07-27	-1.448825	43.5612	open
Benoît Prieur	2012-07-27	-1.43411167	43.52207167	open
Benoît Prieur	2012-07-23	-1.38648	43.54466	open
Benoît Prieur	2012-07-23	-1.38548333	43.51257833	open
Benoît Prieur	2012-07-23	-1.38588167	43.546295	open
Benoît Prieur	2012-07-23	-1.38611333	43.545435	open
Benoît Prieur	2012-07-26	-1.33724833	43.50370333	open
Benoît Prieur	2012-07-26	-1.38613	43.54499167	open
Benoît Prieur	2012-07-26	-1.38632667	43.54525833	open
Benoît Prieur	2012-07-28	-1.420775	43.57925667	open
Benoît Prieur	2012-07-28	-1.42026	43.57900833	open
Benoît Prieur	2012-07-28	-1.420665	43.579365	open
Benoît Prieur	2012-07-24	-1.38916667	43.52933333	open
Benoît Prieur	2012-07-24	-1.48783333	43.57783333	open
Benoît Prieur	2012-07-19	11.58466667	48.1575	open
Benoît Prieur	2012-07-30	-1.39908667	43.549555	open
Benoît Prieur	2012-07-30	-1.42936	43.58737	open
Benoît Prieur	2012-07-30	-1.43424833	43.65251	open
Benoît Prieur	2012-07-30	-1.43255667	43.65263833	open
Benoît Prieur	2012-07-21	1.93537667	45.35849833	open
Benoît Prieur	2012-07-21	1.93578167	45.35857667	open
Benoît Prieur	2012-07-21	1.93555	45.358685	open
Benoît Prieur	2012-07-21	1.93530167	45.35853167	open
Benoît Prieur	2012-07-21	1.23854167	45.166645	open
Benoît Prieur	2012-08-09	4.8255	45.73133333	open
Benoît Prieur	2012-08-12	4.94916667	45.8285	open
Benoît Prieur	2012-08-12	4.95039167	45.82896667	open
Benoît Prieur	2012-08-12	4.95036667	45.828805	open
Benoît Prieur	2012-08-12	4.95039167	45.82896167	open
Benoît Prieur	2012-08-12	4.94982833	45.82918167	open
Benoît Prieur	2012-08-12	4.950705	45.82888667	open
Benoît Prieur	2012-08-12	4.95070167	45.8289	open
Benoît Prieur	2012-08-12	4.95039167	45.82896333	open
Benoît Prieur	2012-08-12	4.95039167	45.82896167	open
Benoît Prieur	2012-08-22	4.82333333	45.731	open
Benoît Prieur	2012-08-22	4.82366667	45.73083333	open
Benoît Prieur	2012-08-22	4.828	45.73183333	open
Benoît Prieur	2012-08-22	4.828	45.7315	open
Benoît Prieur	2012-09-01	5.07289333	45.94100333	open
Benoît Prieur	2012-09-01	5.07380833	45.94223333	open
Benoît Prieur	2012-09-01	5.07380833	45.94223333	open
Benoît Prieur	2012-09-01	5.07386167	45.942195	open
Benoît Prieur	2012-09-01	5.07389	45.94225333	open
Benoît Prieur	2012-09-01	5.07311167	45.94102167	open
Benoît Prieur	2012-09-01	5.073005	45.94089	open
Benoît Prieur	2012-09-01	5.072925	45.94104667	open
Benoît Prieur	2012-09-01	5.07001667	45.941355	open
Benoît Prieur	2012-09-01	5.07063833	45.92993167	open
Benoît Prieur	2012-09-01	5.07118167	45.929935	open
Benoît Prieur	2012-09-01	5.072485	45.93034167	open
Benoît Prieur	2012-09-01	5.07254333	45.930245	open
Benoît Prieur	2012-09-01	5.07260167	45.93047	open
Benoît Prieur	2012-09-01	5.07253	45.930415	open
Benoît Prieur	2012-09-04 18:48:41	4.87733333	45.731	open
Benoît Prieur	2012-09-05 20:01:16	4.95934667	45.93722167	open
Benoît Prieur	2012-09-05 19:59:44	4.95974833	45.93744167	open
Benoît Prieur	2012-09-05 20:02:53	4.96009333	45.93739667	open
Benoît Prieur	2012-09-05 20:04:34	4.96021833	45.93738667	open
Benoît Prieur	2012-09-05 20:02:14	4.95993333	45.93737	open
Benoît Prieur	2012-09-05 20:09:29	4.95370667	45.928145	open
Benoît Prieur	2012-09-05 20:09:14	4.95365167	45.92819167	open
Benoît Prieur	2012-09-05 20:10:12	4.95347	45.927945	open
Benoît Prieur	2012-09-05 20:07:22	4.95254833	45.93224	open
Benoît Prieur	2012-09-05 19:52:30	4.954415	45.93015667	open
Benoît Prieur	2012-09-05 19:52:23	4.954415	45.93015667	open
Benoît Prieur	2012-09-05 20:08:59	4.953585	45.92815	open
Benoît Prieur	2012-09-05 20:09:59	4.95348667	45.92796167	open
Benoît Prieur	2012-09-05 20:15:13	4.94897167	45.92581667	open
Benoît Prieur	2012-09-05 20:15:19	4.94897167	45.92581667	open
Benoît Prieur	2012-09-05 20:16:09	4.94865	45.92589167	open
Benoît Prieur	2012-09-05 20:15:58	4.94871167	45.92585	open
Benoît Prieur	2012-09-05 20:15:34	4.948855	45.92582	open
Benoît Prieur	2012-09-05 20:16:38	4.94862333	45.92590167	open
Benoît Prieur	2012-09-05 20:16:27	4.94860333	45.92588167	open
Benoît Prieur	2012-09-05 20:16:52	4.948615	45.92586667	open
Benoît Prieur	2012-09-06 19:13:19	4.98361167	45.83434667	open
Benoît Prieur	2012-09-06 19:23:00	4.97606333	45.83603667	open
Benoît Prieur	2012-09-06 19:24:18	4.97600333	45.835895	open
Benoît Prieur	2012-09-06 19:24:28	4.97600333	45.835895	open
Benoît Prieur	2012-09-06 19:25:10	4.975815	45.83566167	open
Benoît Prieur	2012-09-06 19:27:39	4.97648333	45.83572833	open
Benoît Prieur	2012-09-06 19:32:30	4.97759833	45.83785167	open
Benoît Prieur	2012-09-06 19:23:40	4.97596667	45.83598	open
Benoît Prieur	2012-09-06 19:24:02	4.97592833	45.83596833	open
Benoît Prieur	2012-09-06 19:25:54	4.97573	45.83558	open
Benoît Prieur	2012-09-06 19:32:02	4.977525	45.83777833	open
Benoît Prieur	2012-09-06 19:38:40	4.97710667	45.83382667	open
Benoît Prieur	2012-09-06 19:23:20	4.97605667	45.836015	open
Benoît Prieur	2012-09-06 19:20:26	4.97747333	45.833475	open
Benoît Prieur	2012-09-07 17:47:22	4.9766	45.83523333	open
Benoît Prieur	2012-09-07 17:48:09	4.97586833	45.83687167	open
Benoît Prieur	2012-09-07 17:54:14	4.97885	45.82144	open
Benoît Prieur	2012-09-07 17:41:37	4.97850167	45.83364167	open
Benoît Prieur	2012-09-07 17:40:58	4.97830833	45.833685	open
Benoît Prieur	2012-09-07 17:42:08	4.97870167	45.83350667	open
Benoît Prieur	2012-09-07 17:40:15	4.97786833	45.833745	open
Benoît Prieur	2012-09-10 14:30:55	5.03983167	45.92492	open
Benoît Prieur	2012-09-10 14:19:06	5.09826833	45.96644167	open
Benoît Prieur	2012-09-10 14:16:39	5.09857167	45.96564167	open
Benoît Prieur	2012-09-10 14:05:11	5.098407	45.966245	open
Benoît Prieur	2012-09-10 14:15:55	5.09863167	45.96583	open
Benoît Prieur	2012-09-10 14:04:34	5.09847667	45.96605833	open
Benoît Prieur	2012-09-10 14:04:05	5.098505	45.96618	open
Benoît Prieur	2012-09-10 13:58:59	5.09816167	45.96631	open
Benoît Prieur	2012-09-10 13:44:12	5.096245	45.96146	open
Benoît Prieur	2012-09-10 13:46:34	5.09958	45.96141667	open
Benoît Prieur	2012-09-10 13:47:30	5.09931667	45.96152667	open
Benoît Prieur	2012-09-10 13:47:06	5.09947667	45.96152833	open
Benoît Prieur	2012-09-10 13:49:55	5.09982	45.96173667	open
Benoît Prieur	2012-09-10 13:49:05	5.099645	45.96199667	open
Benoît Prieur	2012-09-10 13:48:45	5.09962667	45.96197833	open
Benoît Prieur	2012-09-10 15:08:46	5.07754333	45.86367167	open
Benoît Prieur	2012-09-10 15:09:56	5.07804333	45.86389833	open
Benoît Prieur	2012-09-10 15:09:46	5.07799667	45.863905	open
Benoît Prieur	2012-09-10 13:39:56	5.07495833	45.93021667	open
Benoît Prieur	2012-09-10 14:45:28	5.04454167	45.89636667	open
Benoît Prieur	2012-09-10 14:47:29	5.05209333	45.89353	open
Benoît Prieur	2012-09-10 14:47:58	5.05194667	45.89346667	open
Benoît Prieur	2012-09-10 14:49:26	5.05278333	45.89371333	open
Benoît Prieur	2012-09-10 14:49:46	5.05287	45.89362667	open
Benoît Prieur	2012-09-10 14:50:10	5.053075	45.893725	open
Benoît Prieur	2012-09-10 14:56:30	5.05428667	45.89244333	open
Benoît Prieur	2012-09-10 14:55:45	5.05406333	45.89233667	open
Benoît Prieur	2012-09-10 14:54:49	5.05356667	45.89261	open
Benoît Prieur	2012-09-10 14:35:53	5.037885	45.91295167	open
Benoît Prieur	2012-09-10 14:35:24	5.03657167	45.91316667	open
Benoît Prieur	2012-09-10 14:37:01	5.03905	45.91268	open
Benoît Prieur	2012-09-10 14:38:31	5.03898	45.91214	open
Benoît Prieur	2012-09-10 14:39:02	5.039075	45.91203167	open
Benoît Prieur	2012-09-07 17:52:22	4.97703333	45.83376167	open
Benoît Prieur	2012-09-06 19:19:35	4.97731667	45.83351667	open
Benoît Prieur	2012-09-06 19:19:17	4.97841167	45.83252833	open
Benoît Prieur	2012-09-10 14:30:10	5.03985	45.924805	open
Benoît Prieur	2012-09-04 18:50:04	4.8775	45.731	open
Benoît Prieur	2012-03-03 16:53:16	4.982	45.82583333	open
Benoît Prieur	2012-03-06 13:54:06	4.955	45.82483333	open
Benoît Prieur	2012-02-15 13:05:57	4.97716667	45.83366667	open
Benoît Prieur	2012-09-19 09:20:54	4.92993167	45.81313667	open
Benoît Prieur	2012-09-19 09:20:34	4.92996167	45.81316167	open
Benoît Prieur	2012-09-19 09:16:27	4.939075	45.81894167	open
Benoît Prieur	2012-09-19 09:22:54	4.92939333	45.812865	open
Benoît Prieur	2012-09-19 09:29:41	4.91041	45.80803667	open
Benoît Prieur	2012-09-19 09:29:53	4.91040167	45.80804167	open
Benoît Prieur	2012-09-18 10:41:58	4.95183333	45.8235	open
Benoît Prieur	2012-09-19 09:21:56	4.92969333	45.81311833	open
Benoît Prieur	2012-09-13 08:47:12	4.82716667	45.72416667	open
Benoît Prieur	2012-09-13 08:47:59	4.82666667	45.7245	open
Benoît Prieur	2012-09-15 16:28:24	4.9135	45.86283333	open
Benoît Prieur	2012-09-15 16:28:08	4.91366667	45.86283333	open
Benoît Prieur	2012-09-15 17:30:23	4.9125	45.83433333	open
Benoît Prieur	2012-09-17 13:20:04	2.3715	48.87416667	open
Benoît Prieur	2012-09-24 19:11:01	5.00233333	45.84	open
Benoît Prieur	2012-09-30 12:27:42	4.98583333	45.8255	open
Benoît Prieur	2012-09-25 18:35:14	4.83583333	45.77016667	open
Benoît Prieur	2012-10-21 14:20:11	5.06316333	45.826295	open
Benoît Prieur	2012-10-21 14:19:14	5.06343	45.82618333	open
Benoît Prieur	2012-10-21 14:17:50	5.06364333	45.82627833	open
Benoît Prieur	2012-10-21 14:22:14	5.06257	45.826305	open
Benoît Prieur	2012-10-21 14:23:22	5.06255667	45.8261	open
Benoît Prieur	2012-10-21 14:25:00	5.062165	45.82630167	open
Benoît Prieur	2012-10-21 14:23:37	5.06256667	45.82609	open
Benoît Prieur	2012-10-21 14:29:29	5.064095	45.82639167	open
Benoît Prieur	2012-10-21 14:22:44	5.06260667	45.826105	open
Benoît Prieur	2012-10-21 14:22:51	5.06262	45.82610333	open
Benoît Prieur	2012-10-21 14:22:58	5.06261	45.82611667	open
Benoît Prieur	2012-10-21 14:37:06	5.08900667	45.81049	open
Benoît Prieur	2012-10-21 14:23:10	5.06259	45.8261	open
Benoît Prieur	2012-10-21 14:33:54	5.08507333	45.81397167	open
Benoît Prieur	2012-10-21 14:37:52	5.08883833	45.81071833	open
Benoît Prieur	2012-10-21 14:39:01	5.08893	45.810835	open
Benoît Prieur	2012-10-21 14:38:08	5.08888833	45.81077167	open
Benoît Prieur	2012-10-21 14:39:12	5.08892167	45.81082833	open
Benoît Prieur	2012-10-21 14:33:13	5.08507167	45.81416	open
Benoît Prieur	2012-10-21 14:44:20	5.082345	45.81502333	open
Benoît Prieur	2012-10-21 14:44:53	5.08223667	45.81509833	open
Benoît Prieur	2012-10-21 14:47:29	5.07937333	45.81665333	open
Benoît Prieur	2012-10-21 14:46:56	5.07962167	45.81665833	open
Benoît Prieur	2012-10-21 14:58:24	5.039335	45.81525167	open
Benoît Prieur	1900	5.088085	45.810136	open
Benoît Prieur	2012-10-21 15:13:07	5.03375167	45.82448	open
Benoît Prieur	2012-10-21 15:10:04	5.033775	45.82447667	open
Benoît Prieur	2012-11-05 12:18:47	4.941	45.79883333	open
Benoît Prieur	1905	5.804965	46.014955	open
Benoît Prieur	1910	5.904225	46.120399	open
Benoît Prieur	2012-12-01 10:56:35	2.36333833	48.87392	open
Benoît Prieur	2012-12-01 10:56:57	2.36330167	48.8739	open
Benoît Prieur	2012-12-01 11:01:31	2.364805	48.87636167	open
Benoît Prieur	2012-12-01 11:02:11	2.36492833	48.87660667	open
Benoît Prieur	2012-10-21 14:24:25	5.062135	45.82626833	open
Benoît Prieur	2012-12-05 22:37:41	4.83248833	45.724695	open
Benoît Prieur	2012-12-05 22:37:41	4.83248833	45.724695	open
Benoît Prieur	2012-12-05 22:36:21	4.83211167	45.72490833	open
Benoît Prieur	2012-12-05 22:36:45	4.83193333	45.72504667	open
Benoît Prieur	2012-12-12 16:00:45	5.09678167	45.83322	open
Benoît Prieur	2012-12-12 15:59:55	5.09675333	45.8333	open
Benoît Prieur	2012-12-12 16:00:18	5.09673	45.83327667	open
Benoît Prieur	2012-12-12 16:03:54	5.09762	45.83332	open
Benoît Prieur	2012-12-12 16:04:46	5.097685	45.83351	open
Benoît Prieur	2012-12-12 16:04:25	5.09763667	45.83341167	open
Benoît Prieur	2012-12-12 16:08:27	5.09768	45.83339667	open
Benoît Prieur	2012-12-12 16:06:03	5.09806	45.83350333	open
Benoît Prieur	2012-12-12 16:07:38	5.09789	45.83331	open
Benoît Prieur	2012-12-12 17:19:38	5.12292333	45.848055	open
Benoît Prieur	2012-12-12 17:33:30	5.124915	45.84918	open
Benoît Prieur	2012-12-14 15:45:25	4.94744333	45.81989667	open
Benoît Prieur	2012-12-14 15:28:48	4.99627167	45.82526667	open
Benoît Prieur	2012-12-14 15:32:12	4.99623667	45.82527	open
Benoît Prieur	2012-12-14 15:47:45	4.947225	45.81996667	open
Benoît Prieur	2012-12-12 16:05:10	5.09784	45.833575	open
Benoît Prieur	2012-12-25 10:26:25	5.00266667	45.84166667	open
Benoît Prieur	2012-12-25 10:45:06	5.00233333	45.84183333	open
Benoît Prieur	2012-12-25 10:39:40	5.00183333	45.84183333	open
Benoît Prieur	2012-12-25 10:28:59	5.00266667	45.842	open
Benoît Prieur	2012-12-25 10:29:14	5.00266667	45.842	open
Benoît Prieur	2012-12-25 10:23:34	5.0025	45.84016667	open
Benoît Prieur	2012-12-25 10:30:44	5.0025	45.842	open
Benoît Prieur	2012-12-25 10:32:29	5.00233333	45.84216667	open
Benoît Prieur	2012-12-25 10:36:30	5.00166667	45.84166667	open
Benoît Prieur	2012-12-25 10:49:26	5.00216667	45.842	open
Benoît Prieur	2012-12-25 10:48:46	5.002	45.842	open
Benoît Prieur	2012-12-29 16:23:54	5.05033333	45.84916667	open
Benoît Prieur	2012-12-30 14:40:29	4.93598	45.80299833	open
Benoît Prieur	2012-12-30 14:43:27	4.936345	45.80258667	open
Benoît Prieur	2012-12-30 14:39:42	4.93596167	45.803195	open
Benoît Prieur	2012-12-30 14:43:53	4.93635333	45.80259	open
Benoît Prieur	2012-12-30 14:46:04	4.936845	45.801855	open
Benoît Prieur	2012-12-30 14:55:55	4.93709833	45.80019333	open
Benoît Prieur	2012-09-25 14:18:57	4.99716667	45.83883333	open
Benoît Prieur	2012-09-25 14:02:41	4.98383333	45.831	open
Benoît Prieur	2012-12-30 09:19:49	5.05566667	45.85033333	open
Benoît Prieur	2012-12-30 09:19:31	5.05566667	45.85016667	open
Benoît Prieur	2012-12-30 09:19:06	5.05583333	45.85016667	open
Benoît Prieur	2012-12-30 09:22:34	5.05616667	45.85	open
Benoît Prieur	2012-12-30 09:32:31	5.05316667	45.8495	open
Benoît Prieur	2012-12-29 16:28:29	5.0465	45.848	open
Benoît Prieur	2013-01-02 14:58:38	4.89063	45.817225	open
Benoît Prieur	2013-01-02 14:57:52	4.89024	45.81728167	open
Benoît Prieur	2013-01-02 15:59:28	4.89002167	45.818465	open
Benoît Prieur	2013-01-02 16:12:00	4.91556333	45.80813333	open
Benoît Prieur	2013-01-02 14:56:49	4.890265	45.81729833	open
Benoît Prieur	2013-01-02 14:56:09	4.890335	45.81729833	open
Benoît Prieur	2013-01-02 14:56:23	4.89029667	45.81727	open
Benoît Prieur	2013-01-02 14:56:35	4.89026	45.817295	open
Benoît Prieur	2013-01-02 14:57:02	4.89027	45.81729667	open
Benoît Prieur	2013-01-02 15:28:35	4.89053833	45.81815167	open
Benoît Prieur	2013-01-02 14:57:40	4.89026667	45.81728833	open
Benoît Prieur	2013-01-02 15:28:48	4.89049	45.81816333	open
Benoît Prieur	2013-01-02 15:29:02	4.89051	45.81815833	open
Benoît Prieur	2013-01-03 12:36:25	5.002575	45.84204667	open
Benoît Prieur	2013-01-03 12:36:09	5.00259667	45.84205	open
Benoît Prieur	2013-01-03 12:35:53	5.00251	45.84208833	open
Benoît Prieur	2013-01-03 12:40:15	5.00214167	45.84189667	open
Benoît Prieur	2013-01-03 17:44:03	4.89067833	45.81739333	open
Benoît Prieur	2013-01-03 17:44:15	4.89069167	45.81741	open
Benoît Prieur	2013-01-03 17:43:53	4.89073	45.817365	open
Benoît Prieur	2013-01-03 17:44:29	4.89067	45.81739333	open
Benoît Prieur	2013-01-03 17:44:58	4.89066167	45.81742	open
Benoît Prieur	2013-01-03 17:44:39	4.89069833	45.81739167	open
Benoît Prieur	2013-01-03 17:57:30	4.89659333	45.80789667	open
Benoît Prieur	2013-01-03 17:57:09	4.896555	45.80783	open
Benoît Prieur	2013-01-02 15:06:52	4.89051167	45.817465	open
Benoît Prieur	2013-01-02 15:08:22	4.890655	45.81726167	open
Benoît Prieur	2013-01-02 15:07:40	4.89049	45.81720167	open
Benoît Prieur	2013-01-02 15:33:24	4.89014833	45.818225	open
Benoît Prieur	2013-01-02 15:17:42	4.89043833	45.818265	open
Benoît Prieur	2013-01-02 16:02:17	4.89023	45.8173	open
Benoît Prieur	2013-01-02 15:50:47	4.89057833	45.817295	open
Benoît Prieur	2013-01-03 18:02:35	4.88508667	45.80575333	open
Benoît Prieur	2013-01-03 18:02:08	4.88514833	45.805785	open
Benoît Prieur	2013-01-03 18:02:21	4.885105	45.80579167	open
Benoît Prieur	2013-01-03 18:03:13	4.884965	45.80552	open
Benoît Prieur	2013-01-03 18:04:02	4.885245	45.805875	open
Benoît Prieur	2012-10-21 15:37:39	5.05687667	45.85199667	open
Benoît Prieur	2012-10-21 15:33:14	5.05612667	45.852975	open
Benoît Prieur	2012-10-21 15:37:26	5.056865	45.85197	open
Benoît Prieur	2013-01-08 13:33:04	4.95279167	45.83137	open
Benoît Prieur	2013-01-08 13:32:04	4.95273333	45.831415	open
Benoît Prieur	2013-01-08 13:30:01	4.95254667	45.831325	open
Benoît Prieur	2013-01-08 13:37:40	4.952795	45.83162667	open
Benoît Prieur	2013-01-08 13:36:55	4.95282	45.83159667	open
Benoît Prieur	2012-01-28	5.02151	45.81437	open
Benoît Prieur	2013-06-06	5.02533333	46.0055	open
Benoît Prieur	2012-09-10 13:46:08	5.09964833	45.96137333	open
Benoît Prieur	2013-03-02 16:28:17	5.031	45.99	open
Benoît Prieur	2013-03-02 16:38:06	5.02783	45.99381333	open
Benoît Prieur	2013-03-02 16:47:56	5.02598333	45.99258	open
Benoît Prieur	2013-03-02 16:35:59	5.0292	45.99371833	open
Benoît Prieur	2013-03-02 16:37:47	5.02786333	45.99381833	open
Benoît Prieur	2013-03-02 16:22:43	5.031	45.98983333	open
Benoît Prieur	2013-03-06 14:16:46	5.00133333	45.83516667	open
Benoît Prieur	2013-03-07 11:08:34	4.95216667	45.8235	open
Benoît Prieur	2013-03-10 10:59:06	4.9685	45.79816667	open
Benoît Prieur	2013-03-10 12:28:37	4.97666667	45.82733333	open
Benoît Prieur	2013-03-10 10:59:01	4.9685	45.79816667	open
Benoît Prieur	2013-03-10 10:33:05	4.98866667	45.79516667	open
Benoît Prieur	2013-03-10 10:33:58	4.98933333	45.79533333	open
Benoît Prieur	2013-03-10 09:56:57	4.959	45.79833333	open
Benoît Prieur	2013-03-10 09:58:49	4.9605	45.79866667	open
Benoît Prieur	2013-03-10 10:18:12	4.97683333	45.79616667	open
Benoît Prieur	2013-03-10 10:21:33	4.97883333	45.79433333	open
Benoît Prieur	2013-03-10 10:21:41	4.97883333	45.79433333	open
Benoît Prieur	2013-03-10 10:26:29	4.98283333	45.79366667	open
Benoît Prieur	2013-03-10 10:30:20	4.9865	45.79483333	open
Benoît Prieur	2013-03-09 17:44:06	4.95212833	45.82373833	open
Benoît Prieur	2013-03-09 17:42:25	4.952105	45.82380833	open
Benoît Prieur	2013-03-27 15:47	4.8825	45.7805	open
Benoît Prieur	"25 March 2013 (according to <span lang=""en"" dir=""ltr""><a href=""https://en.wikipedia.org/wiki/Exif"" class=""extiw"" title=""en:Exif"">Exif</a></span> data)"	4.957	45.8265	open
Benoît Prieur	2013-03-30 17:55:41	3.32770667	47.5625	open
Benoît Prieur	"31 March 2013 (according to <span lang=""en"" dir=""ltr""><a href=""https://en.wikipedia.org/wiki/Exif"" class=""extiw"" title=""en:Exif"">Exif</a></span> data)"	3.32766667	47.5625	open
Benoît Prieur	"31 March 2013 (according to <span lang=""en"" dir=""ltr""><a href=""https://en.wikipedia.org/wiki/Exif"" class=""extiw"" title=""en:Exif"">Exif</a></span> data)"	3.329	47.56133333	open
Benoît Prieur	"31 March 2013 (according to <span lang=""en"" dir=""ltr""><a href=""https://en.wikipedia.org/wiki/Exif"" class=""extiw"" title=""en:Exif"">Exif</a></span> data)"	3.3265	47.56083333	open
Benoît Prieur	"2 April 2013 (according to <span lang=""en"" dir=""ltr""><a href=""https://en.wikipedia.org/wiki/Exif"" class=""extiw"" title=""en:Exif"">Exif</a></span> data)"	4.97916667	45.82883333	open
Benoît Prieur	"31 March 2013 (according to <span lang=""en"" dir=""ltr""><a href=""https://en.wikipedia.org/wiki/Exif"" class=""extiw"" title=""en:Exif"">Exif</a></span> data)"	3.3305	47.56083333	open
Benoît Prieur	"31 March 2013 (according to <span lang=""en"" dir=""ltr""><a href=""https://en.wikipedia.org/wiki/Exif"" class=""extiw"" title=""en:Exif"">Exif</a></span> data)"	3.33	47.559	open
Benoît Prieur	"4 April 2013 (according to <span lang=""en"" dir=""ltr""><a href=""https://en.wikipedia.org/wiki/Exif"" class=""extiw"" title=""en:Exif"">Exif</a></span> data)"	5.08266667	45.71566667	open
Benoît Prieur	"5 April 2013 (according to <span lang=""en"" dir=""ltr""><a href=""https://en.wikipedia.org/wiki/Exif"" class=""extiw"" title=""en:Exif"">Exif</a></span> data)"	-0.537	44.044	open
Benoît Prieur	"5 April 2013 (according to <span lang=""en"" dir=""ltr""><a href=""https://en.wikipedia.org/wiki/Exif"" class=""extiw"" title=""en:Exif"">Exif</a></span> data)"	-0.53716667	44.044	open
Benoît Prieur	"5 April 2013 (according to <span lang=""en"" dir=""ltr""><a href=""https://en.wikipedia.org/wiki/Exif"" class=""extiw"" title=""en:Exif"">Exif</a></span> data)"	-0.541342	44.042754	open
Benoît Prieur	"5 April 2013 (according to <span lang=""en"" dir=""ltr""><a href=""https://en.wikipedia.org/wiki/Exif"" class=""extiw"" title=""en:Exif"">Exif</a></span> data)"	-0.5415	44.04266667	open
Benoît Prieur	"5 April 2013 (according to <span lang=""en"" dir=""ltr""><a href=""https://en.wikipedia.org/wiki/Exif"" class=""extiw"" title=""en:Exif"">Exif</a></span> data)"	-0.5415	44.04266667	open
Benoît Prieur	"5 April 2013 (according to <span lang=""en"" dir=""ltr""><a href=""https://en.wikipedia.org/wiki/Exif"" class=""extiw"" title=""en:Exif"">Exif</a></span> data)"	-0.54633333	44.04416667	open
Benoît Prieur	"4 April 2013 (according to <span lang=""en"" dir=""ltr""><a href=""https://en.wikipedia.org/wiki/Exif"" class=""extiw"" title=""en:Exif"">Exif</a></span> data)"	-0.90733333	44.0335	open
Benoît Prieur	"4 April 2013 (according to <span lang=""en"" dir=""ltr""><a href=""https://en.wikipedia.org/wiki/Exif"" class=""extiw"" title=""en:Exif"">Exif</a></span> data)"	-0.90833333	44.03366667	open
Benoît Prieur	"5 April 2013 (according to <span lang=""en"" dir=""ltr""><a href=""https://en.wikipedia.org/wiki/Exif"" class=""extiw"" title=""en:Exif"">Exif</a></span> data)"	-0.536525	44.04427	open
Benoît Prieur	"5 April 2013 (according to <span lang=""en"" dir=""ltr""><a href=""https://en.wikipedia.org/wiki/Exif"" class=""extiw"" title=""en:Exif"">Exif</a></span> data)"	-0.536168	44.044289	open
Benoît Prieur	"5 April 2013 (according to <span lang=""en"" dir=""ltr""><a href=""https://en.wikipedia.org/wiki/Exif"" class=""extiw"" title=""en:Exif"">Exif</a></span> data)"	-0.536627	44.04427	open
Benoît Prieur	"5 April 2013 (according to <span lang=""en"" dir=""ltr""><a href=""https://en.wikipedia.org/wiki/Exif"" class=""extiw"" title=""en:Exif"">Exif</a></span> data)"	-0.53633333	44.04416667	open
Benoît Prieur	"5 April 2013 (according to <span lang=""en"" dir=""ltr""><a href=""https://en.wikipedia.org/wiki/Exif"" class=""extiw"" title=""en:Exif"">Exif</a></span> data)"	-0.535613	44.045079	open
Benoît Prieur	"5 April 2013 (according to <span lang=""en"" dir=""ltr""><a href=""https://en.wikipedia.org/wiki/Exif"" class=""extiw"" title=""en:Exif"">Exif</a></span> data)"	-0.53566667	44.045	open
Benoît Prieur	"5 April 2013 (according to <span lang=""en"" dir=""ltr""><a href=""https://en.wikipedia.org/wiki/Exif"" class=""extiw"" title=""en:Exif"">Exif</a></span> data)"	-0.5356	44.04501	open
Benoît Prieur	"5 April 2013 (according to <span lang=""en"" dir=""ltr""><a href=""https://en.wikipedia.org/wiki/Exif"" class=""extiw"" title=""en:Exif"">Exif</a></span> data)"	-0.5355	44.04416667	open
Benoît Prieur	"5 April 2013 (according to <span lang=""en"" dir=""ltr""><a href=""https://en.wikipedia.org/wiki/Exif"" class=""extiw"" title=""en:Exif"">Exif</a></span> data)"	-0.53683333	44.044	open
Benoît Prieur	"5 April 2013 (according to <span lang=""en"" dir=""ltr""><a href=""https://en.wikipedia.org/wiki/Exif"" class=""extiw"" title=""en:Exif"">Exif</a></span> data)"	-0.535712	44.044237	open
Benoît Prieur	"6 April 2013 (according to <span lang=""en"" dir=""ltr""><a href=""https://en.wikipedia.org/wiki/Exif"" class=""extiw"" title=""en:Exif"">Exif</a></span> data)"	-0.536965	44.044111	open
Benoît Prieur	"5 April 2013 (according to <span lang=""en"" dir=""ltr""><a href=""https://en.wikipedia.org/wiki/Exif"" class=""extiw"" title=""en:Exif"">Exif</a></span> data)"	-0.52466667	44.06716667	open
Benoît Prieur	"5 April 2013 (according to <span lang=""en"" dir=""ltr""><a href=""https://en.wikipedia.org/wiki/Exif"" class=""extiw"" title=""en:Exif"">Exif</a></span> data)"	-0.52483333	44.06683333	open
Benoît Prieur	"6 April 2013 (according to <span lang=""en"" dir=""ltr""><a href=""https://en.wikipedia.org/wiki/Exif"" class=""extiw"" title=""en:Exif"">Exif</a></span> data)"	-0.53416667	44.04433333	open
Benoît Prieur	"6 April 2013 (according to <span lang=""en"" dir=""ltr""><a href=""https://en.wikipedia.org/wiki/Exif"" class=""extiw"" title=""en:Exif"">Exif</a></span> data)"	-0.534328	44.044217	open
Benoît Prieur	"6 April 2013 (according to <span lang=""en"" dir=""ltr""><a href=""https://en.wikipedia.org/wiki/Exif"" class=""extiw"" title=""en:Exif"">Exif</a></span> data)"	-0.5355	44.04416667	open
Benoît Prieur	"6 April 2013 (according to <span lang=""en"" dir=""ltr""><a href=""https://en.wikipedia.org/wiki/Exif"" class=""extiw"" title=""en:Exif"">Exif</a></span> data)"	-0.536254	44.044244	open
Benoît Prieur	"6 April 2013 (according to <span lang=""en"" dir=""ltr""><a href=""https://en.wikipedia.org/wiki/Exif"" class=""extiw"" title=""en:Exif"">Exif</a></span> data)"	-0.53683333	44.04383333	open
Benoît Prieur	"6 April 2013 (according to <span lang=""en"" dir=""ltr""><a href=""https://en.wikipedia.org/wiki/Exif"" class=""extiw"" title=""en:Exif"">Exif</a></span> data)"	-0.54266667	44.04183333	open
Benoît Prieur	"6 April 2013 (according to <span lang=""en"" dir=""ltr""><a href=""https://en.wikipedia.org/wiki/Exif"" class=""extiw"" title=""en:Exif"">Exif</a></span> data)"	0.54267	44.04183	open
Benoît Prieur	"6 April 2013 (according to <span lang=""en"" dir=""ltr""><a href=""https://en.wikipedia.org/wiki/Exif"" class=""extiw"" title=""en:Exif"">Exif</a></span> data)"	-0.54266667	44.04183333	open
Benoît Prieur	"6 April 2013 (according to <span lang=""en"" dir=""ltr""><a href=""https://en.wikipedia.org/wiki/Exif"" class=""extiw"" title=""en:Exif"">Exif</a></span> data)"	-0.54183333	44.0425	open
Benoît Prieur	"6 April 2013 (according to <span lang=""en"" dir=""ltr""><a href=""https://en.wikipedia.org/wiki/Exif"" class=""extiw"" title=""en:Exif"">Exif</a></span> data)"	-0.5395	44.0435	open
Benoît Prieur	"9 April 2013 (according to <span lang=""en"" dir=""ltr""><a href=""https://en.wikipedia.org/wiki/Exif"" class=""extiw"" title=""en:Exif"">Exif</a></span> data)"	4.98416667	45.836	open
Benoît Prieur	"11 April 2013 (according to <span lang=""en"" dir=""ltr""><a href=""https://en.wikipedia.org/wiki/Exif"" class=""extiw"" title=""en:Exif"">Exif</a></span> data)"	4.97683333	45.82683333	open
Benoît Prieur	"10 April 2013 (according to <span lang=""en"" dir=""ltr""><a href=""https://en.wikipedia.org/wiki/Exif"" class=""extiw"" title=""en:Exif"">Exif</a></span> data)"	4.98016667	45.82783333	open
Benoît Prieur	"12 April 2013 (according to <span lang=""en"" dir=""ltr""><a href=""https://en.wikipedia.org/wiki/Exif"" class=""extiw"" title=""en:Exif"">Exif</a></span> data)"	4.98833333	45.83666667	open
Benoît Prieur	"12 April 2013 (according to <span lang=""en"" dir=""ltr""><a href=""https://en.wikipedia.org/wiki/Exif"" class=""extiw"" title=""en:Exif"">Exif</a></span> data)"	4.996	45.8355	open
Benoît Prieur	2013-04-12 13:30:17	4.98833333	45.83666667	open
Benoît Prieur	2013-04-12 13:30:28	4.98833333	45.83666667	open
Benoît Prieur	"12 April 2013 (according to <span lang=""en"" dir=""ltr""><a href=""https://en.wikipedia.org/wiki/Exif"" class=""extiw"" title=""en:Exif"">Exif</a></span> data)"	4.9965	45.83883333	open
Benoît Prieur	"12 April 2013 (according to <span lang=""en"" dir=""ltr""><a href=""https://en.wikipedia.org/wiki/Exif"" class=""extiw"" title=""en:Exif"">Exif</a></span> data)"	4.995	45.8385	open
Benoît Prieur	"14 April 2013 (according to <span lang=""en"" dir=""ltr""><a href=""https://en.wikipedia.org/wiki/Exif"" class=""extiw"" title=""en:Exif"">Exif</a></span> data)"	4.952	45.82366667	open
Benoît Prieur	"15 April 2013 (according to <span lang=""en"" dir=""ltr""><a href=""https://en.wikipedia.org/wiki/Exif"" class=""extiw"" title=""en:Exif"">Exif</a></span> data)"	4.95016667	45.82283333	open
Benoît Prieur	"15 April 2013 (according to <span lang=""en"" dir=""ltr""><a href=""https://en.wikipedia.org/wiki/Exif"" class=""extiw"" title=""en:Exif"">Exif</a></span> data)"	4.95333333	45.82233333	open
Benoît Prieur	"16 April 2013 (according to <span lang=""en"" dir=""ltr""><a href=""https://en.wikipedia.org/wiki/Exif"" class=""extiw"" title=""en:Exif"">Exif</a></span> data)"	4.98766667	45.83666667	open
Benoît Prieur	"18 April 2013 (according to <span lang=""en"" dir=""ltr""><a href=""https://en.wikipedia.org/wiki/Exif"" class=""extiw"" title=""en:Exif"">Exif</a></span> data)"	4.978	45.83283333	open
Benoît Prieur	"15 April 2013 (according to <span lang=""en"" dir=""ltr""><a href=""https://en.wikipedia.org/wiki/Exif"" class=""extiw"" title=""en:Exif"">Exif</a></span> data)"	4.9555	45.823	open
Benoît Prieur	"15 April 2013 (according to <span lang=""en"" dir=""ltr""><a href=""https://en.wikipedia.org/wiki/Exif"" class=""extiw"" title=""en:Exif"">Exif</a></span> data)"	4.95383333	45.8225	open
Benoît Prieur	"18 April 2013 (according to <span lang=""en"" dir=""ltr""><a href=""https://en.wikipedia.org/wiki/Exif"" class=""extiw"" title=""en:Exif"">Exif</a></span> data)"	4.97766667	45.833	open
Benoît Prieur	"16 April 2013 (according to <span lang=""en"" dir=""ltr""><a href=""https://en.wikipedia.org/wiki/Exif"" class=""extiw"" title=""en:Exif"">Exif</a></span> data)"	4.9895	45.8345	open
Benoît Prieur	"15 April 2013 (according to <span lang=""en"" dir=""ltr""><a href=""https://en.wikipedia.org/wiki/Exif"" class=""extiw"" title=""en:Exif"">Exif</a></span> data)"	4.9555	45.823	open
Benoît Prieur	2013-04-19 09:46:14	4.80883333	46.07466667	open
Benoît Prieur	2013-04-19 09:47:02	4.80933331	46.0745	open
Benoît Prieur	2013-04-19 09:46:48	4.80933333	46.0745	open
Benoît Prieur	2013-04-19 09:47:25	4.80916667	46.0745	open
Benoît Prieur	2013-04-19 09:47:10	4.80933333	46.0745	open
Benoît Prieur	2013-04-19 09:41:23	4.81083333	46.06966667	open
Benoît Prieur	2013-04-19 09:49:25	4.80866667	46.07366667	open
Benoît Prieur	2013-04-19 09:50:01	4.80866667	46.0735	open
Benoît Prieur	2013-04-19 12:03:52	4.86983333	45.9655	open
Benoît Prieur	2013-04-19 12:04:08	4.86983333	45.96533333	open
Benoît Prieur	2013-04-19 11:52:56	4.83716667	46.0215	open
Benoît Prieur	2013-04-19 11:53:13	4.83733333	46.0215	open
Benoît Prieur	2013-04-19 11:52:22	4.83716667	46.02133333	open
Benoît Prieur	2013-04-19 09:46:48	4.80933333	46.0745	open
Benoît Prieur	2013-04-19 11:57:55	4.8485	46.0015	open
Benoît Prieur	2013-04-19 11:57:37	4.8485	46.00183333	open
Benoît Prieur	2013-04-19 11:58:20	4.8485	46.0015	open
Benoît Prieur	"20 April 2013 (according to <span lang=""en"" dir=""ltr""><a href=""https://en.wikipedia.org/wiki/Exif"" class=""extiw"" title=""en:Exif"">Exif</a></span> data)"	4.904	45.80866667	open
Benoît Prieur	"22 April 2013 (according to <span lang=""en"" dir=""ltr""><a href=""https://en.wikipedia.org/wiki/Exif"" class=""extiw"" title=""en:Exif"">Exif</a></span> data)"	6.496	44.56416667	open
Benoît Prieur	"22 April 2013 (according to <span lang=""en"" dir=""ltr""><a href=""https://en.wikipedia.org/wiki/Exif"" class=""extiw"" title=""en:Exif"">Exif</a></span> data)"	6.49583333	44.56416667	open
Benoît Prieur	"22 April 2013 (according to <span lang=""en"" dir=""ltr""><a href=""https://en.wikipedia.org/wiki/Exif"" class=""extiw"" title=""en:Exif"">Exif</a></span> data)"	6.495	44.56366667	open
Benoît Prieur	"22 April 2013 (according to <span lang=""en"" dir=""ltr""><a href=""https://en.wikipedia.org/wiki/Exif"" class=""extiw"" title=""en:Exif"">Exif</a></span> data)"	6.49333333	44.5625	open
Benoît Prieur	"22 April 2013 (according to <span lang=""en"" dir=""ltr""><a href=""https://en.wikipedia.org/wiki/Exif"" class=""extiw"" title=""en:Exif"">Exif</a></span> data)"	6.49216667	44.56183333	open
Benoît Prieur	"23 April 2013 (according to <span lang=""en"" dir=""ltr""><a href=""https://en.wikipedia.org/wiki/Exif"" class=""extiw"" title=""en:Exif"">Exif</a></span> data)"	6.4785	44.55016667	open
Benoît Prieur	"23 April 2013 (according to <span lang=""en"" dir=""ltr""><a href=""https://en.wikipedia.org/wiki/Exif"" class=""extiw"" title=""en:Exif"">Exif</a></span> data)"	6.47816667	44.55016667	open
Benoît Prieur	"23 April 2013 (according to <span lang=""en"" dir=""ltr""><a href=""https://en.wikipedia.org/wiki/Exif"" class=""extiw"" title=""en:Exif"">Exif</a></span> data)"	6.47716667	44.55016667	open
Benoît Prieur	"23 April 2013 (according to <span lang=""en"" dir=""ltr""><a href=""https://en.wikipedia.org/wiki/Exif"" class=""extiw"" title=""en:Exif"">Exif</a></span> data)"	6.49383333	44.5635	open
Benoît Prieur	"22 April 2013 (according to <span lang=""en"" dir=""ltr""><a href=""https://en.wikipedia.org/wiki/Exif"" class=""extiw"" title=""en:Exif"">Exif</a></span> data)"	6.49583333	44.564	open
Benoît Prieur	"24 April 2013 (according to <span lang=""en"" dir=""ltr""><a href=""https://en.wikipedia.org/wiki/Exif"" class=""extiw"" title=""en:Exif"">Exif</a></span> data)"	6.4935	44.56283333	open
Benoît Prieur	"24 April 2013 (according to <span lang=""en"" dir=""ltr""><a href=""https://en.wikipedia.org/wiki/Exif"" class=""extiw"" title=""en:Exif"">Exif</a></span> data)"	6.497	44.56366667	open
Benoît Prieur	2013-04-24 11:09:53	6.495	44.5625	open
Benoît Prieur	2013-04-24 11:08:30	6.49516667	44.56266667	open
Benoît Prieur	2013-04-24 14:10:44	6.4935	44.56283333	open
Benoît Prieur	2013-04-24 11:08:30	6.49516667	44.56266667	open
Benoît Prieur	2013-04-24 11:11:07	6.49483333	44.5625	open
Benoît Prieur	2013-04-24 11:09:23	6.49483333	44.5625	open
Benoît Prieur	2013-04-24 11:08:30	6.49516667	44.56266667	open
Benoît Prieur	2013-04-24 11:11:34	6.49483333	44.5625	open
Benoît Prieur	2013-04-24 11:11:59	6.49466667	44.56233333	open
Benoît Prieur	2013-04-24 11:11:21	6.49483333	44.5625	open
Benoît Prieur	2013-04-21 20:17:33	6.4965	44.56516667	open
Benoît Prieur	2013-04-22 11:10:25	6.49533333	44.56383333	open
Benoît Prieur	2013-04-22 11:12:21	6.495	44.56366667	open
Benoît Prieur	2013-04-22 11:46:35	6.4955	44.565	open
Benoît Prieur	2013-04-22 16:53:40	6.49333333	44.5625	open
Benoît Prieur	2013-04-24 11:01:50	6.49633333	44.56333333	open
Benoît Prieur	2013-04-24 11:03:40	6.49583333	44.56316667	open
Benoît Prieur	2013-04-21 17:12:15	6.3785	44.53533333	open
Benoît Prieur	2013-04-21 14:51:52	5.71866667	45.194	open
Benoît Prieur	2013-04-27 19:09:51	3.19783333	47.61683333	open
Benoît Prieur	2013-04-27 19:10:53	3.19783333	47.61666667	open
Benoît Prieur	2013-04-27 19:10:09	3.198	47.61683333	open
Benoît Prieur	2013-04-27 19:21:52	3.29283333	47.58666667	open
Benoît Prieur	2013-04-27 19:22:22	3.29466667	47.5865	open
Benoît Prieur	2013-04-27 19:21:42	3.2565	47.58383333	open
Benoît Prieur	2013-04-27 13:14:41	3.92866667	47.49266667	open
Benoît Prieur	2013-04-27 13:15:52	3.92116667	47.4925	open
Benoît Prieur	2013-04-27 14:44:18	3.543	47.45933333	open
Benoît Prieur	2013-04-27 14:48:00	3.522	47.461	open
Benoît Prieur	2013-04-28 15:22:17	3.45	47.46216667	open
Benoît Prieur	2013-04-28 15:31:22	3.54283333	47.4595	open
Benoît Prieur	2013-04-25 13:49:50	6.07666667	44.56033333	open
Benoît Prieur	"29 April 2013 (according to <span lang=""en"" dir=""ltr""><a href=""https://en.wikipedia.org/wiki/Exif"" class=""extiw"" title=""en:Exif"">Exif</a></span> data)"	4.9835	45.83366667	open
Benoît Prieur	"29 April 2013 (according to <span lang=""en"" dir=""ltr""><a href=""https://en.wikipedia.org/wiki/Exif"" class=""extiw"" title=""en:Exif"">Exif</a></span> data)"	5.09383333	45.83383333	open
Benoît Prieur	"29 April 2013 (according to <span lang=""en"" dir=""ltr""><a href=""https://en.wikipedia.org/wiki/Exif"" class=""extiw"" title=""en:Exif"">Exif</a></span> data)"	5.06583333	45.85133333	open
Benoît Prieur	2013-04-29 13:09:23	5.11	45.84316667	open
Benoît Prieur	2013-05-02 16:15:38	4.96983333	45.82783333	open
Benoît Prieur	2013-05-02 16:15:41	4.97	45.828	open
Benoît Prieur	2013-05-02 16:15:40	4.96983333	45.828	open
Benoît Prieur	"3 May 2013 (according to <span lang=""en"" dir=""ltr""><a href=""https://en.wikipedia.org/wiki/Exif"" class=""extiw"" title=""en:Exif"">Exif</a></span> data)"	4.98083333	45.82783333	open
Benoît Prieur	"5 May 2013 (according to <span lang=""en"" dir=""ltr""><a href=""https://en.wikipedia.org/wiki/Exif"" class=""extiw"" title=""en:Exif"">Exif</a></span> data)"	4.98033333	45.834	open
Benoît Prieur	"5 May 2013 (according to <span lang=""en"" dir=""ltr""><a href=""https://en.wikipedia.org/wiki/Exif"" class=""extiw"" title=""en:Exif"">Exif</a></span> data)"	4.9805	45.834	open
Benoît Prieur	"5 May 2013 (according to <span lang=""en"" dir=""ltr""><a href=""https://en.wikipedia.org/wiki/Exif"" class=""extiw"" title=""en:Exif"">Exif</a></span> data)"	4.98083333	45.834	open
Benoît Prieur	"5 May 2013 (according to <span lang=""en"" dir=""ltr""><a href=""https://en.wikipedia.org/wiki/Exif"" class=""extiw"" title=""en:Exif"">Exif</a></span> data)"	4.9785	45.83316667	open
Benoît Prieur	"5 May 2013 (according to <span lang=""en"" dir=""ltr""><a href=""https://en.wikipedia.org/wiki/Exif"" class=""extiw"" title=""en:Exif"">Exif</a></span> data)"	4.97766667	45.833	open
Benoît Prieur	"5 May 2013 (according to <span lang=""en"" dir=""ltr""><a href=""https://en.wikipedia.org/wiki/Exif"" class=""extiw"" title=""en:Exif"">Exif</a></span> data)"	4.97833333	45.83366667	open
Benoît Prieur	"5 May 2013 (according to <span lang=""en"" dir=""ltr""><a href=""https://en.wikipedia.org/wiki/Exif"" class=""extiw"" title=""en:Exif"">Exif</a></span> data)"	4.97816667	45.83466667	open
Benoît Prieur	"5 May 2013 (according to <span lang=""en"" dir=""ltr""><a href=""https://en.wikipedia.org/wiki/Exif"" class=""extiw"" title=""en:Exif"">Exif</a></span> data)"	4.978	45.83383333	open
Benoît Prieur	"5 May 2013 (according to <span lang=""en"" dir=""ltr""><a href=""https://en.wikipedia.org/wiki/Exif"" class=""extiw"" title=""en:Exif"">Exif</a></span> data)"	4.97816667	45.83466667	open
Benoît Prieur	"5 May 2013 (according to <span lang=""en"" dir=""ltr""><a href=""https://en.wikipedia.org/wiki/Exif"" class=""extiw"" title=""en:Exif"">Exif</a></span> data)"	4.978	45.83483333	open
Benoît Prieur	"5 May 2013 (according to <span lang=""en"" dir=""ltr""><a href=""https://en.wikipedia.org/wiki/Exif"" class=""extiw"" title=""en:Exif"">Exif</a></span> data)"	4.978	45.83466667	open
Benoît Prieur	"5 May 2013 (according to <span lang=""en"" dir=""ltr""><a href=""https://en.wikipedia.org/wiki/Exif"" class=""extiw"" title=""en:Exif"">Exif</a></span> data)"	4.97816667	45.8335	open
Benoît Prieur	"5 May 2013 (according to <span lang=""en"" dir=""ltr""><a href=""https://en.wikipedia.org/wiki/Exif"" class=""extiw"" title=""en:Exif"">Exif</a></span> data)"	4.978	45.83466667	open
Benoît Prieur	"5 May 2013 (according to <span lang=""en"" dir=""ltr""><a href=""https://en.wikipedia.org/wiki/Exif"" class=""extiw"" title=""en:Exif"">Exif</a></span> data)"	4.9785	45.83383333	open
Benoît Prieur	"5 May 2013 (according to <span lang=""en"" dir=""ltr""><a href=""https://en.wikipedia.org/wiki/Exif"" class=""extiw"" title=""en:Exif"">Exif</a></span> data)"	4.9785	45.83366667	open
Benoît Prieur	"11 May 2013 (according to <span lang=""en"" dir=""ltr""><a href=""https://en.wikipedia.org/wiki/Exif"" class=""extiw"" title=""en:Exif"">Exif</a></span> data)"	4.98116667	45.82866667	open
Benoît Prieur	"14 May 2013 (according to <span lang=""en"" dir=""ltr""><a href=""https://en.wikipedia.org/wiki/Exif"" class=""extiw"" title=""en:Exif"">Exif</a></span> data)"	4.85966667	45.76016667	open
Benoît Prieur	2013-05-14 11:02:43	-17.43550333	14.66885333	open
Benoît Prieur	2013-05-14 11:02:59	-17.43554833	14.66882667	open
Benoît Prieur	2013-05-15 09:05:51	-17.43583333	14.66833333	open
Benoît Prieur	2013-05-16 15:20:52	-17.436165	14.66841167	open
Benoît Prieur	2013-05-16 15:21:07	-17.436165	14.66841167	open
Benoît Prieur	2013-05-16 15:21:58	-17.436165	14.668395	open
Benoît Prieur	2013-05-16 15:21:24	-17.436165	14.66841167	open
Benoît Prieur	2013-05-15 09:05:58	-17.436	14.66833333	open
Benoît Prieur	2013-05-15 11:04:31	-17.43433333	14.66783333	open
Benoît Prieur	"19 May 2013 (according to <span lang=""en"" dir=""ltr""><a href=""https://en.wikipedia.org/wiki/Exif"" class=""extiw"" title=""en:Exif"">Exif</a></span> data)"	-17.43516667	14.66833333	open
Benoît Prieur	"17 May 2013 (according to <span lang=""en"" dir=""ltr""><a href=""https://en.wikipedia.org/wiki/Exif"" class=""extiw"" title=""en:Exif"">Exif</a></span> data)"	-17.43483333	14.66533333	open
Benoît Prieur	"19 May 2013 (according to <span lang=""en"" dir=""ltr""><a href=""https://en.wikipedia.org/wiki/Exif"" class=""extiw"" title=""en:Exif"">Exif</a></span> data)"	-17.43566667	14.6695	open
Benoît Prieur	"19 May 2013 (according to <span lang=""en"" dir=""ltr""><a href=""https://en.wikipedia.org/wiki/Exif"" class=""extiw"" title=""en:Exif"">Exif</a></span> data)"	-17.435	14.66883333	open
Benoît Prieur	2013-05-18 12:55:34	-17.433885	14.66779167	open
Benoît Prieur	2013-05-18 13:02:51	-17.43240833	14.66806167	open
Benoît Prieur	2013-05-18 13:13:08	-17.440325	14.67045167	open
Benoît Prieur	2013-05-18 13:06:20	-17.43223333	14.66801667	open
Benoît Prieur	2013-05-18 13:10:21	-17.44029833	14.67053667	open
Benoît Prieur	2013-05-18 13:23:17	-17.43762667	14.669285	open
Benoît Prieur	2013-05-18 12:43:36	-17.434833	14.667505	open
Benoît Prieur	2013-05-18 12:44:41	-17.43746167	14.67002	open
Benoît Prieur	2013-05-18 13:25:43	-17.43740667	14.66832167	open
Benoît Prieur	2013-05-18 13:18:18	-17.43921	14.66917	open
Benoît Prieur	"22 May 2013 (according to <span lang=""en"" dir=""ltr""><a href=""https://en.wikipedia.org/wiki/Exif"" class=""extiw"" title=""en:Exif"">Exif</a></span> data)"	5.19416667	45.821	open
Benoît Prieur	"22 May 2013 (according to <span lang=""en"" dir=""ltr""><a href=""https://en.wikipedia.org/wiki/Exif"" class=""extiw"" title=""en:Exif"">Exif</a></span> data)"	5.19416667	45.821	open
Benoît Prieur	"22 May 2013 (according to <span lang=""en"" dir=""ltr""><a href=""https://en.wikipedia.org/wiki/Exif"" class=""extiw"" title=""en:Exif"">Exif</a></span> data)"	5.18816667	45.81983333	open
Benoît Prieur	"22 May 2013 (according to <span lang=""en"" dir=""ltr""><a href=""https://en.wikipedia.org/wiki/Exif"" class=""extiw"" title=""en:Exif"">Exif</a></span> data)"	5.1945	45.82116667	open
Benoît Prieur	"22 May 2013 (according to <span lang=""en"" dir=""ltr""><a href=""https://en.wikipedia.org/wiki/Exif"" class=""extiw"" title=""en:Exif"">Exif</a></span> data)"	5.1945	45.82116667	open
Benoît Prieur	"22 May 2013 (according to <span lang=""en"" dir=""ltr""><a href=""https://en.wikipedia.org/wiki/Exif"" class=""extiw"" title=""en:Exif"">Exif</a></span> data)"	5.1955	45.8215	open
Benoît Prieur	"23 May 2013 (according to <span lang=""en"" dir=""ltr""><a href=""https://en.wikipedia.org/wiki/Exif"" class=""extiw"" title=""en:Exif"">Exif</a></span> data)"	4.98	45.82966667	open
Benoît Prieur	"22 May 2013 (according to <span lang=""en"" dir=""ltr""><a href=""https://en.wikipedia.org/wiki/Exif"" class=""extiw"" title=""en:Exif"">Exif</a></span> data)"	5.19533333	45.82116667	open
Benoît Prieur	"22 May 2013 (according to <span lang=""en"" dir=""ltr""><a href=""https://en.wikipedia.org/wiki/Exif"" class=""extiw"" title=""en:Exif"">Exif</a></span> data)"	5.21166667	45.81766667	open
Benoît Prieur	"26 May 2013 (according to <span lang=""en"" dir=""ltr""><a href=""https://en.wikipedia.org/wiki/Exif"" class=""extiw"" title=""en:Exif"">Exif</a></span> data)"	5.039	45.84516667	open
Benoît Prieur	"26 May 2013 (according to <span lang=""en"" dir=""ltr""><a href=""https://en.wikipedia.org/wiki/Exif"" class=""extiw"" title=""en:Exif"">Exif</a></span> data)"	5.03966667	45.84516667	open
Benoît Prieur	"26 May 2013 (according to <span lang=""en"" dir=""ltr""><a href=""https://en.wikipedia.org/wiki/Exif"" class=""extiw"" title=""en:Exif"">Exif</a></span> data)"	5.03966667	45.84516667	open
Benoît Prieur	"29 May 2013 (according to <span lang=""en"" dir=""ltr""><a href=""https://en.wikipedia.org/wiki/Exif"" class=""extiw"" title=""en:Exif"">Exif</a></span> data)"	4.980833	45.826833	open
Benoît Prieur	"30 May 2013 (according to <span lang=""en"" dir=""ltr""><a href=""https://en.wikipedia.org/wiki/Exif"" class=""extiw"" title=""en:Exif"">Exif</a></span> data)"	4.9835	45.834167	open
Benoît Prieur	"30 May 2013 (according to <span lang=""en"" dir=""ltr""><a href=""https://en.wikipedia.org/wiki/Exif"" class=""extiw"" title=""en:Exif"">Exif</a></span> data)"	4.9645	45.8285	open
Benoît Prieur	"30 May 2013 (according to <span lang=""en"" dir=""ltr""><a href=""https://en.wikipedia.org/wiki/Exif"" class=""extiw"" title=""en:Exif"">Exif</a></span> data)"	4.964333	45.8285	open
Benoît Prieur	"30 May 2013 (according to <span lang=""en"" dir=""ltr""><a href=""https://en.wikipedia.org/wiki/Exif"" class=""extiw"" title=""en:Exif"">Exif</a></span> data)"	4.964833	45.828333	open
Benoît Prieur	"30 May 2013 (according to <span lang=""en"" dir=""ltr""><a href=""https://en.wikipedia.org/wiki/Exif"" class=""extiw"" title=""en:Exif"">Exif</a></span> data)"	4.964333	45.828333	open
Benoît Prieur	"30 May 2013 (according to <span lang=""en"" dir=""ltr""><a href=""https://en.wikipedia.org/wiki/Exif"" class=""extiw"" title=""en:Exif"">Exif</a></span> data)"	4.964667	45.8285	open
Benoît Prieur	2013-05-31 17:34:34	4.83654667	45.79404833	open
Benoît Prieur	2013-05-31 17:35:07	4.836545	45.79404	open
Benoît Prieur	2013-05-31 17:35:54	4.83655167	45.79403833	open
Benoît Prieur	2013-05-31 17:35:42	4.83655167	45.79403833	open
Benoît Prieur	2013-05-31 17:39:02	4.83655333	45.79403333	open
Benoît Prieur	2013-05-31 16:36:52	4.83694833	45.79343167	open
Benoît Prieur	2013-05-31 17:48:29	4.8365	45.79404	open
Benoît Prieur	2013-05-31 17:47:59	4.836485	45.79403833	open
Benoît Prieur	2013-05-31 17:05:01	4.836685	45.79348167	open
Benoît Prieur	2013-05-31 16:51:26	4.83668	45.79349	open
Benoît Prieur	2013-05-31 16:55:26	4.83668667	45.79349333	open
Benoît Prieur	2013-05-31 17:31:18	4.837135	45.79399667	open
Benoît Prieur	2013-05-31 17:06:38	4.83669	45.79347833	open
Benoît Prieur	2013-05-31 17:19:29	4.83645	45.794045	open
Benoît Prieur	2013-05-31 17:46:18	4.83647833	45.79403667	open
Benoît Prieur	2013-05-31 17:56:40	4.83693833	45.79341333	open
Benoît Prieur	2013-05-31 17:42:50	4.83649833	45.794065	open
Benoît Prieur	2013-05-31 17:16:02	4.836425	45.79404833	open
Benoît Prieur	2013-05-31 16:39:34	4.83671167	45.79348833	open
Benoît Prieur	2013-05-31 16:40:55	4.83672	45.79348167	open
Benoît Prieur	2013-05-31 16:39:09	4.83671333	45.79348667	open
Benoît Prieur	2013-05-31 16:48:42	4.83670167	45.79348333	open
Benoît Prieur	2013-05-31 16:48:53	4.83670167	45.79348333	open
Benoît Prieur	2013-05-31 16:49:07	4.83670167	45.79348333	open
Benoît Prieur	2013-05-31 16:52:22	4.83668167	45.79349	open
Benoît Prieur	2013-05-31 16:54:18	4.83668167	45.793495	open
Benoît Prieur	2013-05-31 16:55:47	4.83668333	45.79348667	open
Benoît Prieur	2013-05-31 17:04:33	4.836685	45.79348167	open
Benoît Prieur	2013-05-31 16:28:48	4.86039333	45.80120167	open
Benoît Prieur	2013-05-31 16:28:34	4.86039333	45.80120167	open
Benoît Prieur	2013-05-31 16:30:19	4.86070167	45.80121167	open
Benoît Prieur	2013-05-31 16:30:35	4.86073	45.80124167	open
Benoît Prieur	2013-05-31 16:31:50	4.83756333	45.79266167	open
Benoît Prieur	2013-05-31 16:34:54	4.83727333	45.79319667	open
Benoît Prieur	2013-05-31 17:44:08	4.83649667	45.79405833	open
Benoît Prieur	2013-05-31 17:16:24	4.83651167	45.79404667	open
Benoît Prieur	"1 June 2013 (according to <span lang=""en"" dir=""ltr""><a href=""https://en.wikipedia.org/wiki/Exif"" class=""extiw"" title=""en:Exif"">Exif</a></span> data)"	4.83683333	45.79333333	open
Benoît Prieur	"1 June 2013 (according to <span lang=""en"" dir=""ltr""><a href=""https://en.wikipedia.org/wiki/Exif"" class=""extiw"" title=""en:Exif"">Exif</a></span> data)"	4.83666667	45.7935	open
Benoît Prieur	2013-05-31 16:47:27	4.836695	45.79348167	open
Benoît Prieur	2013-05-31 16:48:22	4.83670167	45.79348333	open
Benoît Prieur	2013-05-31 16:49:37	4.83670667	45.79348167	open
Benoît Prieur	2013-05-31 16:57:04	4.83669	45.79348667	open
Benoît Prieur	2013-05-31 16:58:09	4.83669	45.793485	open
Benoît Prieur	2013-05-31 17:04:16	4.836685	45.79348167	open
Benoît Prieur	2013-05-31 17:04:52	4.83668667	45.79348167	open
Benoît Prieur	2013-05-31 17:10:41	4.837105	45.79398333	open
Benoît Prieur	2013-05-31 17:12:30	4.836795	45.794015	open
Benoît Prieur	2013-05-31 17:12:43	4.8368	45.79401167	open
Benoît Prieur	2013-05-31 17:14:20	4.83661333	45.79400167	open
Benoît Prieur	2013-05-31 17:14:30	4.83661333	45.79400167	open
Benoît Prieur	2013-05-31 17:15:15	4.83654	45.794055	open
Benoît Prieur	2013-05-31 17:17:32	4.83645167	45.79403333	open
Benoît Prieur	2013-05-31 17:44:17	4.83649667	45.79405833	open
Benoît Prieur	2013-05-31 17:44:35	4.83649667	45.79405833	open
Benoît Prieur	2013-05-31 17:44:51	4.83649667	45.79405833	open
Benoît Prieur	2013-05-31 17:46:01	4.83647833	45.79403833	open
Benoît Prieur	2013-05-31 17:48:51	4.8365	45.79404167	open
Benoît Prieur	2013-05-31 17:56:59	4.83693333	45.79341667	open
Benoît Prieur	"4 June 2013 (according to <span lang=""en"" dir=""ltr""><a href=""https://en.wikipedia.org/wiki/Exif"" class=""extiw"" title=""en:Exif"">Exif</a></span> data)"	4.97783333	45.833	open
Benoît Prieur	"3 June 2013 (according to <span lang=""en"" dir=""ltr""><a href=""https://en.wikipedia.org/wiki/Exif"" class=""extiw"" title=""en:Exif"">Exif</a></span> data)"	4.952	45.82366667	open
Benoît Prieur	"3 June 2013 (according to <span lang=""en"" dir=""ltr""><a href=""https://en.wikipedia.org/wiki/Exif"" class=""extiw"" title=""en:Exif"">Exif</a></span> data)"	4.952	45.82366667	open
Benoît Prieur	"30 May 2013 (according to <span lang=""en"" dir=""ltr""><a href=""https://en.wikipedia.org/wiki/Exif"" class=""extiw"" title=""en:Exif"">Exif</a></span> data)"	4.96533333	45.8285	open
Benoît Prieur	"30 May 2013 (according to <span lang=""en"" dir=""ltr""><a href=""https://en.wikipedia.org/wiki/Exif"" class=""extiw"" title=""en:Exif"">Exif</a></span> data)"	4.9645	45.8285	open
Benoît Prieur	"30 May 2013 (according to <span lang=""en"" dir=""ltr""><a href=""https://en.wikipedia.org/wiki/Exif"" class=""extiw"" title=""en:Exif"">Exif</a></span> data)"	4.96483333	45.82866667	open
Benoît Prieur	"30 May 2013 (according to <span lang=""en"" dir=""ltr""><a href=""https://en.wikipedia.org/wiki/Exif"" class=""extiw"" title=""en:Exif"">Exif</a></span> data)"	4.964	45.82833333	open
Benoît Prieur	2013-06-04 11:09:26	5.03461333	46.00210667	open
Benoît Prieur	2013-06-04 11:09:37	5.03461333	46.002105	open
Benoît Prieur	2013-06-04 11:09:44	5.03461333	46.002105	open
Benoît Prieur	2013-06-04 11:10:11	5.03456167	46.00213667	open
Benoît Prieur	2013-06-04 11:12:06	5.034515	46.001935	open
Benoît Prieur	2013-06-04 11:12:41	5.034415	46.00170667	open
Benoît Prieur	2013-06-04 11:13:02	5.03437167	46.00163167	open
Benoît Prieur	2013-06-04 11:15:10	5.03446	46.00131833	open
Benoît Prieur	2013-06-04 11:15:42	5.03446	46.00131667	open
Benoît Prieur	2013-06-04 11:16:10	5.03435	46.00116667	open
Benoît Prieur	2013-06-04 11:16:35	5.03432333	46.00093667	open
Benoît Prieur	2013-06-04 11:16:53	5.03433167	46.000885	open
Benoît Prieur	2013-06-04 11:17:39	5.03381833	46.00072833	open
Benoît Prieur	2013-06-04 11:19:07	5.03359	46.00079667	open
Benoît Prieur	2013-06-04 11:22:59	5.03302667	46.00107833	open
Benoît Prieur	2013-06-04 11:23:58	5.03338167	46.00095	open
Benoît Prieur	2013-06-04 11:24:12	5.033365	46.00094	open
Benoît Prieur	2013-06-04 11:25:09	5.03283	46.00110833	open
Benoît Prieur	2013-06-04 11:25:35	5.03274	46.00113833	open
Benoît Prieur	2013-06-04 11:25:43	5.03273833	46.00114167	open
Benoît Prieur	2013-06-04 11:26:18	5.03270167	46.00117333	open
Benoît Prieur	2013-06-04 11:26:40	5.032605	46.00122167	open
Benoît Prieur	2013-06-04 11:26:51	5.032585	46.00121	open
Benoît Prieur	2013-06-04 11:27:32	5.03246167	46.00124333	open
Benoît Prieur	2013-06-04 11:27:51	5.03242167	46.00126	open
Benoît Prieur	2013-06-04 11:28:15	5.032305	46.00125	open
Benoît Prieur	2013-06-04 11:28:33	5.03219333	46.00129667	open
Benoît Prieur	2013-06-04 11:29:06	5.03182	46.001375	open
Benoît Prieur	2013-06-04 11:29:19	5.03171667	46.00145667	open
Benoît Prieur	"5 June 2013 (according to <span lang=""en"" dir=""ltr""><a href=""https://en.wikipedia.org/wiki/Exif"" class=""extiw"" title=""en:Exif"">Exif</a></span> data)"	5.02583333	45.9925	open
Benoît Prieur	2013-06-04 11:29:42	5.031665	46.00159667	open
Benoît Prieur	2013-06-04 11:30:09	5.03144167	46.00151667	open
Benoît Prieur	2013-06-04 11:30:17	5.031435	46.001525	open
Benoît Prieur	2013-06-04 11:32:21	5.03145833	46.00193167	open
Benoît Prieur	2013-06-04 11:32:43	5.03136667	46.00193833	open
Benoît Prieur	2013-06-04 11:33:48	5.031835	46.00189333	open
Benoît Prieur	2013-06-04 11:34:03	5.03190833	46.001915	open
Benoît Prieur	2013-06-04 11:34:26	5.03192	46.00198667	open
Benoît Prieur	2013-06-04 11:34:45	5.031975	46.00204	open
Benoît Prieur	2013-06-04 11:35:29	5.03211333	46.00206833	open
Benoît Prieur	2013-06-04 11:36:04	5.03211833	46.00199333	open
Benoît Prieur	2013-06-04 11:37:02	5.03191833	46.0016	open
Benoît Prieur	2013-06-04 11:38:30	5.03225667	46.00126	open
Benoît Prieur	2013-06-04 11:41:10	5.033485	46.00088333	open
Benoît Prieur	2013-06-04 11:41:20	5.03348333	46.000885	open
Benoît Prieur	2013-06-04 11:41:28	5.03348167	46.000885	open
Benoît Prieur	2013-06-04 11:42:47	5.03418	46.000945	open
Benoît Prieur	2013-06-04 11:42:57	5.03418	46.000975	open
Benoît Prieur	2013-06-04 11:43:14	5.034185	46.00098167	open
Benoît Prieur	2013-06-04 11:49:27	5.03303333	45.99856667	open
Benoît Prieur	2013-06-04 11:52:05	5.03221333	45.998925	open
Benoît Prieur	2013-06-04 11:52:47	5.03253833	45.99870833	open
Benoît Prieur	2013-06-04 11:55:57	5.033105	45.99860333	open
Benoît Prieur	2013-06-04 11:58:23	5.03352	45.99836167	open
Benoît Prieur	2013-06-04 12:00:40	5.03351667	45.99835833	open
Benoît Prieur	2013-06-04 12:01:32	5.033515	45.99835833	open
Benoît Prieur	2013-06-04 12:02:34	5.03351333	45.99836	open
Benoît Prieur	2013-06-04 12:04:33	5.03351833	45.99835333	open
Benoît Prieur	2013-06-04 12:06:15	5.033215	45.99877	open
Benoît Prieur	2013-06-04 12:07:39	5.032145	45.99903	open
Benoît Prieur	2013-06-04 12:08:58	5.03166333	45.99923333	open
Benoît Prieur	2013-06-04 12:09:20	5.03127333	45.99934333	open
Benoît Prieur	2013-06-04 12:09:44	5.03102167	45.99938667	open
Benoît Prieur	2013-06-04 12:14:27	5.028935	45.99823833	open
Benoît Prieur	2013-06-04 12:16:43	5.028345	45.99718167	open
Benoît Prieur	2013-06-04 12:16:54	5.02834167	45.99715833	open
Benoît Prieur	2013-06-04 12:19:19	5.02768833	45.99582667	open
Benoît Prieur	2013-06-04 12:20:19	5.02720667	45.99510167	open
Benoît Prieur	2013-06-04 12:20:58	5.02709333	45.99484667	open
Benoît Prieur	2013-06-05 16:39	5.03418	46.000945	open
Benoît Prieur	2013-06-04 12:22:10	5.02671333	45.994265	open
Benoît Prieur	2013-06-04 12:22:32	5.02665167	45.99413	open
Benoît Prieur	2013-06-04 12:23:39	5.02625833	45.99368	open
Benoît Prieur	2013-06-04 12:27:21	5.02635667	45.99218167	open
Benoît Prieur	2013-06-04 12:28:02	5.026425	45.99224	open
Benoît Prieur	2013-06-04 12:28:16	5.026475	45.992195	open
Benoît Prieur	2013-06-04 12:28:58	5.02640167	45.99192833	open
Benoît Prieur	2013-06-04 12:29:32	5.026295	45.99187667	open
Benoît Prieur	2013-06-04 12:30:39	5.02631333	45.99187167	open
Benoît Prieur	2013-06-04 12:31:52	5.02629167	45.99187667	open
Benoît Prieur	2013-06-04 12:32:07	5.02629833	45.99187833	open
Benoît Prieur	2013-06-04 12:41:32	5.026555	45.99177667	open
Benoît Prieur	2013-06-04 12:51:12	5.02775333	45.99595167	open
Benoît Prieur	2013-06-04 12:51:40	5.02778167	45.9962	open
Benoît Prieur	2013-06-04 13:18:20	5.02898	46.00245	open
Benoît Prieur	2013-06-04 13:30:22	5.03083833	45.99928667	open
Benoît Prieur	2013-06-04 13:33:30	5.03317	45.99855667	open
Benoît Prieur	2013-06-04 13:39:36	5.03265	46.00116	open
Benoît Prieur	2013-06-04 13:40:44	5.03265333	46.00116667	open
Benoît Prieur	"5 June 2013 (according to <span lang=""en"" dir=""ltr""><a href=""https://en.wikipedia.org/wiki/Exif"" class=""extiw"" title=""en:Exif"">Exif</a></span> data)"	5.0315	46.00183333	open
Benoît Prieur	"5 June 2013 (according to <span lang=""en"" dir=""ltr""><a href=""https://en.wikipedia.org/wiki/Exif"" class=""extiw"" title=""en:Exif"">Exif</a></span> data)"	5.0315	46.00166667	open
Benoît Prieur	"5 June 2013 (according to <span lang=""en"" dir=""ltr""><a href=""https://en.wikipedia.org/wiki/Exif"" class=""extiw"" title=""en:Exif"">Exif</a></span> data)"	5.03433333	46.001	open
Benoît Prieur	"5 June 2013 (according to <span lang=""en"" dir=""ltr""><a href=""https://en.wikipedia.org/wiki/Exif"" class=""extiw"" title=""en:Exif"">Exif</a></span> data)"	5.03383333	45.99916667	open
Benoît Prieur	"5 June 2013 (according to <span lang=""en"" dir=""ltr""><a href=""https://en.wikipedia.org/wiki/Exif"" class=""extiw"" title=""en:Exif"">Exif</a></span> data)"	5.0285	46.004	open
Benoît Prieur	"5 June 2013 (according to <span lang=""en"" dir=""ltr""><a href=""https://en.wikipedia.org/wiki/Exif"" class=""extiw"" title=""en:Exif"">Exif</a></span> data)"	5.02816667	46.004	open
Benoît Prieur	"5 June 2013 (according to <span lang=""en"" dir=""ltr""><a href=""https://en.wikipedia.org/wiki/Exif"" class=""extiw"" title=""en:Exif"">Exif</a></span> data)"	4.97	45.88016667	open
Benoît Prieur	"5 June 2013 (according to <span lang=""en"" dir=""ltr""><a href=""https://en.wikipedia.org/wiki/Exif"" class=""extiw"" title=""en:Exif"">Exif</a></span> data)"	4.97	45.88033333	open
Benoît Prieur	"5 June 2013 (according to <span lang=""en"" dir=""ltr""><a href=""https://en.wikipedia.org/wiki/Exif"" class=""extiw"" title=""en:Exif"">Exif</a></span> data)"	4.90316667	45.99616667	open
Benoît Prieur	"5 June 2013 (according to <span lang=""en"" dir=""ltr""><a href=""https://en.wikipedia.org/wiki/Exif"" class=""extiw"" title=""en:Exif"">Exif</a></span> data)"	4.90316667	45.99583333	open
Benoît Prieur	"5 June 2013 (according to <span lang=""en"" dir=""ltr""><a href=""https://en.wikipedia.org/wiki/Exif"" class=""extiw"" title=""en:Exif"">Exif</a></span> data)"	4.9025	45.99733333	open
Benoît Prieur	2013-06-04 13:00:49	5.02940333	46.00135	open
Benoît Prieur	2013-06-04 12:59:43	5.02946167	46.00110833	open
Benoît Prieur	2013-06-04 12:59:57	5.029475	46.00109833	open
Benoît Prieur	2013-06-04 13:01:02	5.02940333	46.00136333	open
Benoît Prieur	2013-06-04 13:00:13	5.02937667	46.001065	open
Benoît Prieur	2013-06-04 13:08:46	5.028965	46.00338667	open
Benoît Prieur	2013-06-04 13:18:56	5.02895833	46.00240333	open
Benoît Prieur	2013-06-04 14:05:34	4.90224667	45.99837	open
Benoît Prieur	2013-06-04 13:29:41	5.03040167	45.99957833	open
Benoît Prieur	2013-06-04 14:05:19	4.90227667	45.99825833	open
Benoît Prieur	2013-06-04 14:10:11	4.9029	45.997155	open
Benoît Prieur	2013-06-04 14:08:35	4.90283333	45.99738667	open
Benoît Prieur	2013-06-04 14:11:16	4.90275167	45.99716	open
Benoît Prieur	2013-06-04 14:10:22	4.90299	45.99713833	open
Benoît Prieur	2013-06-04 14:10:40	4.90283833	45.99709167	open
Benoît Prieur	2013-06-04 14:10:55	4.90285333	45.99716	open
Benoît Prieur	"5 June 2013 (according to <span lang=""en"" dir=""ltr""><a href=""https://en.wikipedia.org/wiki/Exif"" class=""extiw"" title=""en:Exif"">Exif</a></span> data)"	4.9765	45.98283333	open
Benoît Prieur	"5 June 2013 (according to <span lang=""en"" dir=""ltr""><a href=""https://en.wikipedia.org/wiki/Exif"" class=""extiw"" title=""en:Exif"">Exif</a></span> data)"	4.94016667	45.9565	open
Benoît Prieur	"5 June 2013 (according to <span lang=""en"" dir=""ltr""><a href=""https://en.wikipedia.org/wiki/Exif"" class=""extiw"" title=""en:Exif"">Exif</a></span> data)"	4.94016667	45.9565	open
Benoît Prieur	"5 June 2013 (according to <span lang=""en"" dir=""ltr""><a href=""https://en.wikipedia.org/wiki/Exif"" class=""extiw"" title=""en:Exif"">Exif</a></span> data)"	5.0285	46.00216667	open
Benoît Prieur	"5 June 2013 (according to <span lang=""en"" dir=""ltr""><a href=""https://en.wikipedia.org/wiki/Exif"" class=""extiw"" title=""en:Exif"">Exif</a></span> data)"	5.02916667	46.00383333	open
Benoît Prieur	"5 June 2013 (according to <span lang=""en"" dir=""ltr""><a href=""https://en.wikipedia.org/wiki/Exif"" class=""extiw"" title=""en:Exif"">Exif</a></span> data)"	5.029	46.00333333	open
Benoît Prieur	"5 June 2013 (according to <span lang=""en"" dir=""ltr""><a href=""https://en.wikipedia.org/wiki/Exif"" class=""extiw"" title=""en:Exif"">Exif</a></span> data)"	5.02733333	46.00033333	open
Benoît Prieur	"5 June 2013 (according to <span lang=""en"" dir=""ltr""><a href=""https://en.wikipedia.org/wiki/Exif"" class=""extiw"" title=""en:Exif"">Exif</a></span> data)"	5.02916667	46.00333333	open
Benoît Prieur	"5 June 2013 (according to <span lang=""en"" dir=""ltr""><a href=""https://en.wikipedia.org/wiki/Exif"" class=""extiw"" title=""en:Exif"">Exif</a></span> data)"	4.94016667	45.95633333	open
Benoît Prieur	"5 June 2013 (according to <span lang=""en"" dir=""ltr""><a href=""https://en.wikipedia.org/wiki/Exif"" class=""extiw"" title=""en:Exif"">Exif</a></span> data)"	4.93983333	45.9565	open
Benoît Prieur	"5 June 2013 (according to <span lang=""en"" dir=""ltr""><a href=""https://en.wikipedia.org/wiki/Exif"" class=""extiw"" title=""en:Exif"">Exif</a></span> data)"	4.94016667	45.95616667	open
Benoît Prieur	"5 June 2013 (according to <span lang=""en"" dir=""ltr""><a href=""https://en.wikipedia.org/wiki/Exif"" class=""extiw"" title=""en:Exif"">Exif</a></span> data)"	4.94016667	45.95633333	open
Benoît Prieur	"5 June 2013 (according to <span lang=""en"" dir=""ltr""><a href=""https://en.wikipedia.org/wiki/Exif"" class=""extiw"" title=""en:Exif"">Exif</a></span> data)"	4.94033333	45.95633333	open
Benoît Prieur	"6 June 2013 (according to <span lang=""en"" dir=""ltr""><a href=""https://en.wikipedia.org/wiki/Exif"" class=""extiw"" title=""en:Exif"">Exif</a></span> data)"	4.9525	45.82416667	open
Benoît Prieur	"12 June 2013 (according to <span lang=""en"" dir=""ltr""><a href=""https://en.wikipedia.org/wiki/Exif"" class=""extiw"" title=""en:Exif"">Exif</a></span> data)"	4.97683333	45.827	open
Benoît Prieur	"13 June 2013 (according to <span lang=""en"" dir=""ltr""><a href=""https://en.wikipedia.org/wiki/Exif"" class=""extiw"" title=""en:Exif"">Exif</a></span> data)"	4.87566667	45.78033333	open
Benoît Prieur	"13 June 2013 (according to <span lang=""en"" dir=""ltr""><a href=""https://en.wikipedia.org/wiki/Exif"" class=""extiw"" title=""en:Exif"">Exif</a></span> data)"	4.978	45.8325	open
Benoît Prieur	"15 June 2013 (according to <span lang=""en"" dir=""ltr""><a href=""https://en.wikipedia.org/wiki/Exif"" class=""extiw"" title=""en:Exif"">Exif</a></span> data)"	5.76483333	46.91233333	open
Benoît Prieur	2013-06-14 19:50:39	4.60389167	46.02860333	open
Benoît Prieur	2013-06-14 19:50:28	4.60389167	46.02860333	open
Benoît Prieur	2013-06-14 09:28:57	5.77117833	46.90191333	open
Benoît Prieur	2013-06-14 09:29:53	5.77140167	46.90180667	open
Benoît Prieur	2013-06-14 09:30:12	5.771205	46.90178	open
Benoît Prieur	2013-06-14 09:30:42	5.77105167	46.901685	open
Benoît Prieur	2013-06-14 09:32:54	5.77119	46.90152167	open
Benoît Prieur	2013-06-14 09:34:19	5.771675	46.90193167	open
Benoît Prieur	2013-06-14 09:34:35	5.77174	46.90193167	open
Benoît Prieur	2013-06-14 09:46:58	5.764675	46.91245167	open
Benoît Prieur	2013-06-14 10:16:20	5.80944	46.86777333	open
Benoît Prieur	2013-06-14 10:33:25	5.80679667	46.87624833	open
Benoît Prieur	2013-06-14 10:33:42	5.80684667	46.87623833	open
Benoît Prieur	2013-06-14 10:34:40	5.80662667	46.87603	open
Benoît Prieur	2013-06-14 10:35:22	5.80642667	46.87576167	open
Benoît Prieur	2013-06-14 10:38:46	5.80536167	46.87442667	open
Benoît Prieur	2013-06-14 10:50:19	5.80509333	46.871885	open
Benoît Prieur	2013-06-14 10:50:38	5.80518	46.871935	open
Benoît Prieur	2013-06-14 10:53:14	5.80457833	46.871935	open
Benoît Prieur	2013-06-14 10:53:28	5.80447	46.87196	open
Benoît Prieur	2013-06-14 11:13:30	5.80685167	46.878495	open
Benoît Prieur	2013-06-14 11:14:13	5.80669333	46.87863833	open
Benoît Prieur	2013-06-14 11:14:23	5.806695	46.87864333	open
Benoît Prieur	2013-06-14 11:15:03	5.80644	46.87879167	open
Benoît Prieur	2013-06-14 11:16:12	5.80636167	46.879005	open
Benoît Prieur	2013-06-14 11:16:38	5.80632167	46.87899167	open
Benoît Prieur	2013-06-14 11:17:40	5.80628333	46.878925	open
Benoît Prieur	2013-06-14 11:18:22	5.80633833	46.87892667	open
Benoît Prieur	2013-06-14 11:21:01	5.80639667	46.87889	open
Benoît Prieur	2013-06-14 11:23:20	5.806945	46.87837667	open
Benoît Prieur	2013-06-14 11:39:17	5.75408833	46.87958	open
Benoît Prieur	2013-06-14 11:45:07	5.75398167	46.87956167	open
Benoît Prieur	2013-06-14 11:45:20	5.75398167	46.87953167	open
Benoît Prieur	2013-06-14 11:56:00	5.75494333	46.87845333	open
Benoît Prieur	2013-06-14 12:08:31	5.74859	46.870625	open
Benoît Prieur	2013-06-14 12:08:53	5.74852833	46.87071667	open
Benoît Prieur	2013-06-14 12:09:28	5.74870333	46.87063667	open
Benoît Prieur	2013-06-14 12:12:29	5.74859833	46.87081333	open
Benoît Prieur	2013-06-14 12:13:45	5.74884167	46.87078333	open
Benoît Prieur	2013-06-14 15:16:17	5.76996333	46.909015	open
Benoît Prieur	2013-06-14 15:18:04	5.77018667	46.909595	open
Benoît Prieur	2013-06-14 15:26:47	5.77022833	46.90549333	open
Benoît Prieur	2013-06-14 15:33:38	5.77301833	46.902305	open
Benoît Prieur	2013-06-14 15:34:13	5.77302	46.90241167	open
Benoît Prieur	2013-06-14 15:36:53	5.77387167	46.90230333	open
Benoît Prieur	2013-06-14 15:39:25	5.77394	46.90218167	open
Benoît Prieur	2013-06-14 15:39:52	5.77375333	46.90203	open
Benoît Prieur	2013-06-14 15:40:10	5.77376667	46.90210167	open
Benoît Prieur	2013-06-14 15:42:19	5.77487833	46.90193167	open
Benoît Prieur	2013-06-14 15:42:45	5.77494167	46.901795	open
Benoît Prieur	2013-06-14 15:45:02	5.77455333	46.90191	open
Benoît Prieur	2013-06-14 15:47:04	5.773355	46.90225833	open
Benoît Prieur	2013-06-14 15:48:37	5.772595	46.90197	open
Benoît Prieur	2013-06-14 15:49:03	5.77251333	46.90184167	open
Benoît Prieur	2013-06-14 15:49:17	5.77247	46.90178	open
Benoît Prieur	2013-06-14 15:49:52	5.77218167	46.90176167	open
Benoît Prieur	2013-06-14 15:50:08	5.77208833	46.90175667	open
Benoît Prieur	2013-06-14 15:50:15	5.77208833	46.90175667	open
Benoît Prieur	2013-06-14 15:51:38	5.77183167	46.9021	open
Benoît Prieur	2013-06-14 15:52:32	5.77168833	46.90215167	open
Benoît Prieur	2013-06-14 15:53:31	5.77173667	46.90226667	open
Benoît Prieur	2013-06-14 15:54:34	5.77207833	46.90223167	open
Benoît Prieur	2013-06-14 15:56:28	5.77112333	46.90209667	open
Benoît Prieur	2013-06-14 15:57:31	5.771135	46.902415	open
Benoît Prieur	2013-06-14 15:57:53	5.77114833	46.90244667	open
Benoît Prieur	2013-06-14 15:58:19	5.77122333	46.90246167	open
Benoît Prieur	2013-06-14 15:58:57	5.77158667	46.90245667	open
Benoît Prieur	2013-06-14 15:59:10	5.771575	46.90245667	open
Benoît Prieur	2013-06-14 15:59:44	5.77184167	46.90257333	open
Benoît Prieur	2013-06-14 16:00:53	5.772045	46.90244333	open
Benoît Prieur	2013-06-14 16:05:13	5.77142667	46.90318667	open
Benoît Prieur	2013-06-14 16:07:20	5.77100333	46.90381333	open
Benoît Prieur	2013-06-14 16:07:48	5.77097333	46.90389833	open
Benoît Prieur	2013-06-14 16:08:11	5.77104333	46.90396667	open
Benoît Prieur	2013-06-14 16:08:38	5.77113	46.90387167	open
Benoît Prieur	2013-06-14 16:08:50	5.7711	46.90385333	open
Benoît Prieur	2013-06-14 16:10:12	5.77082167	46.90409167	open
Benoît Prieur	2013-06-14 16:10:26	5.77077167	46.90411667	open
Benoît Prieur	2013-06-14 16:10:48	5.770785	46.90408667	open
Benoît Prieur	2013-06-14 16:10:57	5.770785	46.90408667	open
Benoît Prieur	2013-06-14 16:12:03	5.77095	46.90415833	open
Benoît Prieur	2013-06-14 16:47:50	5.76969333	46.90616333	open
Benoît Prieur	2013-06-14 16:48:27	5.76951333	46.90649167	open
Benoît Prieur	2013-06-14 16:49:05	5.76963333	46.90669667	open
Benoît Prieur	2013-06-14 16:49:29	5.769575	46.90668833	open
Benoît Prieur	2013-06-14 16:49:52	5.76956833	46.90656167	open
Benoît Prieur	2013-06-14 16:50:08	5.76960167	46.90653167	open
Benoît Prieur	2013-06-14 16:50:20	5.76965	46.90653	open
Benoît Prieur	2013-06-14 16:52:42	5.77023667	46.90571833	open
Benoît Prieur	2013-06-14 17:02:30	5.77132	46.90442167	open
Benoît Prieur	2013-06-14 17:05:42	5.77225	46.90248167	open
Benoît Prieur	"15 June 2013 (according to <span lang=""en"" dir=""ltr""><a href=""https://en.wikipedia.org/wiki/Exif"" class=""extiw"" title=""en:Exif"">Exif</a></span> data)"	5.754	46.87966667	open
Benoît Prieur	"15 June 2013 (according to <span lang=""en"" dir=""ltr""><a href=""https://en.wikipedia.org/wiki/Exif"" class=""extiw"" title=""en:Exif"">Exif</a></span> data)"	5.76983333	46.90583333	open
Benoît Prieur	"22 June 2013 (according to <span lang=""en"" dir=""ltr""><a href=""https://en.wikipedia.org/wiki/Exif"" class=""extiw"" title=""en:Exif"">Exif</a></span> data)"	4.84083333	45.77916667	open
Benoît Prieur	"23 June 2013 (according to <span lang=""en"" dir=""ltr""><a href=""https://en.wikipedia.org/wiki/Exif"" class=""extiw"" title=""en:Exif"">Exif</a></span> data)"	4.92033333	45.80816667	open
Benoît Prieur	"23 June 2013 (according to <span lang=""en"" dir=""ltr""><a href=""https://en.wikipedia.org/wiki/Exif"" class=""extiw"" title=""en:Exif"">Exif</a></span> data)"	4.9205	45.80816667	open
Benoît Prieur	"23 June 2013 (according to <span lang=""en"" dir=""ltr""><a href=""https://en.wikipedia.org/wiki/Exif"" class=""extiw"" title=""en:Exif"">Exif</a></span> data)"	4.9205	45.80816667	open
Benoît Prieur	2013-06-14 19:51:20	4.590755	46.02168333	open
Benoît Prieur	2013-06-27 14:23:40	5.08179667	45.86805	open
Benoît Prieur	2013-06-27 14:24:36	5.08106333	45.866615	open
Benoît Prieur	2013-06-27 14:24:08	5.08183833	45.867995	open
Benoît Prieur	2013-06-27 14:50:50	5.17241167	45.99636	open
Benoît Prieur	2013-06-27 14:51:16	5.17222667	45.99644	open
Benoît Prieur	2013-06-27 14:52:49	5.17144833	45.99679167	open
Benoît Prieur	2013-06-27 14:55:50	5.171205	45.996195	open
Benoît Prieur	2013-06-27 14:56:21	5.1714	45.996165	open
Benoît Prieur	2013-06-27 14:57:09	5.171575	45.99610667	open
Benoît Prieur	2013-06-27 14:57:33	5.171605	45.99611167	open
Benoît Prieur	2013-06-27 15:35:46	5.171295	45.99623333	open
Benoît Prieur	"30 June 2013 (according to <span lang=""en"" dir=""ltr""><a href=""https://en.wikipedia.org/wiki/Exif"" class=""extiw"" title=""en:Exif"">Exif</a></span> data)"	4.953	45.82733333	open
Benoît Prieur	"30 June 2013 (according to <span lang=""en"" dir=""ltr""><a href=""https://en.wikipedia.org/wiki/Exif"" class=""extiw"" title=""en:Exif"">Exif</a></span> data)"	4.95633333	45.82716667	open
Benoît Prieur	"30 June 2013 (according to <span lang=""en"" dir=""ltr""><a href=""https://en.wikipedia.org/wiki/Exif"" class=""extiw"" title=""en:Exif"">Exif</a></span> data)"	4.9565	45.82716667	open
Benoît Prieur	"30 June 2013 (according to <span lang=""en"" dir=""ltr""><a href=""https://en.wikipedia.org/wiki/Exif"" class=""extiw"" title=""en:Exif"">Exif</a></span> data)"	4.95333333	45.82683333	open
Benoît Prieur	"30 June 2013 (according to <span lang=""en"" dir=""ltr""><a href=""https://en.wikipedia.org/wiki/Exif"" class=""extiw"" title=""en:Exif"">Exif</a></span> data)"	4.95316667	45.82683333	open
Benoît Prieur	"30 June 2013 (according to <span lang=""en"" dir=""ltr""><a href=""https://en.wikipedia.org/wiki/Exif"" class=""extiw"" title=""en:Exif"">Exif</a></span> data)"	4.953	45.82716667	open
Benoît Prieur	"30 June 2013 (according to <span lang=""en"" dir=""ltr""><a href=""https://en.wikipedia.org/wiki/Exif"" class=""extiw"" title=""en:Exif"">Exif</a></span> data)"	4.953	45.82733333	open
Benoît Prieur	"30 June 2013 (according to <span lang=""en"" dir=""ltr""><a href=""https://en.wikipedia.org/wiki/Exif"" class=""extiw"" title=""en:Exif"">Exif</a></span> data)"	4.95283333	45.82716667	open
Benoît Prieur	"30 June 2013 (according to <span lang=""en"" dir=""ltr""><a href=""https://en.wikipedia.org/wiki/Exif"" class=""extiw"" title=""en:Exif"">Exif</a></span> data)"	4.953	45.82733333	open
Benoît Prieur	"30 June 2013 (according to <span lang=""en"" dir=""ltr""><a href=""https://en.wikipedia.org/wiki/Exif"" class=""extiw"" title=""en:Exif"">Exif</a></span> data)"	4.95283333	45.82733333	open
Benoît Prieur	"30 June 2013 (according to <span lang=""en"" dir=""ltr""><a href=""https://en.wikipedia.org/wiki/Exif"" class=""extiw"" title=""en:Exif"">Exif</a></span> data)"	4.95283333	45.827	open
Benoît Prieur	"30 June 2013 (according to <span lang=""en"" dir=""ltr""><a href=""https://en.wikipedia.org/wiki/Exif"" class=""extiw"" title=""en:Exif"">Exif</a></span> data)"	4.95333333	45.82683333	open
Benoît Prieur	"30 June 2013 (according to <span lang=""en"" dir=""ltr""><a href=""https://en.wikipedia.org/wiki/Exif"" class=""extiw"" title=""en:Exif"">Exif</a></span> data)"	4.95333333	45.82683333	open
Benoît Prieur	2013-06-27 14:49:29	5.17255833	45.996875	open
Benoît Prieur	2013-06-27 14:50:16	5.17206167	45.99650833	open
Benoît Prieur	2013-06-27 14:56:35	5.17148333	45.99616333	open
Benoît Prieur	2013-06-27 14:57:45	5.17165	45.99611667	open
Benoît Prieur	2013-06-27 14:58:04	5.17161833	45.99607167	open
Benoît Prieur	2013-06-27 14:58:19	5.17167667	45.99606833	open
Benoît Prieur	2013-06-27 14:59:58	5.17064167	45.99631	open
Benoît Prieur	2013-06-27 15:03:11	5.17013333	45.99606333	open
Benoît Prieur	2013-06-27 15:04:19	5.170365	45.99618833	open
Benoît Prieur	2013-06-27 15:10:02	5.16982667	45.99605333	open
Benoît Prieur	2013-06-27 15:13:08	5.16991	45.996365	open
Benoît Prieur	2013-06-27 15:13:52	5.16989833	45.99633833	open
Benoît Prieur	2013-06-27 15:20:32	5.17073833	45.99636333	open
Benoît Prieur	2013-06-27 15:38:22	5.17182833	45.99663333	open
Benoît Prieur	2013-07-03 13:26:10	5.1695	45.99633333	open
Benoît Prieur	2013-07-03 13:24:21	5.16966667	45.99633333	open
Benoît Prieur	2013-07-03 13:23:03	5.17	45.99633333	open
Benoît Prieur	2013-07-03 12:42:50	5.094	45.86466667	open
Benoît Prieur	2013-07-03 12:43:11	5.093	45.865	open
Benoît Prieur	2013-07-03 12:43:53	5.09383333	45.86466667	open
Benoît Prieur	2013-07-03 12:45:43	5.09533333	45.8655	open
Benoît Prieur	2013-07-03 12:46:22	5.0955	45.8655	open
Benoît Prieur	2013-07-03 12:46:27	5.09566667	45.8655	open
Benoît Prieur	2013-07-03 12:46:35	5.09566667	45.8655	open
Benoît Prieur	2013-07-03 12:48:36	5.096	45.867	open
Benoît Prieur	2013-07-03 12:48:19	5.096	45.867	open
Benoît Prieur	2013-07-03 12:50:55	5.09866667	45.87133333	open
Benoît Prieur	2013-07-03 12:57:13	5.08933333	45.8845	open
Benoît Prieur	2013-07-03 12:57:38	5.08933333	45.88433333	open
Benoît Prieur	2013-07-03 12:58:08	5.08933333	45.88416667	open
Benoît Prieur	2013-07-03 13:00:55	5.09066667	45.88883333	open
Benoît Prieur	2013-07-03 13:01:28	5.09083333	45.88916667	open
Benoît Prieur	2013-07-03 13:47:56	5.12533333	45.9045	open
Benoît Prieur	2013-07-03 13:49:49	5.12533333	45.90416667	open
Benoît Prieur	2013-07-03 13:50:51	5.125	45.903	open
Benoît Prieur	2013-07-03 13:52:04	5.125	45.9025	open
Benoît Prieur	2013-07-03 13:51:28	5.125	45.90283333	open
Benoît Prieur	2013-07-03 13:56:33	5.12566667	45.906	open
Benoît Prieur	2012-12-12 16:08:01	5.09787167	45.83337333	open
Benoît Prieur	2012-12-12 16:16:27	5.098005	45.83347	open
Benoît Prieur	2012-12-12 16:16:51	5.09808167	45.83347833	open
Benoît Prieur	2012-12-12 16:11:26	5.09785833	45.83352667	open
Benoît Prieur	2012-12-12 16:11:11	5.09785833	45.833465	open
Benoît Prieur	2012-12-12 16:10:53	5.097825	45.833455	open
Benoît Prieur	2012-12-12 16:10:27	5.09782167	45.83347833	open
Benoît Prieur	2012-12-12 16:10:13	5.09780667	45.83346333	open
Benoît Prieur	2012-12-12 16:13:44	5.09785333	45.83346167	open
Benoît Prieur	2012-12-12 16:13:34	5.097855	45.83346333	open
Benoît Prieur	2012-12-12 16:12:57	5.09785333	45.83346333	open
Benoît Prieur	2012-12-12 16:12:34	5.09785	45.83346333	open
Benoît Prieur	2012-12-12 16:13:13	5.097855	45.83346333	open
Benoît Prieur	2012-12-12 16:12:20	5.097855	45.83346167	open
Benoît Prieur	2012-12-12 16:16:40	5.09801667	45.83349667	open
Benoît Prieur	2012-12-29 15:10:28	5.0405	45.84883333	open
Benoît Prieur	2012-12-29 15:10:36	5.0405	45.84883333	open
Benoît Prieur	2012-12-29 15:27:48	5.044	45.8515	open
Benoît Prieur	2012-12-29 15:29:29	5.04433333	45.8515	open
Benoît Prieur	2012-12-29 15:37:49	5.0475	45.85116667	open
Benoît Prieur	2012-12-29 15:37:30	5.04716667	45.85133333	open
Benoît Prieur	2012-10-21 15:29:09	5.04997	45.852365	open
Benoît Prieur	2013-07-03 13:23:28	5.16983333	45.99616667	open
Benoît Prieur	2013-07-03 13:24:49	5.16966667	45.99616667	open
Benoît Prieur	2013-07-03 13:22:38	5.17	45.99633333	open
Benoît Prieur	2013-06-27 15:01:33	5.16953167	45.99623333	open
Benoît Prieur	2013-07-03 13:30:37	5.16966667	45.99633333	open
Benoît Prieur	2013-07-08 11:47:13	4.83266667	45.768	open
Benoît Prieur	2013-07-08 10:00:25	4.82666667	45.7685	open
Benoît Prieur	2013-07-03 13:18:58	5.17083333	45.997	open
Benoît Prieur	2013-06-27 09:35:01	4.96566667	45.82933333	open
Benoît Prieur	2013-06-28 14:10:22	5.03033333	45.84366667	open
Benoît Prieur	2013-06-22 18:41:40	4.842	45.77883333	open
Benoît Prieur	2013-06-14 08:28:43	4.87683333	45.78216667	open
Benoît Prieur	2013-06-27 09:08:08	4.9765	45.83066667	open
Benoît Prieur	2013-06-27 15:08:57	5.17028	45.996055	open
Benoît Prieur	2013-06-27 15:01:12	5.16956167	45.99628833	open
Benoît Prieur	2013-06-27 15:12:17	5.16951	45.99664167	open
Benoît Prieur	2013-06-27 15:12:01	5.16956	45.99664167	open
Benoît Prieur	2013-06-27 15:11:38	5.16971167	45.99633167	open
Benoît Prieur	2013-06-22 18:36:49	4.83983333	45.77916667	open
Benoît Prieur	2013-06-22 18:36:51	4.83983333	45.77916667	open
Benoît Prieur	"12 July 2013 (according to <span lang=""en"" dir=""ltr""><a href=""https://en.wikipedia.org/wiki/Exif"" class=""extiw"" title=""en:Exif"">Exif</a></span> data)"	4.98316667	45.827	open
Benoît Prieur	"10 July 2013 (according to <span lang=""en"" dir=""ltr""><a href=""https://en.wikipedia.org/wiki/Exif"" class=""extiw"" title=""en:Exif"">Exif</a></span> data)"	4.95833333	45.931	open
Benoît Prieur	"13 July 2013 (according to <span lang=""en"" dir=""ltr""><a href=""https://en.wikipedia.org/wiki/Exif"" class=""extiw"" title=""en:Exif"">Exif</a></span> data)"	4.97716667	45.8275	open
Benoît Prieur	"10 July 2013 (according to <span lang=""en"" dir=""ltr""><a href=""https://en.wikipedia.org/wiki/Exif"" class=""extiw"" title=""en:Exif"">Exif</a></span> data)"	4.95733333	46.1185	open
Benoît Prieur	2013-07-13 15:31:09	4.82516667	45.77383333	open
Benoît Prieur	2013-07-13 15:31:39	4.825	45.77383333	open
Benoît Prieur	2013-07-13 15:30:57	4.825	45.77383333	open
Benoît Prieur	2013-07-13 15:59:50	4.82133333	45.77283333	open
Benoît Prieur	"14 July 2013 (according to <span lang=""en"" dir=""ltr""><a href=""https://en.wikipedia.org/wiki/Exif"" class=""extiw"" title=""en:Exif"">Exif</a></span> data)"	4.98316667	45.82666667	open
Benoît Prieur	"14 July 2013 (according to <span lang=""en"" dir=""ltr""><a href=""https://en.wikipedia.org/wiki/Exif"" class=""extiw"" title=""en:Exif"">Exif</a></span> data)"	4.98316667	45.82683333	open
Benoît Prieur	"14 July 2013 (according to <span lang=""en"" dir=""ltr""><a href=""https://en.wikipedia.org/wiki/Exif"" class=""extiw"" title=""en:Exif"">Exif</a></span> data)"	4.98316667	45.827	open
Benoît Prieur	2013-07-16 12:05:09	4.96566667	45.828	open
Benoît Prieur	2013-07-18 13:59:02	24.50583333	35.3685	open
Benoît Prieur	2013-07-16 17:51:27	24.47695	35.370235	open
Benoît Prieur	2013-07-16 16:45:49	24.47080667	35.37207167	open
Benoît Prieur	2013-07-16 16:43:39	24.47120667	35.37152333	open
Benoît Prieur	2013-07-18 15:18:08	24.47493833	35.367065	open
Benoît Prieur	2013-07-20 14:14:27	24.629155	35.30983667	open
Benoît Prieur	2013-07-20 13:46:43	24.62969167	35.31008667	open
Benoît Prieur	2013-07-16 16:46:04	24.47082333	35.37208	open
Benoît Prieur	2013-07-19 12:06:27	25.16329333	35.29829667	open
Benoît Prieur	2013-07-18 10:57:28	24.783185	35.40848667	open
Benoît Prieur	2013-07-20 13:09:47	24.628245	35.30982333	open
Benoît Prieur	2013-07-16 16:18:44	24.47672167	35.36986833	open
Benoît Prieur	2013-07-18 15:17:15	24.47453	35.36712667	open
Benoît Prieur	2013-07-16 17:43:18	24.47426167	35.370735	open
Benoît Prieur	2013-07-21 17:13:58	24.47594833	35.36761333	open
Benoît Prieur	2013-07-21 17:12:18	24.47723333	35.36810833	open
Benoît Prieur	2013-07-21 17:15:10	24.47602667	35.36741833	open
Benoît Prieur	2013-07-21 17:14:25	24.47597333	35.36752333	open
Benoît Prieur	2013-07-21 17:14:07	24.47598333	35.36759667	open
Benoît Prieur	2013-07-21 17:16:21	24.47649167	35.36731	open
Benoît Prieur	2013-07-24 14:02:24	24.47457833	35.36992833	open
Benoît Prieur	2013-07-16 17:04:37	24.47095667	35.37152	open
Benoît Prieur	2013-07-25 11:06:41	24.45764667	35.157285	open
Benoît Prieur	2013-07-25 12:20:09	24.47119167	35.15256	open
Benoît Prieur	2013-07-25 12:04:05	24.46386833	35.15626333	open
Benoît Prieur	2013-07-25 12:04:54	24.46413333	35.156365	open
Benoît Prieur	2013-07-25 12:05:27	24.464215	35.156495	open
Benoît Prieur	2013-07-25 13:19:17	24.459235	35.30395667	open
Benoît Prieur	2013-07-25 12:05:42	24.46428667	35.15647833	open
Benoît Prieur	2013-07-25 13:19:47	24.45922333	35.30400667	open
Benoît Prieur	2013-07-25 11:46:30	24.45616	35.15743	open
Benoît Prieur	2013-07-25 11:59:25	24.45768	35.15699333	open
Benoît Prieur	2013-07-28 13:49:53	24.01770667	35.51721333	open
Benoît Prieur	2013-07-28 11:41:53	24.01765833	35.51518833	open
Benoît Prieur	2013-07-16 14:42:04	24.50429333	35.368335	open
Benoît Prieur	2013-07-16 15:17:15	24.48344833	35.36668167	open
Benoît Prieur	2013-07-16 16:02:52	24.47881667	35.36649167	open
Benoît Prieur	2013-07-16 16:06:04	24.478425	35.36661667	open
Benoît Prieur	2013-07-16 16:08:44	24.47747833	35.367485	open
Benoît Prieur	2013-07-16 16:28:01	24.47531167	35.37100167	open
Benoît Prieur	2013-07-16 16:16:57	24.477135	35.36965	open
Benoît Prieur	2013-07-16 16:38:22	24.472265	35.37169667	open
Benoît Prieur	2013-07-16 16:31:45	24.474395	35.371575	open
Benoît Prieur	2013-07-16 16:46:31	24.47079833	35.37230167	open
Benoît Prieur	2013-07-16 16:47:28	24.47062667	35.37251667	open
Benoît Prieur	2013-07-16 16:48:31	24.47026833	35.372595	open
Benoît Prieur	2013-07-16 16:47:54	24.47049	35.37253167	open
Benoît Prieur	2013-07-16 16:52:48	24.47115333	35.37245333	open
Benoît Prieur	2013-07-16 16:51:24	24.47103167	35.37249833	open
Benoît Prieur	2013-07-16 16:55:04	24.47067833	35.37282667	open
Benoît Prieur	2013-07-16 16:55:55	24.47038167	35.37303667	open
Benoît Prieur	2013-07-16 16:56:09	24.47038333	35.37303833	open
Benoît Prieur	2013-07-16 16:56:26	24.47035333	35.37304833	open
Benoît Prieur	2013-07-16 17:45:21	24.47432667	35.37092167	open
Benoît Prieur	2013-07-16 16:58:07	24.47032833	35.37306	open
Benoît Prieur	2013-07-16 17:48:29	24.47362167	35.37008	open
Benoît Prieur	"15 July 2013 (according to <span lang=""en"" dir=""ltr""><a href=""https://en.wikipedia.org/wiki/Exif"" class=""extiw"" title=""en:Exif"">Exif</a></span> data)"	4.8795	45.77833333	open
Benoît Prieur	"15 July 2013 (according to <span lang=""en"" dir=""ltr""><a href=""https://en.wikipedia.org/wiki/Exif"" class=""extiw"" title=""en:Exif"">Exif</a></span> data)"	4.87966667	45.77833333	open
Benoît Prieur	2013-07-30 17:28:00	25.17416667	35.33866667	open
Benoît Prieur	2013-07-19 17:20:52	24.50666667	35.36616667	open
Benoît Prieur	2013-07-18 15:04:25	24.47459667	35.37089	open
Benoît Prieur	2013-07-18 10:55:53	24.783035	35.408595	open
Benoît Prieur	2013-07-19 17:28:57	24.50883333	35.366	open
Benoît Prieur	2013-07-19 17:29:51	24.50816667	35.366	open
Benoît Prieur	2013-07-19 17:27:01	24.50866667	35.366	open
Benoît Prieur	2013-07-28 16:25:39	24.47081833	35.37207667	open
Benoît Prieur	2013-07-28 16:27:16	24.470875	35.37266333	open
Benoît Prieur	2013-07-28 16:27:51	24.47088167	35.37266333	open
Benoît Prieur	2013-07-28 16:28:43	24.47092333	35.37254	open
Benoît Prieur	2013-07-26 14:09:56	24.53628833	35.218015	open
Benoît Prieur	2013-07-20 13:52:34	24.62861833	35.31017167	open
Benoît Prieur	2013-07-27 19:22:21	24.48499333	35.37337333	open
Benoît Prieur	2013-07-28 13:49:53	24.01770667	35.51721333	open
Benoît Prieur	2013-07-28 13:50:43	24.01760833	35.51746167	open
Benoît Prieur	"1 August 2013 (according to <span lang=""en"" dir=""ltr""><a href=""https://en.wikipedia.org/wiki/Exif"" class=""extiw"" title=""en:Exif"">Exif</a></span> data)"	4.951	45.824	open
Benoît Prieur	"29 July 2013 (according to <span lang=""en"" dir=""ltr""><a href=""https://en.wikipedia.org/wiki/Exif"" class=""extiw"" title=""en:Exif"">Exif</a></span> data)"	24.469	35.3695	open
Benoît Prieur	"29 July 2013 (according to <span lang=""en"" dir=""ltr""><a href=""https://en.wikipedia.org/wiki/Exif"" class=""extiw"" title=""en:Exif"">Exif</a></span> data)"	24.46883333	35.36916667	open
Benoît Prieur	"29 July 2013 (according to <span lang=""en"" dir=""ltr""><a href=""https://en.wikipedia.org/wiki/Exif"" class=""extiw"" title=""en:Exif"">Exif</a></span> data)"	24.0165	35.51683333	open
Benoît Prieur	2013-07-21 17:21:52	24.47820333	35.36666667	open
Benoît Prieur	2013-07-21 17:24:30	24.47505833	35.36660667	open
Benoît Prieur	2013-07-21 17:28:20	24.47455667	35.36683	open
Benoît Prieur	2013-07-21 17:37:11	24.47651	35.36788667	open
Benoît Prieur	2013-07-21 17:31:23	24.47444333	35.36745333	open
Benoît Prieur	2013-07-21 18:00:23	24.50679	35.36863667	open
Benoît Prieur	2013-07-22 13:09:03	24.47411667	35.36905333	open
Benoît Prieur	2013-07-22 13:07:47	24.47411167	35.36918167	open
Benoît Prieur	2013-07-22 13:07:58	24.47412167	35.36923667	open
Benoît Prieur	2013-07-22 13:09:15	24.47407833	35.36906	open
Benoît Prieur	2013-07-22 13:09:45	24.47411833	35.369025	open
Benoît Prieur	2013-07-22 13:19:13	24.47459333	35.36889667	open
Benoît Prieur	2013-07-22 14:29:34	24.47359833	35.36668333	open
Benoît Prieur	2013-07-22 14:29:11	24.473545	35.36670167	open
Benoît Prieur	2013-07-22 14:29:24	24.47359833	35.36668333	open
Benoît Prieur	2013-07-22 14:32:16	24.47345667	35.36658	open
Benoît Prieur	2013-07-22 14:32:32	24.473455	35.366605	open
Benoît Prieur	2013-07-22 14:31:11	24.47341333	35.36658833	open
Benoît Prieur	2013-07-22 14:44:28	24.47354167	35.365985	open
Benoît Prieur	2013-07-22 14:34:28	24.47306167	35.365895	open
Benoît Prieur	2013-07-22 14:45:31	24.47365833	35.36601167	open
Benoît Prieur	2013-07-22 14:45:45	24.47379	35.36606333	open
Benoît Prieur	2013-07-22 14:45:55	24.47379	35.36606333	open
Benoît Prieur	2013-07-22 14:46:06	24.47384833	35.366075	open
Benoît Prieur	2013-07-23 11:27:51	25.28256167	35.33257667	open
Benoît Prieur	2013-07-23 11:36:50	25.28272333	35.332945	open
Benoît Prieur	2013-07-23 11:38:06	25.28276667	35.33297833	open
Benoît Prieur	2013-07-24 11:51:24	24.47273	35.36709667	open
Benoît Prieur	2013-07-24 12:00:14	24.474495	35.36902667	open
Benoît Prieur	2013-07-24 11:58:05	24.47459667	35.369055	open
Benoît Prieur	2013-07-24 13:45:56	24.47389833	35.36862333	open
Benoît Prieur	2013-07-24 13:51:34	24.47369	35.36936	open
Benoît Prieur	2013-07-24 14:14:09	24.472815	35.37127667	open
Benoît Prieur	2013-07-24 14:47:52	24.47467333	35.36705	open
Benoît Prieur	2013-07-24 14:50:17	24.47470833	35.366685	open
Benoît Prieur	2013-08-04 15:55:21	5.22383333	45.8705	open
Benoît Prieur	2013-08-04 15:55:04	5.22366667	45.87066667	open
Benoît Prieur	2013-08-04 15:55:34	5.22383333	45.8705	open
Benoît Prieur	2013-08-04 15:56:28	5.22383333	45.87033333	open
Benoît Prieur	2013-08-04 15:56:44	5.22383333	45.87033333	open
Benoît Prieur	2013-08-04 15:57:21	5.22433333	45.8705	open
Benoît Prieur	2013-08-04 15:57:39	5.22433333	45.8705	open
Benoît Prieur	2013-08-04 15:58:43	5.224	45.8705	open
Benoît Prieur	2013-08-04 16:00:38	5.224	45.8705	open
Benoît Prieur	2013-08-04 16:01:57	5.22333333	45.8705	open
Benoît Prieur	2013-08-04 16:02:55	5.22333333	45.87083333	open
Benoît Prieur	2013-08-04 15:10:54	5.15733333	45.84766667	open
Benoît Prieur	2013-08-04 15:11:20	5.15716667	45.84766667	open
Benoît Prieur	2013-08-04 15:11:37	5.15716667	45.84766667	open
Benoît Prieur	2013-08-04 15:12:13	5.157	45.84733333	open
Benoît Prieur	2013-08-04 15:12:56	5.157	45.8475	open
Benoît Prieur	2013-08-04 15:11:54	5.157	45.84733333	open
Benoît Prieur	2013-08-04 15:16:39	5.15733333	45.84733333	open
Benoît Prieur	2013-08-04 14:38:43	5.129	45.85233333	open
Benoît Prieur	2013-08-04 14:47:40	5.12816667	45.86683333	open
Benoît Prieur	2013-08-04 14:47:45	5.12816667	45.86683333	open
Benoît Prieur	2013-08-04 14:48:37	5.128	45.86716667	open
Benoît Prieur	2013-08-04 14:53:32	5.1285	45.86666667	open
Benoît Prieur	2013-08-04 15:31:57	5.21833333	45.84	open
Benoît Prieur	2013-08-04 15:31:29	5.21833333	45.84	open
Benoît Prieur	2013-08-04 15:31:39	5.21833333	45.84	open
Benoît Prieur	2013-08-04 15:33:12	5.218	45.84016667	open
Benoît Prieur	2013-08-04 15:32:49	5.218	45.84016667	open
Benoît Prieur	2013-08-04 15:32:55	5.218	45.84016667	open
Benoît Prieur	2013-08-04 15:34:21	5.21783333	45.84033333	open
Benoît Prieur	2013-08-04 15:34:56	5.218	45.84016667	open
Benoît Prieur	2013-08-04 15:33:23	5.21783333	45.84033333	open
Benoît Prieur	2013-08-04 15:04:30	5.1505	45.84983333	open
Benoît Prieur	2013-08-04 15:25:26	5.21366667	45.84616667	open
Benoît Prieur	2013-08-04 15:38:07	5.221	45.83416667	open
Benoît Prieur	2013-08-04 15:28:02	5.21816667	45.84666667	open
Benoît Prieur	2013-08-04 15:01:26	5.1435	45.853	open
Benoît Prieur	2013-08-04 15:06:19	5.15033333	45.84983333	open
Benoît Prieur	2013-08-04 15:04:07	5.15033333	45.84983333	open
Benoît Prieur	2013-08-04 15:07:00	5.15033333	45.84983333	open
Benoît Prieur	2013-08-04 15:09:43	5.15683333	45.848	open
Benoît Prieur	2013-08-04 15:09:57	5.15683333	45.848	open
Benoît Prieur	2013-08-04 15:18:10	5.16066667	45.8485	open
Benoît Prieur	2013-08-05 13:58:49	4.84421167	46.05336	open
Benoît Prieur	2013-08-05 13:56:05	4.84527667	46.05704667	open
Benoît Prieur	2013-08-05 13:59:40	4.84416667	46.053255	open
Benoît Prieur	2013-08-05 14:00:09	4.84415333	46.05316833	open
Benoît Prieur	2013-08-05 14:01:28	4.84412167	46.05294	open
Benoît Prieur	2013-08-05 14:02:51	4.84413833	46.05314667	open
Benoît Prieur	2013-08-05 14:01:55	4.84393167	46.05295	open
Benoît Prieur	2013-08-05 14:00:22	4.84410333	46.053155	open
Benoît Prieur	2013-08-05 14:03:24	4.84406333	46.05336167	open
Benoît Prieur	2013-08-05 13:57:28	4.84471167	46.05397833	open
Benoît Prieur	2013-08-05 13:59:52	4.84418333	46.05319	open
Benoît Prieur	2013-08-05 13:01:06	4.79655667	45.97256833	open
Benoît Prieur	2013-08-05 13:00:56	4.79652167	45.97253667	open
Benoît Prieur	2013-08-05 13:01:29	4.796475	45.97254333	open
Benoît Prieur	2013-08-05 13:01:44	4.79648	45.972535	open
Benoît Prieur	2013-08-05 13:02:18	4.79647	45.97270333	open
Benoît Prieur	2013-08-05 13:03:06	4.79630667	45.97267	open
Benoît Prieur	2013-08-05 13:03:31	4.79619833	45.97261833	open
Benoît Prieur	2013-08-05 13:05:06	4.79609	45.972495	open
Benoît Prieur	2013-08-05 13:04:46	4.796175	45.97245	open
Benoît Prieur	2013-08-05 13:13:31	4.775965	45.95993833	open
Benoît Prieur	2013-08-05 13:14:26	4.77697667	45.959095	open
Benoît Prieur	2013-08-05 13:14:38	4.77701833	45.95909333	open
Benoît Prieur	2013-08-05 13:16:32	4.77962	45.95615167	open
Benoît Prieur	2013-08-05 13:17:20	4.77935167	45.95632	open
Benoît Prieur	2013-08-05 13:17:33	4.77929	45.95633667	open
Benoît Prieur	2013-08-05 13:19:10	4.77999667	45.95545167	open
Benoît Prieur	2013-08-05 13:19:37	4.77974167	45.955415	open
Benoît Prieur	2013-08-05 13:20:38	4.78053833	45.95537333	open
Benoît Prieur	2013-08-05 13:20:11	4.78038333	45.955305	open
Benoît Prieur	2013-08-05 13:22:16	4.77950333	45.95621	open
Benoît Prieur	2013-08-05 15:08:38	4.83398833	46.02007333	open
Benoît Prieur	2013-08-05 15:10:48	4.805425	46.03038	open
Benoît Prieur	2013-08-05 15:12:15	4.80438333	46.03050333	open
Benoît Prieur	2013-08-05 15:13:22	4.80466333	46.03100333	open
Benoît Prieur	2013-08-05 15:13:45	4.80454167	46.03119833	open
Benoît Prieur	2013-08-05 15:14:12	4.80450333	46.03111833	open
Benoît Prieur	2013-08-05 15:14:25	4.80416167	46.031255	open
Benoît Prieur	2013-08-05 15:14:37	4.80419333	46.03125833	open
Benoît Prieur	2013-08-05 15:14:53	4.80410167	46.03126333	open
Benoît Prieur	2013-08-05 15:15:11	4.804115	46.03123167	open
Benoît Prieur	2013-08-05 15:15:25	4.804115	46.03123167	open
Benoît Prieur	2013-08-05 15:15:59	4.804115	46.03117667	open
Benoît Prieur	2013-08-04 14:39:26	5.12883333	45.8525	open
Benoît Prieur	2013-08-04 14:39:57	5.12883333	45.8525	open
Benoît Prieur	2013-08-04 14:49:24	5.12833333	45.8675	open
Benoît Prieur	2013-08-04 14:49:40	5.1285	45.8675	open
Benoît Prieur	2013-08-04 14:49:52	5.1285	45.8675	open
Benoît Prieur	2013-08-04 14:50:29	5.12816667	45.86766667	open
Benoît Prieur	2013-08-04 14:52:41	5.12816667	45.86683333	open
Benoît Prieur	2013-08-04 14:53:11	5.12833333	45.86666667	open
Benoît Prieur	2013-08-04 15:02:10	5.1435	45.853	open
Benoît Prieur	2013-08-05 14:18:14	4.85989333	46.040175	open
Benoît Prieur	2013-08-05 14:18:50	4.85983333	46.04023667	open
Benoît Prieur	2013-08-05 14:19:07	4.85983167	46.04023333	open
Benoît Prieur	2013-08-05 14:19:53	4.85986833	46.04017667	open
Benoît Prieur	2013-08-05 14:20:44	4.85978167	46.04021333	open
Benoît Prieur	2013-08-05 14:19:21	4.85982833	46.04018167	open
Benoît Prieur	2013-08-05 13:12:10	4.77797	45.96145	open
Benoît Prieur	2013-08-05 13:36:59	4.83552333	46.02032333	open
Benoît Prieur	2013-08-05 13:45:09	4.83760667	46.02131333	open
Benoît Prieur	2013-08-05 13:46:40	4.83649	46.02120833	open
Benoît Prieur	2013-08-05 13:47:25	4.83628833	46.021005	open
Benoît Prieur	2013-08-05 14:57:16	4.83634667	46.02102833	open
Benoît Prieur	2013-08-05 13:42:40	4.83711667	46.021355	open
Benoît Prieur	2013-08-05 13:43:04	4.83715667	46.02127833	open
Benoît Prieur	2013-08-05 14:58:00	4.83660833	46.02129333	open
Benoît Prieur	2013-08-05 14:58:34	4.83689	46.021285	open
Benoît Prieur	2013-08-05 12:47:09	4.81132667	45.97397833	open
Benoît Prieur	2013-08-05 12:47:19	4.81136167	45.973945	open
Benoît Prieur	2013-08-05 12:48:41	4.81076833	45.97406	open
Benoît Prieur	2013-08-05 12:49:04	4.81077833	45.97391833	open
Benoît Prieur	2013-08-05 12:49:48	4.81084333	45.97413167	open
Benoît Prieur	2013-08-05 12:50:12	4.81076333	45.97420167	open
Benoît Prieur	2013-08-05 12:50:23	4.81075833	45.97423167	open
Benoît Prieur	2013-08-05 12:50:45	4.81085	45.97420333	open
Benoît Prieur	2013-08-05 12:51:19	4.810865	45.97417833	open
Benoît Prieur	2013-08-06 19:35:49	5.123475	45.84963333	open
Benoît Prieur	2013-08-06 19:53:19	5.18920667	45.94071	open
Benoît Prieur	2013-08-06 19:53:34	5.18930167	45.94073	open
Benoît Prieur	2013-08-06 19:53:57	5.18926667	45.94079167	open
Benoît Prieur	2013-08-06 19:54:11	5.18923667	45.94079833	open
Benoît Prieur	2013-08-06 19:54:31	5.18930833	45.94073333	open
Benoît Prieur	2013-08-06 19:55:01	5.18933167	45.94081667	open
Benoît Prieur	2013-08-06 19:55:41	5.189535	45.94078333	open
Benoît Prieur	2013-08-06 19:55:56	5.18945167	45.94077	open
Benoît Prieur	2013-08-06 19:56:21	5.18966333	45.94078667	open
Benoît Prieur	2013-08-06 19:57:12	5.18930333	45.94077667	open
Benoît Prieur	2013-08-06 19:57:32	5.18932333	45.94075	open
Benoît Prieur	2013-08-06 19:57:51	5.18932333	45.94075667	open
Benoît Prieur	2013-08-06 19:58:04	5.18932333	45.940765	open
Benoît Prieur	2013-08-06 19:58:37	5.18925667	45.94091833	open
Benoît Prieur	2013-08-06 19:58:54	5.189225	45.940955	open
Benoît Prieur	2013-08-06 19:59:50	5.18930667	45.94104833	open
Benoît Prieur	2013-08-06 19:50:24	5.185945	45.93952	open
Benoît Prieur	2013-08-06 20:05:48	5.180375	45.93841833	open
Benoît Prieur	2013-08-06 20:06:05	5.18073833	45.938325	open
Benoît Prieur	2013-08-06 20:06:27	5.180725	45.93831	open
Benoît Prieur	2013-08-06 20:18:34	5.15212167	45.88372	open
Benoît Prieur	2013-08-06 20:19:25	5.14857333	45.88454833	open
Benoît Prieur	2013-08-06 20:20:16	5.15226833	45.88642	open
Benoît Prieur	2013-08-06 20:22:07	5.15739167	45.88993167	open
Benoît Prieur	2013-08-06 20:23:08	5.15736667	45.89006833	open
Benoît Prieur	2013-08-06 20:23:37	5.15757667	45.890185	open
Benoît Prieur	2013-08-06 20:26:19	5.15862833	45.88896833	open
Benoît Prieur	2013-08-05 15:28:19	4.76268833	46.02008833	open
Benoît Prieur	2013-08-05 15:29:10	4.76198833	46.02015	open
Benoît Prieur	2013-08-05 15:30:44	4.76132167	46.01988	open
Benoît Prieur	2013-08-05 15:31:10	4.76096167	46.019965	open
Benoît Prieur	2013-08-05 15:32:04	4.76116167	46.02009	open
Benoît Prieur	2013-08-05 15:32:44	4.76103333	46.01985333	open
Benoît Prieur	2013-08-05 15:33:35	4.76096667	46.02011833	open
Benoît Prieur	2013-08-05 12:56:40	4.80423833	45.97196833	open
Benoît Prieur	2013-08-05 13:07:32	4.79331	45.97178	open
Benoît Prieur	2013-08-05 13:08:46	4.789905	45.97050167	open
Benoît Prieur	2013-08-05 13:08:58	4.78992667	45.97053	open
Benoît Prieur	2013-08-05 13:09:10	4.78992167	45.97052333	open
Benoît Prieur	2013-08-05 13:10:29	4.78705667	45.96881333	open
Benoît Prieur	2013-07-25 11:43:41	24.45640167	35.15756333	open
Benoît Prieur	2013-07-25 11:44:04	24.45632833	35.15758667	open
Benoît Prieur	2013-07-25 11:44:58	24.45612	35.15747833	open
Benoît Prieur	2013-07-25 11:46:30	24.45616	35.15743	open
Benoît Prieur	2013-07-25 11:46:43	24.45615667	35.15744	open
Benoît Prieur	2013-07-25 11:47:10	24.45625	35.15744	open
Benoît Prieur	2013-07-24 16:06:34	24.47595667	35.36668833	open
Benoît Prieur	2013-07-25 11:02:23	24.45757	35.15709833	open
Benoît Prieur	2013-07-25 11:41:52	24.4568	35.15760833	open
Benoît Prieur	"4 August 2013 (according to <span lang=""en"" dir=""ltr""><a href=""https://en.wikipedia.org/wiki/Exif"" class=""extiw"" title=""en:Exif"">Exif</a></span> data)"	4.91316667	45.80816667	open
Benoît Prieur	2013-07-25 11:42:04	24.45673833	35.157575	open
Benoît Prieur	2013-07-25 11:42:15	24.45671167	35.15756667	open
Benoît Prieur	2013-07-25 11:42:23	24.45668667	35.15757	open
Benoît Prieur	2013-07-25 11:42:38	24.45664333	35.157555	open
Benoît Prieur	"4 August 2013 (according to <span lang=""en"" dir=""ltr""><a href=""https://en.wikipedia.org/wiki/Exif"" class=""extiw"" title=""en:Exif"">Exif</a></span> data)"	4.913	45.8075	open
Benoît Prieur	"4 August 2013 (according to <span lang=""en"" dir=""ltr""><a href=""https://en.wikipedia.org/wiki/Exif"" class=""extiw"" title=""en:Exif"">Exif</a></span> data)"	4.913	45.80733333	open
Benoît Prieur	2013-08-07 20:14:55	5.18083333	45.93816667	open
Benoît Prieur	2013-08-07 18:21:14	4.988295	45.81988667	open
Benoît Prieur	2013-08-07 18:21:43	4.98820667	45.81978667	open
Benoît Prieur	2013-08-07 18:22:24	4.98805667	45.81979667	open
Benoît Prieur	2013-08-07 18:24:35	4.98801167	45.81915833	open
Benoît Prieur	2013-08-07 18:24:55	4.98775	45.81906167	open
Benoît Prieur	2013-08-07 18:25:31	4.987485	45.81901333	open
Benoît Prieur	2013-08-07 18:26:40	4.98720333	45.81930167	open
Benoît Prieur	2013-08-07 18:27:30	4.98734167	45.81971667	open
Benoît Prieur	2013-08-08 09:48:59	4.98755	45.81901167	open
Benoît Prieur	2013-08-08 09:58:51	4.98745833	45.81970667	open
Benoît Prieur	2013-08-08 09:59:14	4.98772667	45.81984167	open
Benoît Prieur	2013-08-08 09:59:23	4.98772667	45.81984167	open
Benoît Prieur	2013-08-08 09:59:33	4.98772667	45.81984167	open
Benoît Prieur	2013-08-08 10:00:11	4.98772667	45.81984167	open
Benoît Prieur	2013-08-08 10:00:20	4.98777	45.81975833	open
Benoît Prieur	2013-08-09 19:37	4.98745833	45.81970667	open
Benoît Prieur	2013-08-09 19:51	4.98772667	45.81984167	open
Benoît Prieur	2013-08-08 10:33:46	4.987825	45.81903667	open
Benoît Prieur	2013-08-08 10:33:56	4.987775	45.81905333	open
Benoît Prieur	2013-08-08 10:05:35	4.98730167	45.81923167	open
Benoît Prieur	2013-08-08 10:31:54	4.987885	45.81901833	open
Benoît Prieur	2013-08-08 10:26:57	4.98743	45.81909333	open
Benoît Prieur	2013-08-08 10:16:19	4.98726333	45.81935667	open
Benoît Prieur	2013-08-08 17:18:51	4.78235833	45.93820333	open
Benoît Prieur	2013-08-08 17:00:57	4.77684333	45.94037167	open
Benoît Prieur	2013-08-08 10:23:59	4.98836833	45.81932667	open
Benoît Prieur	2013-08-08 10:24:32	4.98826	45.81941	open
Benoît Prieur	2013-08-08 10:27:06	4.98743	45.81912	open
Benoît Prieur	2013-08-08 10:17:23	4.98724667	45.819385	open
Benoît Prieur	2013-08-08 10:19:07	4.987215	45.81940167	open
Benoît Prieur	2013-08-08 10:18:47	4.98727667	45.819395	open
Benoît Prieur	2013-08-08 10:17:07	4.98725333	45.81939667	open
Benoît Prieur	2013-08-08 09:49:30	4.98748167	45.81902167	open
Benoît Prieur	2013-08-08 10:21:49	4.98814667	45.81962	open
Benoît Prieur	2013-08-08 10:20:50	4.98748333	45.81975167	open
Benoît Prieur	2013-08-08 10:20:40	4.98748	45.819745	open
Benoît Prieur	2013-08-08 09:51:44	4.987175	45.81934	open
Benoît Prieur	2013-08-08 09:52:18	4.98716167	45.81936	open
Benoît Prieur	2013-08-08 09:51:33	4.98720167	45.81933167	open
Benoît Prieur	2013-08-08 09:54:32	4.98813	45.81987833	open
Benoît Prieur	2013-08-08 10:08:44	4.98794833	45.81914333	open
Benoît Prieur	2013-08-08 10:03:05	4.98805	45.81920167	open
Benoît Prieur	2013-08-08 10:01:32	4.98794167	45.81991	open
Benoît Prieur	2013-08-08 16:17:56	4.75752	45.94680167	open
Benoît Prieur	2013-08-08 16:20:12	4.76193833	45.947145	open
Benoît Prieur	2013-08-08 16:20:28	4.76191833	45.94718833	open
Benoît Prieur	2013-08-08 16:21:26	4.76149167	45.94702833	open
Benoît Prieur	2013-08-08 16:22:08	4.76228833	45.94693167	open
Benoît Prieur	2013-08-08 16:22:21	4.76233833	45.946865	open
Benoît Prieur	2013-08-08 14:41:17	4.77365167	45.94069167	open
Benoît Prieur	2013-08-08 14:41:28	4.77371333	45.94068167	open
Benoît Prieur	2013-08-08 14:41:38	4.77377833	45.94061	open
Benoît Prieur	2013-08-08 12:57:30	4.775	45.94042833	open
Benoît Prieur	2013-08-08 13:00:07	4.77519167	45.94036	open
Benoît Prieur	2013-08-08 13:25:05	4.77502833	45.94035	open
Benoît Prieur	2013-08-08 17:10:27	4.78101167	45.93857667	open
Benoît Prieur	2013-08-08 17:20:03	4.78191667	45.93832833	open
Benoît Prieur	2013-08-08 17:28:46	4.778535	45.94025333	open
Benoît Prieur	2013-08-10 07:00	4.778535	45.94025333	open
Benoît Prieur	2013-08-08 15:36:56	4.779605	45.94082167	open
Benoît Prieur	2013-08-08 17:09:54	4.78075667	45.93864167	open
Benoît Prieur	2013-08-08 17:20:47	4.78159333	45.93839333	open
Benoît Prieur	2013-08-08 16:30:51	4.760665	45.94468	open
Benoît Prieur	2013-08-08 16:32:59	4.76059	45.94474167	open
Benoît Prieur	2013-08-08 16:34:15	4.76043167	45.944715	open
Benoît Prieur	2013-08-08 16:34:42	4.76098	45.94429333	open
Benoît Prieur	2013-08-08 16:35:18	4.76109833	45.944095	open
Benoît Prieur	2013-08-08 16:35:41	4.76124	45.943885	open
Benoît Prieur	2013-08-08 16:38:04	4.76205167	45.94273667	open
Benoît Prieur	2013-08-08 16:39:27	4.762895	45.94211833	open
Benoît Prieur	2013-08-08 16:41:05	4.763875	45.94167	open
Benoît Prieur	2013-08-08 11:44:50	4.83233	45.90929667	open
Benoît Prieur	2013-08-08 11:45:34	4.83290167	45.909355	open
Benoît Prieur	2013-08-08 11:45:54	4.832985	45.90923	open
Benoît Prieur	2013-08-08 11:46:28	4.83286167	45.909275	open
Benoît Prieur	2013-08-08 11:46:47	4.83276	45.90936167	open
Benoît Prieur	2013-08-08 11:50:19	4.82719	45.90633167	open
Benoît Prieur	2013-08-08 11:33:39	4.88220667	45.92122167	open
Benoît Prieur	2013-08-08 11:34:34	4.882605	45.92074	open
Benoît Prieur	2013-08-08 11:35:19	4.88230333	45.92076	open
Benoît Prieur	2013-08-08 11:35:49	4.882185	45.92107167	open
Benoît Prieur	2013-08-08 11:36:45	4.88194	45.92168	open
Benoît Prieur	2013-08-09 11:06:35	4.98824833	45.81977667	open
Benoît Prieur	2013-08-09 11:06:45	4.98827833	45.81975333	open
Benoît Prieur	2013-08-09 11:08:44	4.98807833	45.81994333	open
Benoît Prieur	2013-08-09 11:09:04	4.98806667	45.81993167	open
Benoît Prieur	2013-08-09 11:03:44	4.98819167	45.81978833	open
Benoît Prieur	2013-08-09 11:03:52	4.98820667	45.8198	open
Benoît Prieur	2013-08-09 11:07:49	4.98817833	45.81993667	open
Benoît Prieur	2013-08-10 10:44	4.98820667	45.8198	open
Benoît Prieur	2013-08-09 12:39:25	4.77483333	45.943	open
Benoît Prieur	2013-08-09 15:05:56	4.7815	45.93983333	open
Benoît Prieur	2013-08-09 17:24:11	4.78283333	45.93783333	open
Benoît Prieur	2013-08-09 20:47:01	4.83161833	45.72320333	open
Benoît Prieur	2013-08-09 22:11:57	4.83177167	45.72326	open
Benoît Prieur	2013-08-09 22:12:12	4.83177167	45.72326	open
Benoît Prieur	2013-08-10 10:33:16	4.98804167	45.81919667	open
Benoît Prieur	2013-08-10 10:33:37	4.98802667	45.819245	open
Benoît Prieur	2013-08-10 10:34:59	4.987965	45.81930833	open
Benoît Prieur	2013-08-10 10:35:08	4.987965	45.81930833	open
Benoît Prieur	2013-08-10 10:37:35	4.98809333	45.81926	open
Benoît Prieur	2013-08-10 10:37:35	4.98809333	45.81926	open
Benoît Prieur	2013-08-10 10:37:35	4.98809333	45.81926	open
Benoît Prieur	2013-08-10 18:09:52	4.9876	45.818995	open
Benoît Prieur	2013-08-10 17:50:54	4.988085	45.81983167	open
Benoît Prieur	2013-08-10 18:04:38	4.98809167	45.81986167	open
Benoît Prieur	2013-08-10 18:04:47	4.988095	45.81986333	open
Benoît Prieur	2013-08-10 17:59:09	4.98733833	45.81930667	open
Benoît Prieur	2013-08-10 18:12:26	4.98832833	45.81923167	open
Benoît Prieur	2013-08-10 18:15:13	4.98834833	45.81923833	open
Benoît Prieur	2013-08-11 09:50:46	4.987735	45.81910333	open
Benoît Prieur	2013-08-11 09:53:41	4.98726667	45.819375	open
Benoît Prieur	2013-08-11 09:44:10	4.9885	45.81964333	open
Benoît Prieur	2013-08-11 10:01:14	4.98812	45.81990333	open
Benoît Prieur	2013-08-09 18:00:02	4.78166667	45.93983333	open
Benoît Prieur	2013-08-09 18:02:05	4.78216667	45.93966667	open
Benoît Prieur	2013-08-09 18:03:04	4.78216667	45.93983333	open
Benoît Prieur	2013-08-09 18:07:04	4.78216667	45.93983333	open
Benoît Prieur	2013-08-09 18:08:05	4.78216667	45.93983333	open
Benoît Prieur	2013-08-09 18:10:05	4.782	45.93966667	open
Benoît Prieur	2013-08-09 18:12:05	4.78216667	45.93983333	open
Benoît Prieur	2013-08-09 18:13:06	4.78216667	45.93983333	open
Benoît Prieur	2013-08-09 18:14:05	4.78216667	45.93983333	open
Benoît Prieur	2013-08-09 18:15:05	4.78216667	45.93966667	open
Benoît Prieur	2013-08-09 18:16:02	4.78183333	45.93983333	open
Benoît Prieur	2013-08-09 18:17:02	4.78183333	45.93983333	open
Benoît Prieur	2013-08-09 18:21:12	4.783	45.93966667	open
Benoît Prieur	2013-08-09 18:26:25	4.78583333	45.93916667	open
Benoît Prieur	2013-08-09 18:27:26	4.78583333	45.93916667	open
Benoît Prieur	2013-08-09 18:28:26	4.78583333	45.93916667	open
Benoît Prieur	2013-08-09 18:30:25	4.78583333	45.93916667	open
Benoît Prieur	2013-08-08 12:19:54	4.776475	45.94040667	open
Benoît Prieur	2013-08-08 12:42:43	4.77432167	45.94085167	open
Benoît Prieur	2013-08-08 12:43:23	4.77436667	45.94088333	open
Benoît Prieur	2013-08-08 13:07:35	4.77218	45.94021333	open
Benoît Prieur	2013-08-08 13:08:03	4.77219167	45.940175	open
Benoît Prieur	2013-08-08 12:17:59	4.7766	45.94042167	open
Benoît Prieur	2013-08-08 12:18:23	4.77679833	45.94047167	open
Benoît Prieur	2013-08-08 12:26:23	4.77553833	45.94176667	open
Benoît Prieur	2013-08-08 12:27:19	4.77485167	45.94199333	open
Benoît Prieur	2013-08-08 12:27:33	4.77476	45.94200333	open
Benoît Prieur	2013-08-08 12:30:36	4.77489167	45.94264667	open
Benoît Prieur	2013-08-08 12:30:46	4.77487	45.94297167	open
Benoît Prieur	2013-08-08 12:35:46	4.77321333	45.94235	open
Benoît Prieur	2013-08-08 12:35:55	4.77320833	45.94236333	open
Benoît Prieur	2013-08-08 12:45:12	4.77372333	45.94075667	open
Benoît Prieur	2013-08-08 12:54:54	4.77464667	45.94046333	open
Benoît Prieur	2013-08-08 12:55:12	4.77464667	45.94046333	open
Benoît Prieur	2013-08-08 12:58:32	4.77541833	45.94052667	open
Benoît Prieur	2013-08-08 13:00:49	4.77500833	45.94024167	open
Benoît Prieur	2013-08-08 13:09:23	4.772605	45.94017667	open
Benoît Prieur	2013-08-08 14:44:49	4.77420667	45.94073667	open
Benoît Prieur	2013-08-12 17:11:56	5.688605	45.76068833	open
Benoît Prieur	2013-08-12 17:12:07	5.68860333	45.76068667	open
Benoît Prieur	2013-08-12 17:05:58	5.688075	45.76066	open
Benoît Prieur	2013-08-12 16:47:45	5.68873167	45.76066833	open
Benoît Prieur	2013-08-12 16:48:20	5.68867833	45.76062	open
Benoît Prieur	2013-08-12 16:48:33	5.688675	45.760615	open
Benoît Prieur	2013-08-12 16:49:49	5.688705	45.76062667	open
Benoît Prieur	2013-08-12 16:50:18	5.68865167	45.76050333	open
Benoît Prieur	2013-08-12 16:50:26	5.68864667	45.76051667	open
Benoît Prieur	2013-08-12 16:50:37	5.68863167	45.76051667	open
Benoît Prieur	2013-08-12 16:51:32	5.68860167	45.76052	open
Benoît Prieur	2013-08-12 16:52:04	5.68859833	45.76052667	open
Benoît Prieur	2013-08-12 16:52:12	5.688595	45.76053333	open
Benoît Prieur	2013-08-12 16:52:20	5.6886	45.760535	open
Benoît Prieur	2013-08-12 16:52:47	5.688555	45.76050667	open
Benoît Prieur	2013-08-12 16:53:59	5.688555	45.76050667	open
Benoît Prieur	2013-08-12 16:56:33	5.688515	45.76047667	open
Benoît Prieur	2013-08-12 16:57:36	5.68845167	45.76040167	open
Benoît Prieur	2013-08-12 16:57:51	5.68844667	45.7604	open
Benoît Prieur	2013-08-12 16:58:08	5.68844667	45.76040167	open
Benoît Prieur	2013-08-12 16:59:33	5.68845667	45.76041833	open
Benoît Prieur	2013-08-12 16:59:47	5.688455	45.76042167	open
Benoît Prieur	2013-08-12 17:01:31	5.68851333	45.760465	open
Benoît Prieur	2013-08-12 17:02:12	5.68848667	45.76047333	open
Benoît Prieur	2013-08-12 17:03:00	5.68852667	45.76047667	open
Benoît Prieur	2013-08-12 17:13:15	5.687885	45.760875	open
Benoît Prieur	2013-08-12 16:54:09	5.68855167	45.76051	open
Benoît Prieur	2013-08-12 16:24:45	5.68799167	45.76080833	open
Benoît Prieur	2013-08-12 16:24:52	5.68799167	45.76080833	open
Benoît Prieur	2013-08-12 16:26:05	5.68813667	45.76064167	open
Benoît Prieur	2013-08-12 16:27:40	5.68818	45.76067667	open
Benoît Prieur	2013-08-12 16:39:25	5.68818833	45.76066833	open
Benoît Prieur	2013-08-12 16:29:05	5.68769833	45.76084667	open
Benoît Prieur	2013-08-12 16:32:28	5.68826	45.76076333	open
Benoît Prieur	2013-08-12 16:04:45	5.68836833	45.75774333	open
Benoît Prieur	2013-08-12 16:05:22	5.688305	45.75791333	open
Benoît Prieur	2013-08-12 16:00:11	5.69022833	45.75729833	open
Benoît Prieur	2013-08-12 16:00:21	5.69020833	45.75731167	open
Benoît Prieur	2013-08-12 16:01:07	5.69027167	45.75731167	open
Benoît Prieur	2013-08-12 16:01:19	5.69027167	45.75731167	open
Benoît Prieur	2013-08-12 15:56:43	5.689295	45.75801167	open
Benoît Prieur	2013-08-12 15:56:52	5.68933333	45.75800333	open
Benoît Prieur	2013-08-12 15:57:09	5.68934667	45.75798667	open
Benoît Prieur	2013-08-12 15:55:06	5.68921833	45.758085	open
Benoît Prieur	2013-08-12 12:57:06	5.23024833	45.926965	open
Benoît Prieur	2013-08-12 12:57:41	5.230335	45.92704333	open
Benoît Prieur	2013-08-12 12:59:49	5.23031	45.92748333	open
Benoît Prieur	2013-08-12 13:00:43	5.23033667	45.927255	open
Benoît Prieur	2013-08-12 13:00:55	5.23033667	45.92719	open
Benoît Prieur	2013-08-12 13:02:50	5.23053167	45.92700333	open
Benoît Prieur	2013-08-12 13:04:06	5.23053	45.92697167	open
Benoît Prieur	2013-08-12 13:04:36	5.23050667	45.92701667	open
Benoît Prieur	2013-08-12 13:34:22	5.33695167	45.93903667	open
Benoît Prieur	2013-08-12 13:46:28	5.39459167	45.92092167	open
Benoît Prieur	2013-08-12 13:47:01	5.39504167	45.92153167	open
Benoît Prieur	2013-08-12 13:48:55	5.39404667	45.92054333	open
Benoît Prieur	2013-08-12 14:20:20	5.48988833	45.93364667	open
Benoît Prieur	2013-08-12 14:21:09	5.49132833	45.932655	open
Benoît Prieur	2013-08-12 14:21:25	5.49132833	45.932655	open
Benoît Prieur	2013-08-12 14:22:45	5.49133	45.93267167	open
Benoît Prieur	2013-08-12 14:24:27	5.48995667	45.93405667	open
Benoît Prieur	2013-08-12 14:24:56	5.48994333	45.93403167	open
Benoît Prieur	2013-08-12 14:25:57	5.48994333	45.93403167	open
Benoît Prieur	2013-08-12 14:32:36	5.4947	45.92869667	open
Benoît Prieur	2010-05-30 13:38:00	4.978836	0	open
Kjetil r	2005-11-24	10.72949611	59.95389611	open
Kjetil r	2006-01-10T11:15:45Z	2.35547222	48.85083333	open
Kjetil r	2006-02-02T12:42:42Z	9.9395632	49.79198823	open
Kjetil r	2006-02-02T21:43:22Z	9.35825	52.1045	open
Kjetil r	Ca. 1635	-3.692	40.4138	open
Kjetil r	2006-03-07T23:10:20Z	14.30771389	46.62399722	open
Kjetil r	2006-03-07T23:53:13Z	16.36294444	48.20780556	open
Kjetil r	2006-03-07T23:59:19Z	9.93811548	49.79225965	open
Kjetil r	2005-02-15	17.555	68.54972222	open
Kjetil r	2005-04-15	8.22649	63.06826	open
Kjetil r	2005-04-19	13.34194444	65.09944444	open
Kjetil r	2006-04-28	10.75547611	59.91042694	open
Kjetil r	2006-06-13	10.734941	59.90985194	open
Kjetil r	2003-05	10.734501	59.91260806	open
Kjetil r	2006-06-21	-73.96789	40.750939	open
Kjetil r	2006-06-29	10.71965806	59.94209389	open
Kjetil r	2006-06-29	10.733986	59.94332194	open
Kjetil r	2006-06-29	10.719357	59.94348306	open
Kjetil r	2006-06-29	10.72564389	59.936002	open
Kjetil r	2006-06-29	10.71981806	59.93950889	open
Kjetil r	2006-06-29	10.72377194	59.94156194	open
Kjetil r	2006-08-16	10.84424111	59.88283306	open
Kjetil r	2006-08-16	10.84538306	59.884082	open
Kjetil r	2005-07	10.685663	59.904225	open
Kjetil r	"<p>Photo: 2006-08-16 <br>
</p>
Building: 1956-1962"	10.74906	59.91492389	open
Kjetil r	2006-06-29	10.72397611	59.94163694	open
Kjetil r	2006-06-29	10.71982389	59.93838306	open
Kjetil r	2006-06-29	10.72309111	59.93901194	open
Kjetil r	2006-06-29	10.72243111	59.93997694	open
Kjetil r	2006-06-29	10.72233389	59.939985	open
Kjetil r	2006-06-29	10.72076806	59.94359306	open
Kjetil r	2006-06-29	10.72997306	59.94056306	open
Kjetil r	2006-07-13	14.50851889	46.04907694	open
Kjetil r	2006-06-19	7.451799	51.4927	open
Kjetil r	2006-10-29T20:10:30Z	30.35125	46.2	open
Kjetil r	2006-08-16	10.74831389	59.91513611	open
Kjetil r	2006-08-16	10.848865	59.88329	open
Kjetil r	2006-10-18T00:10:51Z	13.19252778	55.70363889	open
Kjetil r	"20 September 2003 (according to <span lang=""en"" dir=""ltr""><a href=""https://en.wikipedia.org/wiki/Exif"" class=""extiw"" title=""en:Exif"">Exif</a></span> data)"	-83.031728	42.322271	open
Kjetil r	2003-11-08	10.67195	59.96568	open
Kjetil r	2006-04-28	-2.25725	53.47688889	open
Kjetil r	2005-03-22	9.94086111	49.79233333	open
Kjetil r	Taken on 26 November 2006	-122.40663	37.79603	open
Kjetil r	Taken on 25 November 2006	-122.41009	37.800554	open
Kjetil r	2006-11-23	-122.41187306	37.79177	open
Kjetil r	2006-07-06	14.40572	50.09103	open
Kjetil r	10 June 2003 (original upload date)	12.22405985	49.03137218	open
Kjetil r	2007-03-08	-77.00544306	38.89059389	open
Kjetil r	2007-03-04	-71.06351306	42.35753889	open
Kjetil r	Taken on 9 March 2007	-77.022035	38.884235	open
Kjetil r	2007-05-18	10.83999217	59.8663042	open
Kjetil r	"<ul><li>Photo: 2007-05-18</li>
<li>Station built: 1967</li></ul>"	10.84048	59.89268806	open
Kjetil r	2007-05-11	-118.24477694	34.05759306	open
Kjetil r	2007-05-11	-118.24466111	34.05771694	open
Kjetil r	"<ul><li>Photo: 2007-05-11</li>
<li>Building: 1928</li></ul>"	-118.24543389	34.05540389	open
Kjetil r	2007-05-05	-120.695865	35.302675	open
Kjetil r	2007-05-03	-118.401428	34.067796	open
Kjetil r	2007-05-03	-118.49937194	34.00794389	open
Kjetil r	2007-04-28	-87.635783	41.87889194	open
Kjetil r	2007-05-22	10.73269806	59.94696	open
Kjetil r	2007-05-22	10.84985194	59.8893	open
Kjetil r	2007-05-25	10.78802194	59.91356806	open
Kjetil r	2007-05-26	10.72952306	59.95390889	open
Kjetil r	2007-05-26	10.72909889	59.95293889	open
Kjetil r	2007-05-26	10.72854111	59.95288306	open
Kjetil r	2007-05-26	10.72878806	59.95280194	open
Kjetil r	2007-06-02	10.80553694	59.87995	open
Kjetil r	2007-06-02	10.81513889	59.88288111	open
Kjetil r	"<ul><li>Photo: 2007-06-06</li>
<li>Construction: 1963</li></ul>"	10.805655	59.89577194	open
Kjetil r	2007-06-06	10.80560111	59.895785	open
Kjetil r	2007-06-06	10.81263889	59.868647	open
Kjetil r	"<ul><li>Photo: 2007-06-06</li>
<li>Church constructed: 1966</li></ul>"	10.813605	59.87025194	open
Kjetil r	"<ul><li>Photo: 2007-06-06</li>
<li>Church constructed: 1966</li></ul>"	10.81421611	59.87048889	open
Kjetil r	2007-06-06	10.81156111	59.87376806	open
Kjetil r	2007-06-06	10.81505306	59.87086889	open
Kjetil r	2007-06-06	10.81549806	59.871585	open
Kjetil r	2007-06-06	10.81526806	59.87246306	open
Kjetil r	2007-06-17	10.65472222	59.94627778	open
Kjetil r	2007-06-17	10.68333333	59.93727778	open
Kjetil r	"<p>Photo: 2007-06-18 <br>
</p>
Building: 1956-1962"	10.74955306	59.91502111	open
Kjetil r	2007-06-21	10.74962306	59.91499389	open
Kjetil r	2007-06-21	10.75135788	59.91535828	open
Kjetil r	2007-04-28	-87.635783	41.87889194	open
Kjetil r	2003-04-10	14.77833333	68.51222222	open
Kjetil r	2007-07-19	10.752043	59.90991611	open
Kjetil r	2007-07-19	10.80814389	59.87895389	open
Kjetil r	2007-07-19	10.80995694	59.87884889	open
Kjetil r	2007-07-14	10.84019111	59.882445	open
Kjetil r	2007-07-25	19.63823306	69.53331694	open
Kjetil r	2007-10-10	10.62823194	59.89589	open
Kjetil r	2007-11-03	-0.108819	51.554901	open
Kjetil r	2006-09-07	-102.08888769	43.79201586	open
Kjetil r	2005-07-18	25.49638889	69.47138889	open
Kjetil r	2006-02-05	10.73703306	59.918616	open
Kjetil r	2006-08-16	10.84633806	59.884335	open
Kjetil r	2006-08-16	10.84896111	59.884886	open
Kjetil r	"<ul><li>Construction: 1963</li>
<li>Photo:18. May 2007</li></ul>"	10.81170611	59.89628806	open
Kjetil r	2007-05-31	-0.735963	60.424214	open
Kjetil r	2006-12-09 14:26	-2.291464	53.463104	open
Kjetil r	2007-08-16	-56.14927778	72.78694444	open
Kjetil r	2007-05-18	10.836108	59.89498611	open
Kjetil r	2007-05-18	10.84398306	59.89735389	open
Kjetil r	2007-05-18	10.82326111	59.89425694	open
Kjetil r	2007-05-18	10.82371694	59.89473111	open
Kjetil r	2007-05-18	10.82371111	59.89488694	open
Kjetil r	2007-05-18	10.81201111	59.89973194	open
Kjetil r	2007-05-18	10.82410306	59.88134111	open
Kjetil r	2007-05-18	10.82415611	59.88133111	open
Kjetil r	2007-05-18	10.84177306	59.89330389	open
Kjetil r	2007-05-18	10.84118306	59.89304111	open
Kjetil r	2007-05-18	10.84059806	59.86618611	open
Kjetil r	Unknown date	10.826275	59.88001694	open
Kjetil r	2008-03-17	10.79257	59.83576	open
Kjetil r	2008-04-19	10.716712	59.94398611	open
Kjetil r	2008-05-25	10.85729806	59.88315611	open
Kjetil r	2008-05-25	10.863	59.87595694	open
Kjetil r	2008-05-25	10.84198806	59.87574194	open
Kjetil r	2008-05-25	10.84169306	59.87539194	open
Kjetil r	2008-05-25	10.84364	59.875255	open
Kjetil r	2008-05-25	10.84878389	59.87347	open
Kjetil r	2008-05-25	10.84878389	59.87347	open
Kjetil r	2008-05-25	10.84224	59.87540306	open
Kjetil r	2008-05-25	10.84307111	59.87541889	open
Kjetil r	2008-05-25	10.84914889	59.87575306	open
Kjetil r	2008-05-25	10.84851111	59.88318806	open
Kjetil r	2008-05-25	10.84642389	59.88315306	open
Kjetil r	2008-05-25	10.84642389	59.88315306	open
Kjetil r	2008-05-25	10.84708889	59.88322806	open
Kjetil r	2008-05-25	10.84568889	59.883702	open
Kjetil r	2008-05-25	10.844675	59.884111	open
Kjetil r	2008-05-25	10.84695	59.88632611	open
Kjetil r	2008-05-25	10.84800694	59.88794389	open
Kjetil r	2008-05-25	10.8482	59.88916	open
Kjetil r	2008-06-01T00:32:01Z	10.76679399	59.93096193	open
Kjetil r	2008-06-24	10.812955	59.90921389	open
Kjetil r	2008-06-22	10.84866611	59.87733306	open
Kjetil r	2008-06-22	10.84452	59.88265806	open
Kjetil r	2008-06-22	10.84427806	59.88280306	open
Kjetil r	2008-06-22	10.84398306	59.88300806	open
Kjetil r	2008-06-24	10.84377889	59.88268194	open
Kjetil r	2008-05-25	10.826125	59.88669806	open
Kjetil r	2008-05-25	10.82653306	59.886805	open
Kjetil r	2008-05-25	10.83162389	59.88107194	open
Kjetil r	2008-05-25	10.84518	59.883888	open
Kjetil r	2008-05-25	10.84521194	59.88385	open
Kjetil r	2008-05-25	10.84806611	59.889155	open
Kjetil r	2008-05-25	10.84077	59.89279611	open
Kjetil r	2008-05-25	10.84084	59.89272306	open
Kjetil r	2008-06-24	10.81513889	59.88288111	open
Kjetil r	2008-07-05	10.84976111	59.889685	open
Kjetil r	2008-07-05	10.850394	59.89083111	open
Kjetil r	2008-07-05	10.850464	59.89116806	open
Kjetil r	2008-07-05	10.850565	59.89142889	open
Kjetil r	2008-07-05	10.85078	59.89175694	open
Kjetil r	2008-07-05	10.84888611	59.89162306	open
Kjetil r	2008-07-05	10.84945	59.88979306	open
Kjetil r	2008-07-05	10.850565	59.88899611	open
Kjetil r	2008-07-05	10.851574	59.888625	open
Kjetil r	2008-07-05	10.85295806	59.88822889	open
Kjetil r	2008-07-05	10.85296889	59.88784694	open
Kjetil r	2008-07-05	10.852518	59.88683194	open
Kjetil r	2008-07-05	10.850914	59.88599	open
Kjetil r	2008-07-05	10.850517	59.8855	open
Kjetil r	2008-07-05	10.850539	59.88546	open
Kjetil r	2008-07-05	10.84961611	59.884744	open
Kjetil r	2008-07-05	10.84980389	59.884437	open
Kjetil r	2008-07-05	10.849605	59.884929	open
Kjetil r	2008-07-05	10.84914889	59.884571	open
Kjetil r	2008-07-05	10.84956806	59.883578	open
Kjetil r	2008-07-05	10.850533	59.88232389	open
Kjetil r	2008-07-05	10.853205	59.88094806	open
Kjetil r	2008-07-05	10.85328	59.88038889	open
Kjetil r	2007	12.67509	66.06556694	open
Kjetil r	2008-07-08	10.83651611	59.89886611	open
Kjetil r	2008-07-08	10.83655389	59.899345	open
Kjetil r	2008-07-08	10.83648889	59.900469	open
Kjetil r	2008-07-08	10.835824	59.900572	open
Kjetil r	2008-07-08	10.83414	59.900254	open
Kjetil r	2008-07-08	10.834301	59.900276	open
Kjetil r	2008-07-08	10.83194	59.89903306	open
Kjetil r	2008-07-08	10.83131806	59.898495	open
Kjetil r	2008-07-08	10.83005194	59.89815611	open
Kjetil r	2008-07-08	10.82954806	59.89814	open
Kjetil r	2008-07-08	10.82885	59.89607306	open
Kjetil r	2008-07-08	10.82893611	59.89601889	open
Kjetil r	2008-07-08	10.70833306	59.91733	open
Kjetil r	2008-07-08	10.70622	59.918995	open
Kjetil r	2008-07-08	10.70664306	59.91796	open
Kjetil r	2008-07-08	10.75360889	59.91332389	open
Kjetil r	2008-07-08	10.75427389	59.912455	open
Kjetil r	2008-07-08	10.80436694	59.919635	open
Kjetil r	2008-07-08	10.80409889	59.91960306	open
Kjetil r	2008-07-08	10.701408	59.92154611	open
Kjetil r	2008-07-09	10.70974389	59.912205	open
Kjetil r	2008-07-08	10.710345	59.91261111	open
Kjetil r	2008-07-08	10.70724389	59.91238	open
Kjetil r	2008-07-08	10.83191889	59.89685889	open
Kjetil r	2008-07-12	10.82570694	59.87994694	open
Kjetil r	2008-07-12	10.82786306	59.87885889	open
Kjetil r	2008-07-08	10.829505	59.87686194	open
Kjetil r	2008-07-12	10.83174694	59.87756694	open
Kjetil r	2008-07-12	10.835363	59.87612389	open
Kjetil r	2008-07-12	10.83843111	59.87341611	open
Kjetil r	2008-07-12	10.837525	59.87306306	open
Kjetil r	2008-07-12	10.83780889	59.87237111	open
Kjetil r	2008-07-12	10.83950889	59.87107611	open
Kjetil r	2008-07-12	10.84434306	59.86961889	open
Kjetil r	2008-10-27T02:19:21Z	10.87887889	59.89160611	open
Kjetil r	2008-10-28	10.718193	59.94451	open
Kjetil r	2008-10-28	10.71988806	59.94422694	open
Kjetil r	2008-07-25	10.86037194	59.887715	open
Kjetil r	2008-07-25	10.88092806	59.87569389	open
Kjetil r	2008-05-25	10.85683111	59.87303611	open
Kjetil r	2008-07-24	10.818733	59.884238	open
Kjetil r	1981-05	37.62828111	55.751209	open
Kjetil r	2008-11-03	10.74876	59.91541111	open
Kjetil r	2008-05-10	10.735936	59.917933	open
Kjetil r	2008-08-07 11:07	10.84112389	59.89268611	open
Kjetil r	2008-08-07 11:25	10.85560806	59.89442694	open
Kjetil r	2009-01-10 17:47	10.737247	59.916655	open
Kjetil r	2008-07-12 11:50	10.735091	59.92401694	open
Kjetil r	2008-07-12 11:55	10.734415	59.920425	open
Kjetil r	2008-07-12	10.84902	59.87263	open
Kjetil r	2008-07-12	10.851038	59.87213389	open
Kjetil r	2008-07-12	10.851349	59.87135889	open
Kjetil r	2008-07-13	10.83831306	59.88209806	open
Kjetil r	2008-07-12	10.84626306	59.87140694	open
Kjetil r	2009-02-23 19:06	10.724458	59.938931	open
Kjetil r	2009-02-23 17:44	10.724458	59.938931	open
Kjetil r	Taken on 8 March 2007	-77.035275	38.88948	open
Kjetil r	Taken on 8 March 2007	-77.035275	38.88948	open
Kjetil r	2007-03-08	-77.035275	38.88948	open
Kjetil r	2009-03-22	10.70166	59.919041	open
Kjetil r	2009-03-22	10.701579	59.919108	open
Kjetil r	2009-03-22	10.701633	59.918906	open
Kjetil r	2009-03-22	10.701107	59.918172	open
Kjetil r	2009-03-22	10.700625	59.917449	open
Kjetil r	2009-03-22	10.702025	59.917516	open
Kjetil r	2009-03-29	10.83684889	59.90683694	open
Kjetil r	2009-03-29	10.835706	59.90756806	open
Kjetil r	2009-03-29	10.84725	59.901997	open
Kjetil r	2009-03-29	10.84734694	59.901341	open
Kjetil r	2009-03-29	10.847245	59.901645	open
Kjetil r	2009-03-29	10.84739	59.903305	open
Kjetil r	2009-03-29	10.84634389	59.90345	open
Kjetil r	2009-03-29	10.84428389	59.90346389	open
Kjetil r	2009-03-29	10.84454694	59.901427	open
Kjetil r	2009-03-29	10.84449806	59.901457	open
Kjetil r	2009-03-29	10.844375	59.900539	open
Kjetil r	2009-03-22	10.70643389	59.91660194	open
Kjetil r	2009-03-22	10.70700806	59.91645889	open
Kjetil r	2009-03-22	10.706075	59.9149	open
Kjetil r	2009-03-22	10.703855	59.91655694	open
Kjetil r	2009-03-22	10.702459	59.91426194	open
Kjetil r	2009-03-22	10.700721	59.91540806	open
Kjetil r	2009-03-22	10.70456194	59.91342611	open
Kjetil r	2009-03-22	10.700287	59.91662889	open
Kjetil r	2009-03-22	10.70398806	59.917166	open
Kjetil r	2009-03-22	10.70743194	59.916908	open
Kjetil r	2009-03-22	10.70794194	59.917352	open
Kjetil r	2009-03-22	10.70841889	59.91608306	open
Kjetil r	2009-03-22	10.70808111	59.91528389	open
Kjetil r	2009-03-22	10.70795194	59.914655	open
Kjetil r	2009-03-22	10.70789306	59.91452306	open
Kjetil r	2009-03-22	10.70784	59.914225	open
Kjetil r	2009-03-22	10.70752306	59.91382889	open
Kjetil r	2009-03-22	10.707325	59.91308694	open
Kjetil r	2009-03-22	10.70515194	59.91321306	open
Kjetil r	2009-03-22	10.702363	59.91429694	open
Kjetil r	2009-03-22	10.701687	59.91449389	open
Kjetil r	2009-03-22	10.701692	59.91457694	open
Kjetil r	2009-03-22	10.701488	59.91469806	open
Kjetil r	2009-03-22	10.69755611	59.91512	open
Kjetil r	2009-03-22	10.69779194	59.91527111	open
Kjetil r	2009-03-22	10.69764694	59.915195	open
Kjetil r	2009-03-22	10.696215	59.91629	open
Kjetil r	2009-03-22	10.696	59.91639194	open
Kjetil r	2009-03-22	10.69523889	59.91645111	open
Kjetil r	2009-03-22	10.69473389	59.91645111	open
Kjetil r	2009-03-22	10.69464889	59.91602111	open
Kjetil r	2009-03-22	10.69483111	59.916828	open
Kjetil r	2009-03-22	10.701038	59.918204	open
Kjetil r	2009-03-22	10.700684	59.917425	open
Kjetil r	2009-03-22	10.70188	59.917344	open
Kjetil r	2009-03-22	10.701494	59.91663694	open
Kjetil r	2009-03-22	10.701392	59.916674	open
Kjetil r	2009-03-22	10.700834	59.91659389	open
Kjetil r	2009-03-22	10.700839	59.91660389	open
Kjetil r	2009-03-22	10.69984694	59.916852	open
Kjetil r	2009-03-22	10.69884889	59.917505	open
Kjetil r	2009-03-22	10.69883306	59.917538	open
Kjetil r	2009-03-22	10.69597889	59.917564	open
Kjetil r	2009-03-22	10.69623111	59.91765	open
Kjetil r	2009-04-17	10.68764806	59.92180194	open
Kjetil r	2009-04-17	10.68865694	59.92141694	open
Kjetil r	2009-04-17	10.68901611	59.92120194	open
Kjetil r	2008-07-09	10.712185	59.91454194	open
Kjetil r	2008-07-09	10.702223	59.92056806	open
Kjetil r	2008-07-09	10.702465	59.92106194	open
Kjetil r	2008-07-09	10.702647	59.92126694	open
Kjetil r	2008-07-09	10.702561	59.92135806	open
Kjetil r	2008-07-09	10.70093	59.92076889	open
Kjetil r	2008-07-09	10.701134	59.92010306	open
Kjetil r	2008-07-09	10.700802	59.92039806	open
Kjetil r	2008-07-09	10.69994889	59.919237	open
Kjetil r	2008-07-09	10.69998611	59.918344	open
Kjetil r	2008-07-09	10.69998111	59.917438	open
Kjetil r	2008-07-09	10.69779806	59.91634889	open
Kjetil r	2009-04-22	10.70281306	59.92146	open
Kjetil r	2009-04-22	10.70288306	59.92118611	open
Kjetil r	2009-04-22	10.70340889	59.921025	open
Kjetil r	2009-04-22	10.70368194	59.92130389	open
Kjetil r	2009-04-22	10.70338194	59.92103306	open
Kjetil r	2009-04-22	10.70351111	59.921105	open
Kjetil r	2009-04-22	10.702615	59.92126389	open
Kjetil r	2009-04-22	10.702593	59.92138806	open
Kjetil r	2009-04-22	10.70291	59.92124806	open
Kjetil r	2009-04-22	10.70317306	59.92102194	open
Kjetil r	2009-04-22	10.70346806	59.92094694	open
Kjetil r	2009-04-22	10.70332306	59.92143306	open
Kjetil r	2009-04-22	10.70346806	59.92093611	open
Kjetil r	2009-04-22	10.70347806	59.920995	open
Kjetil r	2009-04-22	10.70330111	59.92066194	open
Kjetil r	2009-04-22	10.703495	59.92095806	open
Kjetil r	2009-04-22	10.70315694	59.92056806	open
Kjetil r	2009-04-22	10.702733	59.920675	open
Kjetil r	2009-04-22	10.70481389	59.92163194	open
Kjetil r	2009-04-22	10.70428806	59.921275	open
Kjetil r	2009-04-22	10.70437389	59.92128	open
Kjetil r	2009-04-22	10.70428806	59.92115889	open
Kjetil r	2009-04-22	10.70444889	59.92100111	open
Kjetil r	2009-04-22	10.70523306	59.9211	open
Kjetil r	2009-04-22	10.70523306	59.9211	open
Kjetil r	2009-04-22	10.70509306	59.92114889	open
Kjetil r	2009-04-22	10.70561306	59.92165694	open
Kjetil r	2009-04-22	10.70536694	59.92184806	open
Kjetil r	2009-04-22	10.70516306	59.92203306	open
Kjetil r	2009-04-22	10.705855	59.92157306	open
Kjetil r	2009-04-22	10.705855	59.92152806	open
Kjetil r	2009-04-22	10.70684194	59.92086389	open
Kjetil r	2009-04-22	10.70696	59.92079389	open
Kjetil r	2009-04-22	10.70624611	59.92076111	open
Kjetil r	2009-04-22	10.70584389	59.92072111	open
Kjetil r	2009-04-22	10.70561889	59.920605	open
Kjetil r	2009-04-22	10.70554889	59.92065889	open
Kjetil r	2009-04-22	10.70552806	59.92063	open
Kjetil r	2009-04-22	10.70547389	59.92061306	open
Kjetil r	2009-04-22	10.70547389	59.92061306	open
Kjetil r	2009-04-22	10.70536111	59.92064611	open
Kjetil r	2009-04-22	10.70561889	59.920205	open
Kjetil r	2009-04-22	10.705635	59.91999194	open
Kjetil r	2009-04-22	10.70567306	59.919965	open
Kjetil r	2009-04-22	10.70566694	59.91994111	open
Kjetil r	2009-04-22	10.70585	59.91993111	open
Kjetil r	2009-04-22	10.70608611	59.919363	open
Kjetil r	2009-04-22	10.70594111	59.91975611	open
Kjetil r	2009-04-22	10.70590306	59.919385	open
Kjetil r	2009-04-22	10.70602694	59.919412	open
Kjetil r	2009-04-22	10.706365	59.918855	open
Kjetil r	2009-04-22	10.70620889	59.918871	open
Kjetil r	2009-04-22	10.70440111	59.918565	open
Kjetil r	2009-04-22	10.70406889	59.918635	open
Kjetil r	2008-07-09	10.70686306	59.911815	open
Kjetil r	2008-07-09	10.70738889	59.91264306	open
Kjetil r	2008-07-09	10.70583306	59.91261611	open
Kjetil r	2008-07-09	10.702459	59.91426194	open
Kjetil r	2008-07-09	10.700287	59.91662889	open
Kjetil r	2009-05-01	10.69535111	59.919186	open
Kjetil r	2009-05-01	10.69531389	59.919205	open
Kjetil r	2009-05-01	10.69605389	59.91961306	open
Kjetil r	2009-04-03	10.69580194	59.919172	open
Kjetil r	2009-05-01	10.69886	59.919234	open
Kjetil r	2009-05-01	10.69726611	59.919156	open
Kjetil r	2009-05-01	10.69433194	59.91966194	open
Kjetil r	2009-05-01	10.69425194	59.92007	open
Kjetil r	2009-05-01	10.69411806	59.920675	open
Kjetil r	2009-05-01	10.693935	59.92067306	open
Kjetil r	2009-05-01	10.69332889	59.92044389	open
Kjetil r	2009-05-01	10.69204694	59.92012694	open
Kjetil r	2009-05-01	10.68986389	59.92100889	open
Kjetil r	2009-05-01	10.68996	59.92125611	open
Kjetil r	2009-05-01	10.68972389	59.92107111	open
Kjetil r	2009-05-11	10.72399694	59.92442611	open
Kjetil r	2009-05-11	10.72399694	59.92442611	open
Kjetil r	2009-05-11	10.72281194	59.92363806	open
Kjetil r	2009-05-11	10.72264611	59.923385	open
Kjetil r	2009-05-11	10.72150806	59.92267611	open
Kjetil r	2009-05-11	10.72114889	59.92236889	open
Kjetil r	2009-05-12	10.69918389	59.91473306	open
Kjetil r	2009-05-12	10.751624	59.91506389	open
Kjetil r	2009-05-13 18:07	10.70063	59.91514389	open
Kjetil r	2009-05-01	10.69573194	59.920035	open
Kjetil r	2009-05-12	10.751619	59.91508194	open
Kjetil r	2009-05-19	10.62156889	59.89313	open
Kjetil r	2009-05-19	10.62076389	59.88833389	open
Kjetil r	2009-05-19	10.62076389	59.88833389	open
Kjetil r	2009-05-19	10.62097389	59.88786611	open
Kjetil r	2009-05-19	10.61086694	59.88138194	open
Kjetil r	2004-09-02	10.739006	59.913334	open
Kjetil r	2009-05-01	10.68713306	59.92057889	open
Kjetil r	2009-05-01	10.68799389	59.92125306	open
Kjetil r	2009-05-01	10.68806111	59.92133306	open
Kjetil r	2009-05-01	10.68743306	59.92066694	open
Kjetil r	2009-05-01	10.68692389	59.92049194	open
Kjetil r	2009-05-01	10.68670389	59.92039611	open
Kjetil r	2009-05-01	10.685669	59.92103	open
Kjetil r	2009-05-01	10.686049	59.92130194	open
Kjetil r	2009-05-01	10.68831306	59.92174	open
Kjetil r	2009-05-13	10.72372889	59.91279889	open
Kjetil r	2009-05-13 18:53	10.719287	59.91104111	open
Kjetil r	2009-05-13	10.71932	59.91039	open
Kjetil r	2009-05-11	10.71532306	59.918551	open
Kjetil r	2009-05-13	10.700549	59.91579	open
Kjetil r	2009-05-13	10.70314611	59.91380389	open
Kjetil r	2009-05-13	10.69968	59.91514806	open
Kjetil r	2009-05-11	10.58139	59.900155	open
Kjetil r	2009-05-10 20:30	10.57015111	59.89308611	open
Kjetil r	2009-05-10 20:28	10.570795	59.89335	open
Kjetil r	2008-07-12	10.84642889	59.87244111	open
Kjetil r	2008-07-12	10.84669806	59.871975	open
Kjetil r	2005-03-12	73.91304889	15.504195	open
Kjetil r	2009-05-25 18:56	10.71478694	59.92386694	open
Kjetil r	2009-01-28 11:55	9.83080028	46.80122718	open
Kjetil r	2009-06-03	10.701542	59.92151389	open
Kjetil r	2009-06-03	10.701266	59.92158	open
Kjetil r	2009-06-03	10.702003	59.920025	open
Kjetil r	2009-06-03	10.70322111	59.918298	open
Kjetil r	2009-06-03	10.70360194	59.917567	open
Kjetil r	2009-06-03	10.702583	59.917753	open
Kjetil r	2009-06-03	10.702524	59.917352	open
Kjetil r	2009-06-03	10.70374389	59.916822	open
Kjetil r	2009-06-03	10.70380306	59.91652111	open
Kjetil r	2009-06-03	10.70298806	59.916717	open
Kjetil r	2009-06-03	10.702384	59.91596694	open
Kjetil r	2009-06-03	10.70856389	59.91951389	open
Kjetil r	2009-06-03	10.70764111	59.92012694	open
Kjetil r	2009-06-03	10.70580111	59.92146306	open
Kjetil r	2009-06-03	10.701896	59.92273694	open
Kjetil r	2009-06-03	10.69809806	59.92358694	open
Kjetil r	2009-06-03	10.696295	59.923915	open
Kjetil r	2009-06-03	10.695325	59.923415	open
Kjetil r	2009-06-03	10.695185	59.92329389	open
Kjetil r	2009-06-03	10.693345	59.92285611	open
Kjetil r	2009-06-03	10.69310389	59.92271306	open
Kjetil r	2009-06-03	10.68994389	59.92120806	open
Kjetil r	2009-06-03	10.690325	59.92143611	open
Kjetil r	2009-06-03	10.69239	59.92249806	open
Kjetil r	2009-06-03	10.69160194	59.92210306	open
Kjetil r	2009-06-03	10.69297	59.92279111	open
Kjetil r	2009-06-03	10.69188611	59.920095	open
Kjetil r	2009-06-03	10.69192889	59.920105	open
Kjetil r	2009-06-03	10.692315	59.919995	open
Kjetil r	2009-06-03	10.69491694	59.919339	open
Kjetil r	2009-06-03	10.69704889	59.92059306	open
Kjetil r	2009-06-03	10.69789111	59.92053389	open
Kjetil r	2009-06-03	10.69817306	59.92144306	open
Kjetil r	2009-06-03	10.69818389	59.92150694	open
Kjetil r	2009-06-03	10.69818389	59.92180306	open
Kjetil r	2009-06-03	10.69821111	59.92222694	open
Kjetil r	2009-06-03	10.69834694	59.92263389	open
Kjetil r	2009-06-03	10.69848694	59.92288806	open
Kjetil r	2009-06-03	10.698425	59.92299111	open
Kjetil r	2009-06-03	10.69946889	59.92217389	open
Kjetil r	2009-06-03	10.700069	59.92191111	open
Kjetil r	2009-06-03	10.70343	59.92099389	open
Kjetil r	2009-06-03	10.70861	59.91951611	open
Kjetil r	2009-06-03	10.70905694	59.919183	open
Kjetil r	2009-06-03	10.70886389	59.918238	open
Kjetil r	2009-06-03	10.70827389	59.918402	open
Kjetil r	2009-06-03	10.70858806	59.91729	open
Kjetil r	2009-06-03	10.70862306	59.917247	open
Kjetil r	2009-06-03	10.70844611	59.91632111	open
Kjetil r	2009-06-03	10.70818806	59.91549389	open
Kjetil r	2009-06-03	10.70812111	59.91536611	open
Kjetil r	2009-06-03	10.70736	59.91460389	open
Kjetil r	2009-06-03	10.70724389	59.91462806	open
Kjetil r	2009-06-03	10.70593306	59.91512306	open
Kjetil r	2009-06-03	10.70636694	59.915525	open
Kjetil r	2009-06-03	10.70700806	59.91645889	open
Kjetil r	2009-06-03	10.70623611	59.916724	open
Kjetil r	2009-06-03	10.70506389	59.917271	open
Kjetil r	2009-06-03	10.70516306	59.917169	open
Kjetil r	2009-06-03	10.70512	59.916907	open
Kjetil r	2009-06-03	10.70517389	59.91653889	open
Kjetil r	2009-06-03	10.70447111	59.91630194	open
Kjetil r	2009-06-03	10.70318306	59.91657806	open
Kjetil r	2009-06-03	10.703165	59.916555	open
Kjetil r	2009-06-03	10.70316694	59.918437	open
Kjetil r	2009-06-03	10.70344389	59.918005	open
Kjetil r	2009-06-03	10.70344389	59.918005	open
Kjetil r	2009-06-03	10.70344389	59.918005	open
Kjetil r	2009-06-03	10.70277806	59.917238	open
Kjetil r	2009-06-03	10.702022	59.92295306	open
Kjetil r	2009-05-01	10.69984111	59.919143	open
Kjetil r	2009-05-01	10.69920306	59.91917	open
Kjetil r	2009-05-01	10.69887611	59.919154	open
Kjetil r	2009-05-01	10.69756694	59.919178	open
Kjetil r	2009-05-01	10.69598389	59.91964306	open
Kjetil r	2009-05-01	10.69584	59.91917	open
Kjetil r	2009-05-01	10.69523306	59.919199	open
Kjetil r	2009-05-01	10.68945306	59.92235306	open
Kjetil r	2009-05-01	10.69016694	59.92247306	open
Kjetil r	2009-05-01	10.68985	59.92262694	open
Kjetil r	2009-05-01	10.69011611	59.92286889	open
Kjetil r	2009-05-01	10.68640889	59.92218611	open
Kjetil r	2009-05-01	10.68221889	59.92193389	open
Kjetil r	2009-05-12	10.700442	59.91611889	open
Kjetil r	2009-05-12	10.700509	59.91588389	open
Kjetil r	2009-05-12	10.700281	59.91542306	open
Kjetil r	2009-05-12	10.700507	59.91574694	open
Kjetil r	2009-05-12	10.69953	59.91585611	open
Kjetil r	2009-05-12	10.69997806	59.91620194	open
Kjetil r	2009-05-12	10.750578	59.91509889	open
Kjetil r	2009-05-12	10.752509	59.91429194	open
Kjetil r	2009-05-12	10.752895	59.914375	open
Kjetil r	2009-05-12	10.702585	59.92311	open
Kjetil r	2009-06-20	10.69987611	59.919093	open
Kjetil r	2009-06-20	10.69984111	59.919049	open
Kjetil r	2009-06-20	10.69884889	59.919172	open
Kjetil r	2009-06-20	10.695255	59.92094389	open
Kjetil r	2009-06-20	10.69167111	59.91955694	open
Kjetil r	2009-06-20	10.688815	59.92126	open
Kjetil r	2009-06-20	10.73795	59.91088611	open
Kjetil r	2009-06-20	10.73796111	59.91105694	open
Kjetil r	2009-06-20	10.73463	59.91202611	open
Kjetil r	2009-06-20	10.73119111	59.91337194	open
Kjetil r	2009-06-20	10.72701806	59.91410806	open
Kjetil r	2009-06-20	10.72680806	59.91468389	open
Kjetil r	2009-06-20	10.73178111	59.91480389	open
Kjetil r	2009-06-20	10.730915	59.918921	open
Kjetil r	2009-06-20	10.73068111	59.919066	open
Kjetil r	2009-06-20	10.72522611	59.92151389	open
Kjetil r	2009-06-20	10.72409111	59.92075611	open
Kjetil r	2009-06-20	10.72384694	59.920665	open
Kjetil r	2009-06-20	10.72276111	59.91995694	open
Kjetil r	2009-06-20	10.72251889	59.91969806	open
Kjetil r	2009-06-20	10.72036306	59.917722	open
Kjetil r	2009-06-20	10.71998194	59.9169	open
Kjetil r	2009-06-20	10.71333306	59.913465	open
Kjetil r	2009-06-20	10.71112	59.91418	open
Kjetil r	2009-06-21	10.70856694	59.92188	open
Kjetil r	2009-06-21	10.70886694	59.92204889	open
Kjetil r	2009-06-21	10.70908389	59.92217111	open
Kjetil r	2009-06-21	10.71030694	59.92168389	open
Kjetil r	2009-06-21	10.71048194	59.92178611	open
Kjetil r	2009-06-21	10.72405889	59.919221	open
Kjetil r	2009-06-21	10.723415	59.91923	open
Kjetil r	2009-06-21	10.72456111	59.91954694	open
Kjetil r	2009-06-21	10.72471389	59.91964806	open
Kjetil r	2009-06-21	10.72325389	59.917084	open
Kjetil r	2009-06-21	10.72338	59.917203	open
Kjetil r	2009-06-21	10.72235611	59.91535389	open
Kjetil r	2009-06-21	10.703795	59.91976389	open
Kjetil r	2009-06-21	10.71586	59.918605	open
Kjetil r	2009-06-08	10.75038	59.9121	open
Kjetil r	2009-06-08	10.74756889	59.913835	open
Kjetil r	2009-06-08	10.74897889	59.91456306	open
Kjetil r	2009-06-08	10.748135	59.91288806	open
Kjetil r	2009-06-08	10.74599306	59.91387694	open
Kjetil r	2009-06-23	10.70477111	59.92285	open
Kjetil r	2009-06-23	10.705265	59.92287694	open
Kjetil r	2009-06-23	10.702685	59.91992806	open
Kjetil r	2009-06-23	10.70207	59.919865	open
Kjetil r	2009-06-23	10.70307111	59.91989806	open
Kjetil r	2009-06-23	10.70382194	59.91977306	open
Kjetil r	2009-06-23	10.70366389	59.91976694	open
Kjetil r	2009-06-23	10.70470694	59.91981389	open
Kjetil r	2009-06-23	10.70562194	59.91991194	open
Kjetil r	2009-06-23	10.70851	59.91973694	open
Kjetil r	2009-06-23	10.70910306	59.919176	open
Kjetil r	2009-06-23	10.70903611	59.919382	open
Kjetil r	2009-06-23	10.70999889	59.919063	open
Kjetil r	2009-06-21	10.72644611	59.919395	open
Kjetil r	2009-06-21	10.72635194	59.919289	open
Kjetil r	2009-06-21	10.72658306	59.91948	open
Kjetil r	2004-02-27	10.30565	63.32797	open
Kjetil r	2008-08-29	16.33321944	48.20139167	open
Kjetil r	2006-08-16	10.84521194	59.88175889	open
Kjetil r	2007-05-18	10.83189194	59.88112611	open
Kjetil r	2008-06-22	10.849085	59.87688889	open
Kjetil r	2008-06-24	10.83839889	59.883349	open
Kjetil r	2007-06-01	73.913285	15.50373	open
Kjetil r	2009-07-24	12.551537	54.965568	open
Kjetil r	1935	8.512129	58.303694	open
Kjetil r	1929	8.512129	58.303694	open
Kjetil r	1908	10.271959	61.220592	open
Kjetil r	2010-04-11	10.69573194	59.920035	open
Kjetil r	2009-07-15	10.71956	59.93819	open
Kjetil r	2009-04-20	-4.46613889	54.14766667	open
Kjetil r	2010-06-23	10.734887	59.914375	open
Kjetil r	2010-07-27 11:14	10.68459	59.904854	open
The Hanoian	2024-11-09 11:02	106.695711	10.77808	open
The Hanoian	2024-11-12 07:44	107.169613	20.753413	open
The Hanoian	2024-11-02 08:34	103.858177	1.284222	open
The Hanoian	2024-11-01 21:40	103.854552	1.286594	open
The Hanoian	2024-11-01 00:35	103.860486	1.287213	open
The Hanoian	2024-10-31 22:51	103.852352	1.29253	open
The Hanoian	2024-11-15 20:24	114.172661	22.29328	open
The Hanoian	2024-11-11 12:17	108.15625	16.053605	open
The Hanoian	2024-11-06 03:48	100.51405	13.76658	open
The Hanoian	2024-11-02 07:02	103.864549	1.282879	open
The Hanoian	2024-11-03 18:27	104.220466	4.143575	open
The Hanoian	2024-11-16 10:44	114.154336	22.284175	open
The Hanoian	2024-11-01 00:42	103.860038	1.286113	open
The Hanoian	2024-11-03 18:24	104.220466	4.143575	open
The Hanoian	2024-11-13 06:02	107.063714	20.948053	open
The Hanoian	2024-11-11 09:42	108.125047	15.764594	open
The Hanoian	2024-11-01 21:19	103.854391	1.29158	open
The Hanoian	2024-11-11 15:15	108.277597	16.099877	open
The Hanoian	2024-11-07 10:26	100.889072	12.973022	open
The Hanoian	2024-11-04 23:49	100.061566	9.570313	open
The Hanoian	2024-11-11 10:05	108.12293	15.76475	open
The Hanoian	2024-11-07 10:22	100.889119	12.972419	open
The Hanoian	2024-11-05 00:34	100.066602	9.571058	open
The Hanoian	2024-11-11 10:54	108.121647	15.765766	open
The Hanoian	2024-11-12 09:03	107.102505	20.754669	open
The Hanoian	Taken on 2 November 2024	103.858266	1.284374	open
The Hanoian	2024-11-04 23:27	100.060183	9.570844	open
The Hanoian	2024-11-12 15:17	106.958375	20.898313	open
The Hanoian	2024-11-12 15:23	106.952444	20.896469	open
The Hanoian	2024-11-05 00:26	100.066927	9.571036	open
Codobai	1871	-117.23558056	32.96785	open
Codobai	1972-12-13	-117.23555	32.96775556	open
Codobai	1972-12-13	-117.23555833	32.96772778	open
Codobai	1972-12-13	-117.23559444	32.96766944	open
Codobai	2015-12-01 18:33:32	139.71833333	35.72333333	open
Codobai	2015-12-09 05:38:15	139.63466667	35.45683333	open
Codobai	2015-12-01 18:37:09	139.71866667	35.724	open
Codobai	2016-04-03 15:53:56	-117.921525	33.75890833	open
Codobai	1920-07-24	-117.235444	32.967786	open
Codobai	2016-11-04 16:07:32	-117.235611	32.967742	open
Codobai	2017-02-25 19:02:29	-118.010911	33.760569	open
Pierredh	2014-08-29 13:34:15	4.346888	50.838422	open
Grossbildjaeger	2007-03-06 10:15:32	8.69803	49.39337	open
EurovisionNim	"1 October 2014 (according to <span lang=""en"" dir=""ltr""><a href=""https://en.wikipedia.org/wiki/Exif"" class=""extiw"" title=""en:Exif"">Exif</a></span> data)"	-79.39462278	43.64583586	open
EurovisionNim	2014-01-03 13:29:18	101.68618889	3.13439444	open
EurovisionNim	2013-12-30 11:16:45	101.68345556	3.23672778	open
EurovisionNim	2014-04-14 13:14:11	151.20614722	-33.85905556	open
EurovisionNim	2014-04-14 13:13:59	151.20799167	-33.85911667	open
EurovisionNim	2013-12-30	101.71131944	3.14716667	open
EurovisionNim	2014-04-13	151.09397778	-33.87151389	open
EurovisionNim	2014-04-13 12:35:27	151.09396389	-33.87153889	open
EurovisionNim	2013-12-30 12:53:33	101.67225	3.22263889	open
EurovisionNim	2014-04-03 15:59:29	115.803275	-31.97935833	open
EurovisionNim	2013-12-30 14:57:02	101.71108889	3.146225	open
EurovisionNim	2014-04-14 15:10:30	151.21247778	-33.86118611	open
EurovisionNim	2014-04-22 11:43:40	147.14	-41.43558611	open
EurovisionNim	2014-12-17	151.02033889	-33.82355556	open
EurovisionNim	2014-04-15 08:20:02	151.06285	-33.91522222	open
EurovisionNim	2014-04-21 14:07:47	147.11781389	-41.44685833	open
EurovisionNim	2014-05-25 16:36:38	115.79465556	-31.97930278	open
EurovisionNim	2014-04-18 12:08:05	147.49212778	-42.03096389	open
EurovisionNim	2013-12-30 13:19:24	101.70524722	3.15578333	open
EurovisionNim	2014-04-20 12:31:17	147.00279167	-41.35159167	open
EurovisionNim	2014-04-19 11:50:04	147.13140833	-41.4367	open
EurovisionNim	2014-04-23 13:29:43	147.33027778	-42.88482778	open
EurovisionNim	2014-04-24 12:20:35	147.50631667	-42.83772222	open
EurovisionNim	2014-04-20 15:34:52	146.31773333	-41.18163333	open
EurovisionNim	2014-06-01 14:34:12	115.74776	-32.05585	open
EurovisionNim	2014-12-21	147.33027778	-42.88482778	open
EurovisionNim	2014-12-19	151.17852778	-33.93214722	open
EurovisionNim	2014-04-21 15:18:42	147.13778611	-41.43646944	open
EurovisionNim	2013-12-31 10:40:52	101.70239167	3.15623889	open
EurovisionNim	2014-04-25 12:10:36	151.17839167	-33.93215556	open
EurovisionNim	2014-04-14 12:48:32	151.20623889	-33.85894444	open
EurovisionNim	2014-01-03 11:34:12	101.68599722	3.13505	open
EurovisionNim	2014-04-23 13:21:56	147.33030833	-42.88347222	open
EurovisionNim	2014-06-01 15:16:56	115.746951	-32.055589	open
EurovisionNim	2014-01-22 09:45:54	115.85228611	-32.05334444	open
EurovisionNim	2014-04-14 12:45:26	151.20799167	-33.85916111	open
EurovisionNim	2014-08-02 13:29:08	115.85289722	-31.9507	open
EurovisionNim	2014-04-20 15:08:08	146.36152778	-41.17842778	open
EurovisionNim	2014-04-20	147.00167778	-41.35194444	open
EurovisionNim	2014-04-20 12:39:36	147.0029	-41.3516	open
EurovisionNim	2013-12-30 11:16:45	101.68345556	3.23672778	open
EurovisionNim	Taken on 30 December 2013, 12:28:19	101.68388333	3.23752222	open
EurovisionNim	2013-12-30 11:19:27	101.68353333	3.23696944	open
EurovisionNim	2013-12-31 12:08:11	101.69669444	3.1497	open
EurovisionNim	2014-09-06	115.831417	-32.058089	open
EurovisionNim	2014-09-06 12:43:00	115.83141667	-32.05808889	open
EurovisionNim	2014-04-14 12:42:05	151.20878611	-33.85943889	open
EurovisionNim	2014-01-03 13:46:22	101.70648889	3.154675	open
EurovisionNim	2013-12-31 14:37:44	101.71084722	3.14641111	open
EurovisionNim	2014-10-12 15:30	151.34116056	-33.43062	open
EurovisionNim	2014-03-09 01:55	151.255645	-32.887659	open
EurovisionNim	2011-06-19 11:16	150.691823	-33.746466	open
EurovisionNim	2014-04-25	151.17860278	-33.932175	open
EurovisionNim	2015-06-23 15:38:01	115.77210278	-31.98056944	open
EurovisionNim	2015-06-30 15:32:51	115.77191111	-31.98143056	open
EurovisionNim	2015-07-01 15:52:57	115.77191944	-31.98080833	open
EurovisionNim	2015-07-28 15:41:03	115.77191111	-31.980725	open
EurovisionNim	2015-07-28 15:40:47	115.77214722	-31.98066111	open
EurovisionNim	2015-07-30 15:35:20	115.77189722	-31.98129722	open
EurovisionNim	2015-02-17 10:08:10	115.74997	-32.0555	open
EurovisionNim	2015-08-04 15:36:40	115.77207222	-31.9806	open
EurovisionNim	2015-08-06	115.77220278	-31.98078611	open
EurovisionNim	2015-08-14	115.77194167	-31.98132778	open
EurovisionNim	2015-08-14	115.77195	-31.98126389	open
EurovisionNim	2015-08-14	115.77223889	-31.98080556	open
EurovisionNim	2015-08-29	115.77427778	-31.97709722	open
EurovisionNim	2015-09-04 14:57:45	115.77156111	-31.980825	open
EurovisionNim	2015-09-15 15:36:24	115.77461111	-31.97989444	open
EurovisionNim	2013-04-16 11:45	7.428603	43.741026	open
EurovisionNim	2013-05-06 15:13	6.1835	48.695004	open
EurovisionNim	2009-11-29 12:09	-70.664105	-33.369934	open
EurovisionNim	2014-06-19 12:44	-71.242518	-34.978542	open
EurovisionNim	2014-06-30 15:10	151.20778167	-33.88530444	open
EurovisionNim	2011-10-02 09:49	145.865671	-38.202222	open
EurovisionNim	2011-05-15 11:37	-2.850699	43.356941	open
EurovisionNim	2015-01-25	151.154739	-33.834881	open
EurovisionNim	2013-03-10 17:51	-6.256585	53.356801	open
EurovisionNim	2012-03-25 15:54	-73.986085	40.753125	open
EurovisionNim	2009-09-14 15:08	-0.740633	44.148464	open
EurovisionNim	2010-09-12 15:29	-1.436076	43.650655	open
EurovisionNim	2011-05-19 12:33	-7.496919	53.365663	open
EurovisionNim	2012-03-28 16:12	-74.011507	40.71463	open
EurovisionNim	2012-11-11 15:32	-6.066234	53.387974	open
EurovisionNim	2009-05-31 13:15	150.868377	-33.803899	open
EurovisionNim	2015-01-25 15:52	151.31397694	-33.46205472	open
EurovisionNim	2015-02-21 15:03	151.65726056	-33.03539556	open
EurovisionNim	2015-05-12 10:41	145.090684	-37.88281	open
EurovisionNim	2015-05-29	145.020457	-37.760824	open
EurovisionNim	2015-05-29	145.020339	-37.760816	open
EurovisionNim	2015-05-29	145.021838	-37.761992	open
EurovisionNim	2015-05-29	145.015472	-37.763931	open
EurovisionNim	2015-05-29	145.019777	-37.76075	open
EurovisionNim	2015-05-29	145.018916	-37.766984	open
EurovisionNim	2015-05-29	145.025214	-37.761395	open
EurovisionNim	2015-05-29	145.00883	-37.763885	open
EurovisionNim	2015-05-29	145.00883	-37.763817	open
EurovisionNim	2015-05-29	145.00796	-37.769907	open
EurovisionNim	2015-05-29	145.01869	-37.768736	open
EurovisionNim	2015-05-29	145.018703	-37.768603	open
EurovisionNim	2015-05-29	145.014914	-37.778263	open
EurovisionNim	2015-05-29	145.004163	-37.777409	open
EurovisionNim	2015-05-29	145.01903	-37.76688	open
EurovisionNim	2015-05-29	145.013389	-37.777315	open
EurovisionNim	2015-05-29	145.014457	-37.778613	open
EurovisionNim	2015-05-29	145.014529	-37.778608	open
EurovisionNim	2015-06-03	144.998577	-37.778637	open
EurovisionNim	2015-06-03	144.998579	-37.778552	open
EurovisionNim	2015-06-03	144.999572	-37.779376	open
EurovisionNim	2015-06-03	144.999585	-37.779284	open
EurovisionNim	2015-06-03	144.99353	-37.777609	open
EurovisionNim	2015-06-08	144.984257	-37.789851	open
EurovisionNim	2015-06-08	144.993922	-37.782884	open
EurovisionNim	2015-06-08	144.993827	-37.78288	open
EurovisionNim	2015-06-15	144.988519	-37.788126	open
EurovisionNim	2015-06-15	144.988595	-37.788103	open
EurovisionNim	2015-06-15	144.987029	-37.78616	open
EurovisionNim	2015-06-18	144.986109	-37.775715	open
EurovisionNim	2015-06-18	144.980651	-37.780631	open
EurovisionNim	2015-06-25	145.0092	-37.779356	open
EurovisionNim	2015-06-25	145.014051	-37.777195	open
EurovisionNim	2015-06-25	145.013912	-37.777174	open
EurovisionNim	2015-06-25	145.014361	-37.781658	open
EurovisionNim	2015-06-25	145.001729	-37.781069	open
EurovisionNim	2015-06-27	144.997803	-37.933167	open
EurovisionNim	2015-06-27	144.991318	-37.9132	open
EurovisionNim	2015-06-27	144.993195	-37.923725	open
EurovisionNim	2015-06-27	144.990265	-37.91407	open
EurovisionNim	2015-06-28 11:46	145.223636	-37.908788	open
EurovisionNim	2015-06-25 16:28	145.090684	-37.88281	open
EurovisionNim	2015-06-28 11:34	145.223636	-37.908788	open
EurovisionNim	2015-07-03	145.047702	-37.767223	open
EurovisionNim	2015-07-03	145.028623	-37.772006	open
EurovisionNim	2015-07-03	145.028572	-37.772097	open
EurovisionNim	2015-07-03	145.040793	-37.774198	open
EurovisionNim	2015-07-03	145.031705	-37.772793	open
EurovisionNim	2015-07-03	145.044973	-37.769569	open
EurovisionNim	2015-07-03	145.028683	-37.780004	open
EurovisionNim	2015-07-03	145.048295	-37.762494	open
EurovisionNim	2015-07-03	145.034342	-37.782022	open
EurovisionNim	2015-07-03	145.029796	-37.771642	open
EurovisionNim	2015-07-03	145.029832	-37.771486	open
EurovisionNim	2015-07-03	145.049942	-37.761057	open
EurovisionNim	2015-07-03	145.013541	-37.776604	open
EurovisionNim	2015-07-03	145.027285	-37.776952	open
EurovisionNim	2015-07-03	145.034906	-37.785047	open
EurovisionNim	2015-07-06	144.990145	-37.798842	open
EurovisionNim	2015-07-06	144.992503	-37.798361	open
EurovisionNim	2015-07-09	145.055539	-37.806704	open
EurovisionNim	2015-07-09	145.042867	-37.799907	open
EurovisionNim	2015-07-09	145.051751	-37.810637	open
EurovisionNim	2015-07-09	145.05076	-37.803338	open
EurovisionNim	2015-07-09	145.042799	-37.806671	open
EurovisionNim	2015-07-09	145.046284	-37.80817	open
EurovisionNim	2015-07-09	145.046321	-37.808059	open
EurovisionNim	2015-07-09	145.04635	-37.807905	open
EurovisionNim	2015-07-09	145.046345	-37.808023	open
EurovisionNim	2015-07-09	145.039125	-37.806096	open
EurovisionNim	2015-07-09	145.05107	-37.805776	open
EurovisionNim	2015-07-09	145.038617	-37.812385	open
EurovisionNim	2015-07-09	145.043487	-37.801778	open
EurovisionNim	2015-07-09	145.053368	-37.807408	open
EurovisionNim	2015-07-09	145.049159	-37.807833	open
EurovisionNim	2015-07-09	145.053764	-37.814911	open
EurovisionNim	2015-07-09	145.053607	-37.814882	open
EurovisionNim	2015-07-09	145.046802	-37.809163	open
EurovisionNim	2015-07-09	145.034644	-37.796292	open
EurovisionNim	2015-07-09	145.04204	-37.815188	open
EurovisionNim	2015-07-09	145.042033	-37.815144	open
EurovisionNim	2015-07-10	145.035959	-37.758783	open
EurovisionNim	2015-07-10	145.03939	-37.773541	open
EurovisionNim	2015-07-10	145.039454	-37.773475	open
EurovisionNim	2015-07-10	145.035603	-37.768727	open
EurovisionNim	2015-07-14	144.987776	-37.759675	open
EurovisionNim	2015-07-14	144.968471	-37.748444	open
EurovisionNim	2015-07-14	144.980961	-37.773695	open
EurovisionNim	2015-07-14	144.980578	-37.780917	open
EurovisionNim	2015-07-14	144.968682	-37.747058	open
EurovisionNim	2015-07-14	144.967675	-37.748082	open
EurovisionNim	2015-07-14	144.977289	-37.759091	open
EurovisionNim	2015-07-14	144.976233	-37.747233	open
EurovisionNim	2015-07-14	144.973027	-37.761156	open
EurovisionNim	2015-07-14	144.98057	-37.774176	open
EurovisionNim	2015-07-15	144.964107	-37.768087	open
EurovisionNim	2015-07-15	145.00446	-37.746838	open
EurovisionNim	2015-07-15	145.004338	-37.746827	open
EurovisionNim	2015-07-16	144.956677	-37.793648	open
EurovisionNim	2015-07-24	145.023283	-37.818355	open
EurovisionNim	2015-07-24	145.029038	-37.817415	open
EurovisionNim	2015-07-24	145.041016	-37.812591	open
EurovisionNim	2015-07-24	145.047346	-37.819463	open
EurovisionNim	2015-07-24	145.016531	-37.816562	open
EurovisionNim	2015-07-24	145.020897	-37.813836	open
EurovisionNim	2015-08-02	144.364815	-38.144527	open
EurovisionNim	2015-08-02	144.362711	-38.140999	open
EurovisionNim	2015-08-02	144.364687	-38.149438	open
EurovisionNim	2015-08-02	144.364396	-38.149324	open
EurovisionNim	2015-08-07	145.137004	-37.809599	open
EurovisionNim	2015-08-07	145.070981	-37.808681	open
EurovisionNim	2015-08-07	145.159944	-37.79445	open
EurovisionNim	2015-08-07	145.142142	-37.780715	open
EurovisionNim	2015-08-07	145.08711	-37.811694	open
EurovisionNim	2015-08-07	145.144637	-37.812196	open
EurovisionNim	2015-08-07	145.137176	-37.795181	open
EurovisionNim	2015-08-07	145.157728	-37.805288	open
EurovisionNim	2015-08-09	145.004937	-37.847291	open
EurovisionNim	2015-08-09	145.005039	-37.847284	open
EurovisionNim	2015-09-12	145.009735	-37.842674	open
EurovisionNim	2015-11-11	144.933405	-37.785257	open
EurovisionNim	2015-11-11	144.931498	-37.782276	open
EurovisionNim	2015-11-11	144.931443	-37.782093	open
EurovisionNim	2015-11-11	144.932394	-37.783955	open
EurovisionNim	2015-11-11	144.934163	-37.784227	open
EurovisionNim	2015-11-11	144.930803	-37.773849	open
EurovisionNim	2015-11-11	144.925766	-37.778764	open
EurovisionNim	2015-11-11	144.92587	-37.778784	open
EurovisionNim	2015-11-11	144.93246	-37.785312	open
EurovisionNim	2015-11-11	144.932371	-37.785359	open
EurovisionNim	2015-11-11	144.930897	-37.784794	open
EurovisionNim	2015-11-11	144.925541	-37.77941	open
EurovisionNim	2015-11-11	144.931607	-37.781551	open
EurovisionNim	2015-11-11	144.931598	-37.781697	open
EurovisionNim	2015-11-08 14:53	145.162525	-37.953402	open
EurovisionNim	2015-11-13	144.966765	-37.770014	open
EurovisionNim	2015-11-13	144.966651	-37.76999	open
EurovisionNim	2012-05-17 18:50	6.182245	48.695099	open
EurovisionNim	2012-04-28 14:05	6.183393	48.694926	open
EurovisionNim	2010-07-10 14:09	6.18431	48.693825	open
EurovisionNim	2010-04-10 15:42	6.181772	48.691675	open
EurovisionNim	2012-05-12 14:15	6.184744	48.636914	open
EurovisionNim	2012-05-17 18:33	6.182245	48.695099	open
EurovisionNim	2012-04-18 19:43	7.427111	43.739553	open
EurovisionNim	2012-07-12 16:58	6.183768	48.694735	open
EurovisionNim	2012-06-07 14:48	6.181123	48.690577	open
EurovisionNim	2012-11-18 12:32	6.061449	48.6987	open
EurovisionNim	2011-08-07 10:26	6.185828	48.691774	open
EurovisionNim	2012-04-19 18:11	7.427111	43.739553	open
EurovisionNim	2012-04-20 17:55	7.427111	43.739553	open
EurovisionNim	2013-06-01 15:03	6.178168	48.691512	open
EurovisionNim	2012-05-26 14:03	6.176113	48.689359	open
EurovisionNim	2012-03-25 12:00	6.195527	48.687404	open
EurovisionNim	2012-08-25 15:49	6.185436	48.686732	open
EurovisionNim	2010-06-23 15:14	6.177964	48.691895	open
EurovisionNim	2011-09-03 17:26	6.177781	48.689887	open
EurovisionNim	2012-04-18 19:44	7.427111	43.739553	open
EurovisionNim	2012-05-12 13:46	6.184208	48.637056	open
EurovisionNim	2012-04-18 19:53	7.427111	43.739553	open
EurovisionNim	2012-03-30 13:33	6.175925	48.691314	open
EurovisionNim	2013-03-31 10:20	6.061449	48.6987	open
EurovisionNim	2012-05-28 15:07	6.182373	48.69079	open
EurovisionNim	2012-10-27 14:00	6.18431	48.693825	open
EurovisionNim	2011-09-03 10:53	6.187759	48.692483	open
EurovisionNim	2012-04-21 15:36	7.430126	43.74184	open
EurovisionNim	2013-03-16 13:16	6.177116	48.694561	open
EurovisionNim	2012-06-09 16:03	6.184262	48.688509	open
EurovisionNim	2012-09-18 15:30	6.181386	48.692578	open
EurovisionNim	2013-11-08 14:59	6.131497	48.691293	open
EurovisionNim	2013-04-20 19:12	7.427111	43.739553	open
EurovisionNim	2013-03-31 09:52	6.061449	48.6987	open
EurovisionNim	2013-06-05 14:52	6.128547	48.694048	open
EurovisionNim	2012-04-21 17:25	7.430126	43.74184	open
EurovisionNim	2012-04-20 15:49	7.427111	43.739553	open
EurovisionNim	2013-05-09 13:25	6.178983	48.686671	open
EurovisionNim	2012-04-21 10:28	7.429869	43.740096	open
EurovisionNim	2012-04-18 18:02	7.427519	43.739088	open
EurovisionNim	2012-04-20 15:30	7.427111	43.739553	open
EurovisionNim	2012-04-18 19:27	7.427519	43.739088	open
EurovisionNim	2012-05-17 18:37	6.182245	48.695099	open
EurovisionNim	2012-11-18 12:30	6.061449	48.6987	open
EurovisionNim	2012-04-20 13:43	7.429965	43.741065	open
EurovisionNim	2012-09-23 10:05	6.061449	48.6987	open
EurovisionNim	2013-06-08 20:23	6.177116	48.694561	open
EurovisionNim	2013-06-16 13:26	6.183918	48.694706	open
EurovisionNim	2012-04-21 19:55	7.427111	43.739553	open
EurovisionNim	2013-10-09 16:09	6.19278	48.691725	open
EurovisionNim	2013-05-26 10:23	6.061749	48.701058	open
EurovisionNim	2012-02-21 15:12	6.131497	48.691293	open
EurovisionNim	2013-09-08 15:44	6.183918	48.694706	open
EurovisionNim	2013-04-21 17:08	7.427111	43.739553	open
EurovisionNim	2013-04-21 14:55	7.429761	43.741452	open
EurovisionNim	2012-04-19 15:42	7.430287	43.740669	open
EurovisionNim	2012-05-12 13:44	6.184208	48.637056	open
EurovisionNim	2012-04-19 18:52	7.427111	43.739553	open
EurovisionNim	2012-04-18 19:02	7.429665	43.740274	open
EurovisionNim	2013-03-20 10:53	6.178876	48.688516	open
EurovisionNim	2013-03-31 10:14	6.061449	48.6987	open
EurovisionNim	2012-01-10 14:56	6.180791	48.692433	open
EurovisionNim	2015-05-07 12:13	145.345001	-38.031005	open
EurovisionNim	2012-11-18 12:42	6.061449	48.6987	open
EurovisionNim	2011-11-06 11:29	6.174579	48.697263	open
EurovisionNim	2013-04-22 16:08	7.427111	43.739553	open
EurovisionNim	2012-04-20 16:01	7.427111	43.739553	open
EurovisionNim	2012-08-03 12:59	6.176258	48.690921	open
EurovisionNim	2012-10-18 16:26	6.183387	48.689359	open
EurovisionNim	2013-04-22 15:11	7.427798	43.739456	open
EurovisionNim	2012-04-20 15:15	7.430126	43.74184	open
EurovisionNim	2012-04-19 13:57	7.42768	43.739251	open
EurovisionNim	2012-05-17 19:16	6.182245	48.695099	open
EurovisionNim	2012-05-17 19:16	6.182245	48.695099	open
EurovisionNim	2013-01-11 13:59	6.246285	48.709856	open
EurovisionNim	2012-06-21 14:28	6.180968	48.696785	open
EurovisionNim	2013-03-23 15:40	6.180968	48.696785	open
EurovisionNim	2013-03-23 15:41	6.180968	48.696785	open
EurovisionNim	2012-12-26 16:32	6.181386	48.692578	open
EurovisionNim	2012-06-22 14:29	6.180646	48.692132	open
EurovisionNim	2013-04-21 18:07	7.431092	43.743615	open
EurovisionNim	2013-04-18 22:10	7.427519	43.739088	open
EurovisionNim	2013-07-14 11:58	6.180206	48.693757	open
EurovisionNim	2013-07-07 10:50	6.174579	48.697263	open
EurovisionNim	2013-02-02 16:37	6.175979	48.694664	open
EurovisionNim	2013-08-06 15:42	6.183918	48.694706	open
EurovisionNim	2013-04-22 15:15	7.427476	43.739964	open
EurovisionNim	2012-04-19 18:55	7.427111	43.739553	open
EurovisionNim	2010-08-01 10:54	6.174579	48.697263	open
EurovisionNim	2012-04-20 17:06	7.430287	43.740669	open
EurovisionNim	2012-11-18 10:10	6.061449	48.6987	open
EurovisionNim	2013-04-21 13:34	7.430287	43.740669	open
EurovisionNim	2009-07-11 15:23	6.172304	48.696887	open
EurovisionNim	2013-05-26 10:12	6.061749	48.701058	open
EurovisionNim	2013-04-20 17:47	7.430287	43.740669	open
EurovisionNim	2013-10-15 15:53	6.184347	48.695535	open
EurovisionNim	2015-11-13	144.992487	-37.778037	open
EurovisionNim	2015-11-13	144.980811	-37.782592	open
EurovisionNim	2015-11-13	144.979703	-37.785483	open
EurovisionNim	2015-11-13	144.980884	-37.783286	open
EurovisionNim	2015-11-13	144.980875	-37.783328	open
EurovisionNim	2015-11-13	144.981666	-37.781379	open
EurovisionNim	2015-11-13	144.98074	-37.784125	open
EurovisionNim	2015-12-07	144.984824	-37.778877	open
EurovisionNim	2015-12-07	144.967545	-37.784103	open
EurovisionNim	2015-12-07	144.964614	-37.780151	open
EurovisionNim	2015-12-07	144.964511	-37.780109	open
EurovisionNim	2015-12-07	144.9644	-37.780298	open
EurovisionNim	2015-12-07	144.96855	-37.781904	open
EurovisionNim	2015-12-07	144.984893	-37.778744	open
EurovisionNim	2015-12-07	144.984784	-37.778732	open
EurovisionNim	2015-12-07	144.967005	-37.782156	open
EurovisionNim	2015-12-07	144.969055	-37.781518	open
EurovisionNim	2015-12-07	144.968904	-37.781457	open
EurovisionNim	2015-12-07	144.968351	-37.783777	open
EurovisionNim	2015-12-19	144.953735	-37.830387	open
EurovisionNim	2013-06-17	24.09525	56.961683	open
EurovisionNim	2013-06-17	24.09525	56.961683	open
EurovisionNim	2012-03-25 17:08	-73.985302	40.748403	open
EurovisionNim	2013-07-23 12:27:23	20.13965277	40.07463055	open
EurovisionNim	2011-09-27 11:12	26.074354	44.44648	open
EurovisionNim	2012-04-20 13:42	7.429965	43.741065	open
EurovisionNim	2012-04-20 18:38	7.429665	43.740274	open
EurovisionNim	2010-09-23	151.127817	-34.0033944	open
EurovisionNim	2013-04-02 18:24	6.186928	48.685042	open
EurovisionNim	2013-04-02 18:24	6.186928	48.685042	open
EurovisionNim	2012-07-22 09:32	-116.452674	51.675429	open
EurovisionNim	2012-04-19 18:27	7.427111	43.739553	open
EurovisionNim	2012-04-19 17:00	7.429665	43.740274	open
EurovisionNim	2016-01-04	144.927585	-37.722726	open
EurovisionNim	2016-01-04	144.92755	-37.722821	open
EurovisionNim	2016-01-04	144.977675	-37.768032	open
EurovisionNim	2016-01-04	144.962237	-37.743029	open
EurovisionNim	2016-01-04	144.95613	-37.751229	open
EurovisionNim	2016-01-04	144.956025	-37.751199	open
EurovisionNim	2016-01-04	144.957744	-37.747309	open
EurovisionNim	2016-01-04	144.978649	-37.76542	open
EurovisionNim	2013-02-11 13:35	151.21179389	-33.88164861	open
EurovisionNim	2012-03-20 13:04	6.18438	48.691565	open
EurovisionNim	2012-10-26	151.200012	-33.875839	open
EurovisionNim	2012-10-26	151.200012	-33.875839	open
EurovisionNim	2012-10-26	151.200012	-33.875839	open
EurovisionNim	2014-03-29 17:35	-71.235694	-34.988536	open
EurovisionNim	2014-06-15 16:36	151.43683833	-33.47142944	open
EurovisionNim	2011-03-05 13:04	-79.545747	43.637173	open
EurovisionNim	2013-09-22 15:58	144.74866	-36.123273	open
EurovisionNim	2014-10-02 13:52	5.641458	52.049864	open
EurovisionNim	2014-11-15 17:58	151.32715056	-33.48423194	open
EurovisionNim	2014-11-15 17:25	151.32553306	-33.48730444	open
EurovisionNim	2013-03-01 16:55	1.071445	49.9248	open
EurovisionNim	2010-07-10 15:36	-6.256263	53.343826	open
EurovisionNim	2013-03-31 15:13	-6.262689	53.342013	open
EurovisionNim	2016-01-04	144.929028	-37.719658	open
EurovisionNim	2012-02-04 08:07	172.557578	-43.510183	open
EurovisionNim	2015-05-26 16:01	145.090684	-37.88281	open
EurovisionNim	2014-04-06 11:00	145.197908	-37.985627	open
EurovisionNim	2015-05-29	145.016211	-37.761951	open
EurovisionNim	2015-05-29	145.015548	-37.763956	open
EurovisionNim	2015-05-29	145.007965	-37.770051	open
EurovisionNim	2015-06-03	145.0007	-37.779318	open
EurovisionNim	2015-06-08	144.984633	-37.789248	open
EurovisionNim	2015-06-08	144.995732	-37.783036	open
EurovisionNim	2015-06-15	144.997379	-37.778667	open
EurovisionNim	2015-06-15	144.986899	-37.786056	open
EurovisionNim	2015-06-18	144.979925	-37.777382	open
EurovisionNim	2015-06-25	145.013512	-37.78097	open
EurovisionNim	2015-06-27	144.993134	-37.923325	open
EurovisionNim	2015-07-03	145.04313	-37.770082	open
EurovisionNim	2015-07-03	145.048106	-37.764541	open
EurovisionNim	2015-07-03	145.048395	-37.762547	open
EurovisionNim	2015-07-03	145.034184	-37.782003	open
EurovisionNim	2015-07-03	145.049895	-37.761037	open
EurovisionNim	2015-07-03	145.031037	-37.781915	open
EurovisionNim	2015-07-03	145.035323	-37.783792	open
EurovisionNim	2015-07-03	145.046501	-37.761835	open
EurovisionNim	2015-07-03	145.0485	-37.759401	open
EurovisionNim	2015-07-03	145.048525	-37.759468	open
EurovisionNim	2015-07-03	145.02941	-37.777263	open
EurovisionNim	2015-07-03	145.046425	-37.76199	open
EurovisionNim	2015-07-03	145.046633	-37.772621	open
EurovisionNim	2015-07-03	145.046607	-37.77268	open
EurovisionNim	2015-07-03	145.034845	-37.785125	open
EurovisionNim	2015-07-03	145.038937	-37.777305	open
EurovisionNim	2015-07-03	145.039032	-37.777326	open
EurovisionNim	2015-07-03	145.050997	-37.76409	open
EurovisionNim	2015-07-06	144.982306	-37.803146	open
EurovisionNim	2015-07-06	144.976447	-37.799104	open
EurovisionNim	2015-07-09	145.053235	-37.807224	open
EurovisionNim	2015-07-09	145.053321	-37.807318	open
EurovisionNim	2015-07-09	145.052548	-37.8025	open
EurovisionNim	2015-07-09	145.046358	-37.807965	open
EurovisionNim	2015-07-09	145.054809	-37.805804	open
EurovisionNim	2015-07-09	145.0465	-37.807227	open
EurovisionNim	2015-07-09	145.051609	-37.815329	open
EurovisionNim	2015-07-09	145.051571	-37.81543	open
EurovisionNim	2015-07-14	144.978753	-37.76335	open
EurovisionNim	2015-07-14	144.975596	-37.78641	open
EurovisionNim	2015-07-14	144.975831	-37.786514	open
EurovisionNim	2015-07-14	144.976127	-37.784752	open
EurovisionNim	2015-07-14	144.969825	-37.752825	open
EurovisionNim	2015-07-14	144.977819	-37.772997	open
EurovisionNim	2015-07-15	144.999665	-37.756798	open
EurovisionNim	2015-07-15	144.994258	-37.774865	open
EurovisionNim	2015-07-15	144.993362	-37.753379	open
EurovisionNim	2015-07-15	144.98626	-37.757361	open
EurovisionNim	2015-07-16	144.946256	-37.808864	open
EurovisionNim	2015-07-16	144.985923	-37.794844	open
EurovisionNim	2015-07-16	144.94767	-37.807887	open
EurovisionNim	2015-07-16	144.946361	-37.809322	open
EurovisionNim	2015-07-16	144.946416	-37.809403	open
EurovisionNim	2015-07-25	144.972934	-37.811072	open
EurovisionNim	2015-08-02	144.367589	-38.150521	open
EurovisionNim	2015-08-07	145.064535	-37.80452	open
EurovisionNim	2015-08-07	145.148569	-37.786879	open
EurovisionNim	2015-08-07	145.05367	-37.801972	open
EurovisionNim	2015-08-07	145.155064	-37.792678	open
EurovisionNim	2015-08-07	145.144003	-37.795958	open
EurovisionNim	2015-08-07	145.139956	-37.780937	open
EurovisionNim	2015-08-07	145.073277	-37.810015	open
EurovisionNim	2015-08-07	145.053933	-37.80368	open
EurovisionNim	2015-10-10	144.997902	-37.800581	open
EurovisionNim	2015-11-11	144.95147	-37.771096	open
EurovisionNim	2015-11-11	144.943091	-37.77327	open
EurovisionNim	2015-11-11	144.956901	-37.77325	open
EurovisionNim	2015-11-11	144.956962	-37.773391	open
EurovisionNim	2015-11-11	144.954739	-37.771483	open
EurovisionNim	2015-11-13	144.972575	-37.771748	open
EurovisionNim	2015-11-13	144.968434	-37.77159	open
EurovisionNim	2016-01-04	144.957905	-37.746417	open
EurovisionNim	2016-01-04	144.957945	-37.746289	open
EurovisionNim	2016-01-04	144.949327	-37.734996	open
EurovisionNim	2016-01-04	144.97759	-37.76803	open
EurovisionNim	2016-01-04	144.942209	-37.724208	open
EurovisionNim	2016-01-04	144.960469	-37.738781	open
EurovisionNim	2016-01-04	144.960614	-37.738798	open
EurovisionNim	2016-01-04	144.940872	-37.723877	open
EurovisionNim	2016-01-04	144.94039	-37.727508	open
EurovisionNim	2012-06-22 19:44	6.185828	48.691774	open
EurovisionNim	2013-04-18 18:02	7.427519	43.739088	open
EurovisionNim	2013-04-18 18:03	7.427519	43.739088	open
EurovisionNim	2012-04-20 12:18	7.429665	43.740274	open
EurovisionNim	2016-01-04	144.930224	-37.726029	open
EurovisionNim	2016-01-04	144.930216	-37.72607	open
EurovisionNim	2016-01-04	144.930424	-37.725021	open
EurovisionNim	2016-01-04	144.951619	-37.726224	open
EurovisionNim	2016-01-04	144.951602	-37.726334	open
EurovisionNim	2016-01-04	144.928937	-37.716843	open
EurovisionNim	2016-01-04	144.928919	-37.716941	open
EurovisionNim	2012-06-29 17:41	6.181772	48.691675	open
EurovisionNim	2016-01-04	144.924949	-37.7229	open
EurovisionNim	2016-01-04	144.961684	-37.749239	open
EurovisionNim	2016-01-04	144.955164	-37.751265	open
EurovisionNim	2016-01-04	144.955139	-37.751411	open
EurovisionNim	2016-01-04	144.94894	-37.760978	open
EurovisionNim	2016-01-04	144.949046	-37.760996	open
EurovisionNim	2016-01-04	144.950251	-37.729293	open
EurovisionNim	2016-01-04	144.950412	-37.729248	open
EurovisionNim	2016-01-04	144.960368	-37.741402	open
EurovisionNim	2016-01-04	144.960356	-37.74147	open
EurovisionNim	2013-03-31 10:07	6.061449	48.6987	open
EurovisionNim	2015-01-10 15:54	151.31343472	-33.46056806	open
EurovisionNim	2014-12-29 13:52:42	118.207	-30.9145	open
EurovisionNim	2012-06-30 14:22	6.225814	48.691576	open
EurovisionNim	2013-03-16 13:28	6.177116	48.694561	open
EurovisionNim	2012-04-21 14:10	7.427519	43.739088	open
EurovisionNim	2012-03-20 13:04	6.18438	48.691565	open
EurovisionNim	2012-07-13 15:07	6.182819	48.692968	open
EurovisionNim	2013-08-12 15:38	6.183918	48.694706	open
EurovisionNim	2013-05-26 10:39	6.061749	48.701058	open
EurovisionNim	2012-08-12 13:53	6.175292	48.690886	open
EurovisionNim	2012-04-19 18:56	7.427111	43.739553	open
EurovisionNim	2012-09-08 10:48	6.184932	48.692086	open
EurovisionNim	2012-04-20 11:57	7.429665	43.740274	open
EurovisionNim	2013-02-02 13:15:18	6.95868954	50.93816543	open
EurovisionNim	2012-12-15 15:52	6.177964	48.691895	open
EurovisionNim	2013-04-19 12:05	7.429665	43.740274	open
EurovisionNim	2012-12-30 10:52	6.183387	48.689359	open
EurovisionNim	2013-08-10 15:38	6.183918	48.694706	open
EurovisionNim	2015-05-26 16:01	145.090684	-37.88281	open
EurovisionNim	2012-04-19 14:03	7.427819	43.740561	open
EurovisionNim	2012-04-19 14:03	7.427819	43.740561	open
EurovisionNim	2012-04-21 15:00	7.430287	43.740669	open
EurovisionNim	2013-02-03 12:17	6.174579	48.697263	open
EurovisionNim	2012-02-21 15:13	6.130655	48.691413	open
EurovisionNim	2011-10-30 10:40	6.183274	48.681756	open
EurovisionNim	2014-08-12 16:32	5.385532	52.173694	open
EurovisionNim	2012-04-20 16:45	7.427798	43.739456	open
EurovisionNim	2013-05-05 11:16	6.174579	48.697263	open
EurovisionNim	2016-11-27T05:03:40Z	116.03294849	-31.84546053	open
EurovisionNim	2012-04-18 19:22	7.429869	43.740096	open
EurovisionNim	2012-04-18 19:29	7.427519	43.739088	open
EurovisionNim	2011-12-31	149.067475	-35.415563	open
EurovisionNim	2015-07-03	145.030643	-37.778171	open
EurovisionNim	2012-08-13 21:54:41	-122.4178	37.8022	open
EurovisionNim	2013-06-23 15:47	6.178972	48.696222	open
EurovisionNim	2013-06-23 15:47	6.178972	48.696222	open
EurovisionNim	2015-02-24 19:50:37	153.0303	-27.4722	open
EurovisionNim	2016-01-04	144.956545	-37.738381	open
EurovisionNim	2009-06-21 14:48	2.311238	48.872555	open
EurovisionNim	2012-04-20 15:10	7.430126	43.74184	open
EurovisionNim	2012-08-03 12:59	6.176258	48.690921	open
EurovisionNim	2013-06-01 15:03	6.178168	48.691512	open
EurovisionNim	2012-10-26	151.200012	-33.875839	open
EurovisionNim	2015-07-18 16:42	-71.239106	-34.984704	open
EurovisionNim	2012-10-26	151.200012	-33.875839	open
EurovisionNim	2012-04-19 13:57	7.427519	43.739088	open
EurovisionNim	2012-03-06 12:11	6.179289	48.691877	open
EurovisionNim	2011-11-18 17:12	-71.233999	-34.983772	open
EurovisionNim	2013-01-02 15:32	6.181772	48.691675	open
EurovisionNim	2012-04-18 19:36	7.427111	43.739553	open
EurovisionNim	2012-04-18 19:36	7.427111	43.739553	open
EurovisionNim	2013-03-13 14:46	6.177781	48.689887	open
EurovisionNim	"23 June 2015 (according to <span lang=""en"" dir=""ltr""><a href=""https://en.wikipedia.org/wiki/Exif"" class=""extiw"" title=""en:Exif"">Exif</a></span> data)"	-94.16182778	36.06654444	open
EurovisionNim	2011-08-21 14:18	150.868377	-33.803899	open
EurovisionNim	2012-12-24 14:55	6.184932	48.692086	open
EurovisionNim	2015-07-14	144.970084	-37.742329	open
EurovisionNim	2015-05-29	145.00402	-37.777359	open
EurovisionNim	Taken on 1 September 2007	151.102282	-33.910591	open
EurovisionNim	2012-05-23 16:24	6.183768	48.694735	open
EurovisionNim	2013-05-26 09:50	6.061749	48.701058	open
EurovisionNim	2011-01-21 12:46	-3.810009	43.461498	open
EurovisionNim	2015-06-27	144.948959	-37.828873	open
EurovisionNim	2013-09-14 16:17	6.18321	48.692568	open
EurovisionNim	2012-04-20 16:26	7.429665	43.740274	open
EurovisionNim	2012-04-01 13:59	6.183768	48.694735	open
EurovisionNim	2016-01-04	144.948552	-37.725721	open
EurovisionNim	2012-11-18 12:29	6.061449	48.6987	open
EurovisionNim	2013-05-14 16:20	6.182373	48.69079	open
EurovisionNim	2014-07-10 12:38:00	151.193894	-33.821535	open
EurovisionNim	2016-03-29 04:29	151.205692	-33.884485	open
EurovisionNim	2014-07-10 12:38:00	151.193894	-33.821535	open
EurovisionNim	2016-03-29 05:20	151.205692	-33.884485	open
EurovisionNim	2015-06-15	144.993584	-37.784813	open
EurovisionNim	2015-08-07	145.12837	-37.79047	open
EurovisionNim	2007-03-13 14:28	145.036847	-37.821984	open
EurovisionNim	2010-12-03 13:47	151.210477	-33.869288	open
EurovisionNim	2014-05-17 11:49	14.850319	45.101255	open
EurovisionNim	2013-09-28 17:22	138.506997	-34.844189	open
EurovisionNim	2013-02-24 16:30	-73.984006	40.680994	open
EurovisionNim	2015-06-27	144.948959	-37.828873	open
EurovisionNim	2012-03-26 18:40	-73.987072	40.753962	open
EurovisionNim	2014-07-02 21:35:55	-122.320555	49.088888	open
EurovisionNim	2012-09-10 09:55	6.185152	48.682099	open
EurovisionNim	2013-05-05 15:58	6.182373	48.69079	open
EurovisionNim	2009-10-23 08:58	116.093215	5.951838	open
EurovisionNim	2012-04-21 18:54	7.427111	43.739553	open
EurovisionNim	2012-04-21 12:04	7.421178	43.735638	open
EurovisionNim	2015-05-29	145.014857	-37.777961	open
EurovisionNim	2011-01-08 13:51	-84.184112	9.921507	open
EurovisionNim	2014-05-22 16:58	120.954258	14.300742	open
EurovisionNim	2015-06-25	145.014386	-37.781563	open
EurovisionNim	2010-06-10 17:10	-79.482768	43.68829	open
EurovisionNim	2015-06-27	144.988892	-37.926792	open
EurovisionNim	2015-03-09 14:23	-81.517374	41.08134	open
EurovisionNim	2012-09-29 14:48	6.180968	48.696785	open
EurovisionNim	2013-08-03 15:55	6.186214	48.691831	open
EurovisionNim	2012-01-27 14:52	6.181123	48.690577	open
EurovisionNim	2010-05-08 16:34	6.183907	48.688885	open
EurovisionNim	2012-04-20 12:03	7.429665	43.740274	open
EurovisionNim	2010-07-15 13:50	6.17946	48.686275	open
EurovisionNim	2013-07-13	151.006401	-33.732022	open
EurovisionNim	2011-06-18 08:53	-93.225023	44.063289	open
EurovisionNim	"8 February 2017 (according to <span lang=""en"" dir=""ltr""><a href=""https://en.wikipedia.org/wiki/Exif"" class=""extiw"" title=""en:Exif"">Exif</a></span> data)"	10.11276911	48.0983505	open
EurovisionNim	2013-06-16 13:24	6.183918	48.694706	open
EurovisionNim	2012-05-19 17:57	-94.940011	45.292061	open
EurovisionNim	2016-12-11 16:39	151.32164222	-33.48745833	open
EurovisionNim	2016-12-11 16:39	151.32164222	-33.48745833	open
EurovisionNim	2013-03-07 12:58	24.087875	57.003981	open
EurovisionNim	2010-10-28 07:53	85.83985	20.269282	open
EurovisionNim	2010-12-12 19:19	153.430783	-28.031606	open
EurovisionNim	2017-04-28 08:26:39	115.771897	-31.980739	open
EurovisionNim	Taken on 6 January 2008, 02:11	144.979003	-37.798389	open
EurovisionNim	2008-08-02 13:51	-122.130088	47.696514	open
EurovisionNim	2015-12-18 11:59	103.702933	1.340928	open
EurovisionNim	2015-11-02 14:46	103.856259	1.303398	open
EurovisionNim	2014-04-15 13:43:11	147.33575556	-42.88157222	open
EurovisionNim	2015-01-03 15:54	-3.75655	56.019794	open
EurovisionNim	2016-04-11 03:16	144.969749	-37.817137	open
EurovisionNim	2017-04-22 15:32	176.96685	-37.95347	open
EurovisionNim	2017-04-22 15:32	176.96685	-37.95347	open
EurovisionNim	2014-01-08 06:50	-0.453044	51.473049	open
EurovisionNim	2017-06-08 12:32:38	115.185699	-8.843386	open
EurovisionNim	2017-05-26 10:32:46	112.627693	-7.991911	open
EurovisionNim	2010-11-11	151.19966667	-33.8705	open
EurovisionNim	2014-04-13	151.09397778	-33.87151389	open
EurovisionNim	2016-04-28 16:44:23	8.8235	53.07305556	open
EurovisionNim	2015-07-03	145.013518	-37.776683	open
EurovisionNim	2016-07-22 15:01	6.178672	48.696317	open
EurovisionNim	2016-07-31 14:08	6.183435	48.692093	open
EurovisionNim	2016-07-31 14:09	6.183435	48.692093	open
EurovisionNim	2016-10-28 15:52	6.180201	48.685234	open
EurovisionNim	2016-03-21 14:25	6.181075	48.686101	open
EurovisionNim	2015-08-10 15:57	6.145314	46.213414	open
EurovisionNim	2017-07-01 09:28	8.568391	49.329373	open
EurovisionNim	2017-06-22 11:10	6.184154	48.694643	open
EurovisionNim	2016-12-29 10:19	6.128547	48.694048	open
EurovisionNim	2016-09-18 10:31	6.265919	48.471071	open
EurovisionNim	2016-01-09 14:55	6.182802	48.694975	open
EurovisionNim	2017-07-23 10:39	6.184154	48.694643	open
EurovisionNim	2017-07-19 10:42	6.184154	48.694643	open
EurovisionNim	2016-02-06 10:35	6.181772	48.691675	open
EurovisionNim	2017-08-26 14:35	6.281143	49.500771	open
EurovisionNim	2016-04-21 16:31	6.18336	48.683615	open
EurovisionNim	2015-06-14 19:08	6.183435	48.692093	open
EurovisionNim	2015-03-01 09:41	-82.679778	27.815133	open
EurovisionNim	2015-04-03 14:38	6.177111	48.691257	open
EurovisionNim	2013-03-30 17:33	6.184444	48.702942	open
EurovisionNim	2017-09-17 15:48:52	150.907001	-33.768983	open
EurovisionNim	2012-09-09 13:16:07	-1.81116667	54.12405556	open
EurovisionNim	2010-06-19 23:52	170.20586	-45.632525	open
EurovisionNim	2009-05-11	-0.374506	53.739869	open
EurovisionNim	2017-01-18 13:55	-105.242437	35.513586	open
EurovisionNim	2017-01-18 13:55	-105.242437	35.513586	open
EurovisionNim	2015-07-26	144.972646	-37.810553	open
EurovisionNim	2015-07-24	145.016531	-37.816562	open
EurovisionNim	2009-12-30 16:35	4.893894	52.372501	open
EurovisionNim	2008-03-01 07:32	-93.322591	44.994061	open
EurovisionNim	2011-08-05 17:03	-71.234536	-34.983719	open
EurovisionNim	2012-10-26	151.200012	-33.875839	open
EurovisionNim	2017-06-04	24.935022	60.17209	open
EurovisionNim	2013-09-03 13:21	5.658531	52.02396	open
EurovisionNim	2012-11-05 11:45	-2.459628	53.757858	open
EurovisionNim	2015-07-24	145.006366	-37.80113	open
EurovisionNim	2015-07-24	145.049983	-37.821574	open
EurovisionNim	2017-05-30 14:44:46	112.685959	-7.282567	open
EurovisionNim	2009-08-11	103.74421944	1.38653333	open
EurovisionNim	2013-07-06 14:01:59	153.02366667	-27.46933333	open
EurovisionNim	2015-06-03	144.996692	-37.778367	open
EurovisionNim	2011-08-06 12:50	6.182271	48.695514	open
EurovisionNim	2012-04-20 17:33	7.427111	43.739553	open
EurovisionNim	2012-09-29 16:14	6.180968	48.696785	open
EurovisionNim	Taken on 29 June 2017, 13:36:06	-73.717696	40.781635	open
EurovisionNim	2014-08-14 14:29:03	24.74502333	59.43939333	open
EurovisionNim	2015-05-29	145.014604	-37.763869	open
EurovisionNim	2012-10-26	151.200012	-33.875839	open
EurovisionNim	"9 September 2013, 13:26:12 (<a href=""https://en.wikipedia.org/wiki/Eastern_Time_Zone"" class=""extiw"" title=""en:Eastern Time Zone"">EDT</a>)"	-77.25745	39.175339	open
EurovisionNim	2018-01-23 12:24:04	115.745644	-32.052089	open
EurovisionNim	2018-02-19 07:49:40	115.745614	-32.052053	open
EurovisionNim	2018-02-19 12:28:12	115.745894	-32.053331	open
EurovisionNim	2018-02-19 12:28:25	115.745864	-32.053239	open
EurovisionNim	2018-02-19 12:37:28	115.746558	-32.050975	open
EurovisionNim	2014-09-25 08:51	151.20656306	-33.88129556	open
EurovisionNim	2015-09-05	7.19079444	51.26673611	open
EurovisionNim	2018-03-07 08:59:58	115.745353	-32.052667	open
EurovisionNim	2018-03-07 08:59:58	115.745353	-32.052667	open
EurovisionNim	2018-03-07 09:08:57	115.7436	-32.056683	open
EurovisionNim	2018-03-07 09:08:41	115.7436	-32.056683	open
EurovisionNim	2018-03-09 10:14:43	115.744553	-32.052922	open
EurovisionNim	2018-03-09 10:14:56	115.744597	-32.052886	open
EurovisionNim	2018-03-09 10:15:06	115.744561	-32.052925	open
EurovisionNim	2018-03-09 10:12:16	115.744964	-32.054889	open
EurovisionNim	2018-03-09 10:12:31	115.744942	-32.05465	open
EurovisionNim	2018-03-09 10:17:06	115.745864	-32.052067	open
EurovisionNim	2018-02-20 12:33:27	115.745864	-32.052008	open
EurovisionNim	2018-03-12 13:12:34	115.745828	-32.053997	open
EurovisionNim	2018-03-12 14:24:24	115.745828	-32.052025	open
EurovisionNim	2018-03-13 11:08:12	115.744714	-32.054233	open
EurovisionNim	2018-03-13 11:08:25	115.744789	-32.054408	open
EurovisionNim	2018-03-14 08:37:35	115.745369	-32.052597	open
EurovisionNim	2018-03-15 12:05:54	115.744881	-32.054989	open
EurovisionNim	2018-03-13 13:29:43	115.743233	-32.055039	open
EurovisionNim	2018-03-20 13:32:13	115.744744	-32.053506	open
EurovisionNim	2018-03-20 13:32:02	115.744628	-32.053453	open
EurovisionNim	2018-03-20 13:32:52	115.744531	-32.053294	open
EurovisionNim	2018-03-20 13:34:03	115.745078	-32.052722	open
EurovisionNim	2018-03-20 13:33:50	115.744981	-32.052792	open
EurovisionNim	2018-03-20 13:30:42	115.744736	-32.054028	open
EurovisionNim	2018-03-20 13:30:51	115.744881	-32.054086	open
EurovisionNim	2018-03-21 09:10:39	115.743447	-32.056778	open
EurovisionNim	2018-03-22 13:19:03	115.743797	-32.056664	open
EurovisionNim	2018-03-22 13:20:42	115.743575	-32.056683	open
EurovisionNim	2018-03-22 13:05:50	115.745156	-32.054742	open
EurovisionNim	2018-03-22 13:09:51	115.744461	-32.056408	open
EurovisionNim	2018-03-22 13:04:51	115.745567	-32.054833	open
EurovisionNim	2018-03-22 13:04:30	115.745606	-32.054736	open
EurovisionNim	2018-03-22 11:02:34	115.744781	-32.052844	open
EurovisionNim	2018-03-23 12:26:46	115.746636	-32.05495	open
EurovisionNim	2018-03-26 12:00:18	115.745597	-32.0521	open
EurovisionNim	2018-03-26 12:05:02	115.744767	-32.054069	open
EurovisionNim	2018-03-26 12:05:16	115.744758	-32.054267	open
EurovisionNim	2018-03-26 12:03:51	115.744583	-32.053475	open
EurovisionNim	2018-03-26 12:03:42	115.744592	-32.053372	open
EurovisionNim	2018-03-26 14:21:42	115.744339	-32.053325	open
EurovisionNim	2018-03-27 10:28:48	115.743606	-32.055386	open
EurovisionNim	2018-03-27 10:28:37	115.743592	-32.055481	open
EurovisionNim	2018-03-26 14:21:04	115.744506	-32.053658	open
EurovisionNim	2018-03-26 14:20:50	115.744506	-32.053433	open
EurovisionNim	2018-03-27 10:23:33	115.744278	-32.053383	open
EurovisionNim	2018-03-27 10:23:22	115.744278	-32.053325	open
EurovisionNim	2018-03-28 08:50:38	115.744797	-32.054517	open
EurovisionNim	2018-03-28 08:50:49	115.744758	-32.054475	open
EurovisionNim	2018-03-28 13:54:25	115.745767	-32.053028	open
EurovisionNim	2018-03-28 13:54:16	115.745781	-32.053047	open
EurovisionNim	2016-08-25 18:08:55	50.596389	26.241667	open
EurovisionNim	2015-05-29	145.008082	-37.777299	open
EurovisionNim	2015-08-07	145.13142	-37.807924	open
EurovisionNim	2016-08-25 18:08:55	50.596389	26.241667	open
EurovisionNim	2018-04-09 12:32:19	115.745706	-32.053106	open
EurovisionNim	2018-04-09 12:32:30	115.745606	-32.053211	open
EurovisionNim	2018-04-09 14:35:29	115.745903	-32.051781	open
EurovisionNim	2018-04-09 12:34:30	115.7445	-32.053919	open
EurovisionNim	2018-04-09 12:34:44	115.744567	-32.054017	open
EurovisionNim	2018-04-10 12:26:27	115.745994	-32.051739	open
EurovisionNim	2018-04-13 07:50:34	115.744408	-32.053603	open
EurovisionNim	2018-04-13 07:50:21	115.744378	-32.053478	open
EurovisionNim	2018-04-16 12:27:37	115.743247	-32.055142	open
EurovisionNim	2018-04-16 12:27:52	115.743033	-32.055022	open
EurovisionNim	2018-04-17 10:15:31	115.744775	-32.053367	open
EurovisionNim	2018-04-17 10:15:19	115.744544	-32.053422	open
EurovisionNim	2018-04-12 13:06:10	121.190828	31.280375	open
EurovisionNim	2018-04-24 09:40:36	115.743194	-32.055242	open
EurovisionNim	2018-04-24 09:40:46	115.743172	-32.055206	open
EurovisionNim	2018-04-24 09:40:04	115.743203	-32.055325	open
EurovisionNim	2018-04-24 12:42:07	115.747994	-32.050686	open
EurovisionNim	2018-04-24 12:41:52	115.748008	-32.050728	open
EurovisionNim	2018-04-24 09:36:01	115.744575	-32.054192	open
EurovisionNim	2018-04-24 09:35:42	115.744653	-32.053958	open
EurovisionNim	2018-04-24 13:06:16	115.747672	-32.053875	open
EurovisionNim	2018-04-24 09:36:43	115.744911	-32.054172	open
EurovisionNim	2018-04-24 09:36:32	115.744872	-32.054158	open
EurovisionNim	2018-04-24 13:05:25	115.747842	-32.053519	open
EurovisionNim	2018-05-02 09:01:37	115.745536	-32.052056	open
EurovisionNim	2018-05-02 09:05:47	115.744689	-32.054092	open
EurovisionNim	2018-05-02 09:05:39	115.744514	-32.053978	open
EurovisionNim	2018-05-02 11:23:22	115.744392	-32.053294	open
EurovisionNim	2018-05-02 11:23:06	115.744431	-32.053378	open
EurovisionNim	2018-05-05 13:26:39	115.852272	-31.956189	open
EurovisionNim	2018-05-05 13:43:42	115.849189	-31.957486	open
EurovisionNim	2015-01-09 11:21	-74.004646	40.680524	open
EurovisionNim	2018-05-16 08:58:50	115.746222	-32.051278	open
EurovisionNim	2018-05-16 08:59:18	115.746392	-32.051103	open
EurovisionNim	2012-10-08 09:26	-80.13432	25.796027	open
EurovisionNim	Taken on 12 January 2014, 12:52:45	-82.12386111	30.26337778	open
EurovisionNim	2018-05-25 09:47:59	115.744592	-32.052914	open
EurovisionNim	2018-05-25 09:47:43	115.744575	-32.052933	open
EurovisionNim	2018-05-25 09:44:02	115.74405	-32.054958	open
EurovisionNim	2018-05-25 09:43:44	115.744147	-32.055081	open
EurovisionNim	2018-05-25 09:47:49	115.744553	-32.052942	open
EurovisionNim	2018-05-25 09:47:34	115.744567	-32.052964	open
EurovisionNim	2018-05-24 12:03:43	115.744331	-32.053264	open
EurovisionNim	2018-05-24 12:03:52	115.744325	-32.053317	open
EurovisionNim	2013-05-02 14:58:05	-1.19330556	52.93980556	open
EurovisionNim	2012-09-29 16:02	6.180968	48.696785	open
EurovisionNim	2018-06-05 09:16:04	115.743247	-32.056675	open
EurovisionNim	2018-06-05 09:15:56	115.743242	-32.0566	open
EurovisionNim	2018-03-26 12:01:48	115.745697	-32.052933	open
EurovisionNim	2018-03-03 11:28:31	121.160142	31.287219	open
EurovisionNim	2018-06-05 10:46:40	115.743256	-32.055181	open
EurovisionNim	2018-06-05 10:46:24	115.743294	-32.055286	open
EurovisionNim	2018-03-23 08:07:31	115.745261	-32.053078	open
EurovisionNim	2018-06-06 10:54:19	115.743272	-32.055233	open
EurovisionNim	2018-06-06 10:54:28	115.743272	-32.055156	open
EurovisionNim	2015-05-29	145.006431	-37.772732	open
EurovisionNim	2018-06-06 10:58:04	115.744475	-32.053017	open
EurovisionNim	2018-06-06 10:58:12	115.744439	-32.053036	open
EurovisionNim	2018-06-12 12:31:59	115.7444	-32.053556	open
EurovisionNim	2018-06-12 12:31:47	115.744294	-32.053608	open
EurovisionNim	2018-06-12 12:33:35	115.744842	-32.054742	open
EurovisionNim	2018-06-12 12:33:19	115.744806	-32.054567	open
EurovisionNim	2015-05-29	145.01835	-37.770231	open
EurovisionNim	2015-06-27	144.988922	-37.926708	open
EurovisionNim	2018-05-23	6.12736111	49.6095	open
EurovisionNim	2018-03-22 11:01:47	115.744981	-32.052792	open
EurovisionNim	2018-03-22 11:01:57	115.745017	-32.052764	open
EurovisionNim	2012-10-26	151.200012	-33.875839	open
EurovisionNim	2017-07-19 19:35:49	35.009975	32.763067	open
EurovisionNim	2017-06-09 10:23:05	20.910961	44.013036	open
EurovisionNim	2014-03-17 17:44	5.40332	52.159954	open
EurovisionNim	2009-05-27	147.370184	-35.109717	open
EurovisionNim	2017-06-17 08:18:01	115.776992	-31.984892	open
EurovisionNim	2015-11-11	144.932588	-37.784057	open
EurovisionNim	2011-07-17	151.201828	-33.77533	open
EurovisionNim	2009-08-08	149.128466	-35.277623	open
EurovisionNim	2011-10-31	151.203171	-33.856705	open
EurovisionNim	2013-12-27 15:28:41	101.71112778	3.15935	open
EurovisionNim	2017-09-01 14:52:40	115.773125	-31.98038889	open
EurovisionNim	2018-03-13 14:08:56	115.794875	-31.979575	open
EurovisionNim	2018-03-22 13:09:27	115.7445	-32.056275	open
EurovisionNim	2018-03-26 14:21:31	115.744347	-32.053467	open
EurovisionNim	2013-08-17 19:24	-118.22736	34.034574	open
EurovisionNim	2016-01-04	144.956494	-37.749056	open
EurovisionNim	2015-11-25 16:55:04	-80.039725	26.70103333	open
EurovisionNim	2018-07-30 13:08:14	115.744461	-32.052217	open
EurovisionNim	2013-07-20 14:32	-92.859009	45.009952	open
EurovisionNim	2018-04-12 12:02:41	115.744628	-32.054236	open
EurovisionNim	2018-08-13 11:41:39	115.74475	-32.056564	open
EurovisionNim	2018-08-13 11:41:27	115.744728	-32.056478	open
EurovisionNim	2018-08-13 12:13:21	115.745667	-32.052697	open
EurovisionNim	2018-08-13 12:13:08	115.745828	-32.053261	open
EurovisionNim	2018-08-17 14:25:07	115.744408	-32.055806	open
EurovisionNim	2018-08-13 11:42:06	115.744583	-32.056836	open
EurovisionNim	2018-08-13 11:42:24	115.744531	-32.056942	open
EurovisionNim	2018-08-20 13:39:58	115.744331	-32.0587	open
EurovisionNim	2018-08-20 13:45:16	115.743706	-32.056703	open
EurovisionNim	2018-08-20 14:02:19	115.743544	-32.056103	open
EurovisionNim	2018-08-20 14:02:08	115.743767	-32.057164	open
EurovisionNim	2018-08-20 14:02:28	115.743544	-32.056028	open
EurovisionNim	2014-03-02 16:07	5.345739	51.971193	open
EurovisionNim	2018-08-24 11:45:37	115.7436	-32.056289	open
EurovisionNim	2018-08-24 11:45:57	115.743631	-32.056297	open
EurovisionNim	2018-08-31 12:10:39	115.744392	-32.055683	open
EurovisionNim	2018-08-31 12:10:30	115.744331	-32.055836	open
EurovisionNim	2015-07-14	144.970046	-37.742415	open
