pageid	user	userid	upload_timestamp	datetimeoriginal
130578666	Quynhnga62	12104919	2023-04-10T08:18:15Z	2023-04-10
140698771	Technetium 99m	9907264	2023-11-13T07:35:28Z	2017:12:12 19:00:00
140698774	Technetium 99m	9907264	2023-11-13T07:35:30Z	2017:12:12 19:00:00
140698780	Technetium 99m	9907264	2023-11-13T07:35:34Z	2017:12:12 19:00:00
140698783	Technetium 99m	9907264	2023-11-13T07:35:36Z	2017:12:12 19:00:00
149853116	Thplam2004	10835916	2024-06-30T12:45:53Z	2024-06-30
149859016	Thplam2004	10835916	2024-06-30T14:43:33Z	2024-06-30
152317889	Logusmonkey	13234840	2024-09-07T09:01:07Z	1935
153993458	SteinsplitterBot	3714013	2026-05-10T06:00:11Z	2005-10-12 07:54:52
155315719	Nopenope 30	13407713	2024-11-18T16:17:05Z	2024-11-18
157099817	Kawaguchiii	13481142	2024-12-25T17:28:50Z	2024:12:05 13:52:27
157249460	Jack (Roblox)	10873328	2024-12-29T07:48:10Z	2024-12-29
162567297	Asmara Rodrigue	13671916	2025-03-21T14:56:53Z	2023
163921926	Jakochiet	5566921	2025-04-21T14:59:44Z	2025-04-21
164087309	Ancape	7743576	2025-04-24T16:59:59Z	2025-04-24
166041873	DangTungDuong	1095936	2025-05-26T04:51:59Z	2025:05:25 15:34:37
169164829	Nguyendinh Deptrai	8916167	2025-07-03T13:29:31Z	2022-10-23
176589375	Renamed user 297466cadc91f0906dfd5d768691758d	12200614	2025-10-12T11:34:19Z	2013:07:20 10:13:41
177463065	NhacNy2412	8337531	2025-10-27T18:40:38Z	2025:10:26 09:42:36
188567461	FrogsLegs71	13165831	2026-04-09T18:30:04Z	2025:12:24 11:32:31
190536795	Newone	36891	2026-04-27T11:40:55Z	2026:04:27 07:40:17
190536796	Newone	36891	2026-04-27T11:40:55Z	2026:04:27 07:40:07
190536798	Newone	36891	2026-04-27T11:40:56Z	2026:04:27 07:40:03
193232016	Vmosnokia31	14739486	2026-06-02T05:21:33Z	2026:03:27 23:09:18
193245532	Vmosnokia31	14739486	2026-06-02T10:04:59Z	2016:06:21 06:49:45
193451201	Vmosnokia31	14739486	2026-06-06T10:04:24Z	2026:06:06 09:13:27
193451202	Vmosnokia31	14739486	2026-06-06T10:04:24Z	2026:06:06 09:23:40
193451203	Vmosnokia31	14739486	2026-06-06T10:04:24Z	2026:06:06 09:07:38
193451207	Vmosnokia31	14739486	2026-06-06T10:04:28Z	2026:06:06 09:05:35
193451208	Vmosnokia31	14739486	2026-06-06T10:04:28Z	2026:06:06 09:06:33
194766389	Lusi Lindwurm	10328694	2026-06-28T22:44:38Z	2012:12:21 21:10:32
197304823	Ahsansikder	3547980	2026-08-12T13:38:27Z	2024:04:30 17:33:08
197304827	Ahsansikder	3547980	2026-08-12T13:38:31Z	2024:04:30 14:34:29
197304828	Ahsansikder	3547980	2026-08-12T13:38:31Z	2024:04:30 17:32:52
197304829	Ahsansikder	3547980	2026-08-12T13:38:31Z	2024:04:30 17:33:36
197304833	Ahsansikder	3547980	2026-08-12T13:38:35Z	2024:04:30 17:34:10
197304838	Ahsansikder	3547980	2026-08-12T13:38:39Z	2026-08-12
197442418	Chuhai07	14397974	2026-08-14T13:25:41Z	2026:08:14 15:34:52
2071311	Quenhitran	3093249	2014-10-07T17:12:51Z	Unknown date
4893997	Newone	36891	2008-09-30T10:00:04Z	2008-09-09
5534378	NHHP	383983	2008-12-20T04:07:50Z	2008:12:20 09:43:38
5677227	Theduong	496997	2009-01-09T14:25:20Z	2009:01:09 16:30:04
6347722	VortBot	6729803	2017-10-17T15:13:58Z	2007:11:11 02:58:59
6856336	Bùi Thế Tâm	563155	2009-05-24T14:15:14Z	2009:05:24 10:09:18
7636391	Fong210	807590	2009-08-23T17:50:08Z	2009-08-08
8027960	Thiengd	869345	2009-10-10T14:07:43Z	2009:01:15 10:36:27
9441587	Nguyễn Thanh Quang	4539	2010-02-10T02:08:52Z	2010:02:04 13:52:13
10380623	Alistair Morrenger	997487	2010-05-20T10:32:06Z	2009:09:30 17:16:30
10775699	Dragfyre	87707	2010-07-01T15:34:31Z	1935
11919667	Daaé	267232	2010-10-30T10:00:03Z	2010:10:30 13:34:17
11919673	Daaé	267232	2010-10-30T10:00:39Z	2010:10:30 13:35:56
11919677	Daaé	267232	2010-10-30T10:01:37Z	2010:10:30 13:37:29
11919714	Daaé	267232	2010-10-30T10:09:00Z	2010:10:30 13:44:52
11920132	Daaé	267232	2010-10-30T11:01:27Z	2010:10:30 15:53:30
11920135	Daaé	267232	2010-10-30T11:01:44Z	2010:10:30 15:55:09
14638091	File Upload Bot (Magnus Manske)	40038	2011-03-18T20:21:24Z	2009:09:26 08:54:51
15794639	WhisperToMe	1690	2011-07-14T18:00:40Z	0000:00:00 00:00:00
16915948	MGA73bot2	643716	2011-10-08T10:25:53Z	2005:09:04 13:03:21
18918290	Kontrollstellekundl	961212	2012-03-31T21:03:45Z	2012:01:26 09:25:23
22558526	Hoangkid	1938128	2012-11-05T16:11:41Z	2012:11:04 02:45:26
22558528	Hoangkid	1938128	2012-11-05T16:11:45Z	2012:11:04 03:16:02
22647525	Banhtrung1	831527	2012-11-12T11:45:31Z	2012:11:11 12:38:43
24717020	VuThiAnh	820179	2013-02-17T14:30:04Z	2013:02:17 14:09:12
28861202	Grossbildjaeger	3071839	2013-10-05T17:10:41Z	2006:02:17 15:36:45
30038420	Codobai	854926	2013-12-07T04:36:25Z	2012:10:24 03:27:14
30453912	Pvtvcu	3193847	2014-01-03T08:41:47Z	2014-01-03 15:39:55
30857490	Garitan	1462816	2014-01-28T18:33:29Z	".mw-parser-output .note{background-position:left 7px top 50%;padding:0.5em 0.5em 0.5em 40px;margin:0.5em 0;overflow:hidden;background-color:var(--background-color-base,#fff);color:var(--color-base,#202122);background-repeat:no-repeat;border:1px solid var(--border-color-base,#ddd)}.mw-parser-output .note-inline{display:inline-block;vertical-align:middle}.mw-parser-output .note-info{background-color:var(--background-color-base,#fff);color:var(--color-base,#202122);background-image:url(""https://upload.wikimedia.org/wikipedia/commons/e/ec/OOjs_UI_icon_information-progressive.svg"");background-size:25px;border:1px solid var(--border-color-progressive,#6485d1);padding-left:40px;min-height:25px}.mw-parser-output .note-reminder{background-color:var(--background-color-warning-subtle,#fdf2d5);color:var(--color-base,#202122);background-image:url(""https://upload.wikimedia.org/wikipedia/commons/a/a8/OOjs_UI_icon_lightbulb-yellow.svg"");background-size:25px;border:1px solid var(--border-color-content-removed,#ffe49c);min-height:25px}.mw-parser-output .note-warn{background-color:var(--background-color-warning-subtle,#fdf2d5);color:var(--color-base,#202122);background-image:url(""https://upload.wikimedia.org/wikipedia/commons/3/3b/OOjs_UI_icon_alert-warning.svg"");background-size:25px;border:1px solid var(--border-color-content-removed,#ffe49c);min-height:25px}.mw-parser-output .note-error{background-color:var(--background-color-error-subtle,#ffe9e5);color:var(--color-base,#202122);background-image:url(""https://upload.wikimedia.org/wikipedia/commons/b/bf/OOjs_UI_icon_notice-destructive.svg"");background-size:25px;border:1px solid var(--border-color-destructive,#f54739);min-height:25px} This date is not correct. 2014-01-28"
30857492	Garitan	1462816	2014-01-28T18:33:30Z	".mw-parser-output .note{background-position:left 7px top 50%;padding:0.5em 0.5em 0.5em 40px;margin:0.5em 0;overflow:hidden;background-color:var(--background-color-base,#fff);color:var(--color-base,#202122);background-repeat:no-repeat;border:1px solid var(--border-color-base,#ddd)}.mw-parser-output .note-inline{display:inline-block;vertical-align:middle}.mw-parser-output .note-info{background-color:var(--background-color-base,#fff);color:var(--color-base,#202122);background-image:url(""https://upload.wikimedia.org/wikipedia/commons/e/ec/OOjs_UI_icon_information-progressive.svg"");background-size:25px;border:1px solid var(--border-color-progressive,#6485d1);padding-left:40px;min-height:25px}.mw-parser-output .note-reminder{background-color:var(--background-color-warning-subtle,#fdf2d5);color:var(--color-base,#202122);background-image:url(""https://upload.wikimedia.org/wikipedia/commons/a/a8/OOjs_UI_icon_lightbulb-yellow.svg"");background-size:25px;border:1px solid var(--border-color-content-removed,#ffe49c);min-height:25px}.mw-parser-output .note-warn{background-color:var(--background-color-warning-subtle,#fdf2d5);color:var(--color-base,#202122);background-image:url(""https://upload.wikimedia.org/wikipedia/commons/3/3b/OOjs_UI_icon_alert-warning.svg"");background-size:25px;border:1px solid var(--border-color-content-removed,#ffe49c);min-height:25px}.mw-parser-output .note-error{background-color:var(--background-color-error-subtle,#ffe9e5);color:var(--color-base,#202122);background-image:url(""https://upload.wikimedia.org/wikipedia/commons/b/bf/OOjs_UI_icon_notice-destructive.svg"");background-size:25px;border:1px solid var(--border-color-destructive,#f54739);min-height:25px} This date is not correct. 2014-01-28"
32410705	Bùi Thụy Đào Nguyên	2438478	2014-04-26T20:01:56Z	2013:05:28 09:12:15
37861506	Theduong	496997	2015-01-14T23:58:15Z	2013-10-03 01:33:27
45096699	Nghiaanhvan	5439762	2015-11-19T02:18:02Z	2015-11-19
45096707	Nghiaanhvan	5439762	2015-11-19T02:20:34Z	2015-11-19
46951015	松岡明芳	141351	2016-02-13T15:21:36Z	2013:07:15 10:10:03
50061507	WFinch	572224	2021-07-12T19:59:54Z	1909
50294449	Nhudinhhoa	6034406	2016-07-23T09:14:10Z	2015:05:30 09:06:43
53043059	Panoramio upload bot	4153868	2016-11-11T04:52:22Z	24 September 2010 (original upload date)
58074841	Phan Minh Tuấn	6513983	2017-04-16T13:08:03Z	2015:09:24 14:38:31
62056897	Vũ Tiến Lâm	6748027	2017-08-31T17:26:35Z	2017-09-01
63460779	Amenoc	6810098	2017-10-19T08:36:40Z	2017:09:10 12:44:51
63786076	Amenoc	6810098	2017-11-01T10:32:37Z	2017:09:15 16:50:39
63786084	Amenoc	6810098	2017-11-01T10:32:46Z	2017:09:16 17:13:24
71193547	CedricNN	7325305	2018-07-30T05:49:29Z	2018:02:14 15:17:53
71630372	TFBombo	7081725	2018-08-15T05:03:03Z	2018-08-15
72587882	Sgnpkd	1628238	2018-09-09T14:43:33Z	2018:06:01 17:18:27
78105734	Đàm Thiếu Gia	3015169	2019-04-17T11:16:33Z	2019:04:17 15:28:54
78794186	Đàm Thiếu Gia	3015169	2019-05-08T10:51:06Z	2019:04:23 17:10:04
79375180	Thoithien1993	7868169	2019-05-31T17:20:48Z	2019-06-01
79453921	Huyensine2811	7869053	2019-06-04T03:03:49Z	2017:08:21 10:51:35
80152269	HarmonyES	7926463	2019-07-04T09:29:07Z	2013-05-09
80522450	Adam63	754754	2019-07-19T03:46:55Z	2019:06:16 11:17:15
80522455	Adam63	754754	2019-07-19T03:47:00Z	2019:06:16 11:22:45
80522463	Adam63	754754	2019-07-19T03:47:11Z	2019:06:16 11:29:53
80522466	Adam63	754754	2019-07-19T03:47:15Z	2019:06:16 11:40:43
80522488	Adam63	754754	2019-07-19T03:47:40Z	2019:06:16 12:37:45
80522490	Adam63	754754	2019-07-19T03:47:43Z	2019:06:16 12:44:18
80522493	Adam63	754754	2019-07-19T03:47:46Z	2019:06:16 13:16:08
80522533	Adam63	754754	2019-07-19T03:48:32Z	2019:06:17 13:42:42
80522540	Adam63	754754	2019-07-19T03:48:42Z	2019:06:17 17:54:56
80522550	Adam63	754754	2019-07-19T03:48:53Z	2019:06:18 14:30:52
80873384	Đàm Thiếu Gia	3015169	2019-07-29T05:08:15Z	2019:07:29 09:37:51
83038140	TRần bích Trường	7850122	2019-10-12T16:42:24Z	2019-10-12
84801520	Newone	36891	2019-12-11T06:02:59Z	2019:12:04 11:33:07
86108218	Ltg0511	8697114	2020-01-20T02:48:23Z	2018:05:07 14:16:02
88465422	Nkon21	7438568	2020-03-22T22:31:56Z	2013:06:09 14:08:55
88758953	Hoangkid	1938128	2012-07-18T16:40:48Z	2012:02:13 12:10:00
90810633	Alex 69200 vx	7865866	2020-05-31T04:31:14Z	2020:05:10 12:20:06
92583129	Biodin	2628106	2020-07-25T04:17:36Z	2011:03:09 15:17:43
93066580	Beao	743720	2026-02-04T23:44:04Z	2009:02:23 08:03:00
93787278	RTG	271304	2020-09-03T01:48:20Z	2014:10:31 06:04:06
93959157	NHHP	383983	2008-12-21T06:45:44Z	2008:12:21 11:46:43
94089386	Nthaison	5249528	2016-05-13T10:33:02Z	2016-05-13
94456898	Newone	36891	2011-11-23T10:11:01Z	2011:11:23 14:56:08
94556819	Bkacad	1434316	2011-01-19T09:16:52Z	2008:09:18 08:26:38
94638013	Newone	36891	2009-07-19T05:05:32Z	2009:07:19 09:11:51
94757627	Panasonic Risupia Vietnam	3516635	2014-03-20T08:21:23Z	2010:08:09 10:53:05
94777005	Phuongcacanh	853300	2013-05-26T14:57:04Z	2013:05:25 15:26:03
95450325	Bình Giang	305886	2007-10-08T13:57:05Z	2007:10:08 14:15:18
102464227	Newone	36891	2019-06-20T10:49:22Z	
103327674	BVIS Hanoi	10242086	2021-04-09T04:27:30Z	2021-04-09
105752320	Orizan	8118308	2021-05-23T15:39:36Z	2008:08:28 18:09:26
105752339	Orizan	8118308	2021-05-23T15:39:58Z	2008:08:28 18:07:58
105752397	Orizan	8118308	2021-05-23T15:40:39Z	2008:08:28 18:14:36
106709728	Baoroai	10421081	2021-06-18T16:22:05Z	2015
107509093	Goetheinstitut.hanoi	10475470	2021-07-13T07:51:49Z	2019:04:03 15:20:00
108846495	Ltn12345	9888123	2021-08-18T11:49:48Z	2021:08:18 18:35:14
108979173	Ltn12345	9888123	2021-08-20T04:49:23Z	2021:08:20 11:27:14
109591150	Xuanphuocle	7329640	2021-09-02T05:39:31Z	2017-04-13
109591151	Xuanphuocle	7329640	2021-09-02T05:39:32Z	2020-06-08
109591153	Xuanphuocle	7329640	2021-09-02T05:39:32Z	2017-06-02
109591155	Xuanphuocle	7329640	2021-09-02T05:39:41Z	2018-11-26
109627597	Arjunullas	6433943	2021-09-03T04:26:19Z	2020:02:23 16:27:28
112306842	Minh808	10748382	2021-11-05T17:39:04Z	2005:06:01 10:42:35
112732782	BVIS Hanoi	10242086	2021-11-23T06:18:36Z	2021:10:25 16:28:07
113047403	Syced	27103	2021-12-04T09:31:14Z	2003:07:31 15:49:13
113976160	Kien1980v	1137033	2022-01-04T09:24:20Z	2022:01:04 15:23:05
114892685	Gone Postal	6679151	2022-02-01T23:18:59Z	2007
116026351	Frances76	11054574	2007-05-07T11:48:37Z	2007:04:19 01:01:27
116616747	NXL1997	2099767	2022-04-03T05:05:15Z	2022-01-28 18:54:19
117043140	NKSTTSSHNVN	10985169	2022-04-20T06:18:34Z	2022-04-20
119178919	NKSTTSSHNVN	10985169	2022-06-11T14:23:20Z	2021-08-24
120615191	Xuanphuocle	7329640	2022-07-17T15:05:34Z	2022:06:02 18:01:05
121398546	Nguyenmy2302	9748661	2022-08-04T12:27:20Z	2022-08-04
121399430	Nguyenmy2302	9748661	2022-08-04T12:58:01Z	2022-08-04
121400409	Đại Việt quốc	11655741	2023-02-02T21:57:56Z	2022-08-04
121400528	Đại Việt quốc	11655741	2023-08-24T14:03:28Z	2022-08-04
121400887	Nguyenmy2302	9748661	2022-08-04T13:55:41Z	2022-08-04
121401361	Nguyenmy2302	9748661	2022-08-04T14:58:53Z	2022-08-04
121403571	Nguyenmy2302	9748661	2022-08-04T16:12:50Z	2022-08-04
121403575	Nguyenmy2302	9748661	2022-08-04T16:12:54Z	2022-08-04
121403577	Nguyenmy2302	9748661	2022-08-04T16:12:55Z	2022-08-04
121403578	Nguyenmy2302	9748661	2022-08-04T16:12:56Z	2022-08-04
121403581	Nguyenmy2302	9748661	2022-08-04T16:12:58Z	2022-08-04
121403583	Nguyenmy2302	9748661	2022-08-04T16:12:59Z	2022-08-04
121403585	Nguyenmy2302	9748661	2022-08-04T16:13:05Z	2022-08-04
121403586	Nguyenmy2302	9748661	2022-08-04T16:13:06Z	2022-08-04
121403587	Nguyenmy2302	9748661	2022-08-04T16:13:07Z	2022-08-04
121403593	Nguyenmy2302	9748661	2022-08-04T16:13:14Z	2022-08-04
121403594	Nguyenmy2302	9748661	2022-08-04T16:13:16Z	2022-08-04
121829408	NKSTTSSHNVN	10985169	2022-10-09T19:02:06Z	2022-08-16
122447763	NKSTTSSHNVN	10985169	2022-08-29T13:38:18Z	2022-08-29
127165491	源義信	8476990	2022-12-30T04:54:02Z	2009-12-17
135952127	Nguyenmy2302	9748661	2023-08-14T20:25:12Z	2023-08-12
137995525	Đàm Thiếu Gia	3015169	2023-09-23T11:54:06Z	2023:09:12 16:33:49
137995684	Đàm Thiếu Gia	3015169	2023-09-23T11:58:27Z	2023:09:12 16:33:48
141988967	TheNetheriteGuy	10219580	2023-12-10T17:19:38Z	2023:03:07 10:33:16
145245670	Rc1959	1698562	2024-02-11T23:48:09Z	1999
145245671	Rc1959	1698562	2024-02-11T23:48:09Z	1999
145245672	Rc1959	1698562	2024-02-11T23:48:11Z	1999
145245673	Rc1959	1698562	2024-02-11T23:48:12Z	1999
145245674	Rc1959	1698562	2024-02-11T23:48:12Z	1999
145245677	Rc1959	1698562	2024-02-11T23:48:14Z	1999
145245678	Rc1959	1698562	2024-02-11T23:48:15Z	1999
145245679	Rc1959	1698562	2024-02-11T23:48:17Z	1999
145245680	Rc1959	1698562	2024-02-11T23:48:17Z	1999
145321176	Rc1959	1698562	2024-02-13T22:38:04Z	1999
145321177	Rc1959	1698562	2024-02-13T22:38:05Z	1999
145321178	Rc1959	1698562	2024-02-13T22:38:05Z	1999
145321179	Rc1959	1698562	2024-02-13T22:38:07Z	1999
145321183	Rc1959	1698562	2024-02-13T22:38:10Z	1999
145321186	Rc1959	1698562	2024-02-13T22:38:12Z	1999
145321188	Rc1959	1698562	2024-02-13T22:38:13Z	1999
145321190	Rc1959	1698562	2024-02-13T22:38:15Z	1999
149668925	Libx2048	13082353	2024-06-24T07:51:24Z	2023
159348881	Libx2048	13082353	2025-02-08T12:38:16Z	2023
169318927	源義信	8476990	2025-07-05T23:24:15Z	circa 1895 date QS:P,+1895-00-00T00:00:00Z/9,P1480,Q5727902
184651650	Inteyvat	11827573	2026-02-21T12:04:01Z	2026:02:21 18:22:40
184976085	MINHDT2K6	14524731	2026-02-25T09:53:56Z	2025:09:06 09:39:15
184976156	MINHDT2K6	14524731	2026-02-25T09:54:43Z	2025:09:06 09:49:47
184978531	MINHDT2K6	14524731	2026-02-25T10:27:43Z	2025:09:06 09:24:37
184978569	MINHDT2K6	14524731	2026-02-25T10:28:20Z	2025:09:06 09:36:55
184978615	MINHDT2K6	14524731	2026-02-25T10:28:56Z	2025:09:06 08:53:58
184978676	MINHDT2K6	14524731	2026-02-25T10:29:36Z	2025:09:06 09:10:20
184978729	MINHDT2K6	14524731	2026-02-25T10:30:09Z	2025:09:06 14:37:32
184979161	MINHDT2K6	14524731	2026-02-25T10:35:05Z	2025:12:02 14:45:06
184997332	MINHDT2K6	14524731	2026-02-25T14:41:50Z	2026:01:10 15:26:17
184997703	MINHDT2K6	14524731	2026-02-25T14:49:54Z	2026:01:10 15:15:59
184998254	MINHDT2K6	14524731	2026-02-25T15:00:05Z	2026:01:10 14:51:54
184998964	MINHDT2K6	14524731	2026-02-25T15:15:17Z	2026:01:10 14:46:47
184999139	MINHDT2K6	14524731	2026-02-25T15:18:37Z	2026:01:10 14:33:11
184999227	MINHDT2K6	14524731	2026-02-25T15:20:47Z	2026:01:10 14:27:04
197140971	Aismallard	10744817	2026-08-10T03:13:52Z	2018-03-26 15:37:58
113749007	Ltn12345	9888123	2021-12-28T16:33:31Z	2018-11-13 19:46
193239010	Gzen92Bot	5142080	2026-06-02T07:50:06Z	May 1915
193329050	Gzen92Bot	5142080	2026-06-03T19:44:10Z	between 1 July 1915 and 31 August 1915 date QS:P571,+1915-00-00T00:00:00Z/9,P1319,+1915-07-01T00:00:00Z/11,P1326,+1915-08-31T00:00:00Z/11
193356437	Gzen92Bot	5142080	2026-06-04T09:21:02Z	between 1 July 1915 and 31 August 1915 date QS:P571,+1915-00-00T00:00:00Z/9,P1319,+1915-07-01T00:00:00Z/11,P1326,+1915-08-31T00:00:00Z/11
1217645	AlfredBoc	71841	2006-09-27T00:54:01Z	2004:03:17 18:48:39
2650065	Boberger	101429	2007-08-29T23:41:09Z	2000-02
2803763	Newone	36891	2007-09-24T02:17:49Z	2006:07:31 06:49:12
3644661	Mlauram	265285	2008-03-01T19:29:28Z	2006:09:03 05:25:44
4399001	Rungbachduong	208886	2008-07-17T23:37:46Z	2007:08:28 19:32:12
5718943	Newone	36891	2009-01-15T08:42:40Z	2009:01:03 13:04:26
6761427	Tuanta	55214	2009-05-12T15:23:50Z	2006:10:12 15:38:03
7302644	Adam63	754754	2009-07-14T17:37:45Z	2006:01:03 04:27:17
7303450	Adam63	754754	2009-07-14T19:01:34Z	2006:01:03 02:22:46
7313158	Adam63	754754	2009-07-16T03:29:25Z	2006:01:03 01:46:50
7313174	Adam63	754754	2009-07-16T03:33:47Z	2006:01:03 06:55:32
7313209	Adam63	754754	2009-07-16T03:48:55Z	2006:01:03 07:39:24
7313423	Adam63	754754	2009-07-16T05:24:11Z	2006:01:02 05:31:50
7323981	Northboer	758565	2009-07-17T17:06:33Z	2008:08:09 07:57:16
7733947	FlickreviewR	84253	2009-09-05T00:17:58Z	2008:05:16 16:55:06
8210622	BotMultichillT	344180	2009-10-23T05:07:17Z	2007:06:20 16:50:20
10220166	Thuvt	795073	2010-05-02T10:42:02Z	2010:04:15 17:39:27
11043258	Hanoi Volunteer	1235228	2010-07-30T04:08:11Z	
11418101	Varied Surf Igloo	3694009	2014-05-12T21:20:35Z	2009:03:07 07:42:41
12086373	Viault	1263815	2010-11-18T11:46:14Z	1993
12812907	Grenouille vert	637652	2011-01-26T14:50:07Z	2011-01-15
12812941	Grenouille vert	637652	2011-01-26T14:54:02Z	2011-01-15
12812959	Grenouille vert	637652	2011-01-26T14:55:50Z	2011-01-15
16479251	File Upload Bot (Magnus Manske)	40038	2011-09-14T10:41:12Z	2005:09:30 04:00:20
16923473	MGA73bot2	643716	2011-10-08T20:10:57Z	2005:07:12 15:09:03
18416062	Grenouille vert	637652	2012-02-18T06:22:41Z	2012:02:18 09:49:26
21493096	Flickr upload bot	152505	2012-09-20T19:41:30Z	2012:03:06 12:32:09
21884337	Manuel Casella	2312797	2012-10-03T10:47:43Z	2012:08:27 07:20:04
22007514	OgreBot	1322978	2012-10-10T21:51:16Z	2009:01:27 13:04:43
28992782	Newone	36891	2013-10-14T01:18:51Z	2013:10:12 13:01:46
29184380	RG72	443240	2013-10-25T15:11:04Z	2012:08:04 14:00:18
30643709	Rudolphfurtado	293808	2014-01-16T06:05:09Z	2013:12:03 10:38:54
31106628	Proffitt.anna	3484894	2014-02-11T02:06:03Z	0000:00:00 00:00:00
33372264	RG72	443240	2014-06-13T13:27:14Z	2013:11:10 13:17:54
33372590	RG72	443240	2014-06-13T13:45:17Z	2013:11:10 13:56:41
33372591	RG72	443240	2014-06-13T13:45:17Z	2013:11:10 13:56:18
33372593	RG72	443240	2014-06-13T13:45:18Z	2013:11:10 13:57:15
34228287	Verwinv	2362496	2014-07-27T14:07:48Z	2014-06-29 04:16
35316677	Dangphuongmai89	4093669	2014-09-12T13:01:03Z	2010:05:03 09:15:12
35434154	Dangphuongmai89	4093669	2014-09-17T12:41:31Z	2014-09-17 19:41:02
39380403	Gwissen	677755	2015-04-04T05:47:18Z	2012:03:09 13:18:34
40536422	Cccefalon	1544168	2015-05-28T15:28:35Z	2011:05:11 08:53:50
40536448	Cccefalon	1544168	2015-05-28T15:29:22Z	2011:05:11 08:55:48
40536585	Cccefalon	1544168	2015-05-28T15:31:12Z	2011:05:11 08:57:59
48755271	Thao levn	4848360	2016-05-13T13:49:03Z	2014:03:25 10:11:50
49098362	Maiphuong9495	5922345	2016-05-29T19:23:11Z	2015-08-28
57422330	Perumalism	1779721	2017-03-26T17:17:48Z	2015:12:23 16:22:23
61636460	Ziegler175	2958411	2017-08-12T15:23:13Z	2000-11
61636466	Ziegler175	2958411	2017-08-12T15:23:23Z	2000-11
61636470	Ziegler175	2958411	2017-08-12T15:23:34Z	2000-11
61636473	Ziegler175	2958411	2020-05-02T15:45:09Z	2000-11
61636478	Ziegler175	2958411	2020-05-02T15:47:15Z	2000-11
61636486	Ziegler175	2958411	2017-08-12T15:24:05Z	2000-11
61636493	Ziegler175	2958411	2017-08-12T15:24:14Z	2000-11
61636497	Ziegler175	2958411	2017-08-12T15:24:25Z	2000-11
61636502	Ziegler175	2958411	2017-08-12T15:24:36Z	2000-11
61636508	Ziegler175	2958411	2017-08-12T15:24:46Z	2000-11
61636513	Ziegler175	2958411	2017-08-12T15:24:56Z	2000-11
61636517	Ziegler175	2958411	2017-08-12T15:25:06Z	2000-11
61636523	Ziegler175	2958411	2017-08-12T15:25:15Z	2000-11
61636535	Ziegler175	2958411	2017-08-12T15:25:27Z	2000-11
61636542	Ziegler175	2958411	2017-08-12T15:25:36Z	2000-11
61636546	Ziegler175	2958411	2017-08-12T15:25:46Z	2000-11
63844185	Đăng Đàn Cung	6865627	2017-11-04T07:47:39Z	2017-11-03
64286701	Musée Annam	6888967	2017-11-23T18:17:44Z	2017-11-22
64286703	Musée Annam	6888967	2017-11-23T18:17:46Z	2014:03:09 11:44:16
66995921	Artix Kreiger 2	6900938	2018-03-03T03:50:22Z	2009-03-23 19:31
67249696	Ji-Elle	30885	2018-03-11T16:29:51Z	2017:11:06 05:04:53
80522469	Adam63	754754	2019-07-19T03:47:16Z	2019:06:16 11:43:55
80522471	Adam63	754754	2019-07-19T03:47:20Z	2019:06:16 11:47:28
80522482	Adam63	754754	2019-07-19T03:47:32Z	2019:06:16 12:13:44
80522556	Adam63	754754	2019-07-19T03:49:00Z	2019:06:18 15:05:19
85840488	Argenberg	7836039	2020-01-12T13:47:11Z	2008:03:14 11:48:53
85840489	Argenberg	7836039	2020-01-12T13:47:11Z	2008:03:14 11:35:27
85840493	Argenberg	7836039	2020-01-12T13:47:14Z	2008:03:14 11:48:10
85840495	Argenberg	7836039	2020-01-12T13:47:17Z	2008:03:14 12:45:45
86304733	Argenberg	7836039	2020-01-25T20:28:56Z	2008:03:12 16:44:23
86304741	Argenberg	7836039	2020-01-25T20:29:01Z	2008:03:13 15:35:24
92220371	Red panda bot	8928424	2020-07-14T02:18:04Z	2008:11:13 15:37:09
93787389	RTG	271304	2020-09-03T01:52:55Z	2014:11:02 09:16:36
94456986	ASM~viwiki	8826738	2013-06-09T17:23:22Z	2012:07:08 10:46:10
94663244	Apple	21010	2011-09-03T17:15:46Z	2011:09:02 18:53:19
98773025	RG72	443240	2021-01-12T04:06:39Z	2013:11:10 12:48:13
98773026	RG72	443240	2021-01-12T04:06:40Z	2013:11:10 12:48:36
113259374	Nguyenhai314	8955777	2021-12-11T13:16:58Z	2020:02:15 08:04:21
132101969	源義信	8476990	2023-05-19T10:35:23Z	2008:11:04 18:00:26
132198936	源義信	8476990	2023-05-22T10:11:01Z	1968
132280928	源義信	8476990	2023-05-24T13:54:23Z	1968
132441241	源義信	8476990	2023-05-29T09:42:24Z	1968
141434900	Nguyenminh2002	12585240	2023-11-26T14:17:55Z	2023-11-26
145156868	Syrus257	12291113	2024-02-09T09:08:10Z	2018-09-05
145157133	Syrus257	12291113	2024-02-09T09:26:00Z	2018-11-22
177490351	Matsuoka.A	13858512	2025-10-28T11:05:33Z	2024:04:26 22:45:57
179500602	HamjnhThuat99Le	14258800	2025-12-06T12:51:54Z	2025-12-06
5724770	Newone	36891	2009-01-16T04:32:47Z	2009:01:15 22:30:25
15364378	Clemensmarabu	489056	2011-05-31T19:51:38Z	2005:01:30 03:18:40
15428347	Theduong	496997	2011-06-07T02:38:23Z	2011:04:17 09:41:00
16916518	MGA73bot2	643716	2011-10-08T11:00:25Z	2005:01:26 16:33:50
16916745	MGA73bot2	643716	2011-10-08T11:14:45Z	2005:01:16 16:21:50
17173784	AzaToth	19926	2011-10-30T03:03:51Z	2008
23907454	Hoangvantoanajc	375232	2013-01-16T17:28:53Z	2011:11:11 15:44:52
36281685	Wdwdbot	2348325	2014-10-20T23:32:50Z	
89490725	Alex 69200 vx	7865866	2020-04-26T03:32:45Z	2020-04-26
89491110	Alex 69200 vx	7865866	2020-04-26T04:07:02Z	2020-04-26
116466443	AxitTDTbenzoic	10227724	2022-03-28T08:13:00Z	2022-03-28
142065926	Jang3681569	12667889	2023-12-12T09:54:37Z	2023-12-12
143847752	Yuang389	12727587	2024-01-12T02:46:05Z	2024-01-12
145580219	JangPlus889	12814732	2024-02-20T08:15:10Z	2024-02-20 22:08:06
18406782	Banhtrung1	831527	2012-02-17T08:42:24Z	2012-01-27
18766295	Banhtrung1	831527	2012-03-20T13:29:42Z	2012-03-14
22981673	MGA73bot2	643716	2012-12-03T18:44:18Z	2007:04:16 20:39:36
22981685	OgreBot	1322978	2012-12-14T05:24:00Z	2007:04:16 20:25:00
24775196	Hoangvantoanajc	375232	2013-02-21T09:12:01Z	2000-01-02 04:22:26
26363830	File Upload Bot (Magnus Manske)	40038	2013-05-28T02:52:24Z	2012:02:13 10:22:37
26363831	File Upload Bot (Magnus Manske)	40038	2013-05-28T02:52:24Z	2012:02:13 11:29:08
26364442	File Upload Bot (Magnus Manske)	40038	2013-05-28T03:07:47Z	2012:02:06 05:59:13
26364443	File Upload Bot (Magnus Manske)	40038	2013-05-28T03:07:51Z	2012:02:06 06:03:09
34228276	Verwinv	2362496	2014-07-27T14:07:40Z	2014-06-27 11:59
34228278	Verwinv	2362496	2014-07-27T14:07:42Z	2014-06-27 09:04
34228281	Verwinv	2362496	2014-07-27T14:07:44Z	2014-06-27 12:14
34228283	Verwinv	2362496	2014-07-27T14:07:45Z	2014-06-27 12:39
34228284	Verwinv	2362496	2014-07-27T14:07:46Z	2014-06-29 04:15
34228286	Verwinv	2362496	2014-07-27T14:07:48Z	2014-06-29 04:18
80522479	Adam63	754754	2019-07-19T03:47:29Z	2019:06:16 12:09:45
93049395	MGA73	465389	2020-08-11T15:18:41Z	2009:06:28 11:35:47
93049396	MGA73	465389	2020-08-11T15:18:42Z	2009:06:28 11:36:14
93049398	MGA73	465389	2020-08-11T15:18:44Z	2009:06:28 11:36:23
93049399	MGA73	465389	2020-08-11T15:18:43Z	2009:06:28 11:35:58
93049400	MGA73	465389	2020-08-11T15:18:45Z	2009:06:28 11:36:35
93049401	MGA73	465389	2020-08-11T15:18:47Z	2009:06:28 11:36:41
93049403	MGA73	465389	2020-08-11T15:18:48Z	2009:06:28 11:37:07
93049404	MGA73	465389	2020-08-11T15:18:48Z	2009:06:28 11:36:54
104057533	NearEMPTiness	1247413	2021-04-21T13:05:49Z	circa 1905 date QS:P,+1905-00-00T00:00:00Z/9,P1480,Q5727902
123744952	NKSTTSSHNVN	10985169	2022-10-04T16:47:13Z	2022-10-04
145059831	Travelfan81	12780791	2024-02-06T07:43:59Z	2023:04:01 18:00:00
570420	Mosmas	27221	2006-03-09T19:51:13Z	2004-12-27
702970	Newone	36891	2006-04-14T03:30:51Z	14 April 2006 (original upload date)
702972	Newone	36891	2006-04-14T03:32:01Z	14 April 2006 (original upload date)
702985	Newone	36891	2006-04-14T03:41:33Z	14 April 2006 (original upload date)
702991	Newone	36891	2006-04-14T03:42:52Z	14 April 2006 (original upload date)
2907128	Rungbachduong	208886	2009-10-31T00:12:26Z	2001-11-02
8421469	Bùi Thế Tâm	563155	2009-11-12T02:41:04Z	2009:11:05 09:00:50
8421671	Bùi Thế Tâm	563155	2009-11-12T03:01:26Z	2009:11:05 09:03:30
8421804	Bùi Thế Tâm	563155	2009-11-12T03:08:38Z	2009:11:05 13:57:59
8422003	Bùi Thế Tâm	563155	2009-11-12T03:18:21Z	2009:11:05 13:44:38
8422075	Bùi Thế Tâm	563155	2009-11-12T03:25:22Z	2009:11:05 13:54:05
8422189	Bùi Thế Tâm	563155	2009-11-12T03:32:29Z	2009:11:05 13:57:16
8422353	Bùi Thế Tâm	563155	2009-11-12T03:41:07Z	2009:11:05 13:52:00
8422465	Bùi Thế Tâm	563155	2009-11-12T03:47:27Z	2009:11:05 13:49:28
8422584	Bùi Thế Tâm	563155	2009-11-12T03:55:59Z	2009:11:05 08:48:50
8423970	Bùi Thế Tâm	563155	2009-11-12T08:19:13Z	2009:11:06 13:19:17
8424009	Bùi Thế Tâm	563155	2009-11-12T08:29:07Z	2009:11:06 13:39:59
8424045	Bùi Thế Tâm	563155	2009-11-12T08:36:29Z	2009:11:06 08:50:48
8424100	Bùi Thế Tâm	563155	2009-11-12T08:48:35Z	2009:11:06 11:24:11
8424141	Bùi Thế Tâm	563155	2009-11-12T08:57:20Z	2009:11:06 10:30:30
8424165	Bùi Thế Tâm	563155	2009-11-12T09:05:08Z	2009:11:06 13:02:00
8424182	Bùi Thế Tâm	563155	2009-11-12T09:10:03Z	2009:11:06 11:40:28
8424206	Bùi Thế Tâm	563155	2009-11-12T09:17:22Z	2009:11:06 09:19:09
8436126	Bùi Thế Tâm	563155	2009-11-13T01:48:14Z	2009:11:06 10:00:54
8436139	Bùi Thế Tâm	563155	2009-11-13T01:52:14Z	2009:11:06 09:04:14
8436164	Bùi Thế Tâm	563155	2009-11-13T01:58:36Z	2009:11:06 10:03:46
8436186	Bùi Thế Tâm	563155	2009-11-13T02:06:20Z	2009:11:06 10:06:45
8436222	Bùi Thế Tâm	563155	2009-11-13T02:19:47Z	2009:11:06 10:08:59
8436231	Bùi Thế Tâm	563155	2009-11-13T02:23:20Z	2009:11:06 10:16:29
8436245	Bùi Thế Tâm	563155	2009-11-13T02:27:32Z	2009:11:06 10:17:37
10008835	Grenouille vert	637652	2010-04-14T17:50:21Z	2010:04:14 15:43:59
16923572	MGA73bot2	643716	2011-10-08T20:18:56Z	2004:01:14 01:35:31
23371444	Newone	36891	2012-12-28T01:51:23Z	2012-12-28
30617530	Rudolphfurtado	293808	2014-01-14T10:36:09Z	2013:12:01 15:06:31
34228288	Verwinv	2362496	2014-07-27T14:07:50Z	2014-06-29 07:17
112491968	Syced	27103	2021-11-14T04:38:11Z	2003:08:28 17:44:45
112491970	Syced	27103	2021-11-14T04:38:25Z	2003:08:28 17:44:35
145157498	Syrus257	12291113	2024-02-09T09:47:45Z	2018:08:26 12:08:19
1583006	Mosmas	27221	2007-01-20T16:53:32Z	2005-01-06
13249677	Dinkum	1436628	2011-02-08T21:08:44Z	2009:05:31 03:12:00
13249708	Dinkum	1436628	2011-02-08T21:11:59Z	2009:05:31 03:13:11
39695513	Daderot	23761	2015-04-20T22:23:22Z	2014:08:03 22:10:06
61280972	Bram Coenen	6702105	2017-07-24T16:35:24Z	2017:04:22 10:33:20
63502357	Vuong Tri Binh	6852355	2017-10-21T11:15:32Z	2014:01:28 08:38:59
63502358	Vuong Tri Binh	6852355	2017-10-21T11:15:32Z	2014:01:28 08:39:10
63502359	Vuong Tri Binh	6852355	2017-10-21T11:15:32Z	2014:01:28 08:38:53
63502360	Vuong Tri Binh	6852355	2017-10-21T11:15:34Z	2014:01:28 08:39:53
63502361	Vuong Tri Binh	6852355	2017-10-21T11:15:34Z	2014:01:28 08:39:20
63502362	Vuong Tri Binh	6852355	2017-10-21T11:15:34Z	2014:01:28 08:40:03
63502363	Vuong Tri Binh	6852355	2017-10-21T11:15:36Z	2014:01:28 08:40:15
63502364	Vuong Tri Binh	6852355	2017-10-21T11:15:37Z	2014:01:28 08:40:26
63502365	Vuong Tri Binh	6852355	2017-10-21T11:15:37Z	2014:01:28 08:41:09
63502366	Vuong Tri Binh	6852355	2017-10-21T11:15:39Z	2014:01:28 08:43:37
63502367	Vuong Tri Binh	6852355	2017-10-21T11:15:39Z	2014:01:28 08:43:43
63502368	Vuong Tri Binh	6852355	2017-10-21T11:15:39Z	2014:01:28 08:46:59
63502370	Vuong Tri Binh	6852355	2017-10-21T11:15:41Z	2014:01:28 08:48:02
63502371	Vuong Tri Binh	6852355	2017-10-21T11:15:42Z	2014:01:28 08:48:12
63502372	Vuong Tri Binh	6852355	2017-10-21T11:15:42Z	2014:01:28 08:48:19
63502374	Vuong Tri Binh	6852355	2017-10-21T11:15:44Z	2014:01:28 08:49:14
63502375	Vuong Tri Binh	6852355	2017-10-21T11:15:44Z	2014:01:28 15:59:19
63502376	Vuong Tri Binh	6852355	2017-10-21T11:15:44Z	2014:01:28 15:59:29
63502378	Vuong Tri Binh	6852355	2017-10-21T11:15:46Z	2014:01:28 15:59:41
63502379	Vuong Tri Binh	6852355	2017-10-21T11:15:47Z	2014:01:29 09:52:00
63502380	Vuong Tri Binh	6852355	2017-10-21T11:15:47Z	2014:01:29 09:52:04
63502381	Vuong Tri Binh	6852355	2017-10-21T11:15:48Z	2014:01:29 09:52:11
63502382	Vuong Tri Binh	6852355	2017-10-21T11:15:49Z	2014:01:29 09:52:18
63502383	Vuong Tri Binh	6852355	2017-10-21T11:15:49Z	2014:01:29 10:14:16
63502384	Vuong Tri Binh	6852355	2017-10-21T11:15:50Z	2014:01:29 10:14:25
63502385	Vuong Tri Binh	6852355	2017-10-21T11:15:51Z	2014:01:29 10:16:38
63502386	Vuong Tri Binh	6852355	2017-10-21T11:15:52Z	2014:01:29 10:17:09
63502387	Vuong Tri Binh	6852355	2017-10-21T11:15:53Z	2014:01:29 10:17:20
63502388	Vuong Tri Binh	6852355	2017-10-21T11:15:53Z	2014:01:29 10:17:36
63502389	Vuong Tri Binh	6852355	2017-10-21T11:15:54Z	2014:01:29 10:17:41
63502390	Vuong Tri Binh	6852355	2017-10-21T11:15:55Z	2014:01:29 10:17:50
63502391	Vuong Tri Binh	6852355	2017-10-21T11:15:56Z	2014:01:29 10:18:07
63502393	Vuong Tri Binh	6852355	2017-10-21T11:15:57Z	2014:01:29 10:18:31
63502394	Vuong Tri Binh	6852355	2017-10-21T11:15:57Z	2014:01:29 10:19:05
63502395	Vuong Tri Binh	6852355	2017-10-21T11:15:58Z	2014:01:29 10:19:12
63502396	Vuong Tri Binh	6852355	2017-10-21T11:15:59Z	2014:01:29 10:19:31
63502397	Vuong Tri Binh	6852355	2017-10-21T11:16:00Z	2014:01:29 10:21:06
63502398	Vuong Tri Binh	6852355	2017-10-21T11:16:00Z	2014:01:29 10:22:12
63502399	Vuong Tri Binh	6852355	2017-10-21T11:16:01Z	2014:01:29 10:23:29
63502400	Vuong Tri Binh	6852355	2017-10-21T11:16:02Z	2014:01:29 10:23:39
63502402	Vuong Tri Binh	6852355	2017-10-21T11:16:03Z	2014:01:29 10:23:51
63502403	Vuong Tri Binh	6852355	2017-10-21T11:16:03Z	2014:01:29 10:24:27
63502404	Vuong Tri Binh	6852355	2017-10-21T11:16:05Z	2014:01:29 10:25:06
63502405	Vuong Tri Binh	6852355	2017-10-21T11:16:05Z	2014:01:29 10:34:58
63502406	Vuong Tri Binh	6852355	2017-10-21T11:16:06Z	2014:01:29 10:35:41
63502407	Vuong Tri Binh	6852355	2017-10-21T11:16:07Z	2014:01:29 10:36:00
63502408	Vuong Tri Binh	6852355	2017-10-21T11:16:07Z	2014:01:29 10:35:50
63502409	Vuong Tri Binh	6852355	2017-10-21T11:16:09Z	2014:01:29 10:36:15
63502410	Vuong Tri Binh	6852355	2017-10-21T11:16:09Z	2014:01:29 10:36:27
63502436	Vuong Tri Binh	6852355	2017-10-21T11:18:30Z	2014:01:29 10:23:59
63502437	Vuong Tri Binh	6852355	2017-10-21T11:18:31Z	2014:01:29 10:36:51
63502438	Vuong Tri Binh	6852355	2017-10-21T11:18:31Z	2014:01:29 10:36:41
63502439	Vuong Tri Binh	6852355	2017-10-21T11:18:33Z	2014:01:29 10:37:07
63502440	Vuong Tri Binh	6852355	2017-10-21T11:18:33Z	2014:01:29 10:37:14
63502441	Vuong Tri Binh	6852355	2017-10-21T11:18:33Z	2014:01:29 10:37:24
63502442	Vuong Tri Binh	6852355	2017-10-21T11:18:35Z	2014:01:29 10:37:39
63502443	Vuong Tri Binh	6852355	2017-10-21T11:18:35Z	2014:01:29 10:40:29
63502444	Vuong Tri Binh	6852355	2017-10-21T11:18:36Z	2014:01:29 10:38:05
63502445	Vuong Tri Binh	6852355	2017-10-21T11:18:37Z	2014:01:29 10:40:39
63502446	Vuong Tri Binh	6852355	2017-10-21T11:18:38Z	2014:01:29 10:41:43
63502447	Vuong Tri Binh	6852355	2017-10-21T11:18:38Z	2014:01:29 10:41:28
63502449	Vuong Tri Binh	6852355	2017-10-21T11:18:40Z	2014:01:29 10:43:22
63502450	Vuong Tri Binh	6852355	2017-10-21T11:18:40Z	2014:01:29 10:42:45
63502451	Vuong Tri Binh	6852355	2017-10-21T11:18:40Z	2014:01:29 10:44:38
63502452	Vuong Tri Binh	6852355	2017-10-21T11:18:42Z	2014:01:29 10:45:20
63502453	Vuong Tri Binh	6852355	2017-10-21T11:18:42Z	2014:01:29 10:45:07
63502454	Vuong Tri Binh	6852355	2017-10-21T11:18:42Z	2014:01:29 10:46:31
63502455	Vuong Tri Binh	6852355	2017-10-21T11:18:45Z	2014:01:29 10:46:37
63502457	Vuong Tri Binh	6852355	2017-10-21T11:18:45Z	2014:01:29 10:48:28
63502458	Vuong Tri Binh	6852355	2017-10-21T11:18:45Z	2014:01:29 10:46:52
63502459	Vuong Tri Binh	6852355	2017-10-21T11:18:47Z	2014:01:29 10:48:40
63502460	Vuong Tri Binh	6852355	2017-10-21T11:18:47Z	2014:01:29 10:48:46
63502461	Vuong Tri Binh	6852355	2017-10-21T11:18:48Z	2014:01:29 10:48:55
63502462	Vuong Tri Binh	6852355	2017-10-21T11:18:49Z	2014:01:29 10:49:13
66995674	Artix Kreiger 2	6900938	2018-03-03T03:40:27Z	2009:01:31 09:00:14
87114734	Bo.botones	8879207	2020-02-16T09:24:22Z	2016:10:09 02:26:30
89254784	Alex 69200 vx	7865866	2020-04-19T08:39:04Z	2016:02:20 09:47:49
93222613	Bdanh	6515528	2017-12-07T02:39:20Z	2010:12:31 16:53:58
94476549	Bdanh	6515528	2017-12-07T02:40:19Z	2010:12:31 16:54:20
108881576	Donald Trung	6592656	2021-08-18T18:58:15Z	Before the 1940's.
113101823	Syced	27103	2021-12-06T02:51:12Z	2003:07:26 16:17:58
113101830	Syced	27103	2021-12-06T02:51:32Z	2003:07:26 16:21:31
113101833	Syced	27103	2021-12-06T02:51:47Z	2003:07:26 16:20:43
113101840	Syced	27103	2021-12-06T02:52:10Z	2003:07:26 16:23:25
113101843	Syced	27103	2021-12-06T02:52:26Z	2003:07:26 16:23:54
113101851	Syced	27103	2021-12-06T02:52:42Z	2003:07:26 16:23:36
113101853	Syced	27103	2021-12-06T02:52:58Z	2003:07:26 16:24:18
113101858	Syced	27103	2021-12-06T02:53:16Z	2003:07:26 16:24:45
113101860	Syced	27103	2021-12-06T02:53:35Z	2003:07:26 16:35:46
113101866	Syced	27103	2021-12-06T02:53:54Z	2003:07:26 16:25:49
113101872	Syced	27103	2021-12-06T02:54:12Z	2003:07:26 16:36:23
113101875	Syced	27103	2021-12-06T02:54:31Z	2003:07:26 16:37:49
113101878	Syced	27103	2021-12-06T02:54:52Z	2003:07:26 16:38:01
113101881	Syced	27103	2021-12-06T02:55:11Z	2003:07:26 16:43:30
113101884	Syced	27103	2021-12-06T02:55:31Z	2003:07:26 16:45:50
113101886	Syced	27103	2021-12-06T02:55:52Z	2003:07:26 16:46:01
113102667	Syced	27103	2021-12-06T04:08:01Z	2021-12-06
113102673	Syced	27103	2021-12-06T04:08:22Z	2003-07-28
113102678	Syced	27103	2021-12-06T04:08:51Z	2021-12-06
113102687	Syced	27103	2021-12-06T04:09:16Z	2021-12-06
113102693	Syced	27103	2021-12-06T04:09:38Z	2021-12-06
113102700	Syced	27103	2021-12-06T04:10:02Z	2021-12-06
113102705	Syced	27103	2021-12-06T04:10:26Z	2021-12-06
113102709	Syced	27103	2021-12-06T04:10:52Z	2003-07-28
113103012	Syced	27103	2021-12-06T04:35:39Z	2003:07:26 16:07:28
113103016	Syced	27103	2021-12-06T04:35:58Z	2003:07:26 16:08:00
113103021	Syced	27103	2021-12-06T04:36:12Z	2003:07:26 16:06:30
113103024	Syced	27103	2021-12-06T04:36:33Z	2003:07:26 16:06:55
113103033	Syced	27103	2021-12-06T04:36:49Z	2003:07:26 16:07:17
113103036	Syced	27103	2021-12-06T04:37:06Z	2003:07:26 16:05:36
113103042	Syced	27103	2021-12-06T04:37:22Z	2003:07:26 16:05:15
113103048	Syced	27103	2021-12-06T04:37:39Z	2003:07:26 16:04:58
113103053	Syced	27103	2021-12-06T04:37:58Z	2003:07:26 16:04:51
113103056	Syced	27103	2021-12-06T04:38:17Z	2003:07:26 16:04:39
113103058	Syced	27103	2021-12-06T04:38:33Z	2003:07:26 16:04:08
113103062	Syced	27103	2021-12-06T04:38:52Z	2003:07:26 16:03:30
113103068	Syced	27103	2021-12-06T04:39:10Z	2003:07:26 16:02:54
113103072	Syced	27103	2021-12-06T04:39:31Z	2003:07:26 16:03:16
113103076	Syced	27103	2021-12-06T04:39:50Z	2003:07:26 16:02:02
113103078	Syced	27103	2021-12-06T04:40:10Z	2003:07:26 16:02:17
113103103	Syced	27103	2021-12-06T04:40:30Z	2003:07:26 16:00:24
113103116	Syced	27103	2021-12-06T04:40:50Z	2003:07:26 16:00:37
113103120	Syced	27103	2021-12-06T04:41:11Z	2003:07:26 16:01:00
113103123	Syced	27103	2021-12-06T04:41:32Z	2003:07:26 16:00:12
113103127	Syced	27103	2021-12-06T04:41:53Z	2003:07:26 15:58:58
113103132	Syced	27103	2021-12-06T04:42:16Z	2003:07:26 15:58:34
113103136	Syced	27103	2021-12-06T04:42:39Z	2003:07:26 15:58:08
113103141	Syced	27103	2021-12-06T04:43:02Z	2003:07:26 15:57:35
113103146	Syced	27103	2021-12-06T04:43:26Z	2003:07:26 15:56:07
113103148	Syced	27103	2021-12-06T04:43:51Z	2003:07:26 15:55:52
113103151	Syced	27103	2021-12-06T04:44:15Z	2003:07:26 15:55:37
113103156	Syced	27103	2021-12-06T04:44:38Z	2003:07:26 16:10:17
113103159	Syced	27103	2021-12-06T04:45:03Z	2003:07:26 16:09:48
113103164	Syced	27103	2021-12-06T04:45:30Z	2003:07:26 16:09:32
113103168	Syced	27103	2021-12-06T04:45:54Z	2003:07:26 16:09:00
113103173	Syced	27103	2021-12-06T04:46:22Z	2003:07:26 16:08:28
113103179	Syced	27103	2021-12-06T04:46:49Z	2003:07:26 16:08:15
113103361	Syced	27103	2021-12-06T05:02:45Z	2003:07:26 16:14:18
113103365	Syced	27103	2021-12-06T05:03:01Z	2003:07:26 16:14:11
113103374	Syced	27103	2021-12-06T05:03:17Z	2003:07:26 16:13:57
113103380	Syced	27103	2021-12-06T05:03:39Z	2003:07:26 16:12:43
113105868	Syced	27103	2021-12-06T07:50:33Z	2021-12-06
113105871	Syced	27103	2021-12-06T07:50:52Z	2021-12-06
113105874	Syced	27103	2021-12-06T07:51:09Z	2021-12-06
113105878	Syced	27103	2021-12-06T07:51:27Z	2021-12-06
113105882	Syced	27103	2021-12-06T07:51:54Z	2021-12-06
113105887	Syced	27103	2021-12-06T07:52:13Z	2021-12-06
113105890	Syced	27103	2021-12-06T07:52:36Z	2021-12-06
113105893	Syced	27103	2021-12-06T07:52:57Z	2021-12-06
113105898	Syced	27103	2021-12-06T07:53:18Z	2021-12-06
113105915	Syced	27103	2021-12-06T07:54:04Z	2021-12-06
113105936	Syced	27103	2021-12-06T07:54:26Z	2021-12-06
113105960	Syced	27103	2021-12-06T07:54:49Z	2021-12-06
113105990	Syced	27103	2021-12-06T07:55:14Z	2021-12-06
113106004	Syced	27103	2021-12-06T07:55:38Z	2021-12-06
113106014	Syced	27103	2021-12-06T07:56:04Z	2021-12-06
113106019	Syced	27103	2021-12-06T07:56:30Z	2021-12-06
113106025	Syced	27103	2021-12-06T07:56:57Z	2021-12-06
113106230	Syced	27103	2021-12-06T08:07:51Z	2003:07:04 02:28:42
113106233	Syced	27103	2021-12-06T08:08:08Z	2003:07:04 02:29:27
113106240	Syced	27103	2021-12-06T08:08:23Z	2003:07:04 02:28:59
113106246	Syced	27103	2021-12-06T08:08:40Z	2003:07:04 02:28:50
113106249	Syced	27103	2021-12-06T08:08:57Z	2003:07:04 02:36:46
113106253	Syced	27103	2021-12-06T08:09:22Z	2003:07:04 02:36:36
113106256	Syced	27103	2021-12-06T08:09:40Z	2003:07:04 02:33:53
113106257	Syced	27103	2021-12-06T08:09:57Z	2003:07:04 02:32:11
113106260	Syced	27103	2021-12-06T08:10:15Z	2003:07:04 02:40:57
113106266	Syced	27103	2021-12-06T08:10:34Z	2003:07:04 02:40:18
113106271	Syced	27103	2021-12-06T08:10:54Z	2003:07:04 02:37:26
113106278	Syced	27103	2021-12-06T08:11:17Z	2003:07:04 02:41:46
113106284	Syced	27103	2021-12-06T08:11:38Z	2003:07:04 02:41:04
113106317	Syced	27103	2021-12-06T08:13:03Z	2003:07:04 02:43:05
113106326	Syced	27103	2021-12-06T08:13:47Z	2003:07:04 02:42:43
113106337	Syced	27103	2021-12-06T08:14:12Z	2003:07:04 02:43:32
113106347	Syced	27103	2021-12-06T08:14:38Z	2003:07:04 02:43:12
113106353	Syced	27103	2021-12-06T08:15:01Z	2003:07:04 02:43:50
113106361	Syced	27103	2021-12-06T08:15:28Z	2003:07:04 02:43:43
113106368	Syced	27103	2021-12-06T08:15:55Z	2003:07:04 02:44:45
113106381	Syced	27103	2021-12-06T08:16:47Z	2003:07:04 02:44:26
113106394	Syced	27103	2021-12-06T08:17:13Z	2003:07:04 02:44:55
113106413	Syced	27103	2021-12-06T08:17:43Z	2003:07:04 02:45:34
113106423	Syced	27103	2021-12-06T08:18:12Z	2003:07:04 02:45:44
113106429	Syced	27103	2021-12-06T08:18:44Z	2003:07:04 02:47:17
113106436	Syced	27103	2021-12-06T08:19:14Z	2003:07:04 02:47:08
113106444	Syced	27103	2021-12-06T08:19:43Z	2003:07:04 02:48:06
113106452	Syced	27103	2021-12-06T08:20:14Z	2003:07:04 02:48:45
113106460	Syced	27103	2021-12-06T08:20:46Z	2003:07:04 02:49:14
113106472	Syced	27103	2021-12-06T08:21:49Z	2003:07:04 02:49:47
113106479	Syced	27103	2021-12-06T08:22:24Z	2003:07:04 02:51:07
113106495	Syced	27103	2021-12-06T08:22:56Z	2003:07:04 02:50:59
113106508	Syced	27103	2021-12-06T08:23:29Z	2003:07:04 02:51:34
113106515	Syced	27103	2021-12-06T08:24:00Z	2003:07:04 02:51:25
113106522	Syced	27103	2021-12-06T08:24:33Z	2003:07:04 02:51:44
113106530	Syced	27103	2021-12-06T08:25:05Z	2003:07:04 02:53:06
113106535	Syced	27103	2021-12-06T08:25:38Z	2003:07:04 02:54:02
113106544	Syced	27103	2021-12-06T08:26:13Z	2003:07:04 02:54:10
113106559	Syced	27103	2021-12-06T08:26:48Z	2003:07:04 02:54:32
196184484	Indies1	6654150	2026-07-25T13:42:49Z	2014
196184486	Indies1	6654150	2026-07-25T13:42:51Z	2014:12:27 00:38:16
14957388	File Upload Bot (Magnus Manske)	40038	2011-04-19T03:46:11Z	2009-12-11
16916107	MGA73bot2	643716	2011-10-08T10:34:43Z	2003:09:23 14:41:14
16943714	MGA73bot2	643716	2011-10-10T09:21:48Z	2007:09:20 22:39:52
16943716	MGA73bot2	643716	2011-10-10T09:21:55Z	2007:10:06 20:05:30
16945565	Theduong	496997	2011-10-10T13:16:59Z	2011-10-10
16945608	Theduong	496997	2011-10-10T13:20:30Z	2010:06:20 11:41:34
103489274	BVIS Hanoi	10242086	2021-04-12T02:53:54Z	2021:03:17 08:23:19
103489451	BVIS Hanoi	10242086	2021-04-12T03:00:24Z	2019:09:30 10:26:02
103489656	BVIS Hanoi	10242086	2021-04-12T03:07:52Z	2021:01:19 09:09:30
103489947	BVIS Hanoi	10242086	2021-04-12T03:18:06Z	2015:03:15 18:57:32
112732885	BVIS Hanoi	10242086	2021-11-23T06:28:34Z	2021-10-27
112733462	BVIS Hanoi	10242086	2021-11-23T07:05:29Z	2021:03:16 14:04:30
112733817	BVIS Hanoi	10242086	2021-11-23T07:27:28Z	2020:10:08 14:42:30
112733988	BVIS Hanoi	10242086	2021-11-23T07:37:06Z	2021:06:17 08:34:19
116253524	Huy91	11051081	2022-03-21T06:20:00Z	3/10/2020
3638613	Viethavvh	188519	2008-03-01T10:49:38Z	2005:01:27 14:31:56
6761282	Tamba52	458577	2010-10-05T07:56:56Z	2005
7358456	Newone	36891	2009-07-22T02:43:06Z	2009:07:22 08:14:14
7358466	Newone	36891	2009-07-22T02:45:37Z	2009:07:22 08:14:30
7358471	Newone	36891	2009-07-22T02:47:17Z	2009:07:22 08:21:45
7358475	Newone	36891	2009-07-22T02:49:07Z	2009:07:22 08:21:58
7358481	Newone	36891	2009-07-22T02:50:35Z	2009:07:22 08:22:56
7358484	Newone	36891	2009-07-22T02:52:05Z	2009:07:22 08:23:28
16945797	MGA73bot2	643716	2011-10-10T13:34:05Z	2008:05:17 13:56:37
17234108	File Upload Bot (Magnus Manske)	40038	2011-11-04T09:29:38Z	2005:05:10 17:07:42
57348558	Quynhtho.lotus	6470715	2017-03-24T03:05:58Z	2016:03:23 12:24:38
57348608	Quynhtho.lotus	6470715	2017-03-24T03:08:50Z	2016:03:23 12:23:29
113259403	Nguyenhai314	8955777	2021-12-11T13:17:52Z	2020:02:15 04:39:41
113259405	Nguyenhai314	8955777	2021-12-11T13:17:54Z	2020:02:15 04:39:45
4807214	Ngokhong	331127	2008-09-17T22:54:40Z	2008:05:03 16:23:26
6324063	Aipf~commonswiki	222926	2009-03-24T02:29:50Z	2008-03-01
9836187	Flickr upload bot	152505	2010-03-26T11:26:49Z	2009:08:15 11:00:20
11317004	Phó Nháy	975736	2010-08-28T15:48:15Z	2007:12:31 14:45:30
15523415	File Upload Bot (Magnus Manske)	40038	2011-06-16T01:33:46Z	2009:08:10 08:34:31
16916741	MGA73bot2	643716	2011-10-08T11:14:30Z	2006:12:12 02:22:04
33373202	RG72	443240	2014-06-13T14:12:34Z	2013:11:10 13:24:41
40026460	Daderot	23761	2015-05-06T22:59:55Z	2014:08:05 22:05:48
52301294	Newone	36891	2016-10-16T12:54:31Z	2016:10:15 18:03:44
52301295	Newone	36891	2016-10-16T12:54:33Z	2016:10:15 18:03:57
69113805	RALACO	7198264	2018-05-15T04:23:00Z	2018-05-04
82344616	Newone	36891	2019-09-20T03:53:43Z	2019-09-20
27735738	Inkey	2574007	2013-08-16T10:42:15Z	2008:11:25 16:12:11
107596810	Quanghung2021	10482392	2021-07-16T07:40:41Z	2021-07-16
124695130	Ryder1992	10709051	2022-10-29T06:31:26Z	2022-10-29
34722758	Vietnam.Conghoa	4093702	2014-09-19T09:37:47Z	2014-08-14 09:52:58
34722763	Vietnam.Conghoa	4093702	2014-09-19T09:41:03Z	2014-08-14 09:53:02
65883834	Guilieb	2989239	2018-01-27T12:51:19Z	1931
132752272	Donald Trung	6592656	2023-06-07T08:49:37Z	2023-06-07
139367597	Jeanfrancois.mouragues	12556065	2023-10-22T23:21:19Z	2014-03-12 22:17:39
148798792	Mine Guu	13026862	2024-05-28T05:33:45Z	early 20 th century date QS:P,+1950-00-00T00:00:00Z/7,P4241,Q40719727
154340133	Gzen92Bot	5142080	2024-10-26T07:46:28Z	1983 date QS:P571,+1983-00-00T00:00:00Z/9
154340143	Gzen92Bot	5142080	2024-10-26T07:46:40Z	1983 date QS:P571,+1983-00-00T00:00:00Z/9
154340153	Gzen92Bot	5142080	2024-10-26T07:46:53Z	1983 date QS:P571,+1983-00-00T00:00:00Z/9
154340163	Gzen92Bot	5142080	2024-10-26T07:47:07Z	1983 date QS:P571,+1983-00-00T00:00:00Z/9
154340172	Gzen92Bot	5142080	2024-10-26T07:47:19Z	1983 date QS:P571,+1983-00-00T00:00:00Z/9
70886519	Ser Amantio di Nicolao	23396	2018-07-15T21:38:49Z	2015:10:19 17:05:43
105754967	Orizan	8118308	2021-05-23T16:11:18Z	2009:04:18 09:31:08
105754979	Orizan	8118308	2021-05-23T16:11:25Z	2009:04:18 09:34:17
105755012	Orizan	8118308	2021-05-23T16:11:49Z	2009:04:18 14:01:28
105755021	Orizan	8118308	2021-05-23T16:11:56Z	2009:04:18 10:18:39
105755034	Orizan	8118308	2021-05-23T16:12:06Z	2009:04:18 14:04:49
105755102	Orizan	8118308	2021-05-23T16:12:52Z	2009:04:24 15:21:49
105755132	Orizan	8118308	2021-05-23T16:13:14Z	2009:04:24 16:02:24
105755162	Orizan	8118308	2021-05-23T16:13:31Z	2009:04:24 19:14:41
105755187	Orizan	8118308	2021-05-23T16:13:46Z	2009:04:24 19:16:40
105755205	Orizan	8118308	2021-05-23T16:13:57Z	2009:04:24 19:23:35
105755277	Orizan	8118308	2021-05-23T16:14:45Z	2009:04:24 19:24:54
26363865	File Upload Bot (Magnus Manske)	40038	2013-05-28T02:53:09Z	2012:02:06 08:20:20
29915271	Newmanhanoi	3299111	2013-11-29T07:50:43Z	2013:11:24 08:49:58
30026244	Newmanhanoi	3299111	2013-12-06T06:51:17Z	2013:02:12 10:02:37
30026247	Newmanhanoi	3299111	2013-12-06T06:51:17Z	2013:10:13 11:37:08
37247051	Cccefalon	1544168	2014-12-11T17:35:56Z	2011:05:10 11:34:07
37247106	Cccefalon	1544168	2014-12-11T17:40:10Z	2011:05:10 09:47:47
37247271	Cccefalon	1544168	2014-12-11T17:55:54Z	2011:05:10 10:50:55
37249119	Cccefalon	1544168	2014-12-11T20:50:36Z	2011:05:09 10:52:03
37249190	Cccefalon	1544168	2014-12-11T20:56:25Z	2011:05:09 11:38:15
40535728	Cccefalon	1544168	2015-05-28T15:09:40Z	2011:05:10 10:41:13
40536676	Cccefalon	1544168	2015-05-28T15:34:46Z	2011:05:11 08:38:44
49382729	Cccefalon	1544168	2016-06-11T15:57:19Z	2011:05:11 09:40:49
49559249	Cccefalon	1544168	2016-06-18T22:51:34Z	2011:05:10 08:46:51
49576877	Cccefalon	1544168	2016-06-19T17:30:16Z	2011:05:10 08:52:06
49577421	Cccefalon	1544168	2016-06-19T17:53:19Z	2011:05:10 09:45:25
49606754	Cccefalon	1544168	2016-06-20T20:52:30Z	2011:05:09 11:04:48
87350379	Kallerna	135408	2020-02-22T07:24:04Z	2020:01:06 12:25:35
87403261	Kallerna	135408	2020-02-23T17:27:19Z	2020:01:06 12:15:44
113075663	Taitaptin	10813792	2021-12-05T09:52:05Z	2019:07:01 11:56:26
117377160	Sử dụng hợp lí	11005275	2023-09-08T07:00:28Z	2023:09:08 13:55:10
194386251	MasterRus21thCentury	7542771	2026-06-23T07:32:58Z	Taken on 23 May 2019
194386252	MasterRus21thCentury	7542771	2026-06-23T07:32:59Z	Taken on 23 May 2019
194386256	MasterRus21thCentury	7542771	2026-06-23T07:33:05Z	Taken on 23 May 2019
194386258	MasterRus21thCentury	7542771	2026-06-23T07:33:07Z	Taken on 23 May 2019
197867348	Alitterfrog	15117392	2026-08-20T07:37:22Z	2026-08-20
198120389	Greennzz	7560245	2026-08-25T08:00:54Z	2026-08-25 00:51:47
41110	Herr Klugbeisser	542	2005-01-11T06:30:56Z	
450226	Mammique	19544	2005-12-07T15:15:13Z	2003:08:16 11:13:26
564567	Mosmas	27221	2006-03-09T20:22:16Z	2004-12-27
619489	Kjetil r	9672	2006-03-07T23:50:45Z	
1217647	AlfredBoc	71841	2006-09-27T00:55:34Z	2004:03:17 03:42:09
2975175	Ondřej Žváček	182472	2007-10-26T08:47:26Z	2005:11:03 13:37:00
3004479	File Upload Bot (Magnus Manske)	40038	2007-11-01T17:26:13Z	2007-06-15 06:01
3122961	Lưu Ly	224066	2008-01-15T08:19:48Z	2006-01-29
3135202	Rungbachduong	208886	2007-11-23T22:38:26Z	2007:08:19 19:53:37
4460012	Flickr upload bot	152505	2008-07-28T11:54:52Z	2007:08:08 10:47:03
5198265	Flickr upload bot	152505	2008-11-14T04:28:55Z	2008:07:16 03:58:38
5606729	Paris 16	269373	2008-12-31T08:50:10Z	2008:08:19 03:54:37
5627524	Paris 16	269373	2009-01-03T09:11:49Z	
5677575	Flickr upload bot	152505	2009-01-09T15:38:55Z	2008:07:14 23:02:05
8423469	Bùi Thế Tâm	563155	2009-11-12T05:34:22Z	2008:11:29 15:09:30
8423481	Bùi Thế Tâm	563155	2009-11-12T05:38:50Z	2008:11:29 15:09:59
10906403	Nguyễn Thanh Quang	4539	2010-07-17T01:10:51Z	2010:01:31 20:15:41
10910326	Flickr upload bot	152505	2010-07-17T15:09:03Z	2008-12-29 21:45:15
12105102	Viault	1263815	2010-11-20T18:57:37Z	
12105137	Viault	1263815	2010-11-20T19:02:33Z	1993
15276340	Gryffindor	11219	2011-05-22T18:06:20Z	2008:12:29 06:28:00
15276356	Gryffindor	11219	2011-05-22T18:07:28Z	2008:12:29 06:27:47
15506440	Russavia	150943	2011-06-14T02:00:20Z	Taken on 31 October 2010
16881930	MGA73bot2	643716	2011-10-05T21:16:02Z	29 January 2006 (original upload date)
17286763	Benoît Prieur	1321769	2011-11-09T12:52:09Z	2003
17289637	Benoît Prieur	1321769	2011-11-09T18:29:33Z	2003
17514737	Paris 16	269373	2011-11-28T23:13:07Z	2008:08:03 02:32:06
17515387	Flickr upload bot	152505	2011-11-29T00:56:55Z	2009:01:31 03:41:37
18493992	Chitra sivakumar	1518185	2012-02-25T15:55:54Z	2012:01:14 17:17:12
18494000	Chitra sivakumar	1518185	2012-02-25T15:55:54Z	2012:01:14 17:16:53
18494001	Chitra sivakumar	1518185	2012-02-25T15:55:54Z	2012:01:14 17:15:38
18494002	Chitra sivakumar	1518185	2012-02-25T15:55:59Z	2012:01:14 17:14:22
20846769	GARNERshiqian	2010127	2012-08-25T13:34:34Z	2012:04:28 15:46:57
22547348	MGA73bot2	643716	2012-11-04T18:48:30Z	2007:05:04 16:39:42
22918411	MGA73bot2	643716	2012-11-29T15:35:29Z	2008-04-30
22958995	MGA73bot2	643716	2012-12-02T13:26:04Z	03.08.07
23297451	MGA73bot2	643716	2012-12-23T02:30:35Z	2004:06:13 16:29:56
23301694	Ecow	2010047	2012-12-23T11:11:07Z	2012:12:22 12:40:05
23331910	MGA73bot2	643716	2012-12-25T20:27:05Z	Taken on 30 November 2003
23906347	Hoangvantoanajc	375232	2013-01-16T16:41:33Z	2011:11:28 20:06:13
26363633	Steinsplitter	2055977	2013-12-09T20:41:57Z	2012-02-06 08:46
26364431	File Upload Bot (Magnus Manske)	40038	2013-05-28T03:07:34Z	2012:02:06 08:29:26
27401210	An678ko	1886475	2013-07-23T15:31:36Z	2013-07-23 18:30:12
28861205	Grossbildjaeger	3071839	2013-10-05T17:10:45Z	2006:02:18 09:34:29
30103264	File Upload Bot (Magnus Manske)	40038	2013-12-11T11:30:47Z	2013:06:22 20:58:35
30103268	File Upload Bot (Magnus Manske)	40038	2013-12-11T11:30:54Z	2013:06:22 20:59:22
30103269	File Upload Bot (Magnus Manske)	40038	2013-12-11T11:30:55Z	2013:06:22 21:01:03
30103270	File Upload Bot (Magnus Manske)	40038	2013-12-11T11:30:54Z	2013:06:22 20:58:35
30103271	File Upload Bot (Magnus Manske)	40038	2013-12-11T11:30:56Z	2013:06:22 21:00:22
30103274	File Upload Bot (Magnus Manske)	40038	2013-12-11T11:31:04Z	2013:06:22 21:02:17
30103275	File Upload Bot (Magnus Manske)	40038	2013-12-11T11:31:04Z	2013:06:22 21:09:02
30103276	File Upload Bot (Magnus Manske)	40038	2013-12-11T11:31:04Z	2013:06:22 21:08:33
30103277	File Upload Bot (Magnus Manske)	40038	2013-12-11T11:31:05Z	2013:06:22 21:02:21
30103280	File Upload Bot (Magnus Manske)	40038	2013-12-11T11:31:12Z	2013:06:22 21:10:38
30103281	File Upload Bot (Magnus Manske)	40038	2013-12-11T11:31:13Z	2013:06:22 21:10:16
30103283	File Upload Bot (Magnus Manske)	40038	2013-12-11T11:31:15Z	2013:06:22 21:09:14
30103284	File Upload Bot (Magnus Manske)	40038	2013-12-11T11:31:20Z	2013:06:22 21:10:41
30103286	File Upload Bot (Magnus Manske)	40038	2013-12-11T11:31:20Z	2013:06:22 21:14:12
30103287	File Upload Bot (Magnus Manske)	40038	2013-12-11T11:31:22Z	2013:06:22 21:16:04
30103288	File Upload Bot (Magnus Manske)	40038	2013-12-11T11:31:22Z	2013:06:22 21:14:22
31409444	Kjetil r	9672	2014-03-02T13:35:13Z	2012-12
36198833	Quenhitran	3093249	2014-10-17T07:56:02Z	2007:01:20 10:04:50
36198836	Quenhitran	3093249	2014-10-17T07:56:03Z	2007:01:20 10:05:39
39738724	Grashoofd	322885	2015-04-23T12:41:10Z	2012:07:08 03:43:41
42709281	Cvbr	86169	2015-08-28T06:44:15Z	2009:08:22 15:13:11
47036240	EurovisionNim	3673015	2016-02-18T09:46:53Z	2015:12:31 14:47:23
48699854	Bùi Thụy Đào Nguyên	2438478	2016-05-11T07:01:14Z	2016:04:12 05:22:58
50247267	Cookie Nguyen	5210515	2016-07-19T20:31:24Z	2016:06:02 14:55:56
54689760	RandiJohn	6330665	2017-01-02T11:48:32Z	30 December 2016 (according to Exif data)
54689775	RandiJohn	6330665	2017-01-02T11:49:05Z	30 December 2016 (according to Exif data)
54689827	RandiJohn	6330665	2017-01-02T11:50:30Z	30 December 2016 (according to Exif data)
54689836	RandiJohn	6330665	2017-01-02T11:51:04Z	2016:12:30 16:37:37
54689841	RandiJohn	6330665	2017-01-02T11:51:22Z	30 December 2016 (according to Exif data)
61636437	Ziegler175	2958411	2017-08-12T15:22:33Z	2000-11
61636442	Ziegler175	2958411	2017-08-12T15:22:42Z	2000-11
61636449	Ziegler175	2958411	2017-08-12T15:22:53Z	2000-11
64218177	Ser Amantio di Nicolao	23396	2017-11-20T21:55:17Z	2017:11:04 09:29:29
64218180	Ser Amantio di Nicolao	23396	2017-11-20T21:55:21Z	2017:11:04 09:29:52
64218188	Ser Amantio di Nicolao	23396	2017-11-20T21:55:33Z	2017:11:04 09:29:15
64218191	Ser Amantio di Nicolao	23396	2017-11-20T21:55:37Z	2017:11:04 09:41:08
64218196	Ser Amantio di Nicolao	23396	2017-11-20T21:55:50Z	2017:11:04 09:39:54
64218202	Ser Amantio di Nicolao	23396	2017-11-20T21:55:55Z	2017:11:04 09:38:43
64218205	Ser Amantio di Nicolao	23396	2017-11-20T21:56:01Z	2017:11:04 09:38:54
66631794	Thesupermat2	2265333	2018-02-20T16:26:51Z	2016:10:31 06:19:29
66995396	Artix Kreiger 2	6900938	2018-03-03T03:28:35Z	2009:01:31 03:39:48
68131426	Embedded Data Bot	6325156	2018-04-08T04:18:38Z	2018:03:12 23:11:17
69181813	OceanAtoll	6696728	2018-05-17T03:23:04Z	2010:07:27 13:15:21
69181822	OceanAtoll	6696728	2018-05-17T03:23:16Z	2010:07:27 12:50:53
69181823	OceanAtoll	6696728	2018-05-17T03:23:16Z	2010:07:27 13:49:08
69181838	OceanAtoll	6696728	2018-05-17T03:23:34Z	2010:07:27 13:49:18
69498949	Clément Chevallier	7088546	2018-05-28T05:10:38Z	2018:05:23 10:03:29
71628139	GazothBot	7297389	2018-08-15T02:51:10Z	2008:11:28 08:43:56
71628140	GazothBot	7297389	2018-08-15T02:51:23Z	2008:11:28 08:46:06
76953192	A1Cafel	3726108	2019-02-28T15:54:56Z	2019:02:26 23:07:52
77915874	Pan krzyżówka	914207	2019-04-10T13:02:19Z	2010:04:10 06:47:28
81178351	Cacen Gymraeg	2435095	2019-08-09T22:25:48Z	2018:07:31 09:43:34
86305155	Argenberg	7836039	2020-01-25T20:46:18Z	2008:03:13 15:53:25
86305156	Argenberg	7836039	2020-01-25T20:46:18Z	2008:03:13 15:44:55
86305157	Argenberg	7836039	2020-01-25T20:46:18Z	2008:03:13 12:11:42
86305159	Argenberg	7836039	2020-01-25T20:46:20Z	2008:03:13 15:53:55
88564363	The Squirrel Conspiracy	5239564	2020-03-25T20:06:55Z	4 December 2007 (original upload date)
93787305	RTG	271304	2020-09-03T01:49:20Z	2014:10:31 04:47:14
94065725	Bdanh	6515528	2017-11-21T03:56:31Z	2015:08:15 21:07:59
105753353	Orizan	8118308	2021-05-23T15:53:56Z	2008:08:29 19:58:17
105753463	Orizan	8118308	2021-05-23T15:55:00Z	2008:08:29 18:54:31
105755591	Orizan	8118308	2021-05-23T16:18:00Z	2018:12:11 16:06:47
105755601	Orizan	8118308	2021-05-23T16:18:05Z	2018:12:11 15:57:40
105770452	Jpbowen	17330	2021-05-23T18:56:45Z	2011:03:24 02:54:19
105770459	Jpbowen	17330	2021-05-23T18:56:48Z	2011:03:24 02:42:43
105770462	Jpbowen	17330	2021-05-23T18:56:52Z	2011:03:24 02:07:21
108169366	Ltn12345	9888123	2021-08-05T09:58:23Z	2015:12:27 05:01:20
109276473	Ltn12345	9888123	2021-08-25T09:19:07Z	2018:03:08 12:28:47
109276476	Ltn12345	9888123	2021-08-25T09:19:12Z	2018:03:08 12:23:23
110750666	Ltn12345	9888123	2021-10-05T15:41:56Z	2020:02:15 07:00:52
110750680	Ltn12345	9888123	2021-10-05T15:42:21Z	2020:02:15 07:01:50
110750727	Ltn12345	9888123	2021-10-05T15:43:23Z	2020:02:15 05:48:02
110750740	Ltn12345	9888123	2021-10-05T15:43:40Z	2020:02:15 05:48:04
110750745	Ltn12345	9888123	2021-10-05T15:43:50Z	2020:02:15 05:25:04
110763910	Nguyenhai314	8955777	2021-10-06T01:44:36Z	2018:01:30 10:12:58
110763915	Nguyenhai314	8955777	2021-10-06T01:44:46Z	2018:01:30 10:15:45
110763917	Nguyenhai314	8955777	2021-10-06T01:44:50Z	2018:01:30 10:14:25
110763919	Nguyenhai314	8955777	2021-10-06T01:44:54Z	2018:01:30 10:15:51
112436656	Syced	27103	2021-11-11T14:49:50Z	2003:09:02 15:44:05
112436661	Syced	27103	2021-11-11T14:50:04Z	2003:09:02 15:44:12
113101476	Syced	27103	2021-12-06T02:26:18Z	2003:07:25 15:28:35
113101479	Syced	27103	2021-12-06T02:26:36Z	2003:07:25 15:28:55
113101483	Syced	27103	2021-12-06T02:26:49Z	2003:07:25 15:28:42
113101486	Syced	27103	2021-12-06T02:27:10Z	2003:07:25 15:29:34
113101492	Syced	27103	2021-12-06T02:27:23Z	2003:07:25 15:32:52
113101495	Syced	27103	2021-12-06T02:27:37Z	2003:07:25 15:33:07
113101500	Syced	27103	2021-12-06T02:27:53Z	2003:07:25 15:33:20
113101504	Syced	27103	2021-12-06T02:28:09Z	2003:07:25 15:33:37
113101508	Syced	27103	2021-12-06T02:28:24Z	2003:07:25 15:33:54
113101513	Syced	27103	2021-12-06T02:28:42Z	2003:07:25 15:41:00
113101521	Syced	27103	2021-12-06T02:28:59Z	2003:07:25 15:42:07
113101526	Syced	27103	2021-12-06T02:29:15Z	2003:07:25 15:42:24
113101534	Syced	27103	2021-12-06T02:29:31Z	2003:07:25 15:42:40
113101539	Syced	27103	2021-12-06T02:29:49Z	2003:07:25 15:52:09
113101548	Syced	27103	2021-12-06T02:30:08Z	2003:07:25 15:43:20
113101551	Syced	27103	2021-12-06T02:30:25Z	2003:07:25 15:52:33
113101554	Syced	27103	2021-12-06T02:30:44Z	2003:07:25 15:53:21
113101561	Syced	27103	2021-12-06T02:31:03Z	2003:07:25 15:52:46
113101564	Syced	27103	2021-12-06T02:31:22Z	2003:07:25 15:54:21
113101570	Syced	27103	2021-12-06T02:31:42Z	2003:07:25 15:54:48
113101577	Syced	27103	2021-12-06T02:32:03Z	2003:07:25 15:55:11
113101582	Syced	27103	2021-12-06T02:32:24Z	2003:07:25 15:56:18
113101589	Syced	27103	2021-12-06T02:32:46Z	2003:07:25 15:56:31
113101592	Syced	27103	2021-12-06T02:33:07Z	2003:07:25 15:56:49
113101602	Syced	27103	2021-12-06T02:33:30Z	2003:07:25 15:58:47
113101618	Syced	27103	2021-12-06T02:33:54Z	2003:07:25 15:58:35
113101622	Syced	27103	2021-12-06T02:34:18Z	2003:07:25 16:00:06
113101629	Syced	27103	2021-12-06T02:34:40Z	2003:07:25 16:07:46
113101633	Syced	27103	2021-12-06T02:35:04Z	2003:07:25 16:07:57
113101778	Syced	27103	2021-12-06T02:47:15Z	2003:07:25 15:29:44
123867744	NKSTTSSHNVN	10985169	2022-10-07T05:14:14Z	2022-10-07
123867866	NKSTTSSHNVN	10985169	2022-10-07T05:23:52Z	2022-10-07
126644469	ASK	11804356	2004-11-16T20:50:16Z	2004-08-13
126644486	ASK	11804356	2004-11-11T12:11:33Z	2004-08-13
126644552	ASK	11804356	2004-11-11T12:10:59Z	2004-08-13
127164692	源義信	8476990	2022-12-30T04:23:06Z	2016-02-18
140016646	Đại Việt quốc	11655741	2023-11-03T03:42:52Z	2017:07:23 13:39:35
140580028	Đại Việt quốc	11655741	2023-11-11T09:38:24Z	2016:05:03 11:37:19
142952191	源義信	8476990	2023-12-27T02:15:43Z	2007:08:25 19:52:24
145321192	Rc1959	1698562	2024-02-13T22:38:16Z	1999
145321195	Rc1959	1698562	2024-02-13T22:38:18Z	1999
162586494	SerChevalerie	7471293	2025-03-21T21:31:17Z	2025:02:22 16:52:54
190437990	Hardscarf	3750	2026-04-26T11:55:54Z	2024:12:07 09:23:31
3101941	Nguyễn Thanh Quang	4539	2007-11-16T09:42:42Z	2007:08:28 20:47:09
450205	Mammique	19544	2005-12-07T14:58:42Z	2003:08:18 07:19:30
62661094	Donald Trung	6592656	2017-09-22T13:03:44Z	2017:09:06 08:44:47
62738260	Donald Trung	6592656	2017-09-25T08:33:02Z	2017:09:10 17:00:37
62738261	Donald Trung	6592656	2017-09-25T08:33:02Z	2017:09:10 17:01:23
10419900	Gryffindor	11219	2010-05-24T19:47:38Z	2008:12:29 07:42:37
10419998	Gryffindor	11219	2010-05-24T19:53:16Z	2008:12:29 07:47:42
10420029	Gryffindor	11219	2010-05-24T19:54:51Z	2008:12:29 07:49:29
10420035	Gryffindor	11219	2010-05-24T19:55:03Z	2008:12:29 07:52:12
10420047	Gryffindor	11219	2010-05-24T19:55:55Z	2008:12:29 07:52:15
10420109	Gryffindor	11219	2010-05-24T19:59:15Z	2008:12:29 07:52:18
10420124	Gryffindor	11219	2010-05-24T19:59:49Z	2008:12:29 07:52:22
10422535	Gryffindor	11219	2010-05-25T03:57:21Z	2008:12:29 07:56:37
10422541	Gryffindor	11219	2010-05-25T03:59:16Z	2008:12:29 07:56:40
10422548	Gryffindor	11219	2010-05-25T04:01:08Z	2008:12:29 07:56:44
10432489	Gryffindor	11219	2010-05-26T01:15:24Z	2008:12:29 08:15:35
10432495	Gryffindor	11219	2010-05-26T01:17:58Z	2008:12:29 08:15:49
10432507	Gryffindor	11219	2010-05-26T01:20:48Z	2008:12:29 08:19:19
10432525	Gryffindor	11219	2010-05-26T01:23:28Z	2008:12:29 08:21:43
10432546	Rotatebot	223487	2010-05-26T06:01:01Z	2008:12:29 08:23:28
11233574	Gothika	302170	2010-08-20T20:27:39Z	2008:12:29 07:56:44
11516213	Gothika	302170	2010-09-17T17:56:20Z	2008:12:29 07:52:22
16922983	MGA73bot2	643716	2011-10-08T19:23:16Z	2005:10:31 15:31:01
18155968	Paris 16	269373	2012-01-24T20:11:27Z	2012-01-25
18155971	Paris 16	269373	2012-01-24T20:11:29Z	2012-01-25
18155972	Paris 16	269373	2012-01-24T20:11:29Z	2012-01-25
18155979	Paris 16	269373	2012-01-24T20:11:33Z	2012-01-25
18177716	Đại Việt quốc	11655741	2023-12-02T22:26:55Z	1891
22042785	Ori~	156107	2012-10-13T16:55:18Z	2012-10-13
50486798	Guerinf	1353580	2016-08-04T18:59:04Z	2016:04:22 23:31:26
50486799	Guerinf	1353580	2016-08-04T18:59:04Z	2016:04:23 00:20:12
77883101	Nguyenkhanh159	7466549	2019-04-09T05:35:21Z	2019-04-09
93712253	Bùi Thụy Đào Nguyên	2438478	2009-05-16T21:03:27Z	Hình chụp vào những năm 1884-1885.
93823733	Phuongcacanh	853300	2010-10-11T06:14:49Z	2 - 10 - 2010
94043435	Phuongcacanh	853300	2010-10-11T13:09:26Z	
95431745	NhatMinh1701	9170290	2020-10-25T00:51:14Z	2020-10-25
97231120	Giakhanh2108	9894012	2020-12-03T12:24:44Z	2020-12-03
98130200	Vinhtantran	161974	2009-10-16T10:24:53Z	1877
100922477	NearEMPTiness	1247413	2021-03-03T21:41:05Z	between 1888 and 1891 date QS:P,+1850-00-00T00:00:00Z/7,P1319,+1888-00-00T00:00:00Z/9,P1326,+1891-00-00T00:00:00Z/9
100923135	Đại Việt quốc	11655741	2023-08-30T16:42:34Z	circa 1900 date QS:P,+1900-00-00T00:00:00Z/9,P1480,Q5727902
105754626	Orizan	8118308	2021-05-23T16:07:26Z	2018:12:14 14:49:03
105754664	Orizan	8118308	2021-05-23T16:07:48Z	2018:12:14 14:08:20
105754668	Orizan	8118308	2021-05-23T16:07:50Z	2018:12:14 14:40:55
105754682	Orizan	8118308	2021-05-23T16:08:00Z	2018:12:14 14:05:23
105754818	Orizan	8118308	2021-05-23T16:09:31Z	2018:12:14 12:56:52
106225217	Ltn12345	9888123	2021-06-03T06:08:14Z	2015:12:30 00:46:35
108169376	Ltn12345	9888123	2021-08-05T09:58:41Z	2015:12:30 00:38:05
117957772	Donald Trung	6592656	2022-05-13T08:31:07Z	before 1926 date QS:P,+1926-00-00T00:00:00Z/7,P1326,+1926-00-00T00:00:00Z/9
117957777	Donald Trung	6592656	2022-05-13T08:31:10Z	before 1926 date QS:P,+1926-00-00T00:00:00Z/7,P1326,+1926-00-00T00:00:00Z/9
117957778	Donald Trung	6592656	2022-05-13T08:31:11Z	before 1926 date QS:P,+1926-00-00T00:00:00Z/7,P1326,+1926-00-00T00:00:00Z/9
118168426	Sturm	7323	2022-05-20T03:11:10Z	2021-06-16 16:47
127860130	Donald Trung	6592656	2023-01-17T17:47:45Z	2022-12-19 21:57:15
127860131	Donald Trung	6592656	2023-01-17T17:47:45Z	2022-12-19 21:57:15
140580087	Đại Việt quốc	11655741	2023-11-11T09:39:51Z	2016:05:03 14:54:35
140619272	Đại Việt quốc	11655741	2023-11-11T22:56:21Z	2016:06:02 12:07:18
148229196	NearEMPTiness	1247413	2024-05-10T14:36:11Z	circa 1900 date QS:P,+1900-00-00T00:00:00Z/9,P1480,Q5727902
64218692	Ser Amantio di Nicolao	23396	2017-11-20T22:13:37Z	2017:11:06 13:05:24
64218694	Ser Amantio di Nicolao	23396	2017-11-20T22:13:46Z	2017:11:06 13:06:21
64218696	Ser Amantio di Nicolao	23396	2017-11-20T22:13:50Z	2017:11:06 13:07:12
64218699	Ser Amantio di Nicolao	23396	2017-11-20T22:13:57Z	2017:11:06 13:07:48
64218700	Ser Amantio di Nicolao	23396	2017-11-20T22:13:58Z	2017:11:06 13:08:42
64218702	Ser Amantio di Nicolao	23396	2017-11-20T22:14:01Z	2017:11:06 13:07:32
64218703	Ser Amantio di Nicolao	23396	2017-11-20T22:14:08Z	2017:11:06 13:08:59
64218704	Ser Amantio di Nicolao	23396	2017-11-20T22:14:09Z	2017:11:06 13:10:22
64218705	Ser Amantio di Nicolao	23396	2017-11-20T22:14:13Z	2017:11:06 13:11:25
64218707	Ser Amantio di Nicolao	23396	2017-11-20T22:14:14Z	2017:11:06 13:03:14
64218713	Ser Amantio di Nicolao	23396	2017-11-20T22:14:20Z	2017:11:06 13:05:08
64218715	Ser Amantio di Nicolao	23396	2017-11-20T22:14:30Z	2017:11:06 13:10:09
64218716	Ser Amantio di Nicolao	23396	2017-11-20T22:14:33Z	2017:11:06 13:09:06
64218732	Ser Amantio di Nicolao	23396	2017-11-20T22:15:24Z	2017:11:06 13:07:39
30103254	File Upload Bot (Magnus Manske)	40038	2013-12-11T11:30:38Z	2013:06:22 21:38:40
113138365	Syced	27103	2021-12-07T09:09:34Z	2003:07:27 09:12:59
113138376	Syced	27103	2021-12-07T09:10:04Z	2003:07:27 09:14:13
113138383	Syced	27103	2021-12-07T09:10:20Z	2003:07:27 09:13:24
113138398	Syced	27103	2021-12-07T09:10:41Z	2003:07:27 09:13:09
113138413	Syced	27103	2021-12-07T09:11:00Z	2003:07:27 09:14:22
113138421	Syced	27103	2021-12-07T09:11:18Z	2003:07:27 09:15:49
129129828	RoyZuo	9379664	2023-02-28T00:55:17Z	2018:01:09 10:31:35
129129829	RoyZuo	9379664	2023-02-28T00:55:17Z	2018:01:09 10:30:25
142952481	源義信	8476990	2023-12-27T02:29:28Z	2007:08:25 19:26:44
142952560	源義信	8476990	2023-12-27T02:31:53Z	2007:08:25 19:29:26
142952646	源義信	8476990	2023-12-27T02:35:56Z	2007:08:25 19:33:13
142952652	源義信	8476990	2023-12-27T02:36:03Z	2007:08:25 19:36:00
5553136	Lưu Ly	224066	2008-12-23T00:41:26Z	2008:12:21 12:07:15
5553421	Lưu Ly	224066	2008-12-23T01:55:17Z	2008:12:21 12:09:29
5605211	Paris 16	269373	2008-12-31T01:20:50Z	
5771710	Flickr upload bot	152505	2009-01-23T01:27:07Z	2008:12:28 20:52:38
8332018	Nguyễn Thanh Quang	4539	2009-11-03T10:13:12Z	2009:10:30 20:27:20
10971579	Nguyễn Thanh Quang	4539	2010-07-22T04:40:03Z	2009:10:30 22:39:22
16902856	MGA73bot2	643716	2011-10-07T18:09:02Z	2006:07:28 06:43:14
44815127	Damian Vo	2990620	2015-11-06T06:52:22Z	2011:05:27 21:57:21
44815386	Damian Vo	2990620	2015-11-06T07:00:30Z	2011:05:28 00:52:33
44816639	Damian Vo	2990620	2015-11-06T08:08:09Z	2012:05:26 18:27:50
44819415	Damian Vo	2990620	2015-11-06T10:09:46Z	2012:05:25 12:25:41
93924076	NHHP	383983	2008-12-21T06:44:25Z	2008:12:21 12:32:38
94030948	Gkbank	502286	2009-01-04T10:21:51Z	2008:07:24 17:22:22
94030952	Gkbank	502286	2009-01-04T10:24:35Z	2008:07:24 17:22:14
94058343	Gkbank	502286	2009-01-04T10:18:28Z	2008:07:28 18:41:01
112498186	Syced	27103	2021-11-14T11:57:26Z	2003:08:20 10:43:39
112498190	Syced	27103	2021-11-14T11:57:45Z	2003:08:20 10:43:34
112498194	Syced	27103	2021-11-14T11:57:58Z	2003:08:20 10:43:23
112498199	Syced	27103	2021-11-14T11:58:16Z	2003:08:20 10:33:36
112498205	Syced	27103	2021-11-14T11:58:29Z	2003:08:20 10:28:27
112498209	Syced	27103	2021-11-14T11:58:46Z	2003:08:20 10:30:41
112498214	Syced	27103	2021-11-14T11:59:01Z	2003:08:20 10:26:56
112498226	Syced	27103	2021-11-14T11:59:15Z	2003:08:20 10:26:46
112498234	Syced	27103	2021-11-14T11:59:36Z	2003:08:20 10:24:10
112498240	Syced	27103	2021-11-14T11:59:59Z	2003:08:20 10:24:01
112498245	Syced	27103	2021-11-14T12:00:17Z	2003:08:20 10:23:33
112498248	Syced	27103	2021-11-14T12:00:34Z	2003:08:20 10:16:44
112498260	Syced	27103	2021-11-14T12:00:52Z	2003:08:20 10:16:36
112498263	Syced	27103	2021-11-14T12:01:10Z	2003:08:20 10:16:27
118283385	Louis Anderson	3890730	2022-05-24T04:26:33Z	2022:05:22 20:27:48
127503930	Mongrangvebet	3941537	2023-01-07T16:19:24Z	2023-01-07
128101420	AxitTDTbenzoic	10227724	2023-01-25T16:00:08Z	2022-05-09
128101573	AxitTDTbenzoic	10227724	2023-01-25T16:04:40Z	2022-05-15
128332194	AxitTDTbenzoic	10227724	2023-02-02T09:14:08Z	2022-08-21
2821755	Tamorlan	55044	2007-09-27T16:03:24Z	2007-03-20
5718932	Newone	36891	2009-01-15T08:38:45Z	2008:12:11 09:49:11
5968012	Gryffindor	11219	2009-02-16T17:38:51Z	2008:12:29 11:40:53
7324034	Northboer	758565	2009-07-17T17:15:42Z	2008:08:09 10:04:16
14649013	Arabsalam	1468433	2017-07-21T21:46:05Z	2011:02:23 10:47:54
17515052	Flickr upload bot	152505	2011-11-29T00:00:24Z	2008:08:28 17:26:03
22549143	MGA73bot2	643716	2012-11-04T20:20:27Z	2007:05:03 13:14:01
23297434	MGA73bot2	643716	2012-12-23T02:29:15Z	2006:06:26 18:03:03
31076015	Eric.winny	2978112	2014-02-09T14:15:53Z	2014:01:28 12:56:49
33372969	RG72	443240	2014-06-13T14:00:30Z	2013:11:10 13:42:50
33383472	RG72	443240	2014-06-14T06:15:24Z	2013:11:10 13:02:27
33383690	RG72	443240	2014-06-14T06:42:11Z	2013:11:10 12:37:31
34228280	Verwinv	2362496	2014-07-27T14:07:43Z	2014-06-27 10:23
34228294	Verwinv	2362496	2014-07-27T14:07:54Z	2014-06-29 09:25
34573756	Tuvalkin	133084	2014-08-07T06:30:30Z	2009:01:18 06:42:52
40536628	Cccefalon	1544168	2015-05-28T15:32:48Z	2011:05:11 09:19:43
52523071	Panoramio upload bot	4153868	2016-10-26T09:57:30Z	2008:10:11 09:11:36
55585273	Kanags	402230	2017-01-30T09:42:31Z	2008:12:09 11:37:37
63460774	Amenoc	6810098	2017-10-19T08:36:35Z	2017:09:10 11:53:21
67249569	Ji-Elle	30885	2018-03-11T16:25:34Z	2017:11:06 06:07:15
67250099	Ji-Elle	30885	2018-03-11T16:42:24Z	2017:11:06 10:34:46
71684692	Phucnguyenduong123	7349160	2018-08-17T04:30:36Z	2018-08-17
75979516	Đàm Thiếu Gia	3015169	2019-01-20T14:47:49Z	2019:01:20 19:08:21
76030622	Đàm Thiếu Gia	3015169	2019-01-22T18:13:19Z	2019:01:22 11:21:01
77686902	Đàm Thiếu Gia	3015169	2019-03-31T11:07:05Z	2019:03:31 15:38:35
77689655	Đàm Thiếu Gia	3015169	2019-03-31T13:41:30Z	2019:03:31 20:10:40
77772989	Đàm Thiếu Gia	3015169	2019-04-04T12:23:28Z	2019:04:04 14:15:51
77773341	Đàm Thiếu Gia	3015169	2019-04-04T12:41:41Z	2019:04:04 15:09:14
77773604	Đàm Thiếu Gia	3015169	2019-04-04T12:58:17Z	2019:04:04 15:11:26
77777479	Đàm Thiếu Gia	3015169	2019-04-04T15:20:24Z	2018:08:24 17:21:31
77845697	Đàm Thiếu Gia	3015169	2019-04-07T17:01:08Z	2019:04:07 12:32:36
77845847	Đàm Thiếu Gia	3015169	2019-04-07T17:10:49Z	2019:04:07 12:30:03
77845962	Đàm Thiếu Gia	3015169	2019-04-07T17:16:56Z	2019:04:07 12:28:59
77846147	Đàm Thiếu Gia	3015169	2019-04-07T17:28:16Z	2019:04:07 11:13:48
78105845	Đàm Thiếu Gia	3015169	2019-04-17T11:24:42Z	2019:04:16 21:43:47
78106233	Đàm Thiếu Gia	3015169	2019-04-17T12:00:34Z	2019:04:16 21:51:24
78106329	Đàm Thiếu Gia	3015169	2019-04-17T12:05:17Z	2019:04:16 21:52:11
78106493	Đàm Thiếu Gia	3015169	2019-04-17T12:16:28Z	2019:04:16 21:54:33
78106759	Đàm Thiếu Gia	3015169	2019-04-17T12:31:17Z	2019:04:17 14:57:15
78106925	Đàm Thiếu Gia	3015169	2019-04-17T12:40:14Z	2019:04:17 14:57:15
78107061	Đàm Thiếu Gia	3015169	2019-04-17T12:48:17Z	2019:04:17 14:56:30
78107670	Đàm Thiếu Gia	3015169	2019-04-17T13:18:55Z	2019:04:16 21:55:42
78385390	Đàm Thiếu Gia	3015169	2019-04-27T14:01:41Z	2019:04:26 18:56:45
78385716	Đàm Thiếu Gia	3015169	2019-04-27T14:22:48Z	2019:04:25 17:56:58
78385800	Đàm Thiếu Gia	3015169	2019-04-27T14:28:16Z	2019:04:25 18:58:44
78386163	Đàm Thiếu Gia	3015169	2019-04-27T14:50:11Z	2019:04:26 19:08:37
78774581	Đàm Thiếu Gia	3015169	2019-05-07T14:54:29Z	2019:05:06 20:02:24
78794039	Đàm Thiếu Gia	3015169	2019-05-08T10:45:37Z	2018:11:29 16:15:48
79684157	Đàm Thiếu Gia	3015169	2019-06-14T07:18:31Z	2019:06:14 09:24:44
79684243	Đàm Thiếu Gia	3015169	2019-06-14T07:24:27Z	2019:06:14 09:24:44
79684578	Đàm Thiếu Gia	3015169	2019-06-14T07:47:50Z	2019:06:14 10:51:33
79684785	Đàm Thiếu Gia	3015169	2019-06-14T07:58:42Z	2019:06:14 10:51:33
80686515	Đàm Thiếu Gia	3015169	2019-07-24T01:45:36Z	2019:07:22 09:05:26
80687556	Đàm Thiếu Gia	3015169	2019-07-24T02:17:53Z	2019:07:22 09:05:24
80817975	Đàm Thiếu Gia	3015169	2019-07-27T05:35:05Z	2019:07:27 10:49:26
83899845	Mrcheee	8471471	2019-11-12T16:30:48Z	1915-10-13
94087926	Grenouille vert	637652	2009-01-10T11:00:47Z	
98642344	RG72	443240	2021-01-08T08:38:52Z	2012:08:04 17:23:45
98772977	RG72	443240	2021-01-12T04:05:58Z	2013:11:10 12:04:34
99300762	Đàm Thiếu Gia	3015169	2021-01-27T04:09:43Z	2021:01:24 18:53:01
99300836	Đàm Thiếu Gia	3015169	2021-01-27T04:15:21Z	2021:01:24 18:53:29
112826416	Maianhhoc	10794526	2021-11-26T02:32:02Z	2021-11-26
113106160	Syced	27103	2021-12-06T08:05:50Z	2003:07:04 02:58:39
122588659	The Hanoian	11517268	2022-09-03T05:38:06Z	2022:09:02 11:58:30
145245682	Rc1959	1698562	2024-02-11T23:48:17Z	1999
193172808	Gzen92Bot	5142080	2026-06-01T10:36:13Z	between 1 September 1915 and 30 November 1915 date QS:P571,+1915-00-00T00:00:00Z/9,P1319,+1915-09-01T00:00:00Z/11,P1326,+1915-11-30T00:00:00Z/11
193173024	Gzen92Bot	5142080	2026-06-01T10:38:40Z	between 1 September 1915 and 30 November 1915 date QS:P571,+1915-00-00T00:00:00Z/9,P1319,+1915-09-01T00:00:00Z/11,P1326,+1915-11-30T00:00:00Z/11
193173340	Gzen92Bot	5142080	2026-06-01T10:41:54Z	between 1 July 1915 and 31 August 1915 date QS:P571,+1915-00-00T00:00:00Z/9,P1319,+1915-07-01T00:00:00Z/11,P1326,+1915-08-31T00:00:00Z/11
193185510	Gzen92Bot	5142080	2026-06-01T12:39:22Z	June 1916
193202449	Gzen92Bot	5142080	2026-06-01T16:16:49Z	July 1915
193204274	Gzen92Bot	5142080	2026-06-01T16:53:28Z	between 1 September 1915 and 30 November 1915 date QS:P571,+1915-00-00T00:00:00Z/9,P1319,+1915-09-01T00:00:00Z/11,P1326,+1915-11-30T00:00:00Z/11
193233825	Gzen92Bot	5142080	2026-06-02T06:07:35Z	between 1 September 1915 and 30 November 1915 date QS:P571,+1915-00-00T00:00:00Z/9,P1319,+1915-09-01T00:00:00Z/11,P1326,+1915-11-30T00:00:00Z/11
193241209	Gzen92Bot	5142080	2026-06-02T08:30:56Z	between 1 September 1915 and 30 November 1915 date QS:P571,+1915-00-00T00:00:00Z/9,P1319,+1915-09-01T00:00:00Z/11,P1326,+1915-11-30T00:00:00Z/11
193254228	Gzen92Bot	5142080	2026-06-02T13:02:01Z	between 1 September 1915 and 30 November 1915 date QS:P571,+1915-00-00T00:00:00Z/9,P1319,+1915-09-01T00:00:00Z/11,P1326,+1915-11-30T00:00:00Z/11
193261900	Gzen92Bot	5142080	2026-06-02T15:08:52Z	1921 date QS:P571,+1921-00-00T00:00:00Z/9
193262165	Gzen92Bot	5142080	2026-06-02T15:14:32Z	between 1 September 1915 and 30 November 1915 date QS:P571,+1915-00-00T00:00:00Z/9,P1319,+1915-09-01T00:00:00Z/11,P1326,+1915-11-30T00:00:00Z/11
193314270	Gzen92Bot	5142080	2026-06-03T13:18:25Z	February 1915
193321118	Gzen92Bot	5142080	2026-06-03T15:48:53Z	between 1 September 1915 and 30 November 1915 date QS:P571,+1915-00-00T00:00:00Z/9,P1319,+1915-09-01T00:00:00Z/11,P1326,+1915-11-30T00:00:00Z/11
193332119	Gzen92Bot	5142080	2026-06-03T21:03:33Z	between 1 September 1915 and 30 November 1915 date QS:P571,+1915-00-00T00:00:00Z/9,P1319,+1915-09-01T00:00:00Z/11,P1326,+1915-11-30T00:00:00Z/11
193333211	Gzen92Bot	5142080	2026-06-03T21:32:39Z	between 1 July 1915 and 31 August 1915 date QS:P571,+1915-00-00T00:00:00Z/9,P1319,+1915-07-01T00:00:00Z/11,P1326,+1915-08-31T00:00:00Z/11
193342037	Gzen92Bot	5142080	2026-06-04T02:21:28Z	between 1 September 1915 and 30 November 1915 date QS:P571,+1915-00-00T00:00:00Z/9,P1319,+1915-09-01T00:00:00Z/11,P1326,+1915-11-30T00:00:00Z/11
193344197	Gzen92Bot	5142080	2026-06-04T03:52:34Z	between 1 September 1915 and 30 November 1915 date QS:P571,+1915-00-00T00:00:00Z/9,P1319,+1915-09-01T00:00:00Z/11,P1326,+1915-11-30T00:00:00Z/11
193346806	Gzen92Bot	5142080	2026-06-04T05:05:07Z	between 1 September 1915 and 30 November 1915 date QS:P571,+1915-00-00T00:00:00Z/9,P1319,+1915-09-01T00:00:00Z/11,P1326,+1915-11-30T00:00:00Z/11
50473715	Guerinf	1353580	2016-08-03T20:36:42Z	2016:04:21 17:49:19
94168617	Adj	1302513	2009-03-01T02:35:34Z	2006:11:12 11:00:34
94404611	Bdanh	6515528	2017-12-07T01:49:30Z	2009:10:27 08:00:15
28020934	Beao	743720	2025-11-04T17:36:56Z	2013:08:31 15:26:12
41947709	Newone	36891	2015-07-29T14:39:32Z	2015-07-29
42422489	Newone	36891	2015-08-17T07:06:37Z	2015:08:17 09:42:32
50961539	Newone	36891	2016-08-29T15:58:04Z	2016:08:29 20:45:28
51043371	Newone	36891	2016-09-02T03:02:30Z	2016:09:02 07:22:03
51050201	Newone	36891	2016-09-02T10:40:08Z	2016:09:02 16:24:22
54059326	Nguyennhutoan	6300108	2016-12-14T01:33:07Z	2016-12-14
54059327	Nguyennhutoan	6300108	2016-12-14T01:33:07Z	2016-12-14
54059328	Nguyennhutoan	6300108	2016-12-14T01:33:08Z	2016-12-14
54060177	Nguyennhutoan	6300108	2016-12-14T01:57:35Z	2016-12-14
54060289	Nguyennhutoan	6300108	2016-12-14T02:02:11Z	2016-12-14
54227301	Newone	36891	2016-12-18T12:43:37Z	2016:12:18 19:19:57
65470964	Newone	36891	2018-01-13T09:42:58Z	2018-01-13
67210629	Newone	36891	2018-03-10T10:28:01Z	2018-03-10
68338700	Newone	36891	2018-04-15T04:57:41Z	2018-04-15
68338870	Newone	36891	2018-04-15T05:14:14Z	2018-04-15
74760668	Newone	36891	2018-11-30T09:06:37Z	2018-11-25
74984074	Newone	36891	2018-12-11T06:20:42Z	2018-12-11
75629696	Newone	36891	2019-01-06T13:27:21Z	2019-01-06
76275488	Newone	36891	2019-02-02T03:44:51Z	2019-02-02
80102832	Newone	36891	2019-07-02T09:24:26Z	2019-06-22
82514183	Newone	36891	2019-09-25T05:54:33Z	2019-09-25
83777064	Newone	36891	2019-11-08T12:13:50Z	2019-11-08
83777065	Newone	36891	2019-11-08T12:13:51Z	2019-11-08
83777068	Newone	36891	2019-11-08T12:13:55Z	2019-11-08
83777074	Newone	36891	2019-11-08T12:13:59Z	2019-11-08
83777076	Newone	36891	2019-11-08T12:14:02Z	2019-11-08
83777077	Newone	36891	2019-11-08T12:14:02Z	2019-11-08
86376368	Newone	36891	2020-01-28T06:26:52Z	2020-01-28
86808946	Newone	36891	2020-02-09T06:41:32Z	2019-07-15
87822873	Newone	36891	2020-03-08T10:20:58Z	2020-03-08
90511865	Somerset999	3015244	2020-05-21T14:13:21Z	2018:04:26 12:52:54
94957014	Newone	36891	2020-10-11T14:55:06Z	2020-10-11
94958405	Newone	36891	2020-10-11T15:48:13Z	2020-10-11
100138166	Andra Febrian	878232	2021-02-20T18:38:51Z	2019-09-25
115223717	Newone	36891	2022-02-13T10:38:30Z	2022:02:13 17:18:28
115223718	Newone	36891	2022-02-13T10:38:30Z	2022:02:13 17:20:52
115223719	Newone	36891	2022-02-13T10:38:30Z	2022:02:13 17:18:05
115223722	Newone	36891	2022-02-13T10:38:34Z	2022:02:13 17:16:33
115223724	Newone	36891	2022-02-13T10:38:34Z	2022:02:13 17:15:48
115223725	Newone	36891	2022-02-13T10:38:34Z	2022:02:13 17:16:04
115223732	Newone	36891	2022-02-13T10:38:38Z	2022:02:13 17:14:53
115223734	Newone	36891	2022-02-13T10:38:38Z	2022:02:13 17:14:40
115223735	Newone	36891	2022-02-13T10:38:38Z	2022:02:13 17:14:20
115223747	Newone	36891	2022-02-13T10:38:46Z	2022:02:13 17:14:01
115223749	Newone	36891	2022-02-13T10:38:46Z	2022:02:13 17:13:13
115223750	Newone	36891	2022-02-13T10:38:46Z	2022:02:13 17:13:34
115223752	Newone	36891	2022-02-13T10:38:58Z	2022:02:13 17:13:03
132683008	Newone	36891	2023-06-05T11:54:26Z	2023:06:05 18:39:01
132683009	Newone	36891	2023-06-05T11:54:26Z	2023:06:05 18:38:56
132683010	Newone	36891	2023-06-05T11:54:25Z	2023:06:05 18:38:40
132683016	Newone	36891	2023-06-05T11:54:31Z	2023:06:05 18:39:08
132683019	Newone	36891	2023-06-05T11:54:31Z	2023:06:05 18:40:37
132683020	Newone	36891	2023-06-05T11:54:31Z	2023:06:05 18:40:02
132683022	Newone	36891	2023-06-05T11:54:35Z	2023:06:05 18:40:49
132683023	Newone	36891	2023-06-05T11:54:36Z	2023:06:05 18:41:05
132683024	Newone	36891	2023-06-05T11:54:37Z	2023:06:05 18:41:22
132683025	Newone	36891	2023-06-05T11:54:39Z	2023:06:05 18:41:49
132683028	Newone	36891	2023-06-05T11:54:42Z	2023:06:05 18:41:44
34228277	Verwinv	2362496	2014-07-27T14:07:40Z	2014-06-27 11:54
7582507	Newone	36891	2009-08-17T08:19:13Z	2009:08:12 13:44:17
7759265	Nguyễn Thanh Quang	4539	2009-09-08T02:26:48Z	2009:06:04 11:29:58
136526847	Mozzihh	9251206	2023-08-27T17:53:03Z	2012:12:21 18:46:47
4091290	Lưu Ly	224066	2008-05-22T16:12:37Z	2008:05:14 08:35:30
4091303	Lưu Ly	224066	2008-05-22T16:17:37Z	2008:05:14 08:31:17
4119685	Vinhtantran	161974	2008-05-27T05:16:43Z	2007:08:25 10:02:53
16902620	MGA73bot2	643716	2011-10-07T17:44:16Z	2008:05:14 08:42:34
36201583	Quenhitran	3093249	2014-10-17T08:50:01Z	2008:05:14 08:26:50
36201688	Quenhitran	3093249	2014-10-17T08:52:59Z	2008:05:13 19:33:46
36201742	Quenhitran	3093249	2014-10-17T08:54:51Z	2008:05:13 17:20:50
76884619	Somerset999	3015244	2019-02-26T12:40:28Z	2018:12:23 14:18:41
76884621	Somerset999	3015244	2019-02-26T12:40:28Z	2018:12:23 14:20:51
39116326	Lanlinh	4643050	2015-03-21T01:29:14Z	
49490731	Ducpham732002	5391765	2016-06-16T04:28:43Z	2016-06-16
62661259	Donald Trung	6592656	2017-09-22T13:13:10Z	2017:09:06 09:13:53
62661377	Donald Trung	6592656	2017-09-22T13:18:44Z	2017:09:06 09:11:28
64219048	Ser Amantio di Nicolao	23396	2017-11-20T22:30:15Z	2017:11:08 13:03:43
69523929	Dzung.trinh	7222302	2018-05-29T04:48:38Z	2018-05-29
69523977	Dzung.trinh	7222302	2018-05-29T04:54:32Z	2018-05-29
69524847	Dzung.trinh	7222302	2018-05-29T06:59:38Z	2018-05-29
74055291	Hanhi20	7496494	2018-11-02T05:21:49Z	2 November 2018 (according to Exif data)
75611117	Vinhtantran	161974	2019-01-05T17:31:43Z	1924-01-01
75611122	Vinhtantran	161974	2019-01-05T17:31:46Z	1924-01-01
77352058	Dzung.trinh	7222302	2019-03-15T10:26:54Z	2019-02-25
96178047	Xuyên2808	9848665	2020-11-16T07:53:33Z	2020:11:02 15:18:46
96966848	Missvain	1174180	2020-11-26T17:33:10Z	2015-07-20
105314690	DangTungDuong	1095936	2021-05-08T15:49:56Z	2018:11:03 09:39:55
112446953	Syced	27103	2021-11-12T06:28:23Z	2003:09:01 16:05:34
112446958	Syced	27103	2021-11-12T06:28:36Z	2003:09:01 15:48:21
112446963	Syced	27103	2021-11-12T06:28:51Z	2003:09:01 15:48:04
116264720	Huy91	11051081	2022-03-21T15:57:58Z	1998
119097971	Donald Trung	6592656	2022-06-09T08:40:40Z	1900s date QS:P,+1900-00-00T00:00:00Z/8
135767704	Richardlongstaffe82	12390970	2023-08-10T09:00:43Z	2019-07-09
10822784	Nguyễn Thanh Quang	4539	2010-07-07T06:23:57Z	2010:01:25 12:13:56
27745591	Đại Việt quốc	11655741	2023-01-14T04:51:58Z	early 20 th century date QS:P,+1950-00-00T00:00:00Z/7,P4241,Q40719727
42656790	Quenhitran	3093249	2015-08-26T06:37:16Z	2010:09:03 13:39:50
66631792	Thesupermat2	2265333	2018-02-20T16:26:42Z	2016:10:31 05:33:50
66631821	Thesupermat2	2265333	2018-02-20T16:27:27Z	2016:10:31 05:33:57
89177257	Alex 69200 vx	7865866	2020-04-16T08:42:24Z	2017:11:28 09:25:19
118066663	Donald Trung	6592656	2022-05-16T21:24:18Z	2021-09-16 15:54:47
11920018	Daaé	267232	2010-10-30T10:49:16Z	2010:10:30 14:59:04
18176281	Đại Việt quốc	11655741	2023-03-14T22:53:49Z	early 20 th century date QS:P,+1950-00-00T00:00:00Z/7,P4241,Q40719727
27720594	Flickr upload bot	152505	2013-08-15T08:30:00Z	2013:07:19 17:01:16
66864338	Donald Trung	6592656	2018-02-27T15:20:14Z	2018:02:27 16:09:39
66865133	Donald Trung	6592656	2018-02-27T15:46:26Z	2018:02:27 16:08:11
109543605	Nguyenhai314	8955777	2021-09-01T00:48:54Z	2018:01:26 11:15:14
122588729	The Hanoian	11517268	2022-09-03T05:40:39Z	2022:09:02 12:58:17
122588731	The Hanoian	11517268	2022-09-03T05:40:42Z	2022:09:02 12:58:25
122918785	CookieGMVN	9618899	2022-09-12T07:14:58Z	1980:01:01 00:00:15
106658385	Đàm Thiếu Gia	3015169	2021-06-17T00:47:18Z	2021:06:16 10:25:11
106658430	Đàm Thiếu Gia	3015169	2021-06-17T00:50:56Z	2021:06:16 10:25:08
77133769	Hieumylove090996	7714294	2019-03-06T14:59:25Z	2018:12:14 09:41:02
126462572	GDAE	6628469	2022-12-09T09:43:40Z	2022-12-09
48861002	Phongkhamthientam	5899050	2016-05-18T10:23:28Z	2015:09:24 13:13:45
59349641	Donald Trung	6592656	2017-05-28T07:46:54Z	2017:04:19 08:47:16
89263310	Hoangkid	1938128	2012-09-13T08:27:32Z	2012:07:22 10:46:29
138298462	Vietanh04	12504662	2023-09-30T07:35:14Z	2020-11-18
138354194	Vietanh04	12504662	2023-10-01T10:36:48Z	2022:12:23 09:42:50
138481800	Krorokeroro	4122689	2023-10-04T18:01:54Z	2023:09:05 08:33:14
139186387	Vietanh04	12504662	2023-10-19T14:35:38Z	2023-10-19
139187164	Vietanh04	12504662	2023-10-19T15:05:10Z	2023:05:25 17:44:57
143129854	Vietanh04	12504662	2023-12-30T09:51:52Z	2023:12:28 23:49:12
146204842	Vietanh04	12504662	2024-03-09T07:37:18Z	2023:07:08 07:45:10
146204919	Vietanh04	12504662	2024-03-09T07:42:40Z	2021-03-18
64218690	Ser Amantio di Nicolao	23396	2017-11-20T22:13:34Z	2017:11:06 12:09:42
2588236	Vinhtantran	161974	2008-07-28T11:32:04Z	2007:08:17 13:08:31
104923863	Hydrogen1987	4921544	2021-05-05T03:41:54Z	2018:10:09 15:13:54
109543613	Nguyenhai314	8955777	2021-09-01T00:49:09Z	2018:01:26 11:17:58
121398398	Nguyenmy2302	9748661	2022-08-04T12:53:45Z	2022-08-04
121400079	Nguyenmy2302	9748661	2022-08-04T13:25:06Z	1940
122588557	The Hanoian	11517268	2022-09-03T05:32:42Z	2022:09:02 12:53:16
125622722	NKSTTSSHNVN	10985169	2022-11-17T17:05:05Z	2022-11-17
175545291	DinhHuy2010	13516459	2025-09-25T02:17:41Z	2010-05-06 18:55:52
196203601	Indies1	6654150	2026-07-25T18:46:46Z	2014
64218738	Ser Amantio di Nicolao	23396	2017-11-20T22:15:41Z	2017:11:06 15:58:11
98772969	RG72	443240	2021-01-12T04:05:49Z	2013:11:10 11:54:11
98772973	RG72	443240	2021-01-12T04:05:53Z	2013:11:10 12:00:18
98773035	RG72	443240	2021-01-12T04:06:47Z	2013:11:10 13:20:24
98773047	RG72	443240	2021-01-12T04:06:55Z	2013:11:10 13:25:59
98773050	RG72	443240	2021-01-12T04:06:59Z	2013:11:10 13:29:50
52343680	FastilyClone	3712925	2016-10-18T06:36:15Z	2010-07-03
110026248	Nguyenhai314	8955777	2021-09-14T01:02:06Z	2018-02-28 15:02
121403573	Nguyenmy2302	9748661	2022-08-04T16:12:51Z	2022-08-04
5825097	Flickr upload bot	152505	2009-01-30T09:40:22Z	2008:04:23 15:19:30
145245683	Rc1959	1698562	2024-02-11T23:48:20Z	1999
145321181	Rc1959	1698562	2024-02-13T22:38:08Z	1999
145321196	Rc1959	1698562	2024-02-13T22:38:19Z	1999
160619062	Gzen92Bot	5142080	2025-02-26T01:04:26Z	1896 date QS:P571,+1896-00-00T00:00:00Z/9
160619080	Gzen92Bot	5142080	2025-02-26T01:04:37Z	1896 date QS:P571,+1896-00-00T00:00:00Z/9
160619089	Gzen92Bot	5142080	2025-02-26T01:04:44Z	1896 date QS:P571,+1896-00-00T00:00:00Z/9
160849288	Gzen92Bot	5142080	2025-02-28T17:24:08Z	1896 date QS:P571,+1896-00-00T00:00:00Z/9
160849296	Gzen92Bot	5142080	2025-02-28T17:24:19Z	1896 date QS:P571,+1896-00-00T00:00:00Z/9
160849307	Gzen92Bot	5142080	2025-02-28T17:24:28Z	1896 date QS:P571,+1896-00-00T00:00:00Z/9
184810766	Gispenni	14516029	2026-02-23T05:05:33Z	2026:02:03 10:13:13
185480793	Baophucminh53G	14546358	2026-03-04T12:07:59Z	2026:03:02 11:17:36
185834979	Baophucminh53G	14546358	2026-03-10T10:14:43Z	2026:03:10 04:15:46
1048664	WikiPedant	306160	2018-10-02T23:39:36Z	2006:07:25 03:16:46
3929180	Mai Trung Dung~commonswiki	279917	2008-04-23T13:29:07Z	2008:04:19 09:40:51
5596125	Bùi Thụy Đào Nguyên	2438478	2014-01-04T19:19:22Z	2008:12:29 22:58:59
5773182	Gryffindor	11219	2009-01-23T10:07:38Z	2006:11:28 06:35:45
16923610	MGA73bot2	643716	2011-10-08T20:22:42Z	2004:01:02 01:34:16
19134373	Simonpetroscephas	1966404	2012-04-18T15:28:09Z	2012:04:18 10:39:44
40722821	Daderot	23761	2015-06-04T23:40:59Z	2014:08:07 03:27:49
43297670	Bienkhachthanhchu	5216560	2015-09-16T10:38:53Z	2015-09-16
88723339	Zhu Zi Ling	8963633	2020-03-28T20:02:07Z	2020-03-27
157612804	氏子	8270600	2025-03-09T14:40:45Z	2025:03:08 12:47:20
179307920	源義信	8476990	2025-12-02T12:17:54Z	2024:09:12 20:21:04
9098165	Grenouille vert	637652	2010-01-28T03:27:13Z	
9098309	RiTatsusan	10846846	2022-01-30T05:15:51Z	2005:06:21 11:06:42
11234718	Cropbot	324875	2010-11-27T17:47:31Z	2007
62470847	Vũ Tiến Lâm	6748027	2017-09-16T03:55:19Z	2011:12:10 21:09:45
18548719	Flickr upload bot	152505	2012-03-01T13:55:42Z	2009:08:10 16:55:47
18548737	Flickr upload bot	152505	2012-03-01T13:57:26Z	2009:08:10 16:59:48
18548760	Paris 16	269373	2012-03-01T14:18:07Z	2009:08:25 09:36:07
18548776	Flickr upload bot	152505	2012-03-01T14:02:14Z	2009:08:10 16:47:03
18548787	Flickr upload bot	152505	2012-03-01T14:03:31Z	2009:08:25 09:25:04
18548795	Flickr upload bot	152505	2012-03-01T14:04:46Z	2009:09:12 13:53:39
18548805	Flickr upload bot	152505	2012-03-01T14:05:45Z	2009:09:12 13:13:48
18548811	Flickr upload bot	152505	2012-03-01T14:06:47Z	2009:08:10 18:53:08
18548827	Flickr upload bot	152505	2012-03-01T14:08:02Z	2009:08:10 18:07:53
18548911	Paris 16	269373	2012-03-01T14:16:40Z	2009:09:12 13:53:39
18579913	CUR~commonswiki	1887341	2012-03-04T13:38:45Z	2009:08:10 16:59:48
19076540	CUR~commonswiki	1887341	2012-04-14T04:53:37Z	2012:04:05 20:05:48
59919016	Damian Vo	2990620	2017-06-14T10:50:04Z	2009:08:10 16:47:03
168726864	Lubinh123	13698511	2025-06-28T11:06:16Z	2006:11:16 10:31:27
171455645	Lubinh123	13698511	2025-08-03T13:54:40Z	2010-05-21 12:23:34
5116460	Martin H.	237227	2008-11-05T23:12:36Z	2008-09-20 13:54:23
5125841	Bình Giang	305886	2008-11-03T14:52:32Z	2008:09:21 11:50:04
11235807	Thanhvipvip	1256061	2010-08-21T02:42:02Z	2009-03-01
11735569	Numizmat 675	1137312	2010-10-09T03:37:18Z	This photo was taken on March 1, 2009 using a Canon EOS 40D.
21101846	VortBot	6729803	2017-10-20T14:00:27Z	2009:03:01 17:11:01
21121095	Flickr upload bot	152505	2012-09-05T19:49:40Z	2009-03-01 15:07:50
21121180	Flickr upload bot	152505	2012-09-05T19:52:33Z	2009-03-01 15:52:38
21121268	Flickr upload bot	152505	2012-09-05T19:56:48Z	2006:05:20 08:52:48
21121325	Flickr upload bot	152505	2012-09-05T19:58:37Z	2006-10-08 15:21:44
21121357	Flickr upload bot	152505	2012-09-05T20:00:04Z	2006-10-08 15:19:35
21121410	Flickr upload bot	152505	2012-09-05T20:02:34Z	2006:05:24 12:05:56
21126943	VortBot	6729803	2017-10-20T14:02:42Z	2009:03:01 16:24:17
29661874	Banhtrung1	831527	2013-11-16T15:36:02Z	2013:11:16 15:34:41
124235190	Băng Tỏa	9354209	2022-10-15T20:44:14Z	2009:06:26 17:49:15
131569662	Mickey Đại Phát	11651131	2023-05-05T16:47:01Z	2008:09:21 11:50:04
131569686	Mickey Đại Phát	11651131	2023-05-05T16:48:01Z	2009-03-01
153286665	TUIBAJAVE	10480103	2024-09-21T13:07:21Z	2006-10-08 15:19:35
154005062	Khangofficial	13299189	2024-10-17T06:52:17Z	2020-09-16
64088101	Lee Gok Da	8880605	2021-03-01T12:31:11Z	1946-03-02
106456769	Quang Minh Tinh	10397064	2021-06-10T16:57:55Z	2021-06-01
106456770	Quang Minh Tinh	10397064	2021-06-10T16:57:56Z	2021-06-01
120457870	源義信	8476990	2022-07-15T05:17:04Z	1947
120459258	源義信	8476990	2022-07-15T05:58:59Z	1947
120492701	源義信	8476990	2022-07-15T15:08:40Z	1946
120492824	源義信	8476990	2022-07-15T15:10:21Z	1946
123077603	源義信	8476990	2022-09-17T10:23:05Z	1942-04-20
125479716	源義信	8476990	2022-11-15T06:11:57Z	1947
125485421	源義信	8476990	2022-11-15T09:32:45Z	1947
125600441	源義信	8476990	2022-11-17T02:30:22Z	between 1942 and 1945 date QS:P,+1942-00-00T00:00:00Z/8,P1319,+1942-00-00T00:00:00Z/9,P1326,+1945-00-00T00:00:00Z/9
125600450	源義信	8476990	2022-11-17T02:31:09Z	between 1942 and 1945 date QS:P,+1942-00-00T00:00:00Z/8,P1319,+1942-00-00T00:00:00Z/9,P1326,+1945-00-00T00:00:00Z/9
138550417	源義信	8476990	2023-10-06T15:28:11Z	Taken in 1928
165838014	Greenknight dv	1844778	2025-05-23T03:15:59Z	1947
7173640	Umebo	93448	2009-07-01T03:51:19Z	2003-08-22
24360012	RogDel	344349	2013-01-31T14:33:17Z	2008:01:23 18:41:34
43159123	Scanyaro	290099	2015-09-12T21:26:07Z	2015-07-10
43159271	Scanyaro	290099	2015-09-12T21:32:11Z	2015-07-10
43159367	Scanyaro	290099	2015-09-12T21:36:18Z	2015-07-10
43159424	Scanyaro	290099	2015-09-12T21:39:16Z	2015-07-10
43159437	Scanyaro	290099	2015-09-12T21:39:48Z	2015-07-10
43159447	Scanyaro	290099	2015-09-12T21:40:17Z	2015-07-10
169310370	副代表	13558700	2025-07-05T20:05:36Z	2019-06-11
30272833	Taotaikhoan	3360757	2013-12-21T13:36:45Z	2013-12-12 21:02:43
64692653	Musée Annam	6888967	2017-12-09T04:10:56Z	2017-12-09
185926475	Baophucminh53G	14546358	2026-03-11T17:33:04Z	2026:03:11 17:31:41
33033396	鴻雁飛傳奇雜錄	4681527	2015-05-10T03:39:28Z	1933
44706375	Vietcuongdao	5170499	2015-11-02T06:48:58Z	2015:11:02 13:36:53
44707849	Vietcuongdao	5170499	2015-11-02T08:20:08Z	2015:07:28 10:46:41
44812021	Vietcuongdao	5170499	2015-11-06T03:18:48Z	2015:11:06 08:12:05
45413714	Vietcuongdao	5170499	2015-12-04T04:23:53Z	2015:12:03 15:19:35
45413715	Vietcuongdao	5170499	2015-12-04T04:23:54Z	2015:07:30 16:12:58
45413716	Vietcuongdao	5170499	2015-12-04T04:23:54Z	2015-12-04
45413717	Vietcuongdao	5170499	2015-12-04T04:23:54Z	2015-12-04
45578736	Vietcuongdao	5170499	2015-12-12T04:05:56Z	dans l'année 1973
45578737	Vietcuongdao	5170499	2015-12-12T04:05:56Z	années 1960s
46646731	Vietcuongdao	5170499	2016-01-28T11:27:57Z	2016:01:17 10:55:49
46664247	Vietcuongdao	5170499	2016-01-29T13:02:54Z	2015:12:24 13:28:30
46673139	Vietcuongdao	5170499	2016-01-30T01:24:02Z	2015:12:24 13:35:42
46673149	Vietcuongdao	5170499	2016-01-30T01:26:16Z	2015:12:24 13:33:44
48614792	Vietcuongdao	5170499	2016-05-07T09:19:54Z	2016:05:07 15:15:10
48654802	Vietcuongdao	5170499	2016-05-09T01:57:35Z	2016:05:07 15:28:04
48654997	Vietcuongdao	5170499	2016-05-09T02:03:03Z	2015:07:29 15:04:51
48984869	Vietcuongdao	5170499	2016-05-24T09:02:47Z	2015:05:24 15:30:36
48984889	Vietcuongdao	5170499	2016-05-24T09:05:15Z	2015:05:24 15:30:59
48984912	Vietcuongdao	5170499	2016-05-24T09:06:30Z	2015:05:24 15:32:28
49437310	Vietcuongdao	5170499	2016-06-14T00:12:57Z	2016:05:07 15:32:14
49437556	Vietcuongdao	5170499	2016-06-14T00:38:54Z	2016:06:12 10:34:38
53788141	Vietcuongdao	5170499	2016-12-05T03:44:22Z	2016:04:12 10:01:33
55269203	Vietcuongdao	5170499	2017-01-23T09:52:05Z	2016:01:23 16:14:50
55292656	Vietcuongdao	5170499	2017-01-24T01:12:56Z	2016:01:24 07:53:59
55293123	Vietcuongdao	5170499	2017-01-24T01:37:02Z	1971-10-10
55295338	Vietcuongdao	5170499	2017-01-24T03:39:08Z	2016:01:24 09:54:59
55301395	Vietcuongdao	5170499	2017-01-24T09:57:52Z	2017-01-24
83411972	Vietcuongdao	5170499	2019-10-27T02:57:31Z	2019:10:26 16:32:58
86431768	Vietcuongdao	5170499	2020-01-30T08:28:44Z	2020:01:30 13:09:44
86431793	Beao	743720	2025-06-02T21:15:26Z	2020-01-30
86431805	Vietcuongdao	5170499	2020-01-30T08:32:38Z	2020:01:30 10:09:28
86451477	Vietcuongdao	5170499	2020-01-31T03:47:58Z	2020:01:31 08:39:52
86451499	Vietcuongdao	5170499	2020-01-31T03:52:24Z	2020:01:31 08:39:15
86461463	Vietcuongdao	5170499	2020-01-31T09:28:39Z	2020-01-31
100852787	Vietcuongdao	5170499	2021-03-03T07:27:05Z	2021-03-03
100853186	Vietcuongdao	5170499	2021-03-03T07:32:23Z	2021-03-03
100853457	Vietcuongdao	5170499	2021-03-03T07:36:12Z	2021-03-03
100856645	Vietcuongdao	5170499	2021-03-03T08:17:18Z	2021-03-03
187855658	Gzen92Bot	5142080	2026-04-03T18:14:15Z	20 th century date QS:P571,+1950-00-00T00:00:00Z/7
187855682	Gzen92Bot	5142080	2026-04-03T18:14:28Z	20 th century date QS:P571,+1950-00-00T00:00:00Z/7
187897885	Gzen92Bot	5142080	2026-04-03T23:58:56Z	20 th century date QS:P571,+1950-00-00T00:00:00Z/7
187897906	Gzen92Bot	5142080	2026-04-03T23:59:09Z	20 th century date QS:P571,+1950-00-00T00:00:00Z/7
187899095	Gzen92Bot	5142080	2026-04-04T00:12:58Z	20 th century date QS:P571,+1950-00-00T00:00:00Z/7
187899113	Gzen92Bot	5142080	2026-04-04T00:13:12Z	20 th century date QS:P571,+1950-00-00T00:00:00Z/7
187920073	Gzen92Bot	5142080	2026-04-04T05:24:05Z	20 th century date QS:P571,+1950-00-00T00:00:00Z/7
187924212	Gzen92Bot	5142080	2026-04-04T06:25:38Z	20 th century date QS:P571,+1950-00-00T00:00:00Z/7
187924229	Gzen92Bot	5142080	2026-04-04T06:25:52Z	20 th century date QS:P571,+1950-00-00T00:00:00Z/7
187973850	Gzen92Bot	5142080	2026-04-04T15:56:31Z	20 th century date QS:P571,+1950-00-00T00:00:00Z/7
187973873	Gzen92Bot	5142080	2026-04-04T15:56:45Z	20 th century date QS:P571,+1950-00-00T00:00:00Z/7
187973921	Gzen92Bot	5142080	2026-04-04T15:57:21Z	20 th century date QS:P571,+1950-00-00T00:00:00Z/7
187973942	Gzen92Bot	5142080	2026-04-04T15:57:36Z	20 th century date QS:P571,+1950-00-00T00:00:00Z/7
187992182	Gzen92Bot	5142080	2026-04-04T19:10:55Z	20 th century date QS:P571,+1950-00-00T00:00:00Z/7
187992203	Gzen92Bot	5142080	2026-04-04T19:11:09Z	20 th century date QS:P571,+1950-00-00T00:00:00Z/7
188026375	Gzen92Bot	5142080	2026-04-05T00:41:32Z	20 th century date QS:P571,+1950-00-00T00:00:00Z/7
188026390	Gzen92Bot	5142080	2026-04-05T00:41:45Z	20 th century date QS:P571,+1950-00-00T00:00:00Z/7
188026406	Gzen92Bot	5142080	2026-04-05T00:41:57Z	20 th century date QS:P571,+1950-00-00T00:00:00Z/7
188026425	Gzen92Bot	5142080	2026-04-05T00:42:10Z	20 th century date QS:P571,+1950-00-00T00:00:00Z/7
188045130	Gzen92Bot	5142080	2026-04-05T04:04:01Z	20 th century date QS:P571,+1950-00-00T00:00:00Z/7
188045155	Gzen92Bot	5142080	2026-04-05T04:04:15Z	20 th century date QS:P571,+1950-00-00T00:00:00Z/7
188097379	Gzen92Bot	5142080	2026-04-05T12:21:11Z	20 th century date QS:P571,+1950-00-00T00:00:00Z/7
188097402	Gzen92Bot	5142080	2026-04-05T12:21:26Z	20 th century date QS:P571,+1950-00-00T00:00:00Z/7
188097419	Gzen92Bot	5142080	2026-04-05T12:21:36Z	20 th century date QS:P571,+1950-00-00T00:00:00Z/7
188097438	Gzen92Bot	5142080	2026-04-05T12:21:49Z	20 th century date QS:P571,+1950-00-00T00:00:00Z/7
188119117	Gzen92Bot	5142080	2026-04-05T15:54:46Z	20 th century date QS:P571,+1950-00-00T00:00:00Z/7
188119158	Gzen92Bot	5142080	2026-04-05T15:55:01Z	20 th century date QS:P571,+1950-00-00T00:00:00Z/7
188162335	Gzen92Bot	5142080	2026-04-05T22:53:28Z	20 th century date QS:P571,+1950-00-00T00:00:00Z/7
188162366	Gzen92Bot	5142080	2026-04-05T22:53:47Z	20 th century date QS:P571,+1950-00-00T00:00:00Z/7
188164517	Gzen92Bot	5142080	2026-04-05T23:25:46Z	20 th century date QS:P571,+1950-00-00T00:00:00Z/7
188164529	Gzen92Bot	5142080	2026-04-05T23:25:59Z	20 th century date QS:P571,+1950-00-00T00:00:00Z/7
20866111	Ashtray	98652	2012-08-26T14:25:21Z	1954-05-19
46353729	Xuân Dũng Bùi	4551301	2016-01-13T09:23:10Z	2016-01-05 11:16:41
50670898	Stonewall	4728815	2016-08-14T16:30:16Z	1954
44735606	Long Phan ZZZ	5381197	2015-11-03T05:06:56Z	2015-10-28
45193019	Vienvo03	5455292	2015-11-23T12:15:53Z	2015-11-23
110034056	Donald Trung	6592656	2021-09-14T07:04:57Z	Sometime between 3 January 1766 – 16 September 1820.
120488591	源義信	8476990	2022-07-15T14:14:22Z	1929
125684256	源義信	8476990	2022-11-19T07:23:52Z	2022-11-19 23:19:06
125684325	源義信	8476990	2022-11-19T07:26:50Z	1924
125684467	SteinsplitterBot	3714013	2022-11-19T08:40:28Z	1924
11231027	Newone	36891	2016-10-21T15:01:06Z	2008-08-28
21041634	VortBot	6729803	2017-10-20T13:54:35Z	2008-08-28 13:55:14
57026135	Sebastian Wallroth	1975	2017-03-12T08:44:09Z	2008-08-28
6823817	DHN	7501	2020-05-03T03:07:19Z	2008:11:23 09:54:11
6824107	Xiaoao	449907	2009-05-20T11:59:24Z	2003:05:10 14:46:27
119316067	源義信	8476990	2022-06-15T15:04:30Z	1966-05-06
121254287	源義信	8476990	2022-07-30T08:08:50Z	1937
121254343	源義信	8476990	2022-07-30T08:10:45Z	1948
121254573	源義信	8476990	2022-07-30T08:21:20Z	Unknown, probably 1930s or early 1940s
131442432	源義信	8476990	2023-05-02T18:16:42Z	Taken in 1965
132061198	源義信	8476990	2023-05-18T07:33:58Z	
140720412	源義信	8476990	2023-11-13T15:08:25Z	Taken in 1949
144500617	源義信	8476990	2024-01-24T13:50:54Z	Taken in 1946
168079885	Greenknight dv	1844778	2025-06-20T04:56:55Z	1949
148593548	源義信	8476990	2024-05-21T14:59:08Z	circa 1946-1947
148593701	源義信	8476990	2024-05-21T15:03:06Z	circa 1946-1947
13469920	File Upload Bot (Magnus Manske)	40038	2011-02-20T04:54:20Z	1887
25736763	Revolution will	2460843	2013-04-24T09:31:29Z	before 1902
32943138	源義信	8476990	2022-10-21T10:28:38Z	published in 1903
56774431	Unserefahne	6218862	2017-03-03T13:21:08Z	2011-01-13 14:39:10
82815564	Cheep	4729910	2019-10-03T17:42:59Z	1897
108085969	Donald Trung	6592656	2021-08-02T13:19:50Z	2016-11-03 06:18:15
124696239	源義信	8476990	2022-10-29T07:35:56Z	published in 1903
125569729	源義信	8476990	2022-11-16T13:55:19Z	1939
132322386	源義信	8476990	2023-05-25T16:54:59Z	1897
132322990	源義信	8476990	2023-05-25T17:08:58Z	1892
132323302	源義信	8476990	2023-05-25T17:18:57Z	1880s - 1890s
138128252	源義信	8476990	2023-09-26T05:41:02Z	Published in 1905
142206538	Egm4313.s12	5239712	2023-12-16T00:37:12Z	1897
143062661	源義信	8476990	2023-12-29T15:52:49Z	Taken in 1897
143187390	源義信	8476990	2023-12-31T02:35:23Z	Taken in 1897
143187751	源義信	8476990	2023-12-31T02:40:01Z	Taken in 1897
143188146	源義信	8476990	2023-12-31T02:44:38Z	Taken in 1897
152815000	源義信	8476990	2024-09-18T13:24:26Z	Published in 1892
152815508	源義信	8476990	2024-09-18T13:37:47Z	Published in 1889
153605970	源義信	8476990	2024-10-06T13:36:42Z	between 1888 and 1891 date QS:P,+1850-00-00T00:00:00Z/7,P1319,+1888-00-00T00:00:00Z/9,P1326,+1891-00-00T00:00:00Z/9
153606926	源義信	8476990	2024-10-06T13:58:10Z	between 1888 and 1891 date QS:P,+1850-00-00T00:00:00Z/7,P1319,+1888-00-00T00:00:00Z/9,P1326,+1891-00-00T00:00:00Z/9
153608023	源義信	8476990	2024-10-06T14:30:10Z	between 1888 and 1891 date QS:P,+1850-00-00T00:00:00Z/7,P1319,+1888-00-00T00:00:00Z/9,P1326,+1891-00-00T00:00:00Z/9
155044336	源義信	8476990	2024-11-09T13:15:36Z	2004:08:16
10403001	Thuydaonguyen	267176	2010-05-23T07:02:33Z	2010:05:10 02:32:13
10403040	Thuydaonguyen	267176	2010-05-23T07:12:05Z	2010:05:10 02:31:45
45231652	Daderot	23761	2015-12-12T10:14:02Z	2014:08:05 23:19:20
46201010	I Love Triệu Đà	1453725	2016-01-07T19:15:02Z	1766
5264372	Pvloc90	453984	2008-11-23T19:02:47Z	2008:08:30 08:50:02
48486836	蓮池	5843027	2016-05-01T15:08:25Z	2016-05-01
57118352	Tarchivum	6449037	2017-03-15T15:25:18Z	2006-09-13 06:24:02
127906584	Donald Trung	6592656	2023-01-19T10:16:25Z	2022-11-25 04:44:22
40073288	Daderot	23761	2015-05-08T22:45:22Z	2014:08:05 23:18:58
45527347	I Love Triệu Đà	1453725	2015-12-09T12:14:18Z	Thế kỷ 19 - 20 (19th - 20th century)
4929828	Lokal Profil	34817	2008-10-05T13:02:12Z	1968-02
7511413	Pieter Kuiper	161090	2009-08-08T17:24:52Z	1968-02
16964361	Saftgurka	1668190	2011-10-12T14:13:30Z	1968-02
94457008	ASM~viwiki	8826738	2013-06-09T17:23:50Z	2012:07:08 10:46:16
8027884	Thiengd	869345	2009-10-10T13:55:57Z	2009:01:15 08:30:22
40919195	大南曆大龍飛圖	4823184	2015-06-12T11:00:47Z	2015-06-12
62431579	Le Bleu de France	6776873	2017-09-14T15:04:48Z	2017-09-14
62432693	Le Bleu de France	6776873	2017-09-14T15:47:31Z	2010:01:10 16:51:39
125014690	源義信	8476990	2022-11-04T10:48:25Z	1933
125674616	源義信	8476990	2022-11-19T01:06:59Z	1942-1945
119686006	Sử dụng hợp lí	11005275	2023-04-10T05:33:11Z	2023:04:10 12:32:03
64038131	Musée Annam	6888967	2017-11-13T05:32:11Z	1947
131766350	源義信	8476990	2023-05-11T08:19:01Z	Taken in 1947
131766570	源義信	8476990	2023-05-11T08:29:09Z	Taken on 6 March 1946
31562681	Bùi Thụy Đào Nguyên	2438478	2014-03-12T06:00:01Z	2014:03:03 09:07:39
84672778	Phuongminhminh	1825920	2019-12-07T01:25:35Z	2019:12:06 09:40:30
93190010	Lee Gok Da	8880605	2020-08-16T09:54:38Z	2013-06-25
128397450	Dat943	11925689	2023-02-04T10:58:24Z	between circa 1940 and circa 1950 date QS:P,+1950-00-00T00:00:00Z/7,P1319,+1940-00-00T00:00:00Z/9,P1326,+1950-00-00T00:00:00Z/9,P1480,Q5727902
130426678	Sử dụng hợp lí	11005275	2023-04-06T11:31:48Z	1932-12-19
147524766	สุพัชรตรา	12510450	2024-04-19T10:06:32Z	2024:04:19 17:04:24
17682893	File Upload Bot (Magnus Manske)	40038	2011-12-15T12:42:46Z	2011:09:28 09:02:49
21014651	Unghoangphuc	2216432	2012-09-02T06:08:26Z	2012-09-02
26121300	Slick-o-bot	2120548	2013-05-16T18:37:30Z	2010:10:29 13:30:54
26121307	Slick-o-bot	2120548	2013-05-16T18:37:53Z	2010:10:29 13:29:51
26121313	Slick-o-bot	2120548	2013-05-16T18:38:04Z	2010:10:29 13:26:58
26121374	Slick-o-bot	2120548	2013-05-16T18:43:47Z	2010:10:29 11:47:06
71582555	GazothBot	7297389	2018-08-13T16:50:11Z	2005:07:06 09:04:56
71582603	GazothBot	7297389	2018-08-13T16:53:14Z	2007:07:06 09:39:51
71719486	GazothBot	7297389	2018-08-18T08:23:41Z	2010:10:29 18:47:28
71978413	GazothBot	7297389	2018-08-24T20:04:29Z	2014:10:28 08:30:04
71978423	GazothBot	7297389	2018-08-24T20:04:47Z	2014:10:28 08:30:16
71978484	GazothBot	7297389	2018-08-24T20:06:52Z	2014:10:28 09:24:09
71978925	GazothBot	7297389	2018-08-24T20:21:19Z	2014:10:28 18:27:46
19849967	Uglemat	6312824	2017-07-27T20:18:56Z	Photo published: 23-26 May 1978 Photo uploaded: 10 June 2012
19850225	Uglemat	6312824	2017-07-27T20:12:37Z	Photo published: 23-26 May 1978 Photo uploaded: 10 June 2012
67996692	Emiya1980	6543814	2018-04-03T23:03:38Z	1978-05-26
93190009	Lee Gok Da	8880605	2020-08-16T09:54:38Z	2013-06-25
107649302	Vaishakh1234	10388148	2021-09-02T18:32:42Z	2015:06:28 20:23:52
107948011	Vaishakh1234	10388148	2021-07-28T07:55:26Z	1940s date QS:P,+1940-00-00T00:00:00Z/8
107961320	Vaishakh1234	10388148	2021-07-28T19:37:15Z	2021:07:28 20:31:19
107962404	100 Do	10589311	2021-09-10T15:07:41Z	1951
112449334	RiTatsusan	10846846	2022-02-22T01:24:20Z	1978
132703959	Bookish Worm	6972412	2023-06-06T00:28:08Z	1971-06
132703981	Bookish Worm	6972412	2023-06-06T00:31:15Z	1971-06
132704062	Bookish Worm	6972412	2023-06-06T00:38:03Z	1971
132704065	Bookish Worm	6972412	2023-06-06T00:38:03Z	1971
147039396	สุพัชรตรา	12510450	2024-04-03T06:57:57Z	1978
150190257	源義信	8476990	2024-07-10T05:57:52Z	Taken in 1928
150190366	源義信	8476990	2024-07-10T06:04:37Z	Taken on 20 May 1948
150190388	源義信	8476990	2024-07-10T06:05:56Z	Taken on 24 January 1949
165790611	Leeaan	11548394	2025-05-22T10:22:34Z	2017:04:05 13:15:41
165791074	Leeaan	11548394	2025-05-22T10:34:16Z	1940
168592970	Naraka1010	13873740	2025-06-26T19:33:07Z	1949-01-24
168595983	Naraka1010	13873740	2025-06-26T20:28:34Z	late 1940s
169124108	Leeaan	11548394	2025-07-02T23:29:49Z	1950
52047214	Đàm Thiếu Gia	3015169	2016-10-04T09:15:48Z	2015:08:21 15:59:25
52047285	Đàm Thiếu Gia	3015169	2016-10-04T09:23:00Z	2015:08:21 15:59:25
66631791	Thesupermat2	2265333	2018-02-20T16:26:41Z	2016:10:28 11:04:08
64147300	Musée Annam	6888967	2017-11-18T09:07:37Z	2017-11-15
123916218	源義信	8476990	2022-10-08T13:55:15Z	in or before 1930
141636191	源義信	8476990	2023-12-02T13:17:29Z	early 1940s
148498069	源義信	8476990	2024-05-19T07:25:59Z	before 1937 date QS:P,+1937-00-00T00:00:00Z/7,P1326,+1937-00-00T00:00:00Z/9
155859006	源義信	8476990	2024-11-27T01:22:26Z	Taken in 1946
64286700	Musée Annam	6888967	2017-11-23T18:17:44Z	2017-11-22
64287077	Musée Annam	6888967	2017-11-23T18:46:54Z	1935-01-30
37173568	Y.haruo	3235778	2014-12-07T00:09:31Z	1968
37738258	Y.haruo	3235778	2015-01-08T14:20:38Z	circa 1967 date QS:P,+1967-00-00T00:00:00Z/9,P1480,Q5727902
45416954	Twosongbirds	5494389	2015-12-04T09:46:03Z	2015-12-03 17:34:25
89467160	Nguyenhai314	8955777	2020-04-22T08:51:38Z	5 tháng 11 năm 2016 (5 Nov 2016)
99320643	Mishaivon	10040464	2021-01-27T17:20:46Z	2019-02-10
108072563	Lệ Xuân	9822670	2021-08-01T22:05:37Z	2019-01-15
167402594	Lubinh123	13698511	2025-06-11T14:11:52Z	2016-12-27
168006834	Lubinh123	13698511	2025-06-19T06:50:38Z	2019-01-07
132608081	源義信	8476990	2023-06-02T19:03:53Z	2014:11:19 08:50:13
132610162	源義信	8476990	2023-06-02T19:55:05Z	2014:11:19 07:49:37
132620800	源義信	8476990	2023-06-03T07:47:55Z	2014:09:28 11:16:17
146284527	Thplam2004	10835916	2024-03-11T16:55:59Z	2022-05-10
7862311	Nguyễn Thanh Quang	4539	2009-09-22T04:08:34Z	1933
79127139	Tranminh360	818237	2019-05-22T03:06:58Z	1914
99841641	Tranminh360	818237	2021-02-14T02:57:29Z	1938
125674764	源義信	8476990	2022-11-19T01:17:13Z	1942-1945
128672810	源義信	8476990	2023-02-13T07:03:28Z	between 1942 and 1945 date QS:P,+1942-00-00T00:00:00Z/8,P1319,+1942-00-00T00:00:00Z/9,P1326,+1945-00-00T00:00:00Z/9
140713772	源義信	8476990	2023-11-13T12:47:17Z	Taken in 1919
9077282	Unserefahne	6218862	2017-02-22T11:44:00Z	"Publised in ""Tiêu sơn tráng sĩ"" novel, 1951, Thăng Long Publisher"
125599885	源義信	8476990	2022-11-17T02:04:33Z	between 1942 and 1945 date QS:P,+1942-00-00T00:00:00Z/8,P1319,+1942-00-00T00:00:00Z/9,P1326,+1945-00-00T00:00:00Z/9
15257496	Gryffindor	11219	2011-05-20T16:23:31Z	2008:12:28 05:31:54
40549693	Daderot	23761	2015-05-28T22:30:25Z	2014:08:06 03:09:40
62523906	Le Bleu de France	6776873	2017-09-18T08:29:37Z	2017-09-18
103768457	Vinhtantran	161974	2009-02-02T04:28:04Z	2008:11:15 15:31:23
131322696	Mickey Đại Phát	11651131	2023-04-29T14:44:39Z	2018:01:18 17:38:22
131322744	Mickey Đại Phát	11651131	2023-04-29T14:45:45Z	2018:01:06 10:24:36
131322757	Mickey Đại Phát	11651131	2023-04-29T14:46:37Z	2018:04:09 16:16:57
131322789	Mickey Đại Phát	11651131	2023-04-29T14:47:54Z	2017:05:20 16:52:33
43600821	昭文館	5234554	2015-09-24T16:48:45Z	2013:03:31 11:31:25
51562164	Tran Thi Lan Phuong	6138231	2016-09-20T09:15:49Z	1946-01-10
64070360	Musée Annam	6888967	2017-11-14T21:56:29Z	2013:09:01 18:52:58
112225804	Greenknight dv	1844778	2021-11-02T04:29:57Z	1945-06-17
112226482	Greenknight dv	1844778	2021-11-02T05:43:37Z	Taken on 8 May 1945
124453400	源義信	8476990	2022-10-21T20:01:35Z	1945-05-06
139035274	源義信	8476990	2023-10-16T14:45:53Z	Taken in 1948
107960810	Vaishakh1234	10388148	2021-07-28T19:13:50Z	1966
107961013	Vaishakh1234	10388148	2021-07-28T19:24:50Z	1960s date QS:P,+1960-00-00T00:00:00Z/8
107961108	Vaishakh1234	10388148	2021-07-28T19:28:02Z	1960s date QS:P,+1960-00-00T00:00:00Z/8
108099152	Donald Trung	6592656	2021-08-02T23:37:55Z	2016-11-05 20:17:51
115272530	Tranminh360	818237	2022-02-15T09:52:48Z	1918
115272836	Tranminh360	818237	2022-02-15T10:06:21Z	1918
109429472	Uaileann	10572649	2021-08-29T01:03:12Z	Published in 1924
125013952	源義信	8476990	2022-11-04T10:35:18Z	1933
125177702	源義信	8476990	2022-11-09T01:15:48Z	1936
125177769	源義信	8476990	2022-11-09T01:20:03Z	taken in the early 1900s published in 1936
125183923	源義信	8476990	2022-11-09T06:39:40Z	1936
125196771	Docteur Rieux	9647205	2006-06-02T00:14:22Z	1922
125423791	源義信	8476990	2022-11-14T08:44:17Z	1929-05-23
125674744	源義信	8476990	2022-11-19T01:15:44Z	1942-1945
125686751	源義信	8476990	2022-11-19T08:46:07Z	1936
139457668	源義信	8476990	2023-10-24T13:03:26Z	before 1945 date QS:P,+1945-00-00T00:00:00Z/7,P1326,+1945-00-00T00:00:00Z/9
140713980	源義信	8476990	2023-11-13T12:51:49Z	Taken in 1925
75483206	Trần Phương Bình	7592161	2019-01-01T08:48:34Z	2003:05:20 16:01:35
75483207	Trần Phương Bình	7592161	2019-01-01T08:48:35Z	2008-04-19 15:17:23
75483208	Trần Phương Bình	7592161	2019-01-01T08:48:37Z	2003:08:04 09:34:01
75483209	Trần Phương Bình	7592161	2019-01-01T08:48:38Z	2011-09-13 18:06:18
75483210	Trần Phương Bình	7592161	2019-01-01T08:48:39Z	2000-01-01 07:36:09
75483211	Trần Phương Bình	7592161	2019-01-01T08:48:41Z	2000-01-01 07:38:44
75483213	Trần Phương Bình	7592161	2019-01-01T08:48:41Z	2000-01-01 07:40:07
75483214	Trần Phương Bình	7592161	2019-01-01T08:48:42Z	2000-01-01 08:40:31
75483216	Trần Phương Bình	7592161	2019-01-01T08:48:44Z	2003:05:20 16:05:40
75483217	Trần Phương Bình	7592161	2019-01-01T08:48:45Z	2037:10:16 01:21:48
75483218	Trần Phương Bình	7592161	2019-01-01T08:48:46Z	2003:08:04 09:34:32
75483259	Trần Phương Bình	7592161	2019-01-01T08:50:49Z	2019-01-01
75483261	Trần Phương Bình	7592161	2019-01-01T08:50:50Z	2019-01-01
76084307	Trần Phương Bình	7592161	2019-01-25T03:52:04Z	2013-07-26 03:03:38
76084308	Trần Phương Bình	7592161	2019-01-25T03:52:04Z	2013-07-20 20:39:14
76084309	Trần Phương Bình	7592161	2019-01-25T03:52:04Z	2013-07-26 03:21:25
76084310	Trần Phương Bình	7592161	2019-01-25T03:52:08Z	2019-01-25
76084323	Trần Phương Bình	7592161	2019-01-25T03:54:08Z	2019-01-25
76125129	Trần Phương Bình	7592161	2019-01-27T03:38:29Z	2013-07-26 03:28:36
124998194	源義信	8476990	2022-11-04T05:50:13Z	1922
125675033	源義信	8476990	2022-11-19T01:31:12Z	1942-1945
125691091	源義信	8476990	2022-11-19T10:40:00Z	1942-1945
156970154	Docteur Rieux	9647205	2006-05-30T20:08:26Z	
113075675	Taitaptin	10813792	2021-12-05T09:52:19Z	2019:07:01 11:50:02
113076674	Taitaptin	10813792	2021-12-05T10:39:57Z	2019:07:01 11:50:02
64064194	Quenhitran	3093249	2017-11-14T16:42:41Z	2017:11:08 22:32:57
64064201	Quenhitran	3093249	2017-11-14T16:42:48Z	2017-11-08 23:05
64064205	Quenhitran	3093249	2017-11-14T16:42:54Z	2017-11-08 23:06
64064210	Quenhitran	3093249	2017-11-14T16:43:00Z	2017-11-08 23:04
64064211	Quenhitran	3093249	2017-11-14T16:43:00Z	2017-11-08 23:04
64064216	Quenhitran	3093249	2017-11-14T16:43:06Z	2017:11:08 22:33:38
64064217	Quenhitran	3093249	2017-11-14T16:43:07Z	2017-11-08 23:05
64064221	Quenhitran	3093249	2017-11-14T16:43:12Z	2017-11-08 23:08
64064222	Quenhitran	3093249	2017-11-14T16:43:12Z	2017-11-08 23:07
64064228	Quenhitran	3093249	2017-11-14T16:43:23Z	2017-11-08 23:07
64064229	Quenhitran	3093249	2017-11-14T16:43:23Z	2017:11:08 14:42:08
113253543	Taitaptin	10813792	2021-12-11T07:18:07Z	2019-05-22
113253620	Taitaptin	10813792	2021-12-11T07:22:42Z	2021:12:11 14:13:44
120482494	Sử dụng hợp lí	11005275	2022-07-15T12:53:22Z	2022:07:15 17:23:52
137163082	Sử dụng hợp lí	11005275	2023-09-08T05:55:19Z	2022:02:19 09:57:42
70802225	Hiàn (alt)	7152110	2018-07-13T03:42:40Z	2016:11:17 09:18:01
70802230	Hiàn (alt)	7152110	2018-07-13T03:42:58Z	2016:11:17 09:42:29
70802232	Hiàn (alt)	7152110	2018-07-13T03:43:15Z	2016:11:17 09:53:40
72583828	GazothBot	7297389	2018-09-09T12:17:10Z	2018:03:03 12:20:41
106947786	Lee Gok Da	8880605	2021-06-24T14:55:35Z	2016:11:17 09:53:40
103520541	Lệ Xuân	9822670	2021-04-12T18:27:55Z	2015
112364249	NKSRDJ	10747244	2021-11-08T05:48:57Z	2018:07:02 10:13:51
112364333	NKSRDJ	10747244	2021-11-08T05:55:53Z	2018:07:02 10:13:51
112364467	NKSRDJ	10747244	2021-11-08T06:14:47Z	2018:07:02 10:09:39
72566388	GazothBot	7297389	2018-09-08T20:21:21Z	2018:01:24 20:59:53
139862513	Ooligan	9874465	2023-10-31T00:53:06Z	2023-02-16 06:05:38
154771434	Ooligan	9874465	2024-11-01T08:20:31Z	2024-10-15 11:50:59
156098593	Sundance Kid VN	12793897	2024-12-02T03:29:51Z	2024-10-10
107865783	Михаил Семёнов	2255654	2021-07-25T13:22:08Z	2021-07-22
127062137	Sử dụng hợp lí	11005275	2025-05-15T13:07:51Z	27/9/2021
167880743	Kaiketsu	136251	2025-06-17T14:38:59Z	2025:05:19 10:00:47
167880744	Kaiketsu	136251	2025-06-17T14:38:59Z	2025:05:19 10:00:50
167880752	Kaiketsu	136251	2025-06-17T14:39:07Z	2025:05:19 10:04:07
167880753	Kaiketsu	136251	2025-06-17T14:39:07Z	2025:05:19 10:00:54
167880758	Kaiketsu	136251	2025-06-17T14:39:13Z	2025:05:19 10:00:45
167880761	Kaiketsu	136251	2025-06-17T14:39:15Z	2025:05:19 10:05:05
167880766	Kaiketsu	136251	2025-06-17T14:39:18Z	2025:05:19 10:05:13
167880777	Kaiketsu	136251	2025-06-17T14:39:24Z	2025:05:19 10:05:37
167880780	Kaiketsu	136251	2025-06-17T14:39:26Z	2025:05:19 10:04:32
167880782	Kaiketsu	136251	2025-06-17T14:39:28Z	2025:05:19 10:05:28
167880789	Kaiketsu	136251	2025-06-17T14:39:32Z	2025:05:19 10:04:35
171120694	Niegodzisie	7186523	2025-07-31T08:03:11Z	2025:07:08 10:03:33
171120695	Niegodzisie	7186523	2025-07-31T08:03:11Z	2025:07:08 10:04:06
171120696	Niegodzisie	7186523	2025-07-31T08:03:11Z	2025:07:08 10:08:22
188422590	Hwi.padam	10380124	2026-04-08T10:01:02Z	2026-03-23
120236208	Sử dụng hợp lí	11005275	2025-05-15T13:45:38Z	28/11/2017
117925916	A1Cafel	3726108	2022-05-12T09:57:35Z	2022-04-01
10592579	Grenouille vert	637652	2010-06-09T16:15:49Z	2010:05:27 16:21:12
71717875	GazothBot	7297389	2018-08-18T06:05:08Z	2010:10:20 20:08:20
71911966	GazothBot	7297389	2018-08-23T05:20:58Z	2013:10:22 10:37:53
112364398	NKSRDJ	10747244	2021-11-08T06:05:36Z	2018:07:02 10:11:13
112364428	NKSRDJ	10747244	2021-11-08T06:09:33Z	2018:07:02 10:11:13
121322744	Sử dụng hợp lí	11005275	2025-05-09T02:09:47Z	2025-05-07
74490699	GazothBot	7297389	2018-11-18T18:06:16Z	2018:11:18 17:51:16
106879740	Lee Gok Da	8880605	2021-06-22T15:08:19Z	2018:11:18 17:51:16
71578468	GazothBot	7297389	2018-08-13T13:54:50Z	2007:05:08 04:36:08
90788875	Harrybotboy kc	2628165	2020-05-30T09:30:46Z	2013-08-11
97567913	Niegodzisie	7186523	2020-12-14T21:02:13Z	2020:09:25 20:56:33
163911598	JapaneseHirotomi	12318249	2025-04-21T10:55:41Z	2020:09:25 20:56:33
117548883	Donald Trung	6592656	2022-04-30T06:55:39Z	Likely 1930's.
117549053	Donald Trung	6592656	2022-04-30T07:05:59Z	1930s date QS:P,+1930-00-00T00:00:00Z/8
117549055	Donald Trung	6592656	2022-04-30T07:06:00Z	1930s date QS:P,+1930-00-00T00:00:00Z/8
119544515	源義信	8476990	2022-06-21T06:09:28Z	October 1956
119544617	源義信	8476990	2022-06-21T06:13:51Z	October 1956
119546665	源義信	8476990	2022-06-21T07:25:57Z	October 1956
119546856	源義信	8476990	2022-06-21T07:34:23Z	Taken in 1955
126544158	源義信	8476990	2022-12-12T05:33:14Z	1950s date QS:P,+1950-00-00T00:00:00Z/8
131413950	源義信	8476990	2023-05-02T01:24:06Z	Unknown date
131843766	源義信	8476990	2023-05-13T06:28:34Z	Unknown date
144077479	源義信	8476990	2024-01-16T15:31:51Z	Taken in 1956
119840117	源義信	8476990	2022-06-28T05:41:27Z	2022:06:28 13:32:16
119840254	源義信	8476990	2022-06-28T05:50:10Z	Unknown date
119840308	源義信	8476990	2022-06-28T05:52:29Z	Unknown date
119847367	源義信	8476990	2022-06-28T11:37:21Z	1940
122958891	源義信	8476990	2022-09-13T08:44:08Z	1967
122958934	源義信	8476990	2022-09-13T08:46:09Z	1967
131474556	源義信	8476990	2023-05-03T06:34:28Z	1965-09
131474605	源義信	8476990	2023-05-03T06:36:26Z	1965-09
131514497	源義信	8476990	2023-05-04T09:57:53Z	Unknown date
99389646	FuriousTroller	9796934	2023-01-19T17:15:17Z	1960-01-13
122463394	源義信	8476990	2022-08-30T05:32:22Z	1959-10-10
122493116	源義信	8476990	2022-08-31T07:26:03Z	1958-04-22
122493117	源義信	8476990	2022-08-31T07:26:03Z	1958-04-22
122493118	源義信	8476990	2022-08-31T07:26:04Z	1958-04-22
122493120	源義信	8476990	2022-08-31T07:26:06Z	1958-04-22
126544200	源義信	8476990	2022-12-12T05:34:48Z	1950s date QS:P,+1950-00-00T00:00:00Z/8
131364570	源義信	8476990	2023-04-30T17:31:19Z	Unknown date
131382173	源義信	8476990	2023-05-01T07:14:07Z	Taken in 1955
131416481	源義信	8476990	2023-05-02T04:44:13Z	Unknown date
131416746	源義信	8476990	2023-05-02T04:59:12Z	Unknown date
141376501	源義信	8476990	2023-11-25T11:17:46Z	Published in 1957
194031230	Sdcnjsdhbcsbckhbvkaf	14567503	2026-06-17T11:11:56Z	1960-01-13
121254399	源義信	8476990	2022-07-30T08:12:31Z	1947
121254467	源義信	8476990	2022-07-30T08:16:17Z	1947
121254473	源義信	8476990	2022-07-30T08:16:44Z	1947
120120502	源義信	8476990	2022-10-12T06:26:57Z	1943
120120554	源義信	8476990	2022-10-12T06:25:44Z	1943
120289471	源義信	8476990	2023-05-10T07:36:05Z	1943
120289491	源義信	8476990	2023-05-10T07:38:50Z	1943
131726031	源義信	8476990	2023-05-10T07:17:08Z	between 1942 and 1950 date QS:P,+1950-00-00T00:00:00Z/7,P1319,+1942-00-00T00:00:00Z/9,P1326,+1950-00-00T00:00:00Z/9
121499939	源義信	8476990	2022-08-08T14:52:39Z	1969-05-28
121499940	源義信	8476990	2022-08-08T14:52:39Z	1969-05-28
121499941	源義信	8476990	2022-08-08T14:52:39Z	1969-05-28
121499942	源義信	8476990	2022-08-08T14:52:42Z	1969-05-28
121499969	源義信	8476990	2022-08-08T14:53:53Z	1969-05-28
110819508	Septem9th	10557704	2021-10-07T23:47:46Z	1902-01-12
124259154	源義信	8476990	2022-10-16T13:32:52Z	between 1909 and 1915 date QS:P,+1950-00-00T00:00:00Z/7,P1319,+1909-00-00T00:00:00Z/9,P1326,+1915-00-00T00:00:00Z/9
140045326	源義信	8476990	2023-11-03T15:47:27Z	before 1915 date QS:P,+1915-00-00T00:00:00Z/7,P1326,+1915-00-00T00:00:00Z/9
148496972	源義信	8476990	2024-05-19T06:44:18Z	1902
148497219	源義信	8476990	2024-05-19T06:48:52Z	before 1945 date QS:P,+1945-00-00T00:00:00Z/7,P1326,+1945-00-00T00:00:00Z/9
148497258	源義信	8476990	2024-05-19T06:50:44Z	before 1945 date QS:P,+1945-00-00T00:00:00Z/7,P1326,+1945-00-00T00:00:00Z/9
153275165	源義信	8476990	2024-09-28T12:16:57Z	before 1945 date QS:P,+1945-00-00T00:00:00Z/7,P1326,+1945-00-00T00:00:00Z/9
153275274	源義信	8476990	2024-09-28T12:21:02Z	before 1905 date QS:P,+1905-00-00T00:00:00Z/7,P1326,+1905-00-00T00:00:00Z/9
153983119	源義信	8476990	2024-10-16T11:13:55Z	Published in 1939
153983155	源義信	8476990	2024-10-16T11:17:52Z	Published in 1939
125050853	源義信	8476990	2022-11-05T07:03:45Z	2009:10:12 20:02:17
125054095	源義信	8476990	2022-11-05T10:34:00Z	2009:10:12 20:02:17
52047888	Đàm Thiếu Gia	3015169	2016-10-04T09:55:48Z	Đầu thế kỷ 20 (Early 20th century)
125144063	源義信	8476990	2022-11-08T03:51:11Z	1922-04
175067428	Swiãtopôłk	10963771	2025-09-14T19:21:37Z	1909
125185923	源義信	8476990	2022-12-20T05:44:55Z	before 1918 date QS:P,+1918-00-00T00:00:00Z/7,P1326,+1918-00-00T00:00:00Z/9 , published in 1930
125186055	Donald Trung	6592656	2022-11-09T08:11:42Z	Ngày 15 tháng 01 năm 1919.
125302925	源義信	8476990	2022-11-11T13:55:50Z	1931
125303157	源義信	8476990	2022-11-11T14:07:09Z	published in 1931
125303354	源義信	8476990	2022-11-11T14:14:09Z	1931
125303546	源義信	8476990	2022-11-11T14:23:20Z	1931
125303649	源義信	8476990	2022-11-11T14:29:01Z	1931
125303968	源義信	8476990	2022-11-11T14:41:52Z	1931
125304395	源義信	8476990	2022-11-11T15:01:18Z	1931
125304557	源義信	8476990	2022-11-11T15:10:47Z	1936-02-07
132543679	源義信	8476990	2023-06-01T09:46:27Z	Published on 30 May 1931
125614789	源義信	8476990	2022-11-17T12:38:14Z	1942-1945
125614870	源義信	8476990	2022-11-17T12:41:18Z	1942-1945
125925633	源義信	8476990	2022-11-25T15:08:57Z	1943
125926459	源義信	8476990	2022-11-25T15:38:12Z	1943
119343125	源義信	8476990	2022-06-16T07:56:42Z	1969-04-20
124091359	源義信	8476990	2022-10-12T11:14:09Z	1943
141100045	源義信	8476990	2023-11-20T01:44:26Z	1943
126842891	源義信	8476990	2022-12-21T07:53:00Z	before 1923 date QS:P,+1923-00-00T00:00:00Z/7,P1326,+1923-00-00T00:00:00Z/9
126844899	源義信	8476990	2022-12-21T09:06:02Z	circa 1918 date QS:P,+1918-00-00T00:00:00Z/9,P1480,Q5727902
126844407	源義信	8476990	2022-12-21T08:49:01Z	2013-08-14 15:31:10
126844740	源義信	8476990	2022-12-21T09:01:00Z	1941
126845016	源義信	8476990	2022-12-21T09:10:11Z	1952
126845422	源義信	8476990	2022-12-21T09:26:25Z	1943
126845573	源義信	8476990	2022-12-21T09:31:28Z	1941
132286783	源義信	8476990	2023-05-24T16:37:59Z	Published on 26 October 1960
127644239	源義信	8476990	2023-01-11T03:22:47Z	1943
127644328	源義信	8476990	2023-01-11T03:25:31Z	1943
141816320	源義信	8476990	2023-12-06T11:54:52Z	circa 1950 date QS:P,+1950-00-00T00:00:00Z/9,P1480,Q5727902
143189582	源義信	8476990	2023-12-31T03:00:43Z	1919
84466807	Botofob	7970788	2019-11-29T13:00:15Z	2019:11:14 12:56:05
94231193	Gió Đông	3379645	2019-03-15T07:54:08Z	15 tháng 3 năm 2019
98511374	RG72	443240	2021-01-04T06:43:50Z	2012:08:03 06:47:52
98772972	RG72	443240	2021-01-12T04:05:53Z	2013:11:10 11:54:35
98773046	RG72	443240	2021-01-12T04:06:55Z	2013:11:10 13:23:51
131137781	源義信	8476990	2023-04-25T11:27:36Z	Published in 1943
131137880	源義信	8476990	2023-04-25T11:32:02Z	Published in 1943
132034604	R8cocin8	10053548	2023-09-04T00:14:03Z	Taken in 1924
144250908	源義信	8476990	2024-01-19T14:42:16Z	Taken in 1924
80522476	Adam63	754754	2019-07-19T03:47:24Z	2019:06:16 11:57:42
80522539	Adam63	754754	2019-07-19T03:48:42Z	2019:06:17 17:50:35
80542789	Adam63	754754	2019-07-19T15:05:58Z	2019:06:16 12:14:34
97496903	Nguyenhai314	8955777	2020-12-12T14:24:50Z	2012:11:09 09:42:14
97907543	Nguyenhai314	8955777	2020-12-21T12:47:29Z	2020:12:15 10:40:11
109889099	Ven Dr Sumedh Thero	7085451	2021-09-10T05:09:39Z	2019:05:19 08:19:08
109889100	Ven Dr Sumedh Thero	7085451	2021-09-10T05:09:42Z	2019:05:17 09:31:43
109889102	Ven Dr Sumedh Thero	7085451	2021-09-10T05:09:44Z	2019:05:18 10:47:26
109889130	Ven Dr Sumedh Thero	7085451	2021-09-10T05:10:07Z	2019:05:11 12:34:05
109889134	Ven Dr Sumedh Thero	7085451	2021-09-10T05:10:12Z	10 September 2021 (upload date)
109889139	Ven Dr Sumedh Thero	7085451	2021-09-10T05:10:16Z	2019:05:19 08:36:18
109889142	Ven Dr Sumedh Thero	7085451	2021-09-10T05:10:21Z	2019:05:19 09:18:31
113259359	Nguyenhai314	8955777	2021-12-11T13:16:33Z	2020:02:14 09:36:23
113259360	Nguyenhai314	8955777	2021-12-11T13:16:34Z	2020:02:14 09:37:29
113259361	Nguyenhai314	8955777	2021-12-11T13:16:35Z	2020:02:14 06:59:08
113259364	Nguyenhai314	8955777	2021-12-11T13:16:41Z	2020:02:14 06:22:28
113259365	Nguyenhai314	8955777	2021-12-11T13:16:43Z	2020:02:14 06:22:13
113259366	Nguyenhai314	8955777	2021-12-11T13:16:44Z	2020:02:14 06:22:07
113259368	Nguyenhai314	8955777	2021-12-11T13:16:50Z	2020:02:14 05:18:05
113259370	Nguyenhai314	8955777	2021-12-11T13:16:53Z	2020:02:14 05:18:12
113259373	Nguyenhai314	8955777	2021-12-11T13:16:56Z	2020:02:14 05:10:57
113259376	Nguyenhai314	8955777	2021-12-11T13:17:03Z	2020:02:15 08:45:55
113259379	Nguyenhai314	8955777	2021-12-11T13:17:04Z	2020:02:15 08:46:00
113259382	Nguyenhai314	8955777	2021-12-11T13:17:07Z	2020:02:15 09:22:37
113259386	Nguyenhai314	8955777	2021-12-11T13:17:15Z	2020:02:15 11:31:50
113259387	Nguyenhai314	8955777	2021-12-11T13:17:18Z	2020:02:15 11:40:12
113259393	Nguyenhai314	8955777	2021-12-11T13:17:36Z	2020:02:15 07:28:15
113259395	Nguyenhai314	8955777	2021-12-11T13:17:38Z	2020:02:15 05:11:24
113259408	Nguyenhai314	8955777	2021-12-11T13:17:58Z	2020:02:15 04:29:36
113561726	Nguyenhai314	8955777	2021-12-22T10:35:49Z	2018:07:09 14:25:14
147016867	源義信	8476990	2024-04-02T12:38:28Z	before 1934 date QS:P,+1934-00-00T00:00:00Z/7,P1326,+1934-00-00T00:00:00Z/9
147017050	源義信	8476990	2024-04-02T12:47:58Z	before 1934 date QS:P,+1934-00-00T00:00:00Z/7,P1326,+1934-00-00T00:00:00Z/9
152815340	源義信	8476990	2024-09-18T13:34:10Z	Published in 1892
76950640	Bulbulangkor	7702701	2019-02-28T14:06:26Z	2018-03
131497622	源義信	8476990	2023-05-03T19:26:40Z	1974-01-18
176776241	Greenknight dv	1844778	2025-10-15T21:29:39Z	1975-04-30
90174187	Thiết Khẩu Nhi	9241750	2020-05-14T07:19:37Z	2020-05-14
124062132	源義信	8476990	2022-10-12T00:43:24Z	1943
138550277	源義信	8476990	2023-10-06T15:20:47Z	1920s-1930s
138550468	源義信	8476990	2023-10-06T15:30:27Z	Taken in 1931
132061403	源義信	8476990	2023-05-18T07:39:36Z	
132061734	源義信	8476990	2023-05-18T07:51:12Z	
132158701	源義信	8476990	2023-05-21T03:48:57Z	1960s date QS:P,+1960-00-00T00:00:00Z/8
122959147	源義信	8476990	2022-09-13T08:51:58Z	January 1968
122959187	源義信	8476990	2022-09-13T08:57:03Z	January 1968
69283144	Tất Thông	7207089	2018-05-19T17:57:31Z	2018-05-20
103769645	Tất Thông	7207089	2020-05-09T09:38:15Z	2018:05:19 14:15:09
138402696	GDAE	6628469	2023-05-10T09:16:08Z	2010:05:04 11:27:52
139373873	源義信	8476990	2023-10-23T02:44:01Z	Taken in 1924
139373932	源義信	8476990	2023-10-23T02:46:09Z	Taken in 1924
125838354	源義信	8476990	2022-11-23T07:09:51Z	before 1947 date QS:P,+1947-00-00T00:00:00Z/7,P1326,+1947-00-00T00:00:00Z/9
138433176	源義信	8476990	2023-10-03T12:57:25Z	Published in 1943
138433188	源義信	8476990	2023-10-03T12:58:06Z	Published in 1943
108082067	Donald Trung	6592656	2021-08-02T10:05:30Z	1909
141805418	源義信	8476990	2023-12-06T07:38:34Z	Published in 1920
154240017	源義信	8476990	2024-10-24T14:30:40Z	before 1945 date QS:P,+1945-00-00T00:00:00Z/7,P1326,+1945-00-00T00:00:00Z/9
154240095	源義信	8476990	2024-10-24T14:32:55Z	Published in 1920
138549834	源義信	8476990	2023-10-06T15:10:12Z	before 1949 date QS:P,+1949-00-00T00:00:00Z/7,P1326,+1949-00-00T00:00:00Z/9
138549914	源義信	8476990	2023-10-06T15:12:20Z	2018:08:18 23:12:43
138712274	源義信	8476990	2023-10-11T12:55:33Z	Taken in 1935
138712275	源義信	8476990	2023-10-11T12:55:33Z	Taken in 1935
153649612	源義信	8476990	2024-10-07T17:58:19Z	before 1949 date QS:P,+1949-00-00T00:00:00Z/7,P1326,+1949-00-00T00:00:00Z/9
138707981	源義信	8476990	2023-10-11T10:43:27Z	Taken in 1935
138708105	源義信	8476990	2023-10-11T10:45:59Z	Taken in 1935
139092727	源義信	8476990	2023-10-17T13:48:30Z	2007:11:08 10:44:00
15067751	Theduong	496997	2011-04-30T03:20:14Z	2011:04:30 10:12:09
52049071	Đàm Thiếu Gia	3015169	2016-10-04T11:02:40Z	Đầu thế kỷ 20 (Early 20th century)
140531153	源義信	8476990	2023-11-10T13:45:46Z	Taken in 1940
111789219	Septem9th	10557704	2021-10-26T15:05:34Z	2021-10-26
140626280	源義信	8476990	2023-11-12T03:17:00Z	before 1927 date QS:P,+1927-00-00T00:00:00Z/7,P1326,+1927-00-00T00:00:00Z/9
140626419	源義信	8476990	2023-11-12T03:24:47Z	before 1927 date QS:P,+1927-00-00T00:00:00Z/7,P1326,+1927-00-00T00:00:00Z/9
140626501	源義信	8476990	2023-11-12T03:29:33Z	circa 1927 date QS:P,+1927-00-00T00:00:00Z/9,P1480,Q5727902
140702258	源義信	8476990	2023-11-13T08:44:28Z	before 1945 date QS:P,+1945-00-00T00:00:00Z/7,P1326,+1945-00-00T00:00:00Z/9
140711807	源義信	8476990	2023-11-13T12:07:12Z	before 1945 date QS:P,+1945-00-00T00:00:00Z/7,P1326,+1945-00-00T00:00:00Z/9
140712060	源義信	8476990	2023-11-16T04:47:53Z	2008:05:04 09:22:22
140714428	源義信	8476990	2023-11-13T13:01:16Z	Taken on 17 June 1936
140714648	源義信	8476990	2023-11-13T13:06:47Z	Taken in 1924
140714868	源義信	8476990	2023-11-13T13:11:33Z	Taken in 1937
141361699	源義信	8476990	2023-11-25T02:45:20Z	before 1904 date QS:P,+1904-00-00T00:00:00Z/7,P1326,+1904-00-00T00:00:00Z/9
141362237	源義信	8476990	2023-11-25T03:11:22Z	before 1904 date QS:P,+1904-00-00T00:00:00Z/7,P1326,+1904-00-00T00:00:00Z/9
141375193	源義信	8476990	2023-11-25T10:44:41Z	Taken on 23 November 1960, Published on 30 December 1960
141466054	源義信	8476990	2023-11-27T05:20:07Z	Published in 1943
141466115	源義信	8476990	2023-11-27T05:24:19Z	Published in 1943
141622682	源義信	8476990	2023-12-02T02:58:26Z	Taken in 1969
141624766	源義信	8476990	2023-12-02T04:47:04Z	1971
125236421	源義信	8476990	2022-11-10T02:00:37Z	1949; published in 1972
141805534	源義信	8476990	2023-12-06T07:42:40Z	1930s date QS:P,+1930-00-00T00:00:00Z/8
141816036	源義信	8476990	2023-12-06T11:47:13Z	circa 1923 date QS:P,+1923-00-00T00:00:00Z/9,P1480,Q5727902
141816242	源義信	8476990	2023-12-06T11:52:50Z	circa 1948-1949
141815864	源義信	8476990	2023-12-06T11:42:06Z	circa 1923
141816089	源義信	8476990	2023-12-06T11:48:54Z	circa 1923 date QS:P,+1923-00-00T00:00:00Z/9,P1480,Q5727902
154239758	源義信	8476990	2024-10-24T14:22:22Z	circa 1923 date QS:P,+1923-00-00T00:00:00Z/9,P1480,Q5727902
94207145	Ptdtch	1414342	2019-02-20T21:08:30Z	unknown, probabaly 1930s or early 1940s
125385064	源義信	8476990	2022-11-13T16:15:13Z	unknown, probabaly 1930s or early 1940s
142489534	源義信	8476990	2023-12-20T04:16:37Z	Published in 1943
142489558	源義信	8476990	2023-12-20T04:17:28Z	Published in 1943
134955724	Otomo Ajah	11967414	2023-07-25T17:13:01Z	2008:03:04 15:05:58
144253160	源義信	8476990	2024-01-19T15:50:24Z	Taken in 1924
155548347	源義信	8476990	2024-11-22T13:37:22Z	Taken in 1924
132304805	源義信	8476990	2023-05-25T06:22:01Z	Published in 1943
132305023	源義信	8476990	2023-05-25T06:31:55Z	Published in 1943
144290755	源義信	8476990	2024-01-20T05:45:54Z	before 1945 date QS:P,+1945-00-00T00:00:00Z/7,P1326,+1945-00-00T00:00:00Z/9
153649301	源義信	8476990	2024-10-07T17:44:02Z	before 1945 date QS:P,+1945-00-00T00:00:00Z/7,P1326,+1945-00-00T00:00:00Z/9
144315545	源義信	8476990	2024-01-20T14:27:15Z	before 1930 date QS:P,+1930-00-00T00:00:00Z/7,P1326,+1930-00-00T00:00:00Z/9
109371772	Uaileann	10572649	2021-08-27T16:58:58Z	2021-09-02
145327907	LiruisnBordz	12800864	2024-02-14T07:25:21Z	2017-01-04
148164043	源義信	8476990	2024-05-08T07:36:52Z	before 1931 date QS:P,+1931-00-00T00:00:00Z/7,P1326,+1931-00-00T00:00:00Z/9
108329440	BAT Soy	10535641	2021-08-10T18:37:18Z	2020-11-27
153913157	源義信	8476990	2024-10-14T13:31:38Z	before 1913 date QS:P,+1913-00-00T00:00:00Z/7,P1326,+1913-00-00T00:00:00Z/9
153913328	源義信	8476990	2024-10-14T13:35:01Z	before 1913 date QS:P,+1913-00-00T00:00:00Z/7,P1326,+1913-00-00T00:00:00Z/9
153913531	源義信	8476990	2024-10-14T13:39:38Z	Minh Mạng period
155460151	源義信	8476990	2024-11-21T05:31:54Z	before 1945 date QS:P,+1945-00-00T00:00:00Z/7,P1326,+1945-00-00T00:00:00Z/9
161639355	Mickey Đại Phát	11651131	2025-03-10T14:16:37Z	2021-08-31
161639357	Mickey Đại Phát	11651131	2025-03-10T14:16:37Z	2021-08-31
161639359	Mickey Đại Phát	11651131	2025-03-10T14:16:38Z	2021-08-31
121304388	Sử dụng hợp lí	11005275	2023-07-19T13:21:43Z	2023:07:19 19:04:57
156971137	Đạt Ngọc Lý	7638356	2024-10-05T13:57:24Z	2024:10:03 12:18:34
154771435	Ooligan	9874465	2024-11-01T08:20:31Z	2024:10:10 21:09:57
162376676	Ooligan	9874465	2025-03-18T18:14:55Z	2024:10:10 10:03:50
185926495	Baophucminh53G	14546358	2026-03-11T17:33:34Z	2026:03:11 17:39:20
10639641	Trần Nguyễn Minh Huy	779750	2010-06-15T02:55:57Z	2010:03:27 14:27:37
93952869	Newone	36891	2009-01-02T09:20:37Z	2009:01:02 13:26:45
196655758	Mrkstvns	3391004	2026-08-02T03:37:37Z	2009:01:02 13:26:45
2670892	Binh Giang	149115	2007-09-02T14:54:11Z	2006-11-21
3136520	Binh Giang	149115	2007-11-24T09:20:52Z	2007:11:24 12:44:26
5611773	Paris 16	269373	2009-01-01T04:18:48Z	
6434948	Flickr upload bot	152505	2009-04-07T05:45:24Z	2008:11:20 19:56:02
7516925	Flickr upload bot	152505	2009-08-09T12:32:01Z	2009:07:29 08:09:16
7972445	Newone	36891	2009-10-03T14:59:24Z	2009:10:03 20:41:22
10824538	Trần Nguyễn Minh Huy	779750	2010-07-07T12:08:52Z	2007:08:19 18:50:32
14619650	Flickr upload bot	152505	2011-03-16T12:34:13Z	2009:12:11 10:25:26
16888837	MGA73bot2	643716	2011-10-06T16:41:27Z	2006:05:28 09:38:57
16888994	MGA73bot2	643716	2011-10-06T16:57:29Z	2006:09:09 12:24:29
23216055	Codename5281~commonswiki	740129	2012-12-16T10:35:22Z	2012:04:04 13:22:07
23216056	Codename5281~commonswiki	740129	2012-12-16T10:35:23Z	2012:04:04 13:20:47
25463804	Thejinan	924579	2013-04-05T18:59:22Z	2012:05:17 14:41:24
26364466	Dsprc	3441220	2016-06-25T02:08:42Z	2012:02:08 05:16:00
32934937	Thejinan	924579	2014-05-23T16:20:18Z	2009:11:24 12:17:25
36724661	Quenhitran	3093249	2014-11-11T16:38:30Z	2010:06:12 11:40:58
39920282	Daderot	23761	2015-05-02T12:26:23Z	2014:08:05 01:07:18
39920287	Daderot	23761	2015-05-02T12:26:40Z	2014:08:05 01:04:30
46044819	Dsprc	3441220	2016-01-02T09:14:53Z	2007:10:21 16:17:13
47408240	Viethavvh	188519	2016-03-19T14:32:22Z	2016:03:12 11:19:23
66995652	Artix Kreiger 2	6900938	2018-03-03T03:39:41Z	2009:01:31 08:52:44
67249309	Ji-Elle	30885	2018-03-11T16:18:09Z	2017:11:06 07:30:08
67249310	Ji-Elle	30885	2018-03-11T16:18:09Z	2017:11:06 07:09:09
67249422	Ji-Elle	30885	2018-03-11T16:21:41Z	2017:11:06 07:09:32
67251229	Ji-Elle	30885	2018-03-11T17:27:35Z	2017:11:06 13:47:04
67251230	Ji-Elle	30885	2018-03-11T17:27:35Z	2017:11:06 13:47:15
67251231	Ji-Elle	30885	2018-03-11T17:27:35Z	2017:11:06 14:05:42
67252133	Ji-Elle	30885	2018-03-11T18:01:50Z	2017:11:06 13:50:55
67252134	Ji-Elle	30885	2018-03-11T18:01:50Z	2017:11:06 13:53:14
67252135	Ji-Elle	30885	2018-03-11T18:01:50Z	2017:11:06 13:50:00
67252137	Ji-Elle	30885	2018-03-11T18:01:52Z	2017:11:06 13:53:44
67252138	Ji-Elle	30885	2018-03-11T18:01:53Z	2017:11:06 13:53:17
67252139	Ji-Elle	30885	2018-03-11T18:01:54Z	2017:11:06 13:54:03
67252140	Ji-Elle	30885	2018-03-11T18:01:55Z	2017:11:06 13:54:08
67252141	Ji-Elle	30885	2018-03-11T18:01:55Z	2017:11:06 13:54:22
67252142	Ji-Elle	30885	2018-03-11T18:01:57Z	2017:11:06 13:55:26
67252143	Ji-Elle	30885	2018-03-11T18:01:57Z	2017:11:06 13:55:32
80522555	Adam63	754754	2019-07-19T03:48:59Z	2019:06:18 14:58:57
88430712	Christophe95	1796596	2020-03-21T22:49:35Z	2018:08:03 15:02:29
88455204	Christophe95	1796596	2020-03-22T14:26:54Z	2018:08:03 19:37:39
89313720	Alex 69200 vx	7865866	2020-04-21T04:00:26Z	2018:07:21 11:24:20
93921112	Casablanca1911	57753	2006-06-09T06:32:48Z	2006:06:04 09:06:00
94666534	Rungbachduong	208886	2007-10-13T20:44:36Z	2007:09:06 10:16:11
101538776	Netha Hussain	1287609	2021-03-14T22:07:22Z	2008:12:23 03:27:17
102056671	ויקיג'אנקי	2574972	2021-03-21T20:48:33Z	2007:11:24 12:44:26
102207618	Ritujain95	10193696	2021-03-24T04:23:53Z	2019:09:18 17:32:21
113561737	Nguyenhai314	8955777	2021-12-22T10:36:04Z	2018:07:15 13:31:21
119776103	GDAE	6628469	2022-06-26T16:08:55Z	2022-06-26
125702438	Donald Trung	6592656	2022-11-19T16:34:12Z	1931
129129830	RoyZuo	9379664	2023-02-28T00:55:17Z	2018:01:09 06:10:00
129129831	RoyZuo	9379664	2023-02-28T00:55:19Z	2018-02-11 19:16:46
129129832	RoyZuo	9379664	2023-02-28T00:55:19Z	2018-02-11 19:16:51
129129833	RoyZuo	9379664	2023-02-28T00:55:19Z	2018-02-11 19:16:51
129129835	RoyZuo	9379664	2023-02-28T00:55:32Z	2018-02-11 19:16:52
129129836	RoyZuo	9379664	2023-02-28T00:55:33Z	2018-02-11 19:16:53
129129837	RoyZuo	9379664	2023-02-28T00:55:33Z	2018-02-11 19:16:52
129129840	RoyZuo	9379664	2023-02-28T00:55:46Z	2018-02-11 19:16:53
129129842	RoyZuo	9379664	2023-02-28T00:55:47Z	2018-02-11 19:18:32
143711718	Gobonobo	24236	2024-01-09T05:39:58Z	2012:02:08 05:16:00
150423657	Nhuquynh2003w	13131005	2024-07-17T13:00:33Z	2024-07-17
177490365	Matsuoka.A	13858512	2025-10-28T11:05:44Z	2023:07:28 16:03:03
177490366	Matsuoka.A	13858512	2025-10-28T11:05:45Z	2023:08:31 16:11:21
5626855	Nguyễn Thanh Quang	4539	2009-01-03T04:54:06Z	2008:12:24 23:44:57
128100952	AxitTDTbenzoic	10227724	2023-01-25T15:51:28Z	2022-12-19
16983371	MGA73bot2	643716	2011-10-14T17:00:12Z	2006:12:25 19:58:13
16983372	MGA73bot2	643716	2011-10-14T17:00:21Z	2018:05:19 14:22:11
16983373	MGA73bot2	643716	2011-10-14T17:00:30Z	2007:08:04 17:59:35
18494095	Chitra sivakumar	1518185	2012-02-25T16:04:35Z	2012:01:14 18:09:05
18494098	Chitra sivakumar	1518185	2012-02-25T16:04:43Z	2012:01:14 18:19:34
18494099	Chitra sivakumar	1518185	2012-02-25T16:04:43Z	2012:01:14 18:21:14
62737613	Donald Trung	6592656	2017-09-25T08:05:09Z	2017:09:10 09:26:17
62737615	Donald Trung	6592656	2017-09-25T08:05:10Z	2017:09:10 09:35:43
11435875	Jbarta	506557	2012-03-24T00:56:43Z	2/10/2009
17568903	Diane Selwyn	1485518	2011-12-04T08:18:35Z	2011:12:04 10:38:11
20477487	Tùng cadet	1955315	2012-07-31T09:07:13Z	2012-07-31
26121153	Slick-o-bot	2120548	2013-05-16T18:24:34Z	2010:10:30 19:24:01
47033361	Afhanoi	5739175	2016-02-18T03:29:05Z	2015-12-04
82252056	Sparticusmaximus	6641795	2019-09-17T02:40:07Z	2015-01-06
86552140	Sdname9	7345654	2020-02-03T14:20:19Z	
94507691	Akirady2011	3749493	2014-05-04T06:14:48Z	2012-12-17
113081667	Tttrung	8567	2021-12-05T13:39:54Z	2021-12-05
113081669	Tttrung	8567	2021-12-05T13:39:58Z	2021-12-05
114685017	GDAE	6628469	2022-01-26T16:49:37Z	2022-01-25
119797927	KhangTV89	11363004	2022-06-27T05:54:29Z	21/05/2022
126390238	Huydk	11780419	2022-12-07T04:18:37Z	2022-12-07
128039703	Làm Việc Thiện	7686116	2023-01-23T18:03:11Z	2023-01-24
132797872	Miyako Fujimiya	10498650	2025-06-25T14:36:29Z	2023-06-08
98525846	Anhtuan	5424797	2007-08-31T13:55:19Z	11/10/2006
112733257	BVIS Hanoi	10242086	2021-11-23T06:52:12Z	2021-10-27
67269486	Ji-Elle	30885	2018-03-12T09:48:45Z	2017:11:11 10:28:30
67269487	Ji-Elle	30885	2018-03-12T09:48:45Z	2017:11:11 10:27:52
67269488	Ji-Elle	30885	2018-03-12T09:48:45Z	2017:11:11 10:28:19
67269490	Ji-Elle	30885	2018-03-12T09:48:47Z	2017:11:11 10:28:36
67269491	Ji-Elle	30885	2018-03-12T09:48:47Z	2017:11:11 10:28:58
67269492	Ji-Elle	30885	2018-03-12T09:48:48Z	2017:11:11 10:29:12
67269493	Ji-Elle	30885	2018-03-12T09:48:50Z	2017:11:11 10:32:26
110763925	Nguyenhai314	8955777	2021-10-06T01:45:08Z	2018:01:30 10:25:55
65892045	Embedded Data Bot	6325156	2018-01-27T16:57:40Z	2016:11:19 16:12:46
65892047	Embedded Data Bot	6325156	2018-01-27T16:57:58Z	2016:11:19 06:21:47
65892049	Embedded Data Bot	6325156	2018-01-27T16:58:14Z	2016:11:19 17:05:47
65892050	Embedded Data Bot	6325156	2018-01-27T16:58:11Z	2016:11:19 17:03:33
65892433	Embedded Data Bot	6325156	2018-01-27T17:11:49Z	2016:11:19 06:26:20
65892434	Embedded Data Bot	6325156	2018-01-27T17:11:48Z	2016:11:19 17:15:32
145321180	Rc1959	1698562	2024-02-13T22:38:08Z	1999
34446277	Quenhitran	3093249	2014-08-02T17:55:04Z	2014:08:02 17:30:32
34446278	Quenhitran	3093249	2014-08-02T17:55:06Z	2014:08:02 17:30:35
34446279	Quenhitran	3093249	2014-08-02T17:55:07Z	2014:08:02 17:30:43
34446280	Quenhitran	3093249	2014-08-02T17:55:07Z	2014:08:02 17:30:51
34446281	Quenhitran	3093249	2014-08-02T17:55:09Z	2014:08:02 17:30:56
34446282	Quenhitran	3093249	2014-08-02T17:55:10Z	2014:08:02 17:30:22
34458641	Quenhitran	3093249	2014-08-03T01:44:24Z	2014:08:02 17:31:14
34458644	Quenhitran	3093249	2014-08-03T01:44:26Z	2014:08:02 17:31:33
34458645	Quenhitran	3093249	2014-08-03T01:44:28Z	2014:08:02 17:31:54
34458648	Quenhitran	3093249	2014-08-03T01:44:30Z	2014:08:02 17:31:58
34458649	Quenhitran	3093249	2014-08-03T01:44:32Z	2014:08:02 17:32:49
34458650	Quenhitran	3093249	2014-08-03T01:44:32Z	2014:08:02 17:32:46
34458651	Quenhitran	3093249	2014-08-03T01:44:32Z	2014:08:02 17:32:55
34458653	Quenhitran	3093249	2014-08-03T01:44:35Z	2014:08:02 17:33:02
34459506	Quenhitran	3093249	2014-08-03T02:34:28Z	2014:08:02 17:34:33
34459920	Quenhitran	3093249	2014-08-03T02:56:30Z	2014:08:02 17:35:57
34459921	Quenhitran	3093249	2014-08-03T02:56:31Z	2014:08:02 17:36:09
34459922	Quenhitran	3093249	2014-08-03T02:56:33Z	2014:08:02 17:36:15
34459923	Quenhitran	3093249	2014-08-03T02:56:35Z	2014:08:02 17:36:29
34459924	Quenhitran	3093249	2014-08-03T02:56:35Z	2014:08:02 17:36:18
34459926	Quenhitran	3093249	2014-08-03T02:56:36Z	2014:08:02 17:36:32
34459929	Quenhitran	3093249	2014-08-03T02:56:39Z	2014:08:02 17:37:44
34459932	Quenhitran	3093249	2014-08-03T02:56:43Z	2014:08:02 17:38:11
34459933	Quenhitran	3093249	2014-08-03T02:56:43Z	2014:08:02 17:38:06
34461889	Quenhitran	3093249	2014-08-03T04:46:38Z	2014:08:02 17:39:01
34461891	Quenhitran	3093249	2014-08-03T04:46:39Z	2014:08:02 17:38:50
34461892	Quenhitran	3093249	2014-08-03T04:46:40Z	2014:08:02 17:39:05
34461893	Quenhitran	3093249	2014-08-03T04:46:41Z	2014:08:02 17:39:09
34461894	Quenhitran	3093249	2014-08-03T04:46:42Z	2014:08:02 17:39:13
34461908	Quenhitran	3093249	2014-08-03T04:46:51Z	2014:08:02 17:41:22
34461909	Quenhitran	3093249	2014-08-03T04:46:51Z	2014:08:02 17:41:31
34462500	Quenhitran	3093249	2014-08-03T05:23:06Z	2014:08:02 17:43:16
34462508	Quenhitran	3093249	2014-08-03T05:23:14Z	2014:08:02 17:44:26
34462512	Quenhitran	3093249	2014-08-03T05:23:17Z	2014:08:02 17:44:48
34462513	Quenhitran	3093249	2014-08-03T05:23:17Z	2014:08:02 17:44:52
34462516	Quenhitran	3093249	2014-08-03T05:23:20Z	2014:08:02 17:45:44
34462519	Quenhitran	3093249	2014-08-03T05:23:23Z	2014:08:02 17:45:57
34462521	Quenhitran	3093249	2014-08-03T05:23:25Z	2014:08:02 17:46:04
39696069	Daderot	23761	2015-04-20T23:55:07Z	2014:08:03 23:06:32
39696070	Daderot	23761	2015-04-20T23:55:07Z	2014:08:03 22:44:55
39696072	Daderot	23761	2015-04-20T23:55:08Z	2014:08:03 22:50:48
39696073	Daderot	23761	2015-04-20T23:55:11Z	2014:08:03 23:15:00
39696075	Daderot	23761	2015-04-20T23:55:13Z	2014:08:03 23:05:36
39696076	Daderot	23761	2015-04-20T23:55:13Z	2014:08:03 23:05:05
39696077	Daderot	23761	2015-04-20T23:55:18Z	2014:08:03 23:03:20
39696078	Daderot	23761	2015-04-20T23:55:18Z	2014:08:03 23:19:05
39696079	Daderot	23761	2015-04-20T23:55:21Z	2014:08:03 23:17:54
39696080	Daderot	23761	2015-04-20T23:55:24Z	2014:08:03 22:42:03
39696081	Daderot	23761	2015-04-20T23:55:26Z	2014:08:03 22:50:13
39696083	Daderot	23761	2015-04-20T23:55:28Z	2014:08:03 23:09:48
39696086	Daderot	23761	2015-04-20T23:55:32Z	2014:08:03 23:01:49
39696273	Daderot	23761	2015-04-21T00:23:19Z	2014:08:03 23:21:54
39696274	Daderot	23761	2015-04-21T00:23:21Z	2014:08:03 22:59:46
64218217	Ser Amantio di Nicolao	23396	2017-11-20T21:56:27Z	2017:11:04 10:05:54
64218221	Ser Amantio di Nicolao	23396	2017-11-20T21:56:38Z	2017:11:04 10:05:59
64218230	Ser Amantio di Nicolao	23396	2017-11-20T21:56:59Z	2017:11:04 10:18:09
64218232	Ser Amantio di Nicolao	23396	2017-11-20T21:57:07Z	2017:11:04 10:20:34
78130181	Misterniko	4201971	2019-04-18T14:07:55Z	1890-04-18
122668615	Lmq2401	1203703	2022-09-05T07:02:59Z	2004:06:28
197217527	Chuhai07	14397974	2026-08-11T06:56:26Z	2026:08:11 11:29:41
197217528	Chuhai07	14397974	2026-08-11T06:56:26Z	2026:08:11 11:30:30
197217529	Chuhai07	14397974	2026-08-11T06:56:28Z	2026:08:11 11:30:39
197217534	Chuhai07	14397974	2026-08-11T06:56:32Z	2026:08:11 11:30:39
197217535	Chuhai07	14397974	2026-08-11T06:56:33Z	2026:08:11 11:32:04
197217537	Chuhai07	14397974	2026-08-11T06:56:34Z	2026:08:11 11:32:05
197217544	Chuhai07	14397974	2026-08-11T06:56:39Z	2026:08:11 11:32:06
197217545	Chuhai07	14397974	2026-08-11T06:56:40Z	2026:08:11 11:32:14
197217550	Chuhai07	14397974	2026-08-11T06:56:40Z	2026:08:11 11:32:08
197217554	Chuhai07	14397974	2026-08-11T06:56:46Z	2026:08:11 11:32:24
197217556	Chuhai07	14397974	2026-08-11T06:56:47Z	2026:08:11 11:32:29
197217560	Chuhai07	14397974	2026-08-11T06:56:49Z	2026:08:11 11:32:29
197217562	Chuhai07	14397974	2026-08-11T06:56:53Z	2026:08:11 11:32:29
197217564	Chuhai07	14397974	2026-08-11T06:56:54Z	2026:08:11 11:32:37
197217565	Chuhai07	14397974	2026-08-11T06:56:56Z	2026:08:11 11:32:37
197217567	Chuhai07	14397974	2026-08-11T06:57:00Z	2026:08:11 11:33:18
197217569	Chuhai07	14397974	2026-08-11T06:57:01Z	2026:08:11 11:33:19
197217571	Chuhai07	14397974	2026-08-11T06:57:02Z	2026:08:11 11:33:20
197217577	Chuhai07	14397974	2026-08-11T06:57:06Z	2026:08:11 11:34:36
197217579	Chuhai07	14397974	2026-08-11T06:57:08Z	2026:08:11 11:34:37
197217580	Chuhai07	14397974	2026-08-11T06:57:09Z	2026:08:11 11:34:38
197217581	Chuhai07	14397974	2026-08-11T06:57:13Z	2026:08:11 11:37:42
197217584	Chuhai07	14397974	2026-08-11T06:57:15Z	2026:08:11 11:37:43
36198832	Quenhitran	3093249	2014-10-17T07:56:01Z	2007:01:20 09:08:45
36198834	Quenhitran	3093249	2014-10-17T07:56:02Z	2007:01:20 09:09:11
94563348	I Love Triệu Đà	1453725	2020-09-29T10:55:13Z	2017:04:25 15:47:31
94564378	I Love Triệu Đà	1453725	2020-09-29T11:38:06Z	Thập niên 1920
94564552	I Love Triệu Đà	1453725	2020-09-29T11:45:25Z	Thập niên 1920
94564737	I Love Triệu Đà	1453725	2020-09-29T11:52:25Z	Thập niên 1920
113103881	Tttrung	8567	2021-12-06T05:45:27Z	2021-12-06
113103882	Tttrung	8567	2021-12-06T05:45:27Z	2021-12-06
113104264	Tttrung	8567	2021-12-06T06:10:14Z	2021-12-06
113104265	Tttrung	8567	2021-12-06T06:10:14Z	2021-12-06
113131788	Tttrung	8567	2021-12-08T01:52:06Z	2021:12:08 08:28:20
113131789	Tttrung	8567	2021-12-08T01:53:39Z	2021:12:08 08:32:08
113131790	Tttrung	8567	2021-12-07T01:54:40Z	2021:12:07 08:40:07
5863066	Flickr upload bot	152505	2009-02-04T09:28:18Z	: : : :
66995233	Artix Kreiger 2	6900938	2018-03-03T03:22:42Z	2009:01:30 09:30:23
91821756	Phương Huy	1555495	2018-01-13T09:17:29Z	2017:09:29 09:48:25
91821761	Phương Huy	1555495	2018-01-13T09:17:54Z	2017:09:30 07:27:43
91821768	Phương Huy	1555495	2018-01-13T09:18:18Z	2017:09:29 16:01:30
91821772	Phương Huy	1555495	2018-01-13T09:19:29Z	2017:09:29 16:00:15
91821778	Phương Huy	1555495	2018-01-13T09:19:56Z	2017:09:29 16:00:44
91821782	Phương Huy	1555495	2018-01-13T09:20:25Z	2017:09:29 16:00:46
91821790	Phương Huy	1555495	2018-01-13T09:21:19Z	2017:09:29 08:49:27
91823115	Phương Huy	1555495	2018-06-02T03:29:26Z	2017:12:23 09:51:45
91823117	Phương Huy	1555495	2018-06-02T03:29:58Z	2017:12:23 09:52:11
91823122	Phương Huy	1555495	2018-06-02T03:40:07Z	2017:12:23 09:52:16
91823126	Phương Huy	1555495	2018-06-02T03:40:37Z	2017:12:23 09:51:03
91823131	Phương Huy	1555495	2018-06-02T07:37:19Z	2017:12:23 09:35:19
91823140	Phương Huy	1555495	2018-06-02T07:37:47Z	2017:12:23 09:35:31
91823146	Phương Huy	1555495	2018-06-02T07:38:13Z	2017:12:23 09:35:47
91823150	Phương Huy	1555495	2018-06-02T07:38:40Z	2017:12:23 09:35:55
91823155	Phương Huy	1555495	2018-06-02T07:39:07Z	2017:12:23 09:07:49
91823159	Phương Huy	1555495	2018-06-02T07:39:32Z	2017:12:23 09:08:03
91823163	Phương Huy	1555495	2018-06-02T07:39:58Z	2017:12:23 09:05:54
91823167	Phương Huy	1555495	2018-06-02T07:40:28Z	2017:12:23 09:08:24
91823171	Phương Huy	1555495	2018-06-02T07:40:54Z	2017:12:23 09:08:56
91823179	Phương Huy	1555495	2018-06-02T07:41:21Z	2017:12:23 09:23:49
91823183	Phương Huy	1555495	2018-06-02T07:41:44Z	2017:12:23 09:23:51
91823185	Phương Huy	1555495	2018-06-02T07:42:12Z	2017:12:23 09:25:15
91823187	Phương Huy	1555495	2018-06-02T07:42:41Z	2017:12:23 09:25:31
91823192	Phương Huy	1555495	2018-06-02T07:43:10Z	2017:12:23 09:41:56
91823197	Phương Huy	1555495	2018-06-02T07:43:34Z	2017:12:23 09:46:42
91823200	Phương Huy	1555495	2018-06-02T07:43:57Z	2017:12:23 09:46:53
91823208	Phương Huy	1555495	2018-06-02T07:45:32Z	2017:12:23 09:36:25
91823216	Phương Huy	1555495	2018-06-02T07:46:01Z	2017:12:23 09:36:44
91823222	Phương Huy	1555495	2018-06-02T07:46:27Z	2017:12:23 09:36:59
91823226	Phương Huy	1555495	2018-06-02T07:47:03Z	2017:12:23 09:36:59
91823231	Phương Huy	1555495	2018-06-02T07:47:28Z	2017:12:23 09:37:03
91823236	Phương Huy	1555495	2018-06-02T07:47:54Z	2017:12:23 09:37:03
91823240	Phương Huy	1555495	2018-06-02T07:48:19Z	2017:12:23 09:37:12
91823243	Phương Huy	1555495	2018-06-02T07:48:50Z	2017:12:23 09:37:12
91823248	Phương Huy	1555495	2018-06-02T07:49:15Z	2017:12:23 09:37:21
91823251	Phương Huy	1555495	2018-06-02T07:55:01Z	2017:12:23 09:32:53
91823256	Phương Huy	1555495	2018-06-02T07:55:26Z	2017:12:23 09:33:05
91823262	Phương Huy	1555495	2018-06-02T07:55:53Z	2017:12:23 09:39:38
91823266	Phương Huy	1555495	2018-06-02T07:56:21Z	2017:12:23 09:33:35
91823276	Phương Huy	1555495	2018-06-02T07:56:58Z	2017:12:23 09:29:24
91823282	Phương Huy	1555495	2018-06-02T07:57:26Z	2017:12:23 09:29:40
91823291	Phương Huy	1555495	2018-06-02T07:57:54Z	2017:12:23 09:29:50
91823319	Phương Huy	1555495	2018-06-02T08:01:40Z	2017:12:23 09:58:55
91823327	Phương Huy	1555495	2018-06-02T08:02:04Z	2017:12:23 09:58:21
105876374	Hà Nghĩa VN	9695126	2021-05-25T01:55:48Z	2018:08:01 08:49:43
110066388	Khoitran1957	5793123	2021-09-15T06:57:33Z	2015:10:22 15:20:26
178852323	Gym113trunggınh	14212104	2025-11-23T00:55:24Z	2025:11:23 06:52:30
178852326	Gym113trunggınh	14212104	2025-11-23T00:55:27Z	2025:11:23 06:52:49
179056288	SenThakST24	14227095	2025-11-28T02:49:49Z	2025:11:28 09:16:04
179166121	Jangpet Compie	14232444	2025-11-30T02:08:36Z	2025:11:30 08:24:13
179166138	Jangpet Compie	14232444	2025-11-30T02:08:50Z	2025:11:30 08:25:03
179166142	Jangpet Compie	14232444	2025-11-30T02:08:53Z	2025:11:30 08:25:21
183806742	Hoàng Đức Xuyên T59	14484608	2026-02-12T07:20:40Z	2026:02:10 14:46:34
183806743	Hoàng Đức Xuyên T59	14484608	2026-02-12T07:20:40Z	2026:02:10 14:46:44
183809320	Hoàng Đức Xuyên T59	14484608	2026-02-12T08:11:17Z	2026:02:10 14:47:15
183809321	Hoàng Đức Xuyên T59	14484608	2026-02-12T08:11:17Z	2026:02:10 14:47:02
183809322	Hoàng Đức Xuyên T59	14484608	2026-02-12T08:11:17Z	2026:02:10 14:47:26
183809328	Hoàng Đức Xuyên T59	14484608	2026-02-12T08:11:22Z	2026:02:10 14:47:53
183809330	Hoàng Đức Xuyên T59	14484608	2026-02-12T08:11:22Z	2026:02:10 14:48:04
183809331	Hoàng Đức Xuyên T59	14484608	2026-02-12T08:11:22Z	2026:02:10 14:48:26
183809334	Hoàng Đức Xuyên T59	14484608	2026-02-12T08:11:26Z	2026:02:10 14:48:32
183809337	Hoàng Đức Xuyên T59	14484608	2026-02-12T08:11:27Z	2026:02:10 14:48:45
183809338	Hoàng Đức Xuyên T59	14484608	2026-02-12T08:11:27Z	2026:02:10 14:49:11
183809343	Hoàng Đức Xuyên T59	14484608	2026-02-12T08:11:30Z	2026:02:10 14:49:19
183809345	Hoàng Đức Xuyên T59	14484608	2026-02-12T08:11:31Z	2026:02:10 14:49:25
183809346	Hoàng Đức Xuyên T59	14484608	2026-02-12T08:11:31Z	2026:02:10 14:49:36
183810352	Hoàng Đức Xuyên T59	14484608	2026-02-12T08:28:11Z	2026:02:10 14:50:29
185479627	Baophucminh53G	14546358	2026-03-04T11:43:18Z	2026:03:04 16:56:28
185479631	Baophucminh53G	14546358	2026-03-04T11:43:18Z	2026:03:04 16:56:24
185479636	Baophucminh53G	14546358	2026-03-04T11:43:22Z	2026:03:04 16:56:43
185647487	Baophucminh53G	14546358	2026-03-07T11:57:42Z	2026:03:07 14:22:51
185647488	Baophucminh53G	14546358	2026-03-07T11:57:42Z	2026:03:07 14:22:59
185647491	Baophucminh53G	14546358	2026-03-07T11:57:44Z	2026:03:07 14:23:04
185647493	Baophucminh53G	14546358	2026-03-07T11:57:45Z	2026:03:07 14:23:14
185647494	Baophucminh53G	14546358	2026-03-07T11:57:46Z	2026:03:07 14:23:08
185647497	Baophucminh53G	14546358	2026-03-07T11:57:48Z	2026:03:07 14:23:19
185647498	Baophucminh53G	14546358	2026-03-07T11:57:49Z	2026:03:07 14:23:22
185647499	Baophucminh53G	14546358	2026-03-07T11:57:50Z	2026:03:07 14:23:29
185647502	Baophucminh53G	14546358	2026-03-07T11:57:55Z	2026:03:07 14:23:35
185647508	Baophucminh53G	14546358	2026-03-07T11:58:01Z	2026:03:07 14:23:45
185647509	Baophucminh53G	14546358	2026-03-07T11:58:02Z	2026:03:07 14:23:55
185647513	Baophucminh53G	14546358	2026-03-07T11:58:06Z	2026:03:07 14:23:59
185647519	Baophucminh53G	14546358	2026-03-07T11:58:13Z	2026:03:07 14:24:04
185647520	Baophucminh53G	14546358	2026-03-07T11:58:14Z	2026:03:07 14:24:09
185647522	Baophucminh53G	14546358	2026-03-07T11:58:17Z	2026:03:07 14:24:11
185647530	Baophucminh53G	14546358	2026-03-07T11:58:24Z	2026:03:07 14:24:20
185647532	Baophucminh53G	14546358	2026-03-07T11:58:26Z	2026:03:07 14:24:24
185647533	Baophucminh53G	14546358	2026-03-07T11:58:29Z	2026:03:07 14:24:33
185647539	Baophucminh53G	14546358	2026-03-07T11:58:36Z	2026:03:07 14:24:48
185647542	Baophucminh53G	14546358	2026-03-07T11:58:38Z	2026:03:07 14:25:04
185647544	Baophucminh53G	14546358	2026-03-07T11:58:41Z	2026:03:07 14:25:08
185647547	Baophucminh53G	14546358	2026-03-07T11:58:47Z	2026:03:07 14:25:11
185647549	Baophucminh53G	14546358	2026-03-07T11:58:51Z	2026:03:07 14:25:46
185647557	Baophucminh53G	14546358	2026-03-07T11:59:11Z	2026:03:07 14:26:20
185650317	Baophucminh53G	14546358	2026-03-07T12:58:31Z	2026:03:07 14:26:42
185650331	Baophucminh53G	14546358	2026-03-07T12:58:40Z	2026:03:07 14:27:08
185652975	Baophucminh53G	14546358	2026-03-07T13:37:32Z	2026:03:07 14:52:55
185837218	Baophucminh53G	14546358	2026-03-10T11:10:46Z	2026:03:10 15:53:52
185837220	Baophucminh53G	14546358	2026-03-10T11:10:47Z	2026:03:10 15:54:02
185837221	Baophucminh53G	14546358	2026-03-10T11:10:47Z	2026:03:10 15:54:24
185837225	Baophucminh53G	14546358	2026-03-10T11:10:50Z	2026:03:10 15:54:32
185837226	Baophucminh53G	14546358	2026-03-10T11:10:51Z	2026:03:10 15:54:41
185837227	Baophucminh53G	14546358	2026-03-10T11:10:52Z	2026:03:10 15:54:27
185837229	Baophucminh53G	14546358	2026-03-10T11:10:54Z	2026:03:10 15:54:48
185837230	Baophucminh53G	14546358	2026-03-10T11:10:54Z	2026:03:10 15:54:53
185837233	Baophucminh53G	14546358	2026-03-10T11:10:59Z	2026:03:10 15:55:05
185837236	Baophucminh53G	14546358	2026-03-10T11:11:03Z	2026:03:10 15:55:39
185837237	Baophucminh53G	14546358	2026-03-10T11:11:03Z	2026:03:10 15:55:19
185837238	Baophucminh53G	14546358	2026-03-10T11:11:04Z	2026:03:10 15:56:04
185838090	Baophucminh53G	14546358	2026-03-10T11:34:47Z	2026:03:10 15:57:35
185838092	Baophucminh53G	14546358	2026-03-10T11:34:47Z	2026:03:10 15:57:43
185838093	Baophucminh53G	14546358	2026-03-10T11:34:48Z	2026:03:10 15:57:51
185925140	Baophucminh53G	14546358	2026-03-11T16:58:17Z	2026:03:11 17:17:41
185925141	Baophucminh53G	14546358	2026-03-11T16:58:18Z	2026:03:11 17:17:48
185925142	Baophucminh53G	14546358	2026-03-11T16:58:19Z	2026:03:11 17:17:53
186001917	Baophucminh53G	14546358	2026-03-12T18:30:36Z	2026:03:12 17:43:31
186001918	Baophucminh53G	14546358	2026-03-12T18:30:36Z	2026:03:12 17:43:42
186001919	Baophucminh53G	14546358	2026-03-12T18:30:36Z	2026:03:12 17:43:25
186001928	Baophucminh53G	14546358	2026-03-12T18:30:40Z	2026:03:12 17:43:51
186001929	Baophucminh53G	14546358	2026-03-12T18:30:40Z	2026:03:12 17:44:16
186001930	Baophucminh53G	14546358	2026-03-12T18:30:41Z	2026:03:12 17:44:42
186001937	Baophucminh53G	14546358	2026-03-12T18:30:43Z	2026:03:12 17:44:47
186001938	Baophucminh53G	14546358	2026-03-12T18:30:44Z	2026:03:12 17:44:51
186001939	Baophucminh53G	14546358	2026-03-12T18:30:44Z	2026:03:12 17:45:01
186001944	Baophucminh53G	14546358	2026-03-12T18:30:47Z	2026:03:12 17:45:11
186001946	Baophucminh53G	14546358	2026-03-12T18:30:48Z	2026:03:12 17:45:35
186001947	Baophucminh53G	14546358	2026-03-12T18:30:48Z	2026:03:12 17:45:21
186001948	Baophucminh53G	14546358	2026-03-12T18:30:52Z	2026:03:12 17:46:29
186001955	Baophucminh53G	14546358	2026-03-12T18:30:58Z	2026:03:12 17:46:16
186001957	Baophucminh53G	14546358	2026-03-12T18:31:01Z	2026:03:12 17:46:47
186001963	Baophucminh53G	14546358	2026-03-12T18:31:04Z	2026:03:12 17:47:09
186001966	Baophucminh53G	14546358	2026-03-12T18:31:06Z	2026:03:12 17:45:51
186001972	Baophucminh53G	14546358	2026-03-12T18:31:08Z	2026:03:12 17:47:23
186001975	Baophucminh53G	14546358	2026-03-12T18:31:10Z	2026:03:12 17:47:34
186001976	Baophucminh53G	14546358	2026-03-12T18:31:10Z	2026:03:12 17:46:43
186001978	Baophucminh53G	14546358	2026-03-12T18:31:11Z	2026:03:12 17:47:56
93844248	ASM~viwiki	8826738	2012-07-16T18:38:50Z	2012:07:08 10:46:10
136423113	Đại Việt quốc	11655741	2023-08-25T03:00:32Z	early 20 th century date QS:P,+1950-00-00T00:00:00Z/7,P4241,Q40719727
136423116	Đại Việt quốc	11655741	2023-08-25T03:00:35Z	early 20 th century date QS:P,+1950-00-00T00:00:00Z/7,P4241,Q40719727
140252935	Đại Việt quốc	11655741	2023-11-07T01:17:49Z	2013:06:03 17:14:30
161260194	Newone	36891	2013-02-11T06:30:01Z	11/2/2013
1168229	Đại Việt quốc	11655741	2023-02-04T21:34:35Z	
63460772	Amenoc	6810098	2017-10-19T08:36:35Z	2017:09:10 11:57:21
122586049	The Hanoian	11517268	2022-09-03T03:45:44Z	2022:09:02 12:14:22
122586050	The Hanoian	11517268	2022-09-03T03:45:44Z	2022:09:02 12:16:23
122586051	The Hanoian	11517268	2022-09-03T03:45:45Z	2022:09:02 12:34:09
122586092	The Hanoian	11517268	2022-09-03T03:47:18Z	2022:09:02 12:13:16
122586094	The Hanoian	11517268	2022-09-03T03:47:19Z	2022:09:02 12:13:55
122586096	The Hanoian	11517268	2022-09-03T03:47:19Z	2022:09:02 12:34:57
129117506	NKSTTSSHNVN	10985169	2023-02-27T17:27:29Z	2023-02-28
129117609	NKSTTSSHNVN	10985169	2023-02-27T17:31:32Z	2023-02-28
105604526	Ltn12345	9888123	2021-05-21T10:29:57Z	2019-07-20
105604527	Ltn12345	9888123	2021-05-21T10:29:57Z	2019-07-20
2070815	Arria Belli	27898	2007-05-07T15:03:54Z	2005:05:15 17:09:59
47107991	Huhahu9x	5734407	2016-02-22T09:01:18Z	2016-02-22
50749823	Guerinf	1353580	2016-08-18T15:48:26Z	2016:04:18 00:07:12
50749824	Guerinf	1353580	2016-08-18T15:48:29Z	2016:04:18 00:20:16
50749825	Guerinf	1353580	2016-08-18T15:48:29Z	2016:04:18 00:12:53
50749831	Guerinf	1353580	2016-08-18T15:48:41Z	2016:04:18 00:32:41
50749835	Guerinf	1353580	2016-08-18T15:48:46Z	2016:04:18 00:14:48
137846411	Trung geo	6363419	2023-09-20T02:25:14Z	2023:09:20 07:14:51
184813986	Gispenni	14516029	2026-02-23T06:20:34Z	2026:02:03 10:17:14
184813987	Gispenni	14516029	2026-02-23T06:20:34Z	2026:02:03 10:17:18
184813989	Gispenni	14516029	2026-02-23T06:20:35Z	2026:02:03 10:17:38
184813994	Gispenni	14516029	2026-02-23T06:20:41Z	2026:02:03 10:18:03
184813995	Gispenni	14516029	2026-02-23T06:20:41Z	2026:02:03 10:18:23
184813996	Gispenni	14516029	2026-02-23T06:20:42Z	2026:02:03 10:18:10
184813999	Gispenni	14516029	2026-02-23T06:20:45Z	2026:02:03 10:18:31
184814000	Gispenni	14516029	2026-02-23T06:20:46Z	2026:02:03 10:18:35
184814001	Gispenni	14516029	2026-02-23T06:20:46Z	2026:02:03 10:18:44
184814006	Gispenni	14516029	2026-02-23T06:20:49Z	2026:02:03 10:19:51
184814007	Gispenni	14516029	2026-02-23T06:20:49Z	2026:02:03 10:19:57
184814008	Gispenni	14516029	2026-02-23T06:20:50Z	2026:02:03 10:20:00
184814011	Gispenni	14516029	2026-02-23T06:20:53Z	2026:02:03 10:21:01
184814012	Gispenni	14516029	2026-02-23T06:20:53Z	2026:02:03 10:20:10
184814013	Gispenni	14516029	2026-02-23T06:20:53Z	2026:02:03 10:21:32
184814016	Gispenni	14516029	2026-02-23T06:20:57Z	2026:02:03 10:21:43
185458967	Dinhtrong993	14545279	2026-03-04T02:54:30Z	2026:03:02 10:06:00
185458975	Dinhtrong993	14545279	2026-03-04T02:54:41Z	2026:03:02 10:06:05
185458976	Dinhtrong993	14545279	2026-03-04T02:54:41Z	2026:03:02 10:06:09
185458977	Dinhtrong993	14545279	2026-03-04T02:54:41Z	2026:03:02 10:06:18
185458978	Dinhtrong993	14545279	2026-03-04T02:54:44Z	2026:03:02 10:06:27
185458979	Dinhtrong993	14545279	2026-03-04T02:54:45Z	2026:03:02 10:06:23
185458984	Dinhtrong993	14545279	2026-03-04T02:54:49Z	2026:03:02 10:06:31
185458987	Dinhtrong993	14545279	2026-03-04T02:54:55Z	2026:03:02 10:06:42
185458988	Dinhtrong993	14545279	2026-03-04T02:54:55Z	2026:03:02 10:06:45
185458989	Dinhtrong993	14545279	2026-03-04T02:54:56Z	2026:03:02 10:06:55
185458991	Dinhtrong993	14545279	2026-03-04T02:54:59Z	2026:03:02 10:07:06
185458992	Dinhtrong993	14545279	2026-03-04T02:54:59Z	2026:03:02 10:07:14
185458995	Dinhtrong993	14545279	2026-03-04T02:55:00Z	2026:03:02 10:07:20
185458997	Dinhtrong993	14545279	2026-03-04T02:55:02Z	2026:03:02 10:07:27
185458998	Dinhtrong993	14545279	2026-03-04T02:55:03Z	2026:03:02 10:07:31
185458999	Dinhtrong993	14545279	2026-03-04T02:55:03Z	2026:03:02 10:07:48
185459002	Dinhtrong993	14545279	2026-03-04T02:55:05Z	2026:03:02 10:07:59
185459003	Dinhtrong993	14545279	2026-03-04T02:55:06Z	2026:03:02 10:08:07
185459005	Dinhtrong993	14545279	2026-03-04T02:55:07Z	2026:03:02 10:08:18
185459006	Dinhtrong993	14545279	2026-03-04T02:55:09Z	2026:03:02 10:08:22
185459007	Dinhtrong993	14545279	2026-03-04T02:55:10Z	2026:03:02 10:08:32
185459008	Dinhtrong993	14545279	2026-03-04T02:55:11Z	2026:03:02 10:09:51
185459009	Dinhtrong993	14545279	2026-03-04T02:55:13Z	2026:03:02 10:10:05
185459010	Dinhtrong993	14545279	2026-03-04T02:55:13Z	2026:03:02 10:10:31
185459013	Dinhtrong993	14545279	2026-03-04T02:55:14Z	2026:03:02 10:10:35
185459014	Dinhtrong993	14545279	2026-03-04T02:55:16Z	2026:03:02 10:11:18
185459015	Dinhtrong993	14545279	2026-03-04T02:55:18Z	2026:03:02 10:11:22
185459501	Dinhtrong993	14545279	2026-03-04T03:08:01Z	2026:03:02 11:21:08
185459502	Dinhtrong993	14545279	2026-03-04T03:08:01Z	2026:03:02 11:20:52
185459503	Dinhtrong993	14545279	2026-03-04T03:08:01Z	2026:03:02 11:20:59
185459506	Dinhtrong993	14545279	2026-03-04T03:08:05Z	2026:03:02 11:21:12
185459507	Dinhtrong993	14545279	2026-03-04T03:08:05Z	2026:03:02 11:21:45
185459508	Dinhtrong993	14545279	2026-03-04T03:08:05Z	2026:03:02 11:21:37
185459514	Dinhtrong993	14545279	2026-03-04T03:08:09Z	2026:03:02 11:21:56
185459515	Dinhtrong993	14545279	2026-03-04T03:08:09Z	2026:03:02 11:22:00
185459516	Dinhtrong993	14545279	2026-03-04T03:08:09Z	2026:03:02 11:22:12
185459517	Dinhtrong993	14545279	2026-03-04T03:08:12Z	2026:03:02 11:22:19
185459519	Dinhtrong993	14545279	2026-03-04T03:08:13Z	2026:03:02 11:22:25
185459520	Dinhtrong993	14545279	2026-03-04T03:08:13Z	2026:03:02 11:22:40
185459522	Dinhtrong993	14545279	2026-03-04T03:08:16Z	2026:03:02 11:23:03
185459525	Dinhtrong993	14545279	2026-03-04T03:08:16Z	2026:03:02 11:23:11
185459526	Dinhtrong993	14545279	2026-03-04T03:08:17Z	2026:03:02 11:23:16
185459530	Dinhtrong993	14545279	2026-03-04T03:08:19Z	2026:03:02 11:23:37
185459531	Dinhtrong993	14545279	2026-03-04T03:08:20Z	2026:03:02 11:23:42
185459532	Dinhtrong993	14545279	2026-03-04T03:08:21Z	2026:03:02 11:23:57
185459533	Dinhtrong993	14545279	2026-03-04T03:08:23Z	2026:03:02 11:24:06
185459534	Dinhtrong993	14545279	2026-03-04T03:08:23Z	2026:03:02 11:24:15
185459536	Dinhtrong993	14545279	2026-03-04T03:08:24Z	2026:03:02 11:24:22
185459541	Dinhtrong993	14545279	2026-03-04T03:08:28Z	2026:03:02 11:24:28
185459542	Dinhtrong993	14545279	2026-03-04T03:08:29Z	2026:03:02 11:24:37
185459544	Dinhtrong993	14545279	2026-03-04T03:08:29Z	2026:03:02 11:24:41
185459547	Dinhtrong993	14545279	2026-03-04T03:08:32Z	2026:03:02 11:24:45
185459548	Dinhtrong993	14545279	2026-03-04T03:08:32Z	2026:03:02 11:24:54
185459549	Dinhtrong993	14545279	2026-03-04T03:08:33Z	2026:03:02 11:24:57
185459554	Dinhtrong993	14545279	2026-03-04T03:08:36Z	2026:03:02 11:25:04
185459556	Dinhtrong993	14545279	2026-03-04T03:08:36Z	2026:03:02 11:25:12
185459560	Dinhtrong993	14545279	2026-03-04T03:08:40Z	2026:03:02 11:25:13
185459582	Dinhtrong993	14545279	2026-03-04T03:09:08Z	2026:03:02 11:25:40
185459589	Dinhtrong993	14545279	2026-03-04T03:09:17Z	2026:03:02 11:25:47
185459601	Dinhtrong993	14545279	2026-03-04T03:09:26Z	2026:03:02 11:26:30
185459619	Dinhtrong993	14545279	2026-03-04T03:09:43Z	2026:03:02 11:25:20
185459620	Dinhtrong993	14545279	2026-03-04T03:09:43Z	2026:03:02 11:25:24
185459621	Dinhtrong993	14545279	2026-03-04T03:09:43Z	2026:03:02 11:25:59
185459628	Dinhtrong993	14545279	2026-03-04T03:09:46Z	2026:03:02 11:26:01
185459629	Dinhtrong993	14545279	2026-03-04T03:09:47Z	2026:03:02 11:26:05
185459631	Dinhtrong993	14545279	2026-03-04T03:09:48Z	2026:03:02 11:26:10
185459639	Dinhtrong993	14545279	2026-03-04T03:09:50Z	2026:03:02 11:26:15
185459640	Dinhtrong993	14545279	2026-03-04T03:09:50Z	2026:03:02 11:26:21
185459642	Dinhtrong993	14545279	2026-03-04T03:09:51Z	2026:03:02 11:26:35
185459645	Dinhtrong993	14545279	2026-03-04T03:09:53Z	2026:03:02 11:26:50
185459666	Dinhtrong993	14545279	2026-03-04T03:10:09Z	2026:03:02 11:26:57
185459667	Dinhtrong993	14545279	2026-03-04T03:10:09Z	2026:03:02 11:27:10
185459668	Dinhtrong993	14545279	2026-03-04T03:10:09Z	2026:03:02 11:27:20
185651150	Baophucminh53G	14546358	2026-03-07T13:12:20Z	2026:03:07 14:44:50
185651151	Baophucminh53G	14546358	2026-03-07T13:12:21Z	2026:03:07 14:45:32
185651156	Baophucminh53G	14546358	2026-03-07T13:12:24Z	2026:03:07 14:46:03
185651157	Baophucminh53G	14546358	2026-03-07T13:12:24Z	2026:03:07 14:45:54
185651158	Baophucminh53G	14546358	2026-03-07T13:12:24Z	2026:03:07 14:46:12
185651161	Baophucminh53G	14546358	2026-03-07T13:12:28Z	2026:03:07 14:46:31
185651162	Baophucminh53G	14546358	2026-03-07T13:12:28Z	2026:03:07 14:46:23
185651163	Baophucminh53G	14546358	2026-03-07T13:12:28Z	2026:03:07 14:46:16
185651166	Baophucminh53G	14546358	2026-03-07T13:12:31Z	2026:03:07 14:46:39
185651171	Baophucminh53G	14546358	2026-03-07T13:12:32Z	2026:03:07 14:46:51
3002124	Nguyễn Thanh Quang	4539	2007-11-01T02:56:32Z	2007:02:17 16:22:19
3145020	Đại Việt quốc	11655741	2023-02-22T01:22:48Z	
5604902	Paris 16	269373	2008-12-31T00:19:52Z	2008:10:07 17:03:11
5753420	P4ntt	512372	2009-01-20T14:13:00Z	2002:10:03 15:10:52
6004551	Flickr upload bot	152505	2009-02-21T08:13:54Z	2006:11:09 11:19:52
64019006	Musée Annam	6888967	2017-11-12T05:57:12Z	2017-11-12
64038325	Musée Annam	6888967	2017-11-13T06:10:27Z	2017-11-01
64038326	Musée Annam	6888967	2017-11-13T06:10:27Z	2017-11-01
64038327	Musée Annam	6888967	2017-11-13T06:10:27Z	2017-11-01
66631770	Thesupermat2	2265333	2018-02-20T16:26:16Z	2016:10:28 11:10:42
66631772	Thesupermat2	2265333	2018-02-20T16:26:17Z	2016:10:28 11:10:23
88549849	Christophe95	1796596	2020-03-25T15:41:03Z	2018:08:05 09:17:20
88549861	Christophe95	1796596	2020-03-25T15:41:09Z	2018:08:05 09:24:08
88549863	Christophe95	1796596	2020-03-25T15:41:10Z	2018:08:05 09:29:56
93337423	Bdanh	6515528	2017-12-07T01:54:34Z	2010:09:29 21:12:15
95142273	Đại Việt quốc	11655741	2023-08-24T10:34:14Z	Cuối thế kỷ 19 (Late 19th century)
118223431	Donald Trung	6592656	2022-05-21T19:53:59Z	10-08-1901
118223434	Donald Trung	6592656	2022-05-21T19:54:03Z	1891
118223440	Donald Trung	6592656	2022-05-21T19:54:07Z	Đồng Khánh 3 - 1888
118223441	Donald Trung	6592656	2022-05-21T19:54:11Z	Đồng Khánh 3 - 1888
118223442	Donald Trung	6592656	2022-05-21T19:54:18Z	10-08-1901
118223443	Donald Trung	6592656	2022-05-21T19:54:18Z	1891
118223444	Donald Trung	6592656	2022-05-21T19:54:21Z	Đồng Khánh 3 - 1888
118223445	Donald Trung	6592656	2022-05-21T19:54:23Z	1928-10-27
118223450	Donald Trung	6592656	2022-05-21T19:54:26Z	1923-10-27
118223454	Donald Trung	6592656	2022-05-21T19:54:26Z	Đồng Khánh 3 - 1888
124244403	NKSTTSSHNVN	10985169	2022-10-16T04:52:08Z	2022-10-16
34555654	Quenhitran	3093249	2014-08-06T01:58:46Z	2014:08:04 17:28:55
34555657	Quenhitran	3093249	2014-08-06T01:58:49Z	2014:08:04 17:31:45
34555658	Quenhitran	3093249	2014-08-06T01:58:51Z	2014:08:04 17:32:59
34555662	Quenhitran	3093249	2014-08-06T01:59:00Z	2014:08:04 17:33:32
34555683	Quenhitran	3093249	2014-08-06T01:59:50Z	2014:08:04 17:31:53
34556221	Quenhitran	3093249	2014-08-06T03:53:39Z	2014:08:05 11:39:34
34556225	Quenhitran	3093249	2014-08-06T03:54:51Z	2014:08:05 11:39:24
34556234	Quenhitran	3093249	2014-08-06T03:56:55Z	2014:08:05 11:24:20
34556245	Quenhitran	3093249	2014-08-06T03:59:21Z	2014:08:05 11:01:44
34556258	Quenhitran	3093249	2014-08-06T04:01:48Z	2014:08:05 10:53:32
34556263	Quenhitran	3093249	2014-08-06T04:02:58Z	2014:08:05 10:50:18
34556268	Quenhitran	3093249	2014-08-06T04:03:56Z	2014:08:05 10:47:25
34556272	Quenhitran	3093249	2014-08-06T04:06:13Z	2014:08:05 10:46:39
34556281	Quenhitran	3093249	2014-08-06T04:08:29Z	2014:08:05 10:46:34
34556284	Quenhitran	3093249	2014-08-06T04:09:38Z	2014:08:05 10:45:10
34556300	Quenhitran	3093249	2014-08-06T04:11:34Z	2014:08:05 10:43:55
34556435	Quenhitran	3093249	2014-08-06T04:28:01Z	2014:08:04 17:53:31
34556459	Quenhitran	3093249	2014-08-06T04:31:09Z	2014:08:04 17:53:29
34843102	Quenhitran	3093249	2014-08-20T08:55:13Z	2014:08:04 17:51:10
58091291	Phan Minh Tuấn	6513983	2017-04-17T00:19:49Z	2015:10:18 14:43:44
58091309	Phan Minh Tuấn	6513983	2017-04-17T00:20:42Z	2015:10:18 14:50:56
88531861	Christophe95	1796596	2020-03-24T22:34:33Z	2018:08:04 21:20:37
88531862	Christophe95	1796596	2020-03-24T22:34:33Z	2018:08:04 21:17:55
123070794	Shyamal	11549	2022-09-17T05:03:27Z	2022:07:30 21:49:15
123070796	Shyamal	11549	2022-09-17T05:03:27Z	2022:07:30 21:46:06
106422862	Quang Minh Tinh	10397064	2021-06-09T14:32:08Z	2021-03-16
124560168	Hieuhoangtran7991	11658427	2022-10-25T05:59:44Z	2021-08-04
124560169	Hieuhoangtran7991	11658427	2022-10-25T05:59:44Z	2022-10-06
124560170	Hieuhoangtran7991	11658427	2022-10-25T05:59:46Z	2022-10-06
124560172	Hieuhoangtran7991	11658427	2022-10-25T05:59:47Z	2021:11:04 13:56:11
124560174	Hieuhoangtran7991	11658427	2022-10-25T06:00:16Z	2022-10-07
145321170	Rc1959	1698562	2024-02-13T22:37:59Z	1999
13249739	Dinkum	1436628	2011-02-08T21:14:41Z	2009:05:31 03:16:13
39695336	Daderot	23761	2015-04-20T22:07:14Z	2014:08:03 22:06:20
39695337	Daderot	23761	2015-04-20T22:07:16Z	2014:08:03 22:03:05
39695339	Daderot	23761	2015-04-20T22:07:18Z	2014:08:03 22:03:24
39695341	Daderot	23761	2015-04-20T22:07:21Z	2014:08:03 22:04:20
39695342	Daderot	23761	2015-04-20T22:07:24Z	2014:08:03 22:04:32
39695344	Daderot	23761	2015-04-20T22:07:29Z	2014:08:03 22:04:49
39695347	Daderot	23761	2015-04-20T22:07:29Z	2014:08:03 22:03:53
39695348	Daderot	23761	2015-04-20T22:07:34Z	2014:08:03 22:08:22
39695350	Daderot	23761	2015-04-20T22:07:37Z	2014:08:03 22:09:22
39695351	Daderot	23761	2015-04-20T22:07:40Z	2014:08:03 22:09:28
39695405	Daderot	23761	2015-04-20T22:07:12Z	2014:08:03 22:07:47
6968722	Nguyễn Thanh Quang	4539	2009-06-08T05:41:13Z	2009:06:06 11:37:57
10049966	File Upload Bot (Magnus Manske)	40038	2010-04-18T12:36:53Z	2010:04:17 16:40:20
10049995	File Upload Bot (Magnus Manske)	40038	2010-04-18T12:42:03Z	2010:04:17 16:45:04
10824107	Flickr upload bot	152505	2010-07-07T11:05:48Z	2006:07:01 15:58:16
10899572	Nguyễn Thanh Quang	4539	2010-07-16T07:12:44Z	2010:02:06 13:59:35
10907734	Nguyễn Thanh Quang	4539	2010-07-17T07:29:37Z	2009:06:06 13:46:32
14648885	Arabsalam	1468433	2017-07-21T21:42:25Z	2011:02:23 11:03:55
16923638	MGA73bot2	643716	2011-10-08T20:24:26Z	2005:02:14 15:40:11
16945729	MGA73bot2	643716	2011-10-10T13:28:49Z	2008:05:16 15:18:05
16947681	File Upload Bot (Magnus Manske)	40038	2011-10-10T17:07:01Z	2007:04:25 16:14:12
18428250	Hungda	1311840	2012-02-19T10:27:54Z	2012:02:19 13:56:51
18428251	Hungda	1311840	2012-02-19T10:27:51Z	2012:02:19 13:56:04
21869408	Rolfklein	1855373	2012-10-02T08:59:31Z	2012-10-02 10:53:06
21869409	Rolfklein	1855373	2012-10-02T08:59:31Z	2012-10-02 10:53:27
22892291	MGA73bot2	643716	2012-11-27T18:21:58Z	2007:05:04 17:26:03
23297438	MGA73bot2	643716	2012-12-23T02:29:33Z	2006:06:29 15:45:09
24560033	Robert S Travers	2631592	2013-02-09T17:34:37Z	2013-02-10 00:21:14
24560034	Robert S Travers	2631592	2013-02-09T17:34:37Z	2013-02-10 00:21:13
24572378	Robert S Travers	2631592	2013-02-10T07:41:18Z	2011:04:05 13:29:36
24572379	Robert S Travers	2631592	2013-02-10T07:41:18Z	2011:04:05 13:29:23
24572380	Robert S Travers	2631592	2013-02-10T07:41:18Z	2011:04:05 13:23:54
24572382	Robert S Travers	2631592	2013-02-10T07:41:23Z	2011:04:05 13:33:14
24572384	Robert S Travers	2631592	2013-02-10T07:41:23Z	2011:04:05 13:22:11
24572385	Robert S Travers	2631592	2013-02-10T07:41:27Z	2011:04:05 13:22:39
24572390	Robert S Travers	2631592	2013-02-10T07:42:23Z	2011:04:05 13:26:46
26335325	Bùi Thụy Đào Nguyên	2438478	2013-05-26T21:55:58Z	2013:05:26 09:55:32
26335326	Bùi Thụy Đào Nguyên	2438478	2013-05-26T21:55:59Z	2013:05:26 09:56:01
26551070	Bùi Thụy Đào Nguyên	2438478	2013-06-08T21:34:24Z	2013:05:28 11:21:08
26551071	Bùi Thụy Đào Nguyên	2438478	2013-06-08T21:34:25Z	2013:05:28 11:26:45
30049490	Codobai	854926	2013-12-07T21:37:17Z	2012:10:24 03:08:37
46945937	Quenhitran	3093249	2016-02-13T08:11:39Z	2016:02:12 09:42:40
46945975	Quenhitran	3093249	2016-02-13T08:19:56Z	2016:02:12 10:15:03
48922867	Ле Лой	1474931	2016-05-21T09:18:26Z	2015-12-27
49308783	Ле Лой	1474931	2016-06-07T23:17:31Z	2014:04:09 14:54:10
50888085	Guerinf	1353580	2016-08-25T18:31:19Z	2016:04:22 16:57:32
62228129	Hùng Cá Rô	6749114	2017-09-06T12:51:44Z	2014:04:09 15:00:45
62658444	Donald Trung	6592656	2017-09-22T10:53:00Z	2017:08:28 16:41:00
64218227	Ser Amantio di Nicolao	23396	2017-11-20T21:56:54Z	2017:11:04 10:51:52
64218544	Ser Amantio di Nicolao	23396	2017-11-20T22:08:54Z	2017:11:06 10:48:37
64218547	Ser Amantio di Nicolao	23396	2017-11-20T22:09:08Z	2017:11:06 10:48:50
64218550	Ser Amantio di Nicolao	23396	2017-11-20T22:09:15Z	2017:11:06 10:49:33
64218551	Ser Amantio di Nicolao	23396	2017-11-20T22:09:21Z	2017:11:06 10:48:02
64218552	Ser Amantio di Nicolao	23396	2017-11-20T22:09:21Z	2017:11:06 10:49:40
64218553	Ser Amantio di Nicolao	23396	2017-11-20T22:09:25Z	2017:11:06 10:48:06
64218560	Ser Amantio di Nicolao	23396	2017-11-20T22:09:57Z	2017:11:06 10:49:51
64218564	Ser Amantio di Nicolao	23396	2017-11-20T22:10:13Z	2017:11:06 10:49:57
64218565	Ser Amantio di Nicolao	23396	2017-11-20T22:10:13Z	2017:11:06 10:50:12
64218579	Ser Amantio di Nicolao	23396	2017-11-20T22:10:23Z	2017:11:06 10:54:31
64218580	Ser Amantio di Nicolao	23396	2017-11-20T22:10:24Z	2017:11:06 10:50:33
64218583	Ser Amantio di Nicolao	23396	2017-11-20T22:10:35Z	2017:11:06 10:56:28
64218589	Ser Amantio di Nicolao	23396	2017-11-20T22:10:50Z	2017:11:06 10:52:33
64218591	Ser Amantio di Nicolao	23396	2017-11-20T22:10:54Z	2017:11:06 10:52:38
64218598	Ser Amantio di Nicolao	23396	2017-11-20T22:11:03Z	2017:11:06 10:54:22
64218600	Ser Amantio di Nicolao	23396	2017-11-20T22:11:05Z	2017:11:06 10:56:46
64218759	Ser Amantio di Nicolao	23396	2017-11-20T22:16:27Z	2017:11:08 10:34:29
64218761	Ser Amantio di Nicolao	23396	2017-11-20T22:16:29Z	2017:11:08 10:34:51
64218763	Ser Amantio di Nicolao	23396	2017-11-20T22:16:37Z	2017:11:08 10:35:51
64218765	Ser Amantio di Nicolao	23396	2017-11-20T22:16:37Z	2017:11:08 10:35:55
64218768	Ser Amantio di Nicolao	23396	2017-11-20T22:16:43Z	2017:11:08 10:35:35
64218769	Ser Amantio di Nicolao	23396	2017-11-20T22:16:45Z	2017:11:08 10:34:42
64218770	Ser Amantio di Nicolao	23396	2017-11-20T22:16:46Z	2017:11:08 10:36:10
64218771	Ser Amantio di Nicolao	23396	2017-11-20T22:16:48Z	2017:11:08 10:36:41
64218775	Ser Amantio di Nicolao	23396	2017-11-20T22:16:55Z	2017:11:08 10:36:59
64218777	Ser Amantio di Nicolao	23396	2017-11-20T22:16:58Z	2017:11:08 10:37:43
64218789	Ser Amantio di Nicolao	23396	2017-11-20T22:17:30Z	2017:11:08 10:37:04
66929541	Donald Trung	6592656	2018-03-01T10:20:27Z	2018:03:01 13:49:07
66929542	Donald Trung	6592656	2018-03-01T10:20:27Z	2018:03:01 13:50:33
66929543	Donald Trung	6592656	2018-03-01T10:20:27Z	2018:03:01 13:50:17
66929544	Donald Trung	6592656	2018-03-01T10:20:30Z	2018:03:01 13:41:58
77847567	I Love Triệu Đà	1453725	2019-04-07T18:21:59Z	2019:04:07 11:39:08
77847787	I Love Triệu Đà	1453725	2019-04-07T18:34:27Z	2019:04:07 11:38:39
88465605	Adeletron 3030	108894	2020-04-10T19:54:58Z	2017-10-13
89173129	Alex 69200 vx	7865866	2020-04-16T04:16:45Z	2014:04:30 08:56:34
95206144	Doãn Hiệu	1270614	2010-04-17T17:32:11Z	2010:04:17 16:45:50
96650822	Doãn Hiệu	1270614	2016-01-03T04:25:53Z	2015:12:27 11:05:40
110026212	Nguyenhai314	8955777	2021-09-14T01:00:41Z	2018:01:27 15:21:18
113047873	Syced	27103	2021-12-04T09:59:42Z	2003:07:27 12:51:26
113047887	Syced	27103	2021-12-04T10:00:14Z	2003:07:27 12:38:57
113047899	Syced	27103	2021-12-04T10:00:34Z	2003:07:27 12:41:08
113047901	Syced	27103	2021-12-04T10:00:48Z	2003:07:27 12:38:44
113047904	Syced	27103	2021-12-04T10:01:04Z	2003:07:27 12:38:26
113047908	Syced	27103	2021-12-04T10:01:19Z	2003:07:27 12:38:13
113047911	Syced	27103	2021-12-04T10:01:35Z	2003:07:27 12:37:28
113047915	Syced	27103	2021-12-04T10:01:52Z	2003:07:27 12:37:13
113047920	Syced	27103	2021-12-04T10:02:09Z	2003:07:27 12:36:45
113047933	Syced	27103	2021-12-04T10:02:26Z	2003:07:27 12:36:35
113047936	Syced	27103	2021-12-04T10:02:42Z	2003:07:27 12:34:08
113047941	Syced	27103	2021-12-04T10:03:00Z	2003:07:27 12:33:47
113047944	Syced	27103	2021-12-04T10:03:20Z	2003:07:27 12:33:34
113105083	Syced	27103	2021-12-06T07:01:28Z	2003:07:05 02:35:34
113105087	Syced	27103	2021-12-06T07:01:41Z	2003:07:05 02:33:42
113105097	Syced	27103	2021-12-06T07:02:10Z	2003:07:05 02:36:34
113105107	Syced	27103	2021-12-06T07:02:26Z	2003:07:05 02:36:57
113105121	Syced	27103	2021-12-06T07:03:21Z	2003:07:05 02:39:17
113105126	Syced	27103	2021-12-06T07:03:39Z	2003:07:05 02:39:44
113105141	Syced	27103	2021-12-06T07:03:56Z	2003:07:05 02:40:06
113105153	Syced	27103	2021-12-06T07:04:14Z	2003:07:05 02:41:45
113105158	Syced	27103	2021-12-06T07:04:34Z	2003:07:05 02:41:56
113105164	Syced	27103	2021-12-06T07:04:54Z	2003:07:05 02:42:21
113105171	Syced	27103	2021-12-06T07:05:14Z	2003:07:05 02:43:26
113105176	Syced	27103	2021-12-06T07:05:34Z	2003:07:05 02:44:13
113105179	Syced	27103	2021-12-06T07:05:53Z	2003:07:05 02:44:21
113105195	Syced	27103	2021-12-06T07:06:37Z	2003:07:05 02:54:10
113105204	Syced	27103	2021-12-06T07:06:59Z	2003:07:05 03:19:03
113105212	Syced	27103	2021-12-06T07:07:28Z	2003:07:05 03:18:46
113105216	Syced	27103	2021-12-06T07:07:51Z	2003:07:05 03:19:20
113105220	Syced	27103	2021-12-06T07:08:12Z	2003:07:05 03:19:13
113105225	Syced	27103	2021-12-06T07:08:38Z	2003:07:05 03:19:41
113105232	Syced	27103	2021-12-06T07:09:04Z	2003:07:05 03:20:28
113105239	Syced	27103	2021-12-06T07:09:31Z	2003:07:05 03:22:17
113105246	Syced	27103	2021-12-06T07:09:55Z	2003:07:05 03:24:16
113105256	Syced	27103	2021-12-06T07:10:20Z	2003:07:05 03:24:33
113105266	Syced	27103	2021-12-06T07:10:46Z	2003:07:05 03:24:41
113105291	Syced	27103	2021-12-06T07:11:14Z	2003:07:05 03:25:26
113105296	Syced	27103	2021-12-06T07:11:44Z	2003:07:05 03:25:33
113105304	Syced	27103	2021-12-06T07:12:11Z	2003:07:05 03:25:56
113105310	Syced	27103	2021-12-06T07:12:38Z	2003:07:05 03:26:07
113105631	Syced	27103	2021-12-06T07:32:26Z	2003:07:05 03:18:55
125116651	NKSTTSSHNVN	10985169	2022-11-07T12:45:08Z	2022-11-07
125116685	NKSTTSSHNVN	10985169	2022-11-07T12:46:22Z	2022-11-07
125116755	NKSTTSSHNVN	10985169	2022-11-07T12:49:00Z	2022-11-07
184810763	Gispenni	14516029	2026-02-23T05:05:30Z	2026:02:03 10:12:12
184810764	Gispenni	14516029	2026-02-23T05:05:30Z	2026:02:03 10:11:58
1168205	Đại Việt quốc	11655741	2023-03-17T07:29:37Z	circa 1900 date QS:P,+1900-00-00T00:00:00Z/9,P1480,Q5727902
10822835	Nguyễn Thanh Quang	4539	2010-07-07T06:47:23Z	2010:01:25 13:49:45
10899600	Nguyễn Thanh Quang	4539	2010-07-16T07:23:27Z	2010:02:06 13:55:06
16923424	MGA73bot2	643716	2011-10-08T20:06:55Z	2006:12:15 10:28:51
16938397	MGA73bot2	643716	2011-10-09T20:42:47Z	2007:02:24 16:47:34
17788164	File Upload Bot (Magnus Manske)	40038	2011-12-24T18:22:44Z	2008:05:14 06:08:18
91233445	Linhcandng	6497893	2019-07-15T13:02:50Z	2016-08-20
93121869	Linhcandng	6497893	2019-07-15T13:19:04Z	2016-08-20
93121884	Linhcandng	6497893	2019-07-15T12:39:47Z	2016-08-20
93121965	Linhcandng	6497893	2019-07-15T13:07:57Z	2016-08-20
93121971	Linhcandng	6497893	2019-07-15T13:10:19Z	2016-08-20
93122001	Linhcandng	6497893	2019-07-15T13:13:13Z	2016-08-20
93122030	Linhcandng	6497893	2019-07-15T15:03:02Z	2016-08-20
94637821	Newone	36891	2009-01-06T05:18:38Z	2009:01:06 11:24:39
95460945	Newone	36891	2009-01-18T05:02:17Z	2009:01:18 10:45:08
111845169	Le Petit Chat	6699536	2021-10-27T15:13:06Z	between 1929-1931 and
125116260	NKSTTSSHNVN	10985169	2022-11-07T12:30:18Z	2022-11-07
125116311	NKSTTSSHNVN	10985169	2022-11-07T12:31:30Z	2022-11-07
160952045	Gzen92Bot	5142080	2025-03-01T23:45:56Z	1880 date QS:P571,+1880-00-00T00:00:00Z/9
162065797	Gzen92Bot	5142080	2025-03-15T03:23:54Z	1906 date QS:P571,+1906-00-00T00:00:00Z/9
36093774	Thomon	4160818	2014-10-12T23:27:17Z	2014:10:13 00:38:38
108775774	Orizan	8118308	2021-08-17T16:50:10Z	2012:11:28 14:05:53
127002670	NKSTTSSHNVN	10985169	2022-12-25T15:04:29Z	2022-12-25
3388593	Vinhtantran	161974	2008-06-10T01:44:37Z	2006:12:30 10:00:20
6968775	Nguyễn Thanh Quang	4539	2009-06-08T05:55:45Z	2009:06:06 17:00:07
10823022	Nguyễn Thanh Quang	4539	2010-07-07T07:37:15Z	2010:01:25 10:27:14
17591980	Flickr upload bot	152505	2011-12-06T09:56:09Z	2009:07:06 12:01:30
29479327	Pather alexiy	2912818	2013-11-08T02:01:27Z	2013:11:03 12:45:33
93011917	Jspeed1310	1294458	2014-04-03T16:50:11Z	2013:06:09 04:40:05
98642207	RG72	443240	2021-01-08T08:33:27Z	2012:08:04 12:41:13
98642228	RG72	443240	2021-01-08T08:34:31Z	2012:08:04 12:43:32
98642314	RG72	443240	2021-01-08T08:37:50Z	2012:08:04 15:34:51
98642337	RG72	443240	2021-01-08T08:38:37Z	2012:08:04 15:44:33
99513416	Viethavvh	188519	2007-11-09T11:57:32Z	2005:03:12 10:33:14
116405927	NKSTTSSHNVN	10985169	2022-03-25T16:56:19Z	2021-07-05
116406091	NKSTTSSHNVN	10985169	2022-03-25T17:04:26Z	2022-03-04
116568974	Beao	743720	2026-03-24T17:31:34Z	2022-04-01
116787773	Beao	743720	2026-03-24T17:32:00Z	2022-04-10
116788074	NKSTTSSHNVN	10985169	2022-04-10T10:18:00Z	2022-04-10
116828622	NKSTTSSHNVN	10985169	2022-04-12T03:49:26Z	2021-09-08
116897167	NKSTTSSHNVN	10985169	2022-04-15T05:14:55Z	2022-04-15
117763259	NKSTTSSHNVN	10985169	2022-05-07T13:53:55Z	2022-05-07
117766389	NKSTTSSHNVN	10985169	2022-05-07T15:54:51Z	2022-05-07
117767109	NKSTTSSHNVN	10985169	2022-05-07T16:15:43Z	2022-04-01
123855532	NKSTTSSHNVN	10985169	2022-10-06T17:31:05Z	2022-10-07
123856383	NKSTTSSHNVN	10985169	2022-10-06T18:12:24Z	2022-10-07
364706	Leoboudv	155214	2009-10-08T20:01:37Z	2005:10:04 18:36:42
1429857	PFHLai	6438	2006-12-04T05:07:51Z	2006:11:18 17:56:46
3718545	GWSeitz	271968	2008-03-16T10:41:15Z	2008-01-23
5592309	Paris 16	269373	2008-12-29T09:42:46Z	2006:12:02 11:47:30
5740285	P4ntt	512372	2009-01-18T16:59:43Z	2006:08:14 16:52:23
10730787	Flickr upload bot	152505	2010-06-26T09:35:06Z	2009-12-28 00:37:58
10906772	Nguyễn Thanh Quang	4539	2010-07-17T02:09:07Z	2010:01:30 21:09:38
10906782	Nguyễn Thanh Quang	4539	2010-07-17T02:10:42Z	2010:01:30 21:10:34
10906787	Nguyễn Thanh Quang	4539	2010-07-17T02:11:59Z	2010:01:30 21:11:55
11820249	Berillium	494168	2010-10-19T04:58:42Z	2009:11:11 01:30:35
15378927	Flickr upload bot	152505	2011-06-02T14:00:30Z	2009-08-13 22:29:02
17514498	Paris 16	269373	2011-11-28T22:56:57Z	2008:08:03 11:23:27
19902023	Soyoungah	2069490	2012-06-15T08:12:08Z	2012:05:17 21:18:10
23673590	MGA73bot2	643716	2013-01-07T20:14:02Z	30 October 2008 (original upload date)
23673595	MGA73bot2	643716	2013-01-07T20:14:10Z	30 October 2008 (original upload date)
25796098	Manu25	111695	2013-04-28T12:52:11Z	2013:03:09 18:25:29
25796099	Manu25	111695	2013-04-28T12:52:13Z	2013:03:09 18:18:10
26363824	File Upload Bot (Magnus Manske)	40038	2013-05-28T02:52:16Z	2012:02:13 14:14:16
26363826	File Upload Bot (Magnus Manske)	40038	2013-05-28T02:52:21Z	2012:02:13 14:08:00
31951628	Russavia	150943	2014-04-02T09:15:14Z	2008:05:20 20:36:30
32712986	Quenhitran	3093249	2014-05-11T03:44:46Z	2009:07:02 08:04:58
32714962	Quenhitran	3093249	2014-05-11T07:32:09Z	2013:08:20 19:50:33
42276297	EECanberra	5114342	2015-08-12T01:46:52Z	2015:07:20 17:01:37
42276298	EECanberra	5114342	2015-08-12T01:46:52Z	2015:07:20 17:03:15
48607124	Bùi Thụy Đào Nguyên	2438478	2016-05-06T22:38:03Z	2016:04:11 18:48:27
90425006	Somerset999	3015244	2020-05-30T09:15:39Z	2020:05:19 02:00:40
109543623	Nguyenhai314	8955777	2021-09-01T00:49:54Z	2018:01:26 14:11:46
116817842	NKSTTSSHNVN	10985169	2022-04-11T16:13:22Z	2022-04-11
116862291	NKSTTSSHNVN	10985169	2022-04-13T16:07:50Z	2022-04-13
122878713	Miyako Fujimiya	10498650	2022-09-11T04:23:05Z	2022:09:10 11:08:49
8002178	Bùi Thế Tâm	563155	2009-10-07T07:13:11Z	2009:10:02 15:14:40
41098771	Dinoleeht2m	4958837	2015-06-21T06:54:39Z	2013:08:07 12:44:45
126457907	Đại Việt quốc	11655741	2022-12-09T07:15:01Z	2013:05:28 17:12:08
162824670	Tôi Yêu Biển Đảo Quê Hương	12247085	2025-03-26T13:12:57Z	2025-03-26
162824900	Tôi Yêu Biển Đảo Quê Hương	12247085	2025-03-26T13:19:52Z	2025-03-26
162824966	Tôi Yêu Biển Đảo Quê Hương	12247085	2025-03-26T13:21:59Z	2025-03-26
167997141	Tôi Yêu Biển Đảo Quê Hương	12247085	2025-06-19T02:40:51Z	2025-06-19
23331916	MGA73bot2	643716	2012-12-25T20:27:54Z	9 December 2006 (original upload date)
2995068	Nguyễn Thanh Quang	4539	2007-10-30T11:53:16Z	2006-07-12 02:25
101302295	BurakovaLP	10162577	2021-03-11T07:14:03Z	2008:09:19 23:39:12
102653556	Khoitran1957	5793123	2021-03-30T14:31:40Z	2021:03:30 14:48:40
105754851	Orizan	8118308	2021-05-23T16:09:50Z	2018:12:13 16:33:54
113259398	Nguyenhai314	8955777	2021-12-11T13:17:46Z	2020:02:15 04:29:44
113259401	Nguyenhai314	8955777	2021-12-11T13:17:49Z	2020:02:15 04:29:47
14537881	Phó Nháy	975736	2011-03-10T08:55:45Z	2008:07:14 13:18:24
16923476	MGA73bot2	643716	2011-10-08T20:11:22Z	2007:10:21 04:25:35
17515031	Flickr upload bot	152505	2011-11-28T23:57:36Z	2008:08:28 17:24:03
48604105	Bùi Thụy Đào Nguyên	2438478	2016-05-06T20:35:45Z	2016:04:11 10:43:13
87447298	MICE ANH VIET	8918934	2020-02-25T08:26:34Z	2018:05:29 15:18:42
95456739	Bình Giang	305886	2007-10-08T14:02:00Z	2007:10:08 14:16:38
30614534	Medium69	72851	2014-12-08T18:20:05Z	2013:12:02 06:30:59
30617128	Rudolphfurtado	293808	2014-01-14T09:47:37Z	2013:12:01 18:07:19
30617388	Rudolphfurtado	293808	2014-01-14T10:22:06Z	2013:12:02 06:55:00
30643815	Rudolphfurtado	293808	2014-01-16T06:12:42Z	2013:12:03 10:52:04
30643825	Rudolphfurtado	293808	2014-01-16T06:16:43Z	2013:12:03 09:33:07
37053202	Medium69	72851	2014-11-29T22:31:16Z	2013:12:02 06:30:59
89256479	NHHP	383983	2008-12-19T07:27:40Z	2008:10:23 11:27:01
22498194	TuanUt	1937374	2012-11-01T13:46:48Z	2012:10:27 08:22:53
39695731	Daderot	23761	2015-04-20T22:54:49Z	2014:08:03 22:35:26
39695732	Daderot	23761	2015-04-20T22:54:50Z	2014:08:03 22:34:20
39695733	Daderot	23761	2015-04-20T22:54:53Z	2014:08:03 22:35:00
3170149	Binh Giang	149115	2007-12-01T14:07:46Z	2006:12:29 02:23:36
4432160	Siren-Com	8637	2006-01-29T07:57:46Z	29 January 2006 (original upload date)
8785745	Ssuri	953920	2009-12-19T13:59:13Z	2009:11:15 14:01:57
26364411	File Upload Bot (Magnus Manske)	40038	2013-05-28T03:07:05Z	2012:02:13 10:28:00
88806560	Christophe95	1796596	2020-03-31T15:26:08Z	2018:08:11 08:36:40
89852350	Phương Huy	1555495	2018-05-27T07:30:24Z	2017:02:01 08:41:45
1168210	Đại Việt quốc	11655741	2023-03-14T22:58:25Z	circa 1905 date QS:P,+1905-00-00T00:00:00Z/9,P1480,Q5727902
1168216	Đại Việt quốc	11655741	2023-02-24T07:52:24Z	
1168227	Đại Việt quốc	11655741	2023-08-24T10:44:58Z	
1168238	Đại Việt quốc	11655741	2023-03-17T07:37:57Z	between 1902 and 1907 date QS:P,+1902-00-00T00:00:00Z/8,P1319,+1902-00-00T00:00:00Z/9,P1326,+1907-00-00T00:00:00Z/9
1168241	Đại Việt quốc	11655741	2023-03-17T07:26:05Z	circa 1900 date QS:P,+1900-00-00T00:00:00Z/9,P1480,Q5727902
3136371	Đại Việt quốc	11655741	2023-03-14T23:26:39Z	early 20 th century date QS:P,+1950-00-00T00:00:00Z/7,P4241,Q40719727
3145036	Đại Việt quốc	11655741	2023-03-14T18:55:20Z	
6377272	Đại Việt quốc	11655741	2023-08-24T03:55:02Z	
8942514	Đại Việt quốc	11655741	2023-03-23T01:39:38Z	1930
8958521	Đại Việt quốc	11655741	2023-08-24T14:34:04Z	1908
17587218	Paris 16	269373	2011-12-05T20:37:47Z	2011-11-09
18175550	Đại Việt quốc	11655741	2023-08-24T14:30:55Z	early 20 th century date QS:P,+1950-00-00T00:00:00Z/7,P4241,Q40719727
18175629	Đại Việt quốc	11655741	2023-08-25T02:31:31Z	early 20 th century date QS:P,+1950-00-00T00:00:00Z/7,P4241,Q40719727
18176011	Đại Việt quốc	11655741	2023-03-23T00:53:48Z	early 20 th century date QS:P,+1950-00-00T00:00:00Z/7,P4241,Q40719727
18176098	Đại Việt quốc	11655741	2023-03-17T08:04:49Z	early 20 th century date QS:P,+1950-00-00T00:00:00Z/7,P4241,Q40719727
18176377	Đại Việt quốc	11655741	2023-03-17T07:42:16Z	early 20 th century date QS:P,+1950-00-00T00:00:00Z/7,P4241,Q40719727
18176449	Đại Việt quốc	11655741	2023-03-23T01:35:37Z	early 20 th century date QS:P,+1950-00-00T00:00:00Z/7,P4241,Q40719727
18176542	Đại Việt quốc	11655741	2023-03-15T19:11:43Z	early 20 th century date QS:P,+1950-00-00T00:00:00Z/7,P4241,Q40719727
18176837	Đại Việt quốc	11655741	2023-08-24T13:50:34Z	early 20 th century date QS:P,+1950-00-00T00:00:00Z/7,P4241,Q40719727
18176878	Đại Việt quốc	11655741	2023-03-23T00:27:10Z	early 20 th century date QS:P,+1950-00-00T00:00:00Z/7,P4241,Q40719727
18177003	Paris 16	269373	2012-01-26T21:25:49Z	early 20 th century date QS:P,+1950-00-00T00:00:00Z/7,P4241,Q40719727
18177106	Paris 16	269373	2012-01-26T21:37:18Z	early 20 th century date QS:P,+1950-00-00T00:00:00Z/7,P4241,Q40719727
18177429	Đại Việt quốc	11655741	2023-08-30T11:28:42Z	early 20 th century date QS:P,+1950-00-00T00:00:00Z/7,P4241,Q40719727
18180397	Paris 16	269373	2012-01-27T08:27:04Z	early 20 th century date QS:P,+1950-00-00T00:00:00Z/7,P4241,Q40719727
18180398	Đại Việt quốc	11655741	2023-03-23T00:33:34Z	early 20 th century date QS:P,+1950-00-00T00:00:00Z/7,P4241,Q40719727
18180399	Đại Việt quốc	11655741	2023-08-24T10:40:23Z	early 20 th century date QS:P,+1950-00-00T00:00:00Z/7,P4241,Q40719727
18180401	Đại Việt quốc	11655741	2023-08-24T14:50:30Z	early 20 th century date QS:P,+1950-00-00T00:00:00Z/7,P4241,Q40719727
18180404	Đại Việt quốc	11655741	2023-08-24T14:27:05Z	early 20 th century date QS:P,+1950-00-00T00:00:00Z/7,P4241,Q40719727
18180406	Đại Việt quốc	11655741	2023-08-28T14:29:41Z	early 20 th century date QS:P,+1950-00-00T00:00:00Z/7,P4241,Q40719727
18180407	Đại Việt quốc	11655741	2023-08-24T14:55:18Z	early 20 th century date QS:P,+1950-00-00T00:00:00Z/7,P4241,Q40719727
18180435	Đại Việt quốc	11655741	2023-08-24T10:31:29Z	early 20 th century date QS:P,+1950-00-00T00:00:00Z/7,P4241,Q40719727
18180499	Đại Việt quốc	11655741	2023-03-15T19:14:48Z	early 20 th century date QS:P,+1950-00-00T00:00:00Z/7,P4241,Q40719727
20826344	Đại Việt quốc	11655741	2023-03-14T23:11:05Z	31 December 2007 (original upload date)
74669790	Đại Việt quốc	11655741	2023-08-24T17:03:50Z	1902-10-10
77005751	Donald Trung	6592656	2019-03-01T20:02:32Z	1903
77005752	Donald Trung	6592656	2019-03-01T20:02:32Z	1903
78507899	Ji-Elle	30885	2019-05-01T11:54:23Z	before 1900 date QS:P,+1900-00-00T00:00:00Z/7,P1326,+1900-00-00T00:00:00Z/9
89173508	Đại Việt quốc	11655741	2023-08-24T14:40:13Z	2010-03-12 11:16:29
93047311	CNBH	2818914	2011-12-11T05:07:11Z	circa 1908 date QS:P,+1908-00-00T00:00:00Z/9,P1480,Q5727902
93966375	Đại Việt quốc	11655741	2023-08-24T17:11:05Z	Hình quá 100 năm
94051732	Đại Việt quốc	11655741	2023-01-13T00:41:30Z	
101596965	Đại Việt quốc	11655741	2023-03-23T00:43:53Z	1910s date QS:P,+1910-00-00T00:00:00Z/8
101596970	Donald Trung	6592656	2021-03-15T22:45:28Z	1910s date QS:P,+1910-00-00T00:00:00Z/8
105945424	Đại Việt quốc	11655741	2023-01-13T01:02:15Z	1883
106844563	Đại Việt quốc	11655741	2023-03-25T08:47:09Z	before 1945 date QS:P,+1945-00-00T00:00:00Z/7,P1326,+1945-00-00T00:00:00Z/9
106844564	Donald Trung	6592656	2021-06-21T18:28:17Z	before 1945 date QS:P,+1945-00-00T00:00:00Z/7,P1326,+1945-00-00T00:00:00Z/9
106844566	Đại Việt quốc	11655741	2023-08-28T13:41:26Z	before 1945 date QS:P,+1945-00-00T00:00:00Z/7,P1326,+1945-00-00T00:00:00Z/9
106844569	Đại Việt quốc	11655741	2023-01-08T01:17:19Z	before 1945 date QS:P,+1945-00-00T00:00:00Z/7,P1326,+1945-00-00T00:00:00Z/9
106844570	Đại Việt quốc	11655741	2023-01-08T01:45:49Z	before 1945 date QS:P,+1945-00-00T00:00:00Z/7,P1326,+1945-00-00T00:00:00Z/9
106844572	Đại Việt quốc	11655741	2023-01-14T05:04:02Z	before 1945 date QS:P,+1945-00-00T00:00:00Z/7,P1326,+1945-00-00T00:00:00Z/9
106844577	Đại Việt quốc	11655741	2023-01-08T02:37:54Z	before 1945 date QS:P,+1945-00-00T00:00:00Z/7,P1326,+1945-00-00T00:00:00Z/9
106844578	Đại Việt quốc	11655741	2023-01-14T05:10:52Z	before 1945 date QS:P,+1945-00-00T00:00:00Z/7,P1326,+1945-00-00T00:00:00Z/9
106844582	Đại Việt quốc	11655741	2023-01-08T01:14:53Z	before 1945 date QS:P,+1945-00-00T00:00:00Z/7,P1326,+1945-00-00T00:00:00Z/9
106844586	Đại Việt quốc	11655741	2023-01-09T02:02:01Z	before 1945 date QS:P,+1945-00-00T00:00:00Z/7,P1326,+1945-00-00T00:00:00Z/9
106844587	Donald Trung	6592656	2021-06-21T18:28:35Z	before 1945 date QS:P,+1945-00-00T00:00:00Z/7,P1326,+1945-00-00T00:00:00Z/9
106844591	Đại Việt quốc	11655741	2023-01-08T01:01:35Z	before 1945 date QS:P,+1945-00-00T00:00:00Z/7,P1326,+1945-00-00T00:00:00Z/9
106844593	Đại Việt quốc	11655741	2023-01-08T01:49:36Z	before 1945 date QS:P,+1945-00-00T00:00:00Z/7,P1326,+1945-00-00T00:00:00Z/9
106844594	Đại Việt quốc	11655741	2023-01-08T02:02:01Z	before 1945 date QS:P,+1945-00-00T00:00:00Z/7,P1326,+1945-00-00T00:00:00Z/9
106844597	Đại Việt quốc	11655741	2023-01-08T00:54:23Z	before 1945 date QS:P,+1945-00-00T00:00:00Z/7,P1326,+1945-00-00T00:00:00Z/9
106844601	Đại Việt quốc	11655741	2023-01-09T02:09:14Z	before 1945 date QS:P,+1945-00-00T00:00:00Z/7,P1326,+1945-00-00T00:00:00Z/9
106844603	Đại Việt quốc	11655741	2023-01-09T02:13:24Z	before 1945 date QS:P,+1945-00-00T00:00:00Z/7,P1326,+1945-00-00T00:00:00Z/9
106844605	Đại Việt quốc	11655741	2023-01-09T02:17:18Z	before 1945 date QS:P,+1945-00-00T00:00:00Z/7,P1326,+1945-00-00T00:00:00Z/9
106844611	Đại Việt quốc	11655741	2023-01-09T02:25:08Z	before 1945 date QS:P,+1945-00-00T00:00:00Z/7,P1326,+1945-00-00T00:00:00Z/9
108881541	Donald Trung	6592656	2021-08-18T18:57:58Z	Before the 1940's.
114846399	Donald Trung	6592656	2022-01-31T11:18:27Z	Early 1900's.
114846401	Đại Việt quốc	11655741	2023-03-23T00:13:58Z	Early 1900's.
116824415	Đại Việt quốc	11655741	2023-03-14T19:01:57Z	2014-05-28
116824416	Donald Trung	6592656	2022-04-11T21:39:00Z	2014-05-28
117816708	Đại Việt quốc	11655741	2023-08-30T19:01:14Z	Likely 1910's~1920's.
118005259	Donald Trung	6592656	2022-05-14T22:57:17Z	before 1945 date QS:P,+1945-00-00T00:00:00Z/7,P1326,+1945-00-00T00:00:00Z/9
118056199	Donald Trung	6592656	2022-05-16T15:36:44Z	2019-08-27 18:27:25
118056202	Đại Việt quốc	11655741	2023-03-14T23:35:52Z	2019-08-27 18:27:25
119578777	Đại Việt quốc	11655741	2023-08-24T17:28:05Z	Published before 1945.
123349353	Donald Trung	6592656	2022-09-24T20:50:44Z	2014-12-27 13:57:51
123349354	Đại Việt quốc	11655741	2023-08-30T15:43:32Z	2014-12-27 09:19:05
123349356	Đại Việt quốc	11655741	2023-03-14T23:07:15Z	2013-06-01 09:31:24
123349360	Donald Trung	6592656	2022-09-24T20:50:47Z	2014-12-27 14:16:46
124142862	Donald Trung	6592656	2022-10-13T14:48:45Z	between 1940 and 1945 date QS:P,+1940-00-00T00:00:00Z/8,P1319,+1940-00-00T00:00:00Z/9,P1326,+1945-00-00T00:00:00Z/9
124856048	Donald Trung	6592656	2022-11-01T21:19:50Z	1902-11-25
124856184	Donald Trung	6592656	2022-11-01T21:25:25Z	1902-11-25
129667680	Đại Việt quốc	11655741	2023-03-17T07:52:07Z	early 20 th century date QS:P,+1950-00-00T00:00:00Z/7,P4241,Q40719727
130767622	Donald Trung	6592656	2023-04-15T22:36:03Z	Late 19th (nineteenth) century.
132512603	Đại Việt quốc	11655741	2023-08-24T17:21:50Z	Early 20th (twentieth) century.
133461464	Đại Việt quốc	11655741	2023-08-24T17:38:37Z	Late 19th (nineteenth) or early 20th (twentieth) century.
136405011	Đại Việt quốc	11655741	2023-08-24T14:21:15Z	early 20 th century date QS:P,+1950-00-00T00:00:00Z/7,P4241,Q40719727
136406881	Đại Việt quốc	11655741	2023-08-24T15:11:18Z	early 20 th century date QS:P,+1950-00-00T00:00:00Z/7,P4241,Q40719727
136407371	Đại Việt quốc	11655741	2023-08-24T15:21:20Z	early 20 th century date QS:P,+1950-00-00T00:00:00Z/7,P4241,Q40719727
136409934	Đại Việt quốc	11655741	2023-08-24T16:45:07Z	early 20 th century date QS:P,+1950-00-00T00:00:00Z/7,P4241,Q40719727
136410138	Đại Việt quốc	11655741	2023-08-24T16:53:48Z	early 20th century
136423114	Đại Việt quốc	11655741	2023-08-25T03:00:33Z	early 20 th century date QS:P,+1950-00-00T00:00:00Z/7,P4241,Q40719727
136423115	Đại Việt quốc	11655741	2023-08-25T03:00:33Z	early 20 th century date QS:P,+1950-00-00T00:00:00Z/7,P4241,Q40719727
136423381	Đại Việt quốc	11655741	2023-08-25T03:26:16Z	early 20 th century date QS:P,+1950-00-00T00:00:00Z/7,P4241,Q40719727
136423443	Đại Việt quốc	11655741	2023-08-25T03:32:29Z	early 20 th century date QS:P,+1950-00-00T00:00:00Z/7,P4241,Q40719727
136444977	Đại Việt quốc	11655741	2023-08-25T15:37:13Z	early 20th century
136444978	Đại Việt quốc	11655741	2023-08-25T15:37:13Z	early 20th century
136445152	Đại Việt quốc	11655741	2023-08-25T15:44:17Z	early 20 th century date QS:P,+1950-00-00T00:00:00Z/7,P4241,Q40719727
136654978	Đại Việt quốc	11655741	2023-08-30T15:18:18Z	early 20th century
136656648	Đại Việt quốc	11655741	2023-08-30T15:59:22Z	early 20th century
136656649	Đại Việt quốc	11655741	2023-08-30T15:59:22Z	early 20th century
136657999	Đại Việt quốc	11655741	2023-08-30T16:27:56Z	early 20th century
136658000	Đại Việt quốc	11655741	2023-08-30T16:27:57Z	early 20th century
141667195	Đại Việt quốc	11655741	2023-12-03T07:28:09Z	19 th century date QS:P,+1850-00-00T00:00:00Z/7
152273396	源義信	8476990	2024-09-06T06:54:11Z	Before the 1940's.
162065762	Gzen92Bot	5142080	2025-03-15T03:23:05Z	1906 date QS:P571,+1906-00-00T00:00:00Z/9
162065768	Gzen92Bot	5142080	2025-03-15T03:23:17Z	1906 date QS:P571,+1906-00-00T00:00:00Z/9
162065779	Gzen92Bot	5142080	2025-03-15T03:23:30Z	1906 date QS:P571,+1906-00-00T00:00:00Z/9
162065786	Gzen92Bot	5142080	2025-03-15T03:23:41Z	1906 date QS:P571,+1906-00-00T00:00:00Z/9
162065804	Gzen92Bot	5142080	2025-03-15T03:24:06Z	1906 date QS:P571,+1906-00-00T00:00:00Z/9
168893208	Lachy70	10590629	2025-06-30T06:56:55Z	1897
8365691	Unpear	522243	2009-11-07T03:06:06Z	2007:01:16 06:46:10
10001633	Grenouille vert	637652	2010-04-13T18:24:07Z	2010:04:13 16:47:06
10008738	Grenouille vert	637652	2010-04-14T17:35:16Z	2010:04:14 15:37:53
10008909	Grenouille vert	637652	2010-04-14T18:05:11Z	2010:04:14 15:46:17
10372377	R8cocin8	10053548	2022-12-22T15:36:34Z	2010-05-19
10910640	Flickr upload bot	152505	2010-07-17T15:54:18Z	2009:07:13 05:51:18
11686771	Grenouille vert	637652	2010-10-04T14:11:14Z	2010:05:03 15:48:37
17912195	Ongbac9999	1196945	2012-01-04T22:35:49Z	2011:12:29 15:05:28
17912316	Ongbac9999	1196945	2012-01-04T22:46:59Z	2011:12:29 15:05:28
24243033	Morning Sunshine	1724931	2013-01-27T01:39:23Z	2008:11:25 16:12:11
24243194	Morning Sunshine	1724931	2013-01-27T01:46:36Z	2008:11:25 16:11:26
44504673	ויקיג'אנקי	2574972	2015-10-26T13:26:00Z	2013:05:08 11:22:14
87350375	Kallerna	135408	2020-02-22T07:24:01Z	2020:01:06 12:22:34
87350377	Kallerna	135408	2020-02-22T07:24:01Z	2020:01:06 12:24:14
87350398	Kallerna	135408	2020-02-22T07:24:15Z	2020:01:06 12:23:57
87403267	Kallerna	135408	2020-02-23T17:27:28Z	2020:01:06 12:50:01
87403269	Kallerna	135408	2020-02-23T17:27:29Z	2020:01:06 13:13:55
116066177	NKSTTSSHNVN	10985169	2022-04-11T01:43:04Z	2021-11-16
116784957	Beao	743720	2026-03-24T17:31:21Z	2022-04-10
116791938	NKSTTSSHNVN	10985169	2022-11-23T16:34:18Z	2022-04-10
117043700	NKSTTSSHNVN	10985169	2022-10-09T18:51:01Z	2022-04-20
118058944	NKSTTSSHNVN	10985169	2022-05-16T16:59:47Z	2022-05-16
5592399	Paris 16	269373	2008-12-31T21:48:32Z	2006:09:17 06:38:23
20759190	File Upload Bot (Magnus Manske)	40038	2011-03-21T18:37:04Z	2010-05-15
20759195	Paris 16	269373	2011-03-27T15:46:45Z	15 May 2010 (15 May 2010 (first version); 26 May 2010 (last version))
93049485	Newone	36891	2009-06-29T04:18:28Z	2009-06-28
184455536	Hoàng Đức Xuyên T59	14484608	2026-02-19T03:52:58Z	2026:02:19 07:03:30
184455539	Hoàng Đức Xuyên T59	14484608	2026-02-19T03:52:59Z	2026:02:19 07:04:24
185646387	Baophucminh53G	14546358	2026-03-07T11:28:25Z	2026:03:07 14:15:08
185646388	Baophucminh53G	14546358	2026-03-07T11:28:25Z	2026:03:07 14:14:57
185646389	Baophucminh53G	14546358	2026-03-07T11:28:25Z	2026:03:07 14:14:39
185646393	Baophucminh53G	14546358	2026-03-07T11:28:28Z	2026:03:07 14:15:20
185646394	Baophucminh53G	14546358	2026-03-07T11:28:28Z	2026:03:07 14:15:44
185923165	Baophucminh53G	14546358	2026-03-11T16:04:41Z	2026:03:11 17:08:19
185923166	Baophucminh53G	14546358	2026-03-11T16:04:41Z	2026:03:11 17:08:10
185925874	Baophucminh53G	14546358	2026-03-11T17:15:35Z	2026:03:11 17:30:26
185925875	Baophucminh53G	14546358	2026-03-11T17:15:35Z	2026:03:11 17:30:33
186873899	Hrothgarr3B	14604020	2026-03-24T09:24:54Z	2026:03:24 15:48:47
186873907	Hrothgarr3B	14604020	2026-03-24T09:24:57Z	2026:03:24 15:49:07
10779757	File Upload Bot (Magnus Manske)	40038	2010-07-02T04:24:49Z	2010:03:27 13:56:01
10779766	File Upload Bot (Magnus Manske)	40038	2010-07-02T04:28:42Z	2010:03:27 15:23:12
12698824	NVO	110725	2011-03-12T16:30:54Z	2011-01-15
15864096	Belissarius	54990	2011-07-21T23:50:42Z	1954-10-09
105851836	Djam N'Bisso	10195890	2021-05-24T19:50:17Z	1880s date QS:P,+1880-00-00T00:00:00Z/8
34777613	Blofeld Dr.	1269979	2014-08-16T07:49:26Z	2007
2070220	Đại Việt quốc	11655741	2023-12-19T00:19:24Z	1924 date QS:P571,+1924-00-00T00:00:00Z/9
2070237	Arria Belli	27898	2007-05-07T12:20:15Z	1886
4388770	Geographus	270911	2008-07-16T12:16:08Z	1931
6728773	Vinhtantran	161974	2009-05-08T08:33:23Z	1920
6940454	Vinhtantran	161974	2009-06-04T12:36:29Z	1873
18155051	Paris 16	269373	2012-01-24T18:39:40Z	circa 1928 date QS:P,+1928-00-00T00:00:00Z/9,P1480,Q5727902
18156472	Paris 16	269373	2012-01-24T21:11:53Z	2012-01-25
18160316	Đại Việt quốc	11655741	2023-12-02T22:13:57Z	1891
18160317	Đại Việt quốc	11655741	2023-12-02T22:24:52Z	1891
22047143	Ori~	156107	2012-10-13T15:20:26Z	2012-10-13
22047162	Ori~	156107	2012-10-13T15:19:21Z	2012-10-13
25083377	M2545	691609	2013-03-12T00:00:39Z	1886
30857495	Garitan	1462816	2014-01-28T18:33:33Z	2013:12:26 12:24:38
31985743	Quenhitran	3093249	2014-04-04T10:15:17Z	2013-12-06 06:49:27
52077417	I Love Triệu Đà	1453725	2016-10-05T18:53:43Z	1490
52113974	I Love Triệu Đà	1453725	2016-10-07T13:41:24Z	1490
66069463	Artix Kreiger 2	6900938	2018-02-02T21:26:57Z	2013-12-09 07:58
89173352	Đại Việt quốc	11655741	2023-12-18T02:03:00Z	1929 date QS:P571,+1929-00-00T00:00:00Z/9
94064431	Đại Việt quốc	11655741	2023-12-18T02:24:14Z	1937 date QS:P571,+1937-00-00T00:00:00Z/9
94064434	Đại Việt quốc	11655741	2023-12-19T00:06:56Z	1890 date QS:P571,+1890-00-00T00:00:00Z/9
98505530	Đại Việt quốc	11655741	2023-12-18T02:21:29Z	1891 date QS:P571,+1891-00-00T00:00:00Z/9
100210463	Đại Việt quốc	11655741	2023-12-19T00:22:40Z	1891 date QS:P571,+1891-00-00T00:00:00Z/9
100210482	Đại Việt quốc	11655741	2023-12-19T00:26:25Z	1891 date QS:P571,+1891-00-00T00:00:00Z/9
103998363	Ltn12345	9888123	2021-04-20T10:23:21Z	2019:09:30 09:48:02
104011168	Ltn12345	9888123	2021-10-31T16:03:19Z	1935
104042367	Đại Việt quốc	11655741	2023-12-18T02:12:23Z	1936 date QS:P571,+1936-00-00T00:00:00Z/9
104042476	Đại Việt quốc	11655741	2023-12-18T02:17:48Z	1911 date QS:P571,+1911-00-00T00:00:00Z/9
114833910	Đại Việt quốc	11655741	2023-12-18T02:07:10Z	1936 date QS:P571,+1936-00-00T00:00:00Z/9
117421904	Donald Trung	6592656	2022-04-27T00:57:28Z	1889
118145403	Donald Trung	6592656	2022-05-19T09:51:26Z	2022-04-09 04:04:36
119578524	Donald Trung	6592656	2022-06-21T22:37:32Z	2022:03:08 11:44:46
120398353	Gzen92Bot	5142080	2022-07-13T09:22:51Z	1883 date QS:P571,+1883-00-00T00:00:00Z/9
120398362	Gzen92Bot	5142080	2022-07-13T09:23:09Z	1883 date QS:P571,+1883-00-00T00:00:00Z/9
120432966	Gzen92Bot	5142080	2022-07-14T12:41:51Z	1900 date QS:P571,+1900-00-00T00:00:00Z/9
120494451	Gzen92Bot	5142080	2022-07-15T15:34:27Z	1910 date QS:P571,+1910-00-00T00:00:00Z/9
120544098	Gzen92Bot	5142080	2022-07-16T07:29:56Z	1935 date QS:P571,+1935-00-00T00:00:00Z/9
120598529	Gzen92Bot	5142080	2022-07-17T07:14:35Z	between 1876 and 1883 date QS:P571,+1850-00-00T00:00:00Z/7,P1319,+1876-00-00T00:00:00Z/9,P1326,+1883-00-00T00:00:00Z/9
120855231	Gzen92Bot	5142080	2022-07-21T14:19:07Z	1881 date QS:P571,+1881-00-00T00:00:00Z/9
120884680	Gzen92Bot	5142080	2022-07-22T04:12:49Z	1885 date QS:P571,+1885-00-00T00:00:00Z/9
120914054	Gzen92Bot	5142080	2022-07-22T17:52:55Z	1873 date QS:P571,+1873-00-00T00:00:00Z/9
120922858	Gzen92Bot	5142080	2022-07-22T21:13:30Z	1936 date QS:P571,+1936-00-00T00:00:00Z/9
120931528	Gzen92Bot	5142080	2022-07-23T02:05:19Z	19 th century date QS:P571,+1850-00-00T00:00:00Z/7
120971541	Gzen92Bot	5142080	2022-07-23T20:22:26Z	1922 date QS:P571,+1922-00-00T00:00:00Z/9
121064129	Gzen92Bot	5142080	2022-07-25T10:27:46Z	between 1881 and 1883 date QS:P571,+1881-00-00T00:00:00Z/8,P1319,+1881-00-00T00:00:00Z/9,P1326,+1883-00-00T00:00:00Z/9
121097351	Gzen92Bot	5142080	2022-07-26T06:22:45Z	1925 date QS:P571,+1925-00-00T00:00:00Z/9
121129544	Gzen92Bot	5142080	2022-07-27T03:25:52Z	1883 date QS:P571,+1883-00-00T00:00:00Z/9
121169562	Gzen92Bot	5142080	2022-07-28T09:58:31Z	1884 date QS:P571,+1884-00-00T00:00:00Z/9
121668362	Gzen92Bot	5142080	2022-08-12T23:54:59Z	1891 date QS:P571,+1891-00-00T00:00:00Z/9
121676965	Gzen92Bot	5142080	2022-08-13T05:33:52Z	1926 date QS:P571,+1926-00-00T00:00:00Z/9
121694191	Gzen92Bot	5142080	2022-08-13T13:40:51Z	1936 date QS:P571,+1936-00-00T00:00:00Z/9
121721202	Gzen92Bot	5142080	2022-08-14T03:21:12Z	1885 date QS:P571,+1885-00-00T00:00:00Z/9
121753892	Gzen92Bot	5142080	2022-08-14T22:36:33Z	1891 date QS:P571,+1891-00-00T00:00:00Z/9
121775854	Gzen92Bot	5142080	2022-08-15T11:25:50Z	1926 date QS:P571,+1926-00-00T00:00:00Z/9
121800477	Gzen92Bot	5142080	2022-08-15T21:35:52Z	1942 date QS:P571,+1942-00-00T00:00:00Z/9
121861016	Gzen92Bot	5142080	2022-08-17T11:34:20Z	1902 date QS:P571,+1902-00-00T00:00:00Z/9
122057110	Gzen92Bot	5142080	2022-08-19T23:49:40Z	between 1884 and 1885 date QS:P571,+1884-00-00T00:00:00Z/8,P1319,+1884-00-00T00:00:00Z/9,P1326,+1885-00-00T00:00:00Z/9
122063789	Gzen92Bot	5142080	2022-08-20T06:26:45Z	1894 date QS:P571,+1894-00-00T00:00:00Z/9
122068092	Gzen92Bot	5142080	2022-08-20T09:58:34Z	2 nd millennium date QS:P571,+1500-00-00T00:00:00Z/6
122070820	Gzen92Bot	5142080	2022-08-20T11:45:38Z	1902 date QS:P571,+1902-00-00T00:00:00Z/9
122167912	Gzen92Bot	5142080	2022-08-22T02:44:30Z	1882 date QS:P571,+1882-00-00T00:00:00Z/9
122309039	Gzen92Bot	5142080	2022-08-24T11:36:45Z	1937 date QS:P571,+1937-00-00T00:00:00Z/9
122316101	Gzen92Bot	5142080	2022-08-24T14:31:04Z	1951 date QS:P571,+1951-00-00T00:00:00Z/9
122318946	Gzen92Bot	5142080	2022-08-24T16:12:52Z	1920 date QS:P571,+1920-00-00T00:00:00Z/9
125164581	Donald Trung	6592656	2022-11-08T16:53:56Z	Likely 1900's to 1920's.
125164582	Donald Trung	6592656	2022-11-08T16:53:56Z	Likely 1900's to 1920's.
125354466	Donald Trung	6592656	2022-11-12T23:40:47Z	1940
125485617	Donald Trung	6592656	2022-11-15T09:39:53Z	1897
125666145	Donald Trung	6592656	2022-11-18T19:04:10Z	1882
125667414	Donald Trung	6592656	2022-11-18T19:52:07Z	2022-09-24 04:37:36
125743690	Donald Trung	6592656	2022-11-20T19:08:28Z	2022-11-01 11:05:39
127946155	Donald Trung	6592656	2023-01-20T16:57:17Z	Ngày 23 tháng 5 năm 1897.
130927236	Donald Trung	6592656	2023-04-20T23:30:14Z	1870s date QS:P,+1870-00-00T00:00:00Z/8
130927237	Donald Trung	6592656	2023-04-20T23:30:14Z	1870s date QS:P,+1870-00-00T00:00:00Z/8
130927238	Donald Trung	6592656	2023-04-20T23:30:14Z	1870s date QS:P,+1870-00-00T00:00:00Z/8
131827180	Donald Trung	6592656	2023-05-12T23:41:16Z	Late 19th (nineteenth) century.
141214506	Đại Việt quốc	11655741	2023-11-22T04:35:23Z	1909
141214524	SteinsplitterBot	3714013	2023-11-22T05:20:28Z	1909
141214526	Đại Việt quốc	11655741	2023-11-22T04:19:31Z	1909
148235324	NearEMPTiness	1247413	2024-05-10T18:06:38Z	1890
150518390	Gzen92Bot	5142080	2024-07-19T14:26:05Z	between 1884 and 1885 date QS:P571,+1884-00-00T00:00:00Z/8,P1319,+1884-00-00T00:00:00Z/9,P1326,+1885-00-00T00:00:00Z/9
152318216	Logusmonkey	13234840	2024-09-07T09:13:11Z	1935
163585436	DaxServer	4238209	2025-04-15T10:09:04Z	
64845426	Mr.Nostalgic	1783094	2017-12-16T10:42:12Z	1947-01-02
109498700	Uaileann	10572649	2021-08-30T20:29:49Z	1945-08-17
110531518	Greenknight dv	1844778	2021-09-28T20:47:13Z	Taken in 1945
112581946	Greenknight dv	1844778	2021-11-17T07:32:44Z	1946-03-02
117920738	RedAuburn	8170673	2024-11-08T20:57:07Z	late August 1945
145791630	Maru Habatana	12766200	2024-02-25T03:56:26Z	2024-02-25
165873414	Greenknight dv	1844778	2025-05-23T22:47:07Z	1946
167427335	Greenknight dv	1844778	2025-06-11T20:08:27Z	1952-07-15
193317686	Gzen92Bot	5142080	2026-06-03T14:32:00Z	May 1915
193343084	Gzen92Bot	5142080	2026-06-04T03:11:53Z	between 1914 and 1915 date QS:P571,+1914-00-00T00:00:00Z/8,P1319,+1914-00-00T00:00:00Z/9,P1326,+1915-00-00T00:00:00Z/9
156312505	Hiart	542433	2024-12-05T18:59:04Z	2024:11:10 11:54:27
953592	Itsmine	18211	2006-07-16T15:52:15Z	
2440823	RedCoat	164544	2007-07-21T19:02:35Z	28 March 1891 date QS:P571,+1891-03-28T00:00:00Z/11
2445650	RedCoat	164544	2007-07-22T21:33:13Z	1891-03-28
3142318	Nguyễn Thanh Quang	4539	2007-11-25T11:04:20Z	1884
3142334	Nguyễn Thanh Quang	4539	2007-11-25T11:09:06Z	1884
3148125	Nguyễn Thanh Quang	4539	2007-11-26T05:50:22Z	1908
10432992	Paris 16	269373	2012-01-24T22:04:49Z	between 1884 and 1885 date QS:P,+1884-00-00T00:00:00Z/8,P1319,+1884-00-00T00:00:00Z/9,P1326,+1885-00-00T00:00:00Z/9
10433062	Gryffindor	11219	2010-05-26T03:07:37Z	between 1884 and 1885 date QS:P,+1884-00-00T00:00:00Z/8,P1319,+1884-00-00T00:00:00Z/9,P1326,+1885-00-00T00:00:00Z/9
18144520	Paris 16	269373	2012-01-23T18:50:36Z	1891
18144521	Paris 16	269373	2012-01-23T18:50:36Z	2007-07-21
18144522	Paris 16	269373	2012-01-23T18:50:36Z	2007-07-21
18144523	Paris 16	269373	2012-01-23T18:50:38Z	2007-07-21
18155637	Paris 16	269373	2012-01-24T19:47:23Z	between 1884 and 1885 date QS:P,+1884-00-00T00:00:00Z/8,P1319,+1884-00-00T00:00:00Z/9,P1326,+1885-00-00T00:00:00Z/9
18155638	Paris 16	269373	2012-01-24T19:41:44Z	between 1884 and 1885 date QS:P,+1884-00-00T00:00:00Z/8,P1319,+1884-00-00T00:00:00Z/9,P1326,+1885-00-00T00:00:00Z/9
18155965	Paris 16	269373	2012-01-24T20:11:25Z	2012-01-25
18155966	Paris 16	269373	2012-01-24T20:11:25Z	2012-01-25
18155967	Đại Việt quốc	11655741	2023-12-04T04:07:55Z	1883
18155969	Paris 16	269373	2012-01-24T20:11:27Z	2012-01-25
18155970	Paris 16	269373	2012-01-24T20:11:27Z	2012-01-25
18155973	Paris 16	269373	2012-01-24T20:11:29Z	2012-01-25
18155974	Paris 16	269373	2012-01-24T20:11:30Z	2012-01-25
18155975	Paris 16	269373	2012-01-24T20:11:31Z	2012-01-25
18155976	Paris 16	269373	2012-01-24T20:11:31Z	2012-01-25
18155977	Paris 16	269373	2012-01-24T20:11:32Z	2012-01-25
18155978	Paris 16	269373	2012-01-24T20:11:32Z	2012-01-25
18156190	Paris 16	269373	2012-01-24T20:36:20Z	2012-01-25
18156191	Paris 16	269373	2012-01-24T20:36:20Z	2012-01-25
18156192	Paris 16	269373	2012-01-24T20:36:20Z	2012-01-25
18156193	Paris 16	269373	2012-01-24T20:36:22Z	2012-01-25
18156194	Paris 16	269373	2012-01-24T20:36:22Z	2012-01-25
18156196	Paris 16	269373	2012-01-24T20:36:22Z	2012-01-25
18156197	Paris 16	269373	2012-01-24T20:36:23Z	2012-01-25
18156198	Paris 16	269373	2012-01-24T20:36:24Z	2012-01-25
18156199	Paris 16	269373	2012-01-24T20:36:24Z	2012-01-25
18156200	Paris 16	269373	2012-01-24T20:36:25Z	2012-01-25
18156201	Paris 16	269373	2012-01-24T20:36:26Z	2012-01-25
18156202	Paris 16	269373	2012-01-24T20:36:26Z	2012-01-25
18156203	Paris 16	269373	2012-01-24T20:36:27Z	2012-01-25
18156204	Paris 16	269373	2012-01-24T20:36:27Z	2012-01-25
18156205	Paris 16	269373	2012-01-24T20:36:27Z	2012-01-25
18156206	Paris 16	269373	2012-01-24T20:36:29Z	2012-01-25
18156207	Paris 16	269373	2012-01-24T20:36:29Z	2012-01-25
18156208	Paris 16	269373	2012-01-24T20:36:29Z	2012-01-25
18156209	Paris 16	269373	2012-01-24T20:36:30Z	2012-01-25
18156210	Paris 16	269373	2012-01-24T20:36:31Z	2012-01-25
18156211	Paris 16	269373	2012-01-24T20:36:31Z	2012-01-25
18156212	Paris 16	269373	2012-01-24T20:36:32Z	2012-01-25
18156213	Paris 16	269373	2012-01-24T20:36:32Z	2012-01-25
18156214	Paris 16	269373	2012-01-24T20:36:32Z	2012-01-25
18156215	Paris 16	269373	2012-01-24T20:36:34Z	2012-01-25
18156216	Paris 16	269373	2012-01-24T20:36:34Z	2012-01-25
18156217	Paris 16	269373	2012-01-24T20:36:34Z	2012-01-25
18156218	Paris 16	269373	2012-01-24T20:36:35Z	2012-01-25
18156219	Paris 16	269373	2012-01-24T20:36:36Z	2012-01-25
18156220	Paris 16	269373	2012-01-24T20:36:36Z	2012-01-25
18156257	Paris 16	269373	2012-01-24T20:41:31Z	2012-01-25
18156258	Paris 16	269373	2012-01-25T10:04:58Z	2012-01-25
18156259	Paris 16	269373	2012-01-24T20:41:31Z	2012-01-25
18156260	Paris 16	269373	2012-01-24T20:41:32Z	2012-01-25
18156261	Paris 16	269373	2012-01-24T20:41:32Z	2012-01-25
18156288	Paris 16	269373	2012-01-25T10:12:24Z	2012-01-25
18180394	Paris 16	269373	2012-01-27T08:27:02Z	2010:03:20 09:27:55
18180395	Paris 16	269373	2012-01-27T08:27:02Z	early 20 th century date QS:P,+1950-00-00T00:00:00Z/7,P4241,Q40719727
18180396	Paris 16	269373	2012-01-27T08:27:02Z	early 20 th century date QS:P,+1950-00-00T00:00:00Z/7,P4241,Q40719727
18180400	Paris 16	269373	2012-01-27T08:27:05Z	early 20 th century date QS:P,+1950-00-00T00:00:00Z/7,P4241,Q40719727
18180402	Paris 16	269373	2012-01-27T08:27:06Z	2010:03:20 09:24:01
18180408	Paris 16	269373	2012-01-27T08:27:09Z	2010:03:20 09:25:43
18512965	Paris 16	269373	2012-02-27T11:40:54Z	between 1884 and 1885 date QS:P,+1884-00-00T00:00:00Z/8,P1319,+1884-00-00T00:00:00Z/9,P1326,+1885-00-00T00:00:00Z/9
21726338	Lamiot	31172	2012-09-28T20:32:13Z	2012:09:22 11:12:14
23393584	Paris 16	269373	2012-12-29T07:43:23Z	1898 date QS:P571,+1898-00-00T00:00:00Z/9
23394291	Paris 16	269373	2012-12-29T07:53:35Z	1898 date QS:P571,+1898-00-00T00:00:00Z/9
25701056	Vieux têtard	1875995	2013-04-21T20:07:43Z	2013-04-21 22:06:35
34809045	源義信	8476990	2022-10-21T12:16:15Z	1942
37896972	Musée Annam	6888967	2017-12-12T14:06:28Z	1885
39668688	Musée Annam	6888967	2017-12-12T14:10:15Z	1885
56380902	Balabinrm	549918	2017-02-18T02:59:09Z	between 1872 and 1905 date QS:P,+1500-00-00T00:00:00Z/6,P1319,+1872-00-00T00:00:00Z/9,P1326,+1905-00-00T00:00:00Z/9
61289178	Chaumot	926708	2017-07-25T04:00:41Z	circa 1910 date QS:P,+1910-00-00T00:00:00Z/9,P1480,Q5727902
62957815	FC12P	6811992	2017-09-30T15:14:14Z	2014-09-09 21:12:30
62957826	FC12P	6811992	2017-09-30T15:14:20Z	2014-09-09 21:12:30
62957833	FC12P	6811992	2017-09-30T15:14:24Z	2014-09-09 21:12:30
65605947	I Love Triệu Đà	1453725	2018-01-17T20:46:31Z	2018-01-18
89173506	Alex 69200 vx	7865866	2020-04-16T04:53:13Z	During the French Colonial period so no later than 1945
102120600	Donald Trung	6592656	2021-03-22T12:46:29Z	1884
104040514	Donald Trung	6592656	2021-04-21T03:01:13Z	1925
107169508	Donald Trung	6592656	2021-07-02T07:29:29Z	1902
108629843	Donald Trung	6592656	2021-08-15T17:11:38Z	Circa 1920's (likely).
108883761	Thyj	3835345	2026-07-23T14:24:26Z	Before the 1940's.
109499782	Uaileann	10572649	2021-08-30T21:13:30Z	2021-08-01
111845170	Le Petit Chat	6699536	2021-10-27T15:13:06Z	between 1929-1931 and
117457942	Jmouritz127	7182887	2018-05-19T10:09:58Z	2018-04-04 16:36:42
117628429	Donald Trung	6592656	2022-05-02T20:50:03Z	1880s date QS:P,+1880-00-00T00:00:00Z/8
117875716	Donald Trung	6592656	2022-05-10T22:26:50Z	2020-09-24 17:12:12
117937374	Donald Trung	6592656	2022-05-12T16:23:32Z	1933
117962392	Donald Trung	6592656	2022-05-13T11:55:08Z	2022-05-13 13:49:49
118816705	Donald Trung	6592656	2022-06-05T22:23:36Z	April 1896
118869671	Donald Trung	6592656	2022-06-06T18:49:34Z	1943-06-03
119097945	Donald Trung	6592656	2022-06-09T08:40:07Z	1900s date QS:P,+1900-00-00T00:00:00Z/8
119097947	Donald Trung	6592656	2022-06-09T08:40:11Z	1900s date QS:P,+1900-00-00T00:00:00Z/8
119097948	Donald Trung	6592656	2022-06-09T08:40:11Z	1900s date QS:P,+1900-00-00T00:00:00Z/8
119097949	Donald Trung	6592656	2022-06-09T08:40:15Z	1900s date QS:P,+1900-00-00T00:00:00Z/8
119097950	Donald Trung	6592656	2022-06-09T08:40:18Z	1900s date QS:P,+1900-00-00T00:00:00Z/8
119097956	Donald Trung	6592656	2022-06-09T08:40:26Z	1900s date QS:P,+1900-00-00T00:00:00Z/8
119097962	Donald Trung	6592656	2022-06-09T08:40:36Z	1900s date QS:P,+1900-00-00T00:00:00Z/8
119097969	Donald Trung	6592656	2022-06-09T08:40:39Z	1900s date QS:P,+1900-00-00T00:00:00Z/8
119097975	Donald Trung	6592656	2022-06-09T08:40:43Z	1900s date QS:P,+1900-00-00T00:00:00Z/8
119097983	Donald Trung	6592656	2022-06-09T08:40:55Z	1900s date QS:P,+1900-00-00T00:00:00Z/8
119578773	Donald Trung	6592656	2022-06-21T22:52:52Z	Published before 1945.
119578774	Donald Trung	6592656	2022-06-21T22:52:52Z	Published before 1945.
119578775	Donald Trung	6592656	2022-06-21T22:52:52Z	Published before 1945.
119578778	Donald Trung	6592656	2022-06-21T22:52:57Z	Published before 1945.
119578779	Donald Trung	6592656	2022-06-21T22:52:58Z	Published before 1945.
120224434	Donald Trung	6592656	2022-07-08T19:15:52Z	1940's.
120242658	Donald Trung	6592656	2022-07-09T08:04:22Z	1940's.
125206200	Donald Trung	6592656	2022-11-09T17:02:30Z	19th (nineteenth) century.
125206201	Donald Trung	6592656	2022-11-09T17:02:30Z	19th (nineteenth) century.
125206202	Donald Trung	6592656	2022-11-09T17:02:30Z	19th (nineteenth) century.
125354525	Donald Trung	6592656	2022-11-12T23:41:50Z	Circa 1940.
125487052	Donald Trung	6592656	2022-11-15T10:25:02Z	1888
125656932	Donald Trung	6592656	2022-11-18T13:38:38Z	First half (1st ½) of the 20th (twentieth) century.
125666470	Donald Trung	6592656	2022-11-18T19:14:08Z	1892
125666505	Donald Trung	6592656	2022-11-18T19:15:49Z	1890's.
125666744	Donald Trung	6592656	2022-11-18T19:23:59Z	1890's.
125666751	Donald Trung	6592656	2022-11-18T19:24:26Z	1890's.
125669112	Donald Trung	6592656	2022-11-18T20:36:09Z	1900
126114562	Donald Trung	6592656	2022-11-29T22:38:57Z	before 1945 date QS:P,+1945-00-00T00:00:00Z/7,P1326,+1945-00-00T00:00:00Z/9
126457274	Đại Việt quốc	11655741	2022-12-09T06:38:37Z	1930
130717947	Donald Trung	6592656	2023-04-14T11:47:28Z	Before 1945.
130812077	Donald Trung	6592656	2023-04-17T08:40:44Z	Late 19th (nineteenth) or early 20th (twentieth) century.
130876697	Le Petit Chat	6699536	2023-04-19T08:25:41Z	2012:11:20 10:37:50
132123435	Donald Trung	6592656	2023-05-19T23:00:35Z	1920s date QS:P,+1920-00-00T00:00:00Z/8
132123436	Donald Trung	6592656	2023-05-19T23:00:35Z	1920s date QS:P,+1920-00-00T00:00:00Z/8
132291604	Donald Trung	6592656	2023-05-24T19:07:50Z	1900s date QS:P,+1900-00-00T00:00:00Z/8
132296401	Donald Trung	6592656	2023-05-24T21:57:53Z	1930's~1940's.
132305897	Donald Trung	6592656	2023-05-25T06:59:49Z	1900
132308056	Donald Trung	6592656	2023-05-25T08:21:37Z	Late 19th (nineteenth) early 20th (twentieth) century.
132348063	源義信	8476990	2023-05-26T12:50:39Z	2005:12:14
133461520	Donald Trung	6592656	2023-06-22T22:23:21Z	Before 1945.
133461521	Donald Trung	6592656	2023-06-22T22:23:21Z	Before 1945.
133932245	Donald Trung	6592656	2023-07-04T09:43:04Z	2023-06-20 18:02:25
139977412	Pyb en résidence	11928730	2023-11-02T09:36:17Z	between 1921 and 1931 date QS:P571,+1950-00-00T00:00:00Z/7,P1319,+1921-00-00T00:00:00Z/9,P1326,+1931-00-00T00:00:00Z/9
141649561	Đại Việt quốc	11655741	2023-12-02T19:45:49Z	circa 1899 date QS:P,+1899-00-00T00:00:00Z/9,P1480,Q5727902
143868331	Tluppuk	12717624	2024-01-12T14:55:29Z	2023-03-09
145062396	源義信	8476990	2024-02-06T10:29:02Z	between 1883 and 1945 date QS:P,+1500-00-00T00:00:00Z/6,P1319,+1883-00-00T00:00:00Z/9,P1326,+1945-00-00T00:00:00Z/9
145129520	源義信	8476990	2024-02-08T09:25:41Z	circa 1890s
145129593	源義信	8476990	2024-02-08T09:31:15Z	circa 1890s
145137382	源義信	8476990	2024-02-08T16:22:26Z	2005:12:14
145137543	源義信	8476990	2024-02-08T16:26:56Z	2005:12:14
169390286	源義信	8476990	2025-07-07T07:16:04Z	2005:08:05
5717050	Gryffindor	11219	2009-01-14T23:03:34Z	2008:12:29 08:45:14
5717063	Gryffindor	11219	2009-01-14T23:05:40Z	2008:12:29 08:47:20
6761487	Tuanta	55214	2009-05-12T15:34:10Z	2004-11-01
7303430	Adam63	754754	2009-07-14T18:59:07Z	2006:01:03 01:30:30
7313186	Adam63	754754	2009-07-16T03:39:16Z	2006:01:03 03:53:48
28861212	Grossbildjaeger	3071839	2013-10-05T17:10:55Z	2006:02:20 09:53:42
113625938	Jmouritz127	7182887	2021-12-24T20:02:35Z	
122588540	The Hanoian	11517268	2022-09-03T05:31:46Z	2022:09:02 12:42:41
132999953	Lachy70	10590629	2023-06-12T06:08:59Z	2023-06-12
158345054	Gutten på Hemsen	6158987	2025-01-21T23:54:53Z	2023-06-07
158345257	Gutten på Hemsen	6158987	2025-01-21T23:58:50Z	2023-06-07
11920004	Daaé	267232	2010-10-30T10:47:56Z	2010:10:30 15:01:01
11920007	Daaé	267232	2010-10-30T10:48:10Z	2010:10:30 15:01:10
66874480	Donald Trung	6592656	2018-02-27T21:35:43Z	2018:02:27 17:05:05
93542215	Linhcandng	6497893	2019-07-16T02:17:47Z	2016-08-21
9072876	Alistair Morrenger	997487	2010-01-25T12:57:38Z	2009:11:26 08:41:09
62738415	Donald Trung	6592656	2017-09-25T08:39:16Z	2017:09:11 14:50:06
195793651	Vmosnokia31	14739486	2026-07-20T15:31:59Z	2026-07-17
80522453	Adam63	754754	2019-07-19T03:46:58Z	2019:06:15 21:44:43
186544	Vardion	1275	2006-01-20T22:13:57Z	
3858292	Jarekt	164349	2008-07-12T04:09:10Z	2002
4507964	Clarin	71947	2008-08-05T21:43:10Z	uploaded to english Wikipedia 1 August 2008
9484808	Grenouille vert	637652	2010-02-15T16:48:59Z	1967-06-30
10976409	Dragfyre	87707	2010-07-22T19:02:04Z	1967-06-30
47245851	Justvagabonding	5052269	2016-02-29T18:00:23Z	2008-12-08
80634653	US National Archives bot	1609075	2019-07-22T20:36:20Z	1942 – 1972
80634655	US National Archives bot	1609075	2019-07-22T20:36:29Z	1942 – 1972
82054317	BasilLeaf	614378	2019-09-11T00:07:59Z	2019-09-10
92185993	NewUniverse	8843787	2020-07-13T03:27:54Z	2020-07-12
105754027	Orizan	8118308	2021-05-23T16:00:58Z	2008-11-29 13:06
112372270	Ltn12345	9888123	2021-11-08T14:57:35Z	2021-10-25
112372416	Ltn12345	9888123	2021-11-08T15:07:00Z	2021-10-25
112438093	Ltn12345	9888123	2021-11-11T16:23:36Z	2021-01-18
113943818	Otingmasnglind2156dec	10885332	2022-01-03T11:02:40Z	2022-01-03
121240747	Gzen92Bot	5142080	2022-07-29T20:26:22Z	
121240831	Gzen92Bot	5142080	2022-07-29T20:28:48Z	
125381004	Roadeditingonline	7162156	2022-11-13T14:06:07Z	2022-11-13
125381197	Roadeditingonline	7162156	2022-11-13T14:13:28Z	2022-11-13
130863956	Đại Việt quốc	11655741	2023-04-18T21:26:44Z	2008:11:20 09:14:16
133061924	Roadeditingonline	7162156	2023-06-13T17:11:50Z	1983
156293904	Roadeditingonline	7162156	2024-12-05T13:07:04Z	01/01/2005
168741807	Natteru	13166749	2025-06-28T14:38:06Z	2025:02:24 23:59:34
175464470	Trên Quê Hương Ngày Mới	13819290	2025-09-23T09:15:37Z	2025-09-23
175481129	Trên Quê Hương Ngày Mới	13819290	2026-07-10T14:57:34Z	2025-09-23
180380809	Trên Quê Hương Ngày Mới	13819290	2025-12-20T15:03:21Z	2025-12-20
181111107	Trên Quê Hương Ngày Mới	13819290	2026-01-02T15:23:18Z	2026-01-02
181286366	Trên Quê Hương Ngày Mới	13819290	2026-01-05T13:53:33Z	2026-01-05
181286370	Trên Quê Hương Ngày Mới	13819290	2026-01-05T13:53:36Z	2026-01-05
188233481	Trên Quê Hương Ngày Mới	13819290	2026-04-06T14:26:57Z	2026-04-06
198785736	ThienVu239	15159502	2026-09-03T15:13:18Z	2026-09-03
181298250	Fabe56	195994	2026-01-05T16:59:39Z	2015:11:21 00:28:17
181298253	Fabe56	195994	2026-01-05T16:59:42Z	2015:11:21 00:13:56
181298255	Fabe56	195994	2026-01-05T16:59:46Z	2015:11:20 23:44:06
181298259	Fabe56	195994	2026-01-05T16:59:49Z	2015:11:20 23:39:01
2990098	Bogomolov.PL	111731	2018-07-29T19:29:28Z	2018:07:29 22:27:04
3259016	Pierredh	235834	2007-12-21T15:42:47Z	2004:06:20 15:11:38
10009238	Hohum	328734	2015-10-05T13:15:43Z	2010-04-13
10561501	Rotatebot	223487	2011-12-27T22:26:15Z	2006:01:09 06:43:44
17514467	Flickr upload bot	152505	2011-11-28T22:38:27Z	2011:02:02 17:38:30
26363942	File Upload Bot (Magnus Manske)	40038	2013-05-28T02:55:05Z	2012:02:08 09:02:47
26364428	File Upload Bot (Magnus Manske)	40038	2013-05-28T03:07:25Z	2012:02:08 09:02:47
26364459	File Upload Bot (Magnus Manske)	40038	2013-05-28T03:08:11Z	2012:02:08 08:57:12
58843489	Garitan	1462816	2017-05-13T07:45:17Z	2017:05:11 15:47:51
64219024	Ser Amantio di Nicolao	23396	2017-11-20T22:29:41Z	2017:11:08 13:21:49
64219026	Ser Amantio di Nicolao	23396	2017-11-20T22:29:46Z	2017:11:08 13:22:01
64219039	Ser Amantio di Nicolao	23396	2017-11-20T22:30:03Z	2017:11:08 13:21:44
64219056	Ser Amantio di Nicolao	23396	2017-11-20T22:30:29Z	2017:11:08 13:22:34
70142680	Pan krzyżówka	914207	2018-06-22T13:15:38Z	2010:04:10 08:07:41
88528812	Christophe95	1796596	2020-03-24T20:45:23Z	2018:08:04 14:05:36
88528814	Christophe95	1796596	2020-03-24T20:45:22Z	2018:08:04 14:11:12
92515145	Benzoyl	1489682	2020-07-23T03:28:06Z	2015:11:23 13:06:58
108169364	Ltn12345	9888123	2021-08-05T09:58:13Z	2015:12:27 04:21:05
110763907	Nguyenhai314	8955777	2021-10-06T01:44:29Z	2018:01:30 09:33:01
112835863	Syced	27103	2021-11-26T10:54:05Z	2003:07:27 11:20:34
112835868	Syced	27103	2021-11-26T10:54:29Z	2003:07:27 11:20:25
113367097	Greenknight dv	1844778	2021-12-14T21:52:41Z	1942-03-29
140580206	Đại Việt quốc	11655741	2023-11-11T09:42:42Z	2016:05:06 20:06:05
147918771	Tranminh360	818237	2024-05-01T04:34:49Z	1935
12884959	Trananh1980	1117664	2011-02-02T16:51:06Z	
12884973	Trananh1980	1117664	2011-02-02T16:52:26Z	
12884981	Trananh1980	1117664	2011-02-02T16:53:36Z	
12884991	Trananh1980	1117664	2011-02-02T16:54:40Z	
12885005	Trananh1980	1117664	2011-02-02T16:55:55Z	
12885015	Trananh1980	1117664	2011-02-02T16:56:59Z	
12885024	Trananh1980	1117664	2011-02-02T16:58:02Z	2010-10-10
16968851	Theduong	496997	2011-10-12T23:53:30Z	2010:10:10 10:45:30
17514791	Flickr upload bot	152505	2011-11-28T23:23:12Z	2010:10:11 08:00:24
17568905	Diane Selwyn	1485518	2011-12-04T08:18:36Z	2011:12:04 10:37:39
34847267	Arvn	4023942	2014-08-20T14:07:30Z	2014-08-20 21:06:18
48164378	Damian Vo	2990620	2016-04-13T09:53:12Z	2010:10:01 21:16:11
48164380	Damian Vo	2990620	2016-04-13T09:53:17Z	2010:10:01 13:49:55
48164381	Damian Vo	2990620	2016-04-13T09:53:17Z	2010:10:01 08:23:45
48164382	Damian Vo	2990620	2016-04-13T09:53:22Z	2010:09:21 17:06:01
48164383	Damian Vo	2990620	2016-04-13T09:53:22Z	2010:10:01 08:27:47
48164384	Damian Vo	2990620	2016-04-13T09:53:29Z	2010:10:01 13:55:09
48164385	Damian Vo	2990620	2016-04-13T09:53:29Z	2010:10:01 14:26:43
48164386	Damian Vo	2990620	2016-04-13T09:53:35Z	2010:10:01 13:48:59
48164387	Damian Vo	2990620	2016-04-13T09:53:36Z	2010:09:22 15:44:46
48164392	Damian Vo	2990620	2016-04-13T09:53:42Z	2010:10:01 14:22:27
48164393	Damian Vo	2990620	2016-04-13T09:53:43Z	2010:09:30 01:07:59
48164394	Damian Vo	2990620	2016-04-13T09:53:47Z	2010:09:22 15:48:12
48164395	Damian Vo	2990620	2016-04-13T09:53:50Z	2010:10:01 14:30:36
48164397	Damian Vo	2990620	2016-04-13T09:53:54Z	2010:10:01 14:00:29
48164398	Damian Vo	2990620	2016-04-13T09:53:56Z	2010:10:01 14:01:48
48164399	Damian Vo	2990620	2016-04-13T09:54:00Z	2010:10:01 14:31:01
48164401	Damian Vo	2990620	2016-04-13T09:54:05Z	2010:10:01 13:49:55
48164403	Damian Vo	2990620	2016-04-13T09:54:09Z	2010:09:30 05:40:14
48164404	Damian Vo	2990620	2016-04-13T09:54:13Z	2010:10:01 14:39:28
94008770	Bdanh	6515528	2017-12-07T02:06:26Z	2010:10:10 21:48:29
64218774	Ser Amantio di Nicolao	23396	2017-11-20T22:16:54Z	2017:11:08 10:42:40
64218776	Ser Amantio di Nicolao	23396	2017-11-20T22:16:57Z	2017:11:08 10:47:33
64218782	Ser Amantio di Nicolao	23396	2017-11-20T22:17:14Z	2017:11:08 10:43:31
91542301	Pieceofmetalwork	2030598	2020-10-21T10:04:51Z	2009:12:12 12:46:30
110025924	Nguyenhai314	8955777	2021-09-14T00:33:47Z	2018:01:27 11:18:39
110763904	Nguyenhai314	8955777	2021-10-06T01:44:19Z	2018:01:29 19:01:39
110939203	Trung geo	6363419	2021-10-13T04:48:26Z	2021:10:13 06:31:38
113976074	Kien1980v	1137033	2022-01-04T09:22:16Z	2022:01:04 15:37:12
137891921	Văn Hóa Làng Xã VN	10298120	2023-09-21T05:55:47Z	2023:09:21 11:47:31
137892022	Văn Hóa Làng Xã VN	10298120	2023-09-21T06:01:17Z	2023:09:21 11:48:47
137892297	Văn Hóa Làng Xã VN	10298120	2023-09-21T06:17:21Z	2023:09:21 11:49:02
149568443	Văn Hóa Làng Xã VN	10298120	2024-06-20T20:10:24Z	2024:06:18 13:35:43
10432522	Gryffindor	11219	2010-05-26T01:23:00Z	2008:12:29 08:21:20
11139187	File Upload Bot (Magnus Manske)	40038	2010-08-10T09:32:44Z	2005:01:02 23:20:03
50473443	Guerinf	1353580	2016-08-03T20:08:24Z	2016:04:23 00:02:07
50473444	Guerinf	1353580	2016-08-03T20:08:25Z	2016:04:23 00:03:57
50473445	Guerinf	1353580	2016-08-03T20:08:25Z	2016:04:23 00:01:39
88500332	Christophe95	1796596	2020-03-23T23:11:09Z	2018:08:04 13:20:27
10419959	Gryffindor	11219	2010-05-24T19:51:05Z	2008:12:29 07:45:09
10419965	Gryffindor	11219	2010-05-24T19:51:24Z	2008:12:29 07:45:13
10419971	Gryffindor	11219	2010-05-24T19:51:43Z	2008:12:29 07:45:31
11754809	Grenouille vert	637652	2010-10-11T08:52:29Z	2010:10:09 10:29:28
13188120	Chrisvomberg	286897	2011-02-07T13:27:40Z	2011-02-07
88526799	Christophe95	1796596	2020-03-24T19:56:48Z	2018:08:04 13:43:58
88526800	Christophe95	1796596	2020-03-24T19:56:48Z	2018:08:04 13:41:00
88526801	Christophe95	1796596	2020-03-24T19:56:48Z	2018:08:04 13:42:09
88526802	Christophe95	1796596	2020-03-24T19:56:50Z	2018:08:04 13:46:47
93961776	Vanminhhanoi	9648939	2006-02-21T12:02:39Z	2003:11:09 10:14:40
94652331	Phuongcacanh	853300	2010-10-11T05:46:08Z	2 - 10 - 2010
1960440	Kransky	104155	2007-04-17T04:42:27Z	
3529982	DanMS	91864	2008-02-10T03:41:44Z	2007:12:12 15:26:31
8961010	SDriskell	554119	2010-01-11T15:54:50Z	2007:02:08 09:35:21
65939639	Howard61313	160479	2018-01-29T05:55:10Z	2018:01:25 09:11:27
141216348	Hwi.padam	10380124	2023-11-22T04:53:35Z	Unknown date
174782811	OptimusPrimeBot	9136843	2025-09-10T03:33:52Z	2025:04:14 00:01:03
194569010	Hwi.padam	10380124	2026-06-26T04:55:02Z	2023:04:15 08:29:41
30156029	Saftgurka	1668190	2013-12-14T18:04:08Z	2013:12:01 14:49:26
30156030	Saftgurka	1668190	2013-12-14T18:04:08Z	2013:12:01 14:49:40
66957964	Donald Trung	6592656	2018-03-02T03:39:13Z	2018:03:02 09:00:09
21703817	VortBot	6729803	2017-10-20T16:03:13Z	2011:03:24 03:03:40
40352532	Trần Nguyễn Minh Huy	779750	2015-05-21T07:34:29Z	2012-09
119587542	Donald Trung	6592656	2022-06-22T06:43:48Z	2022:06:02 08:36:07
119587543	Donald Trung	6592656	2022-06-22T06:43:48Z	2022:06:02 08:36:42
119587544	Donald Trung	6592656	2022-06-22T06:43:48Z	2022:06:02 08:35:03
119587550	Donald Trung	6592656	2022-06-22T06:43:52Z	2022:06:02 08:46:05
119587551	Donald Trung	6592656	2022-06-22T06:43:52Z	2022:06:02 08:48:48
119587552	Donald Trung	6592656	2022-06-22T06:43:53Z	2022:06:02 08:48:04
123302966	Niegodzisie	7186523	2022-09-23T16:43:00Z	Unknown date
3002201	Nguyễn Thanh Quang	4539	2007-11-01T03:39:53Z	2007:08:28 20:36:40
3016328	Nguyễn Thanh Quang	4539	2007-11-04T03:07:38Z	2006:11:14 17:30:09
3093219	Hohum	328734	2017-06-18T10:10:07Z	1970
3380740	Movieevery	241032	2008-01-13T09:03:13Z	1973-01-01
4375681	Kelisi	171630	2008-07-14T02:49:34Z	2008-02-07
5921206	Lulutiki~commonswiki	548142	2009-02-11T04:37:37Z	2007-10
7326998	Newone	36891	2009-07-18T02:54:49Z	2009:07:07 06:59:22
7327010	Newone	36891	2009-07-18T02:58:52Z	2009:07:07 06:58:23
7327068	Newone	36891	2009-07-18T03:21:01Z	2009:07:07 06:59:53
8035032	Raeky	266691	2009-10-11T01:12:02Z	2008:04:24 23:18:23
17515676	Flickr upload bot	152505	2011-11-29T01:52:22Z	2009:01:31 08:07:33
20885200	EuroCarGT	2156645	2014-09-21T15:38:05Z	Unknown date
47740884	Kingofthedead	4652754	2016-03-25T02:13:53Z	0000:00:00 00:00:00
50602073	Guerinf	1353580	2016-08-10T18:58:22Z	2016:04:27 23:30:45
64218441	Ser Amantio di Nicolao	23396	2017-11-20T22:04:59Z	2017:11:04 17:19:46
64218453	Ser Amantio di Nicolao	23396	2017-11-20T22:05:23Z	2017:11:04 17:08:12
64218459	Ser Amantio di Nicolao	23396	2017-11-20T22:05:34Z	2017:11:04 17:10:22
64218461	Ser Amantio di Nicolao	23396	2017-11-20T22:05:36Z	2017:11:04 17:39:47
64218462	Ser Amantio di Nicolao	23396	2017-11-20T22:05:38Z	2017:11:04 17:45:12
64218465	Ser Amantio di Nicolao	23396	2017-11-20T22:05:52Z	2017:11:04 17:46:16
64218466	Ser Amantio di Nicolao	23396	2017-11-20T22:05:53Z	2017:11:04 17:19:59
64218471	Ser Amantio di Nicolao	23396	2017-11-20T22:06:00Z	2017:11:04 17:49:54
65466124	Dronepicr	5310964	2018-01-12T23:29:06Z	2017:08:01 08:21:12
66995612	Artix Kreiger 2	6900938	2018-03-03T03:37:46Z	2009:01:31 07:56:23
66995613	Artix Kreiger 2	6900938	2018-03-03T03:37:52Z	2009:01:31 08:06:11
66995618	Artix Kreiger 2	6900938	2018-03-03T03:37:58Z	2009:01:31 08:07:21
66995623	Artix Kreiger 2	6900938	2018-03-03T03:38:07Z	2009:01:31 08:07:54
66995627	Artix Kreiger 2	6900938	2018-03-03T03:38:14Z	2009:01:31 08:10:13
66995628	Artix Kreiger 2	6900938	2018-03-03T03:38:17Z	2009:01:31 08:13:50
66995632	Artix Kreiger 2	6900938	2018-03-03T03:38:34Z	2009:01:31 08:15:24
66995634	Artix Kreiger 2	6900938	2018-03-03T03:38:38Z	2009:01:31 08:15:57
66995635	Artix Kreiger 2	6900938	2018-03-03T03:38:38Z	2009:01:31 08:14:52
66995646	Artix Kreiger 2	6900938	2018-03-03T03:39:15Z	2009:01:31 08:21:23
66995650	Artix Kreiger 2	6900938	2018-03-03T03:39:36Z	2009:01:31 08:22:59
69024289	Ptrump16	6902566	2018-05-12T08:39:54Z	2018:02:16 17:05:30
69484865	Helenakfronczak	7132651	2018-05-27T15:33:11Z	2018:05:17 16:52:45
80314194	US National Archives bot	1609075	2019-07-10T22:07:01Z	2017:10:04 08:27:41
80314195	US National Archives bot	1609075	2019-07-10T22:07:06Z	2017:10:04 08:30:44
80314196	US National Archives bot	1609075	2019-07-10T22:07:12Z	2017:10:04 08:33:42
80314197	US National Archives bot	1609075	2019-07-10T22:07:17Z	2017:10:04 08:36:35
80314198	US National Archives bot	1609075	2019-07-10T22:07:23Z	2017:10:04 08:39:00
80314200	US National Archives bot	1609075	2019-07-10T22:07:29Z	2017:10:04 08:40:25
80314201	US National Archives bot	1609075	2019-07-10T22:07:35Z	2017:10:04 08:42:27
80314203	US National Archives bot	1609075	2019-07-10T22:07:41Z	2017:10:04 08:53:03
80314204	US National Archives bot	1609075	2019-07-10T22:07:46Z	2017:10:04 08:55:22
80314206	US National Archives bot	1609075	2019-07-10T22:07:52Z	2017:10:04 08:56:41
88827348	Mztourist	961488	2020-04-01T13:20:43Z	1972-12-28
88827421	Mztourist	961488	2020-04-01T13:24:47Z	1972-05-13
93936212	Phuongcacanh	853300	2014-01-03T12:24:32Z	2012:04:26 10:40:49
105754208	Orizan	8118308	2021-05-23T16:02:53Z	2009:03:01 17:42:28
105754324	Orizan	8118308	2021-05-23T16:04:17Z	2009:03:01 17:54:06
105754350	Orizan	8118308	2021-05-23T16:04:35Z	2009:03:01 18:11:14
106215027	Matlin	468775	2021-06-02T19:40:44Z	2010:12:24 15:12:42
106215033	Matlin	468775	2021-06-02T19:40:54Z	2010:12:24 15:33:18
106530812	RandomUserGuy1738	6288660	2021-06-13T07:14:06Z	2019:11:20 01:31:23
106530831	RandomUserGuy1738	6288660	2021-06-13T07:14:23Z	2019:11:20 01:46:07
106530844	RandomUserGuy1738	6288660	2021-06-13T07:14:34Z	2019:11:20 01:51:41
107993530	RandomUserGuy1738	6288660	2021-07-29T23:48:57Z	2021:07:28 17:12:51
107993531	RandomUserGuy1738	6288660	2021-07-29T23:48:58Z	2021:07:28 17:29:34
107993532	RandomUserGuy1738	6288660	2021-07-29T23:48:58Z	2021:07:28 17:33:33
107993533	RandomUserGuy1738	6288660	2021-07-29T23:48:59Z	2021:07:28 17:40:47
107993535	RandomUserGuy1738	6288660	2021-07-29T23:49:03Z	2021:07:28 17:38:27
107993537	RandomUserGuy1738	6288660	2021-07-29T23:49:08Z	2021:07:28 17:04:45
107993539	RandomUserGuy1738	6288660	2021-07-29T23:49:10Z	2021:07:28 17:19:13
107993540	RandomUserGuy1738	6288660	2021-07-29T23:49:10Z	2021:07:28 17:42:01
107993541	RandomUserGuy1738	6288660	2021-07-29T23:49:12Z	2021:07:28 17:44:49
109276477	Ltn12345	9888123	2021-08-25T09:19:12Z	2018:03:07 09:13:01
109276482	Ltn12345	9888123	2021-08-25T09:19:19Z	2018:03:07 09:23:57
109276485	Ltn12345	9888123	2021-08-25T09:19:22Z	2018:03:07 09:16:36
109276487	Ltn12345	9888123	2021-08-25T09:19:24Z	2018:03:07 10:15:55
110750537	Ltn12345	9888123	2021-10-05T15:38:32Z	2020:02:15 07:32:03
110750554	Ltn12345	9888123	2021-10-05T15:38:58Z	2020:02:15 07:35:14
110750555	Ltn12345	9888123	2021-10-05T15:38:59Z	2020:02:15 07:35:23
110750558	Ltn12345	9888123	2021-10-05T15:39:02Z	2020:02:15 07:35:48
110750560	Ltn12345	9888123	2021-10-05T15:39:09Z	2020:02:15 07:30:39
110750566	Ltn12345	9888123	2021-10-05T15:39:17Z	2020:02:15 07:42:40
110750578	Ltn12345	9888123	2021-10-05T15:39:29Z	2020:02:15 07:45:28
110750586	Ltn12345	9888123	2021-10-05T15:39:43Z	2020:02:15 08:12:36
110750589	Ltn12345	9888123	2021-10-05T15:39:46Z	2020:02:15 08:13:00
110750591	Ltn12345	9888123	2021-10-05T15:39:57Z	2020:02:15 07:29:41
113259411	Nguyenhai314	8955777	2021-12-11T13:18:01Z	2020:02:15 04:51:26
120378358	Bookish Worm	6972412	2022-07-12T18:34:05Z	between 1930 and 1936 date QS:P,+1930-00-00T00:00:00Z/8,P1319,+1930-00-00T00:00:00Z/9,P1326,+1936-00-00T00:00:00Z/9
142911120	源義信	8476990	2023-12-26T05:37:55Z	2007:08:28 20:37:20
142911133	源義信	8476990	2023-12-26T05:38:47Z	2007:08:28 20:34:46
145321174	Rc1959	1698562	2024-02-13T22:38:02Z	1999
11920224	Daaé	267232	2010-10-30T11:14:56Z	2010:10:30 13:40:32
11920239	Daaé	267232	2010-10-30T11:16:11Z	2010:10:30 13:57:02
11920240	Daaé	267232	2010-10-30T11:16:13Z	2010:10:30 14:19:46
11920242	Daaé	267232	2010-10-30T11:16:18Z	2010:10:30 14:20:13
11920355	Daaé	267232	2010-10-30T11:29:12Z	2010:10:30 14:02:52
11920364	Daaé	267232	2010-10-30T11:30:03Z	2010:10:30 14:08:07
11920366	Daaé	267232	2010-10-30T11:30:04Z	2010:10:30 14:03:22
11920368	Daaé	267232	2010-10-30T11:30:10Z	2010:10:30 14:11:22
11920378	Daaé	267232	2010-10-30T11:31:33Z	2010:10:30 14:11:51
11920380	Daaé	267232	2010-10-30T11:31:38Z	2010:10:30 14:11:41
11920381	Daaé	267232	2010-10-30T11:31:51Z	2010:10:30 14:13:43
11920382	Daaé	267232	2010-10-30T11:31:56Z	2010:10:30 14:13:32
11920490	Daaé	267232	2010-10-30T11:47:35Z	2010:10:30 14:06:20
11920540	Daaé	267232	2010-10-30T11:52:00Z	2010:10:30 14:06:36
11920544	Daaé	267232	2010-10-30T11:52:54Z	2010:10:30 14:02:20
11920545	Daaé	267232	2010-10-30T11:53:08Z	2010:10:30 14:02:30
11920551	Daaé	267232	2010-10-30T11:53:54Z	2010:10:30 14:04:32
11920555	Daaé	267232	2010-10-30T11:54:30Z	2010:10:30 14:04:41
11920557	Daaé	267232	2010-10-30T11:54:47Z	2010:10:30 14:06:00
11920560	Daaé	267232	2010-10-30T11:55:11Z	2010:10:30 14:09:09
11920562	Daaé	267232	2010-10-30T11:56:09Z	2010:10:30 14:13:01
11920569	Daaé	267232	2010-10-30T11:57:33Z	2010:10:30 14:10:24
11967429	Grenouille vert	637652	2010-11-05T01:49:25Z	2010:10:10 13:16:55
11967481	Grenouille vert	637652	2010-11-05T02:01:08Z	2010:10:10 13:51:25
15324387	Gryffindor	11219	2011-05-27T22:20:18Z	2010:10:30 13:40:32
37962152	MiguelHermoso	1644169	2015-01-21T18:31:56Z	2014:11:08 13:49:24
40531935	Keneckert	4663307	2015-05-28T13:16:17Z	2005:02:17 16:57:50
40531936	Keneckert	4663307	2015-05-28T13:16:17Z	2005:02:17 17:30:51
115838556	Praguegirl15	8645766	2022-03-06T10:19:04Z	2021:12:31 13:05:26
22959010	MGA73bot2	643716	2012-12-02T13:26:41Z	02.08.07
22959013	MGA73bot2	643716	2012-12-02T13:26:47Z	02.08.07
52705295	Guerinf	1353580	2016-11-01T17:48:33Z	2016:05:02 23:48:19
52705296	Guerinf	1353580	2016-11-01T17:48:33Z	2016:05:02 23:41:39
52705298	Guerinf	1353580	2016-11-01T17:48:36Z	2016:05:02 23:46:14
52705300	Guerinf	1353580	2016-11-01T17:48:36Z	2016:05:02 23:45:30
52705301	Guerinf	1353580	2016-11-01T17:48:36Z	2016:05:02 23:45:11
44814668	Damian Vo	2990620	2015-11-06T06:32:24Z	2011:05:27 23:37:52
44814754	Damian Vo	2990620	2015-11-06T06:41:29Z	2011:05:27 23:43:15
44815286	Damian Vo	2990620	2015-11-06T06:57:15Z	2011:05:28 01:27:51
44815473	Damian Vo	2990620	2015-11-06T07:03:58Z	2011:05:28 00:15:09
44815646	Damian Vo	2990620	2015-11-06T07:16:45Z	2012-05-26
44815826	Damian Vo	2990620	2015-11-06T07:26:45Z	2012:05:26 22:25:46
44816032	Damian Vo	2990620	2015-11-06T07:37:13Z	2012:05:26 20:52:20
44816595	Damian Vo	2990620	2015-11-06T08:05:36Z	2012:05:26 19:15:20
44816774	Damian Vo	2990620	2015-11-06T08:13:38Z	2012:05:26 19:07:06
44817029	Damian Vo	2990620	2015-11-06T08:26:08Z	2012:05:26 22:23:59
44817174	Damian Vo	2990620	2015-11-06T08:34:49Z	2012:05:26 22:25:30
44817207	Damian Vo	2990620	2015-11-06T08:36:53Z	2012:05:26 21:20:03
44817396	Damian Vo	2990620	2015-11-06T08:42:22Z	2012:05:26 21:19:08
44817443	Damian Vo	2990620	2015-11-06T08:46:32Z	2012:05:26 20:08:54
44817465	Damian Vo	2990620	2015-11-06T08:48:37Z	2012-05-26
44817834	Damian Vo	2990620	2015-11-06T09:04:40Z	2012:05:26 21:09:31
44818009	Damian Vo	2990620	2015-11-06T09:11:47Z	2012:05:26 20:06:07
44818672	Damian Vo	2990620	2015-11-06T09:38:36Z	2012:05:26 22:39:07
44818717	Damian Vo	2990620	2015-11-06T09:40:55Z	2012:05:26 20:32:49
44818821	Damian Vo	2990620	2015-11-06T09:45:26Z	2012:05:26 19:20:18
44818896	Damian Vo	2990620	2015-11-06T09:47:31Z	2012:05:26 20:33:46
44819119	Damian Vo	2990620	2015-11-06T09:54:04Z	2012:05:26 21:39:54
44819164	Damian Vo	2990620	2015-12-20T23:06:59Z	2012:05:26 22:43:25
44819249	Damian Vo	2990620	2015-11-06T10:01:18Z	2012:05:26 22:42:08
44819282	Damian Vo	2990620	2015-11-06T10:02:46Z	2012:05:26 22:35:49
44819376	Damian Vo	2990620	2015-11-06T10:07:52Z	2012-05-26
44819452	Damian Vo	2990620	2015-11-06T10:11:24Z	2012:05:26 22:34:54
44819476	Damian Vo	2990620	2015-11-06T10:13:16Z	2012:05:26 20:59:49
44819506	Damian Vo	2990620	2015-11-06T10:14:55Z	2012:05:26 22:42:53
44819549	Damian Vo	2990620	2015-11-06T10:16:41Z	2012:05:26 22:16:10
44819606	Damian Vo	2990620	2015-11-06T10:18:43Z	2012:05:26 20:31:38
44819988	Damian Vo	2990620	2015-11-06T10:30:20Z	2015-11-07 00:27:12
44820143	Damian Vo	2990620	2015-11-06T12:03:25Z	2012-05-26 22:23:59
44820762	Damian Vo	2990620	2015-11-06T12:15:58Z	2012-05-26
44887064	Damian Vo	2990620	2015-11-09T05:52:51Z	2011-05-27 23:37:52
51412646	Damian Vo	2990620	2016-09-15T08:07:55Z	2012:05:26 21:45:09
157252598	Minh Vy so cute	13486874	2024-12-29T09:45:24Z	2012:05:26 21:34:27
17514964	Flickr upload bot	152505	2011-11-28T23:47:04Z	2009:03:21 17:32:56
22545929	MGA73bot2	643716	2012-11-04T17:48:21Z	2007:05:03 15:12:11
26363933	File Upload Bot (Magnus Manske)	40038	2013-05-28T02:54:50Z	2012:02:08 10:35:55
40026459	Daderot	23761	2015-05-06T22:59:54Z	2014:08:05 22:10:26
77846406	I Love Triệu Đà	1453725	2019-04-07T17:41:13Z	2019:04:07 11:37:34
77846731	I Love Triệu Đà	1453725	2019-04-07T17:49:41Z	2019:04:07 11:40:24
105755955	Orizan	8118308	2021-05-23T16:21:21Z	2018:12:10 16:17:59
119344307	Newone	36891	2022-06-16T08:37:49Z	2022:06:09 12:30:37
145730919	Stolbovsky	3460391	2024-02-23T13:39:42Z	2023:10:29 09:35:04
179005860	Soufrau24	14224064	2025-11-27T03:12:59Z	2025-10-18 14:35:46
185405670	JeanFousrou52	14542531	2026-03-03T08:10:18Z	2026:03:03 14:32:27
185405671	JeanFousrou52	14542531	2026-03-03T08:10:18Z	2026:03:03 14:32:14
185838098	Baophucminh53G	14546358	2026-03-10T11:34:51Z	2026:03:10 15:59:48
120491729	Donald Trung	6592656	2022-07-15T14:56:09Z	1953
120498154	Donald Trung	6592656	2022-07-15T16:29:01Z	1954
5753535	P4ntt	512372	2009-01-20T14:35:31Z	2002:10:05 09:09:45
150302909	源義信	8476990	2024-07-13T16:50:25Z	Taken in 1902
3002293	Rungbachduong	208886	2007-11-01T05:08:37Z	2006:08:04 17:32:07
4099470	TonyTheTiger	93463	2008-05-24T01:51:57Z	2006-08-04
7961954	Daihockinhte	859704	2009-10-02T04:59:03Z	2009-10-02
11777422	BrokenSphere	178587	2010-10-13T21:56:31Z	2010:10:10 23:15:41
14523856	File Upload Bot (Magnus Manske)	40038	2011-03-08T16:43:41Z	2007:05:27 16:52:45
16916754	MGA73bot2	643716	2011-10-08T11:15:30Z	2006:11:26 08:57:53
19412289	Quenhitran	3093249	2015-03-16T06:23:33Z	2012-05-12
20688765	Slick-o-bot	2120548	2012-08-16T06:18:51Z	2010:10:10 23:09:40
20688770	Slick-o-bot	2120548	2012-08-16T06:19:50Z	2010:10:10 23:02:04
21344793	Slick-o-bot	2120548	2012-09-15T03:36:38Z	2010:10:10 23:29:11
21344802	Slick-o-bot	2120548	2012-09-15T03:37:39Z	2010:10:10 23:18:14
21344806	Slick-o-bot	2120548	2012-09-15T03:38:12Z	2010:10:10 23:35:47
38955755	VNU Media	4628623	2015-03-16T03:57:15Z	2015:01:16 14:32:36
38955769	VNU Media	4628623	2015-03-16T03:59:15Z	2015:01:26 09:10:28
41601783	Tungpt1710	5046812	2015-07-15T09:09:36Z	2015-07-15
55108158	Dhkinhte	6360392	2017-01-18T03:41:47Z	2017-01-18
56396819	Longdp	6413796	2017-02-18T17:26:18Z	2016:05:29 08:34:46
56396820	Longdp	6413796	2017-02-18T17:26:19Z	2016:05:29 08:21:53
56396821	Longdp	6413796	2017-02-18T17:26:20Z	2016:05:29 08:12:34
56396823	Longdp	6413796	2017-02-18T17:26:22Z	2016:05:29 09:06:45
56396825	Longdp	6413796	2017-02-18T17:26:24Z	2016:11:26 12:35:26
56396827	Longdp	6413796	2017-02-18T17:26:25Z	2016:11:26 08:52:54
56396828	Longdp	6413796	2017-02-18T17:26:25Z	2016:11:26 09:15:50
56396830	Longdp	6413796	2017-02-18T17:26:27Z	2016:11:26 09:18:57
56396834	Longdp	6413796	2017-02-18T17:26:28Z	2016:11:26 09:19:54
56396835	Longdp	6413796	2017-02-18T17:26:29Z	2016:11:26 09:20:51
56396837	Longdp	6413796	2017-02-18T17:26:30Z	2016:11:26 09:32:51
56396840	Longdp	6413796	2017-02-18T17:26:31Z	2016:11:26 09:47:40
56396841	Longdp	6413796	2017-02-18T17:26:31Z	2016:11:26 09:34:35
56396844	Longdp	6413796	2017-02-18T17:26:33Z	2016:11:26 09:56:08
56396846	Longdp	6413796	2017-02-18T17:26:35Z	2016:05:29 08:10:53
56396850	Longdp	6413796	2017-02-18T17:26:36Z	2016:05:29 09:03:37
56396856	Longdp	6413796	2017-02-18T17:26:41Z	2016:12:17 08:37:23
56396863	Longdp	6413796	2017-02-18T17:26:45Z	2016:05:29 08:27:02
63710932	Đăng Đàn Cung	6865627	2017-10-29T09:44:15Z	2010-03-12 10:40:19
67576320	Sir Nicholas de Mimsy-Porpington	34561	2018-03-22T09:05:19Z	2018:03:22 16:06:01
81894782	Dhkinhte	6360392	2019-09-05T08:33:58Z	2019-09-05
81991300	Dhkinhte	6360392	2019-09-09T03:11:12Z	2018:02:01 08:47:29
84856524	Buituan.vnu	8581196	2019-12-13T08:59:20Z	2014:10:23 18:38:03
86984054	Dhkinhte	6360392	2020-02-13T05:24:26Z	2000:01:01 00:04:23
96242982	Umpvnu	9854477	2020-11-18T10:48:15Z	2020-11-18
96245022	Umpvnu	9854477	2020-11-18T12:11:58Z	2020-11-18
112121816	Ltn12345	9888123	2021-10-31T01:15:24Z	2018:11:13 06:46:25
113109120	DangTungDuong	1095936	2021-12-06T10:13:43Z	2019:07:10 18:49:00
127165297	源義信	8476990	2022-12-30T04:46:14Z	2017-07-24
404720	Đại Việt quốc	11655741	2023-03-14T23:48:06Z	
14523898	File Upload Bot (Magnus Manske)	40038	2011-03-08T16:48:03Z	2007:05:27 15:34:22
112121825	Ltn12345	9888123	2021-10-31T01:15:32Z	2018:11:13 06:47:31
3152271	Binh Giang	149115	2007-11-27T02:42:57Z	2007:04:11 12:10:54
3648465	OhanaUnited	167651	2008-03-02T08:18:42Z	2006:10:10 08:42:19
3648470	OhanaUnited	167651	2008-03-02T08:20:29Z	2005:05:22 12:25:41
4051276	Binh Giang	149115	2008-05-15T04:27:45Z	2008:05:09 11:13:27
14608030	Malagi~commonswiki	1498867	2011-03-14T19:49:32Z	2011-03-15
14608107	Malagi~commonswiki	1498867	2011-03-14T19:59:20Z	không có gì
16902668	MGA73bot2	643716	2011-10-07T17:49:51Z	2006:10:10 07:27:14
39856254	Daderot	23761	2015-04-29T13:15:54Z	2014:08:04 23:11:55
45419952	Quang.nuce	5480251	2015-12-04T13:51:33Z	2015-12-04
50113377	Winall9x	2673957	2016-07-13T05:16:29Z	2016-07-13
78309269	CONG TRANVAN	7618515	2019-04-24T11:43:59Z	2019-03-24
93781860	Anhtuan	5424797	2007-08-31T14:05:53Z	
93961740	Malagi	9648935	2011-08-27T11:08:50Z	
94118945	Bkacad	1434316	2011-01-19T09:32:18Z	2010:08:06 09:23:36
97123725	NHHP	383983	2008-12-21T06:34:26Z	2008:12:21 10:39:51
97212148	Bkacad	1434316	2011-01-19T09:50:09Z	2005:03:17 21:07:06
98521642	Dungnhincainay	9960182	2021-01-04T13:12:45Z	2021-01-04
98521935	Dungnhincainay	9960182	2021-01-04T13:25:55Z	2021-01-04
98522147	Dungnhincainay	9960182	2021-01-04T13:33:20Z	2021-01-04
98522192	Dungnhincainay	9960182	2021-01-04T13:35:30Z	2021-01-04
98522256	Dungnhincainay	9960182	2021-01-04T13:38:55Z	2021-01-04
98522327	Dungnhincainay	9960182	2021-01-04T13:41:50Z	2021-01-04
106180386	Anhdungbk	10379286	2021-06-01T14:33:42Z	2021-06-01
113256719	Nguyenhai314	8955777	2021-12-11T10:36:34Z	2015:01:26 11:03:57
15816310	HITC2289	1607063	2011-07-17T04:26:13Z	2011-07-17
63464821	Amenoc	6810098	2017-10-19T13:15:57Z	2017:09:15 13:44:04
63464825	Amenoc	6810098	2017-10-19T13:16:00Z	2017:09:15 14:23:20
93891112	Bdanh	6515528	2018-02-19T06:02:07Z	
117518128	DiploCult	10328580	2022-04-29T20:37:24Z	2022-04-29
182016237	Chuhai07	14397974	2026-01-18T08:34:03Z	2025:10:05 16:44:44
65892046	Embedded Data Bot	6325156	2018-01-27T16:57:40Z	2016:11:19 06:02:52
115290817	GDAE	6628469	2022-02-16T05:18:10Z	2022-02-16
139947027	Maimaid	4641985	2023-11-01T14:55:56Z	2022-02-16
67599977	VanDzungLe	7108406	2018-03-23T05:05:10Z	2018:03:23 12:01:47
16916105	MGA73bot2	643716	2011-10-08T10:34:31Z	2003:09:23 15:27:34
16976942	MGA73bot2	643716	2011-10-13T21:47:10Z	2007:01:07 15:28:39
89175100	Hakutora	4943107	2018-03-09T02:35:03Z	2018:03:09 09:23:55
89175108	Hakutora	4943107	2018-03-09T02:27:27Z	2018:03:09 09:23:01
93541548	Linhcandng	6497893	2019-07-15T05:29:54Z	2016-08-20
115136220	Hươngnth	10941375	2022-02-10T03:43:11Z	2021-12-01
67834300	Luong-kim.ngoc	7120110	2018-03-30T09:31:11Z	2017:09:26 10:41:26
67834380	Luong-kim.ngoc	7120110	2018-03-30T09:33:24Z	2014:12:17 14:14:24
67834411	Luong-kim.ngoc	7120110	2018-03-30T09:34:59Z	2017:11:10 22:14:31
98513668	LuongLucy	9974446	2021-01-04T08:28:39Z	2019:03:21 15:26:34
98514555	LuongLucy	9974446	2021-01-04T09:00:01Z	2020:10:29 15:32:56
50113261	Winall9x	2673957	2016-07-13T05:05:32Z	2015-02-13
50113328	Winall9x	2673957	2016-07-13T05:10:26Z	2016-07-13
50113388	Winall9x	2673957	2016-07-13T05:18:25Z	2016-07-13
50113555	Winall9x	2673957	2016-07-13T05:34:06Z	2016-07-13
50113598	Winall9x	2673957	2016-07-13T05:38:41Z	2016-07-13
50113618	Winall9x	2673957	2016-07-13T05:40:56Z	2016-07-13
50113635	Winall9x	2673957	2016-07-13T05:43:36Z	2016-07-13
50113657	Winall9x	2673957	2016-07-13T05:45:57Z	2016-07-13
50113755	Winall9x	2673957	2016-07-13T05:49:31Z	2016-07-13
50113834	Winall9x	2673957	2016-07-13T05:52:25Z	2016-07-13
50113969	Winall9x	2673957	2016-07-13T06:03:49Z	2016-07-13
50114000	Winall9x	2673957	2016-07-13T06:07:04Z	2016-07-13
50114056	Winall9x	2673957	2016-07-13T06:12:54Z	2016-07-13
50114099	Winall9x	2673957	2016-07-13T06:16:44Z	2016-07-13
50114157	Winall9x	2673957	2016-07-13T06:22:25Z	2016-07-13
50114198	Winall9x	2673957	2016-07-13T06:24:42Z	2016-07-13
81841835	Winall9x	2673957	2019-09-03T12:45:05Z	2019:09:03 13:29:02
81841911	Winall9x	2673957	2019-09-03T12:48:04Z	2019:09:03 09:55:40
81841965	Winall9x	2673957	2019-09-03T12:51:20Z	2019:09:03 09:55:31
90894881	Winall9x	2673957	2020-06-02T16:24:48Z	2020-06-02
93541512	Linhcandng	6497893	2019-07-15T07:31:46Z	2016-08-20
177719465	Hainotdeptrai	11360387	2025-11-02T10:07:45Z	2025:10:09 10:33:01
38659512	Thongnguyen1292	1612598	2015-03-01T09:27:47Z	2006-03-01
119805797	NKSTTSSHNVN	10985169	2022-06-27T10:33:32Z	2022-06-27
46650919	Voviduc	5686918	2016-01-28T16:56:51Z	2016-01-28
77071145	Somerset999	3015244	2019-03-04T05:30:51Z	2019:02:26 15:44:41
127332110	Voviduc	5686918	2023-01-03T08:41:52Z	2023-01-03
127333414	Voviduc	5686918	2023-01-03T09:39:49Z	2019-01-21
127333534	Voviduc	5686918	2023-01-03T09:45:48Z	2019-10-30
7822599	Engineer1~commonswiki	841001	2009-09-15T23:08:25Z	
20477522	Tùng cadet	1955315	2012-07-31T09:11:39Z	2012-07-31
45337259	Quang.nuce	5480251	2015-11-30T11:31:14Z	2015-11-30
94091985	Doãn Hiệu	1270614	2013-07-06T16:32:14Z	2013:04:11 08:33:04
117550701	Tdowiki	11171413	2022-04-30T08:32:13Z	2011-08-17 01:21:33
16976918	MGA73bot2	643716	2011-10-13T21:44:47Z	2009:08:26 01:51:16
131507646	Xtvl.1971	11756432	2023-05-04T03:52:38Z	2023-05-04
3912074	File Upload Bot (Magnus Manske)	40038	2008-04-20T12:35:25Z	2007:05:27 16:39:31
10459217	FlickreviewR	84253	2010-05-27T18:16:54Z	2007-09-30
17514735	Paris 16	269373	2011-11-28T23:13:06Z	2007:01:20 10:05:18
94141906	Grenouille vert	637652	2008-10-22T09:37:02Z	2006:06:04 07:23:00
139221871	源義信	8476990	2023-10-20T03:53:12Z	before 1943 date QS:P,+1943-00-00T00:00:00Z/7,P1326,+1943-00-00T00:00:00Z/9
178112869	源義信	8476990	2025-11-09T07:03:28Z	Taken on 18 June 1946
35564307	Quenhitran	3093249	2014-09-22T15:31:25Z	2014:09:22 17:37:02
35583936	Quenhitran	3093249	2014-09-23T11:48:27Z	2014:09:22 17:37:12
35633646	Quenhitran	3093249	2014-09-25T11:02:34Z	2014:09:22 18:01:19
35633702	Quenhitran	3093249	2014-09-25T11:06:16Z	2014:09:22 18:01:40
35633743	Quenhitran	3093249	2014-09-25T11:08:15Z	2014:09:22 18:01:59
146388274	GDAE	6628469	2024-03-14T16:34:59Z	2024-02-26
109247	AndreasPraefcke	2308	2005-04-14T20:01:09Z	2003:12:13 11:16:31
364708	Mac9	11503	2005-10-11T10:25:07Z	2005-10-11
3190135	File Upload Bot (Magnus Manske)	40038	2007-12-06T08:40:07Z	29 January 2004 (original upload date)
5605602	Paris 16	269373	2008-12-31T02:37:12Z	2007-07-13
7304027	Adam63	754754	2009-07-14T20:09:51Z	2006:01:03 06:59:03
8423593	Bùi Thế Tâm	563155	2009-11-12T06:02:58Z	2009:01:26 16:11:13
14649098	Arabsalam	1468433	2017-07-21T21:48:49Z	2011:02:24 02:46:36
14715052	Paris 16	269373	2011-03-27T16:03:43Z	2006-01-18
17284720	Benoît Prieur	1321769	2011-11-09T08:33:23Z	2003
17514871	Flickr upload bot	152505	2011-11-28T23:37:16Z	2009:03:21 16:59:47
17515131	Flickr upload bot	152505	2011-11-29T00:15:12Z	2009:01:31 07:18:31
22959005	MGA73bot2	643716	2012-12-02T13:26:29Z	02.08.07
23324360	Schwede66	860615	2012-12-25T09:34:39Z	2012:12:17 14:03:30
23324361	Schwede66	860615	2012-12-25T09:34:37Z	2012:12:17 14:02:36
23324362	Schwede66	860615	2012-12-25T09:34:39Z	2012:12:17 14:19:35
27853422	Soltpret	2994359	2013-08-24T07:05:30Z	2013:07:25 15:33:44
28861203	Grossbildjaeger	3071839	2013-10-05T17:10:41Z	2006:02:20 10:08:16
47423541	Hieucd	5771935	2016-03-09T09:10:40Z	2016-03-09
48071720	Quenhitran	3093249	2016-04-08T17:30:15Z	2012:10:24 19:42:50
50998563	Vinhphat1808	6073496	2016-08-31T07:58:12Z	2016:05:16 06:34:31
64218681	Ser Amantio di Nicolao	23396	2017-11-20T22:13:16Z	2017:11:06 12:08:02
64218685	Ser Amantio di Nicolao	23396	2017-11-20T22:13:24Z	2017:11:06 12:09:50
64218689	Ser Amantio di Nicolao	23396	2017-11-20T22:13:33Z	2017:11:06 12:08:05
66958037	Donald Trung	6592656	2018-03-02T03:43:33Z	2018:03:02 09:59:48
69182387	OceanAtoll	6696728	2018-05-17T03:32:45Z	2010:07:30 20:40:33
69182389	OceanAtoll	6696728	2018-05-17T03:32:45Z	2010:07:30 20:45:32
69182390	OceanAtoll	6696728	2018-05-17T03:32:48Z	2010:07:30 20:46:14
93222708	Bdanh	6515528	2018-02-19T07:08:39Z	
93540891	Linhcandng	6497893	2019-07-16T04:11:38Z	2016-08-21
105751824	Orizan	8118308	2021-05-23T15:31:42Z	2008:08:28 16:00:29
122588712	The Hanoian	11517268	2022-09-03T05:40:20Z	2022:09:02 11:53:21
122588715	The Hanoian	11517268	2022-09-03T05:40:21Z	2022:09:02 11:56:43
122588716	The Hanoian	11517268	2022-09-03T05:40:21Z	2022:09:02 11:52:31
134030471	Benjism89	33239	2023-07-06T18:14:32Z	2023:04:25 03:25:35
140252683	Đại Việt quốc	11655741	2023-11-07T01:10:28Z	2014:02:07 06:14:28
142910854	源義信	8476990	2023-12-26T05:25:39Z	2007:08:28 21:12:54
149576269	Bookish Worm	6972412	2024-06-21T06:30:37Z	2024-06-20
149576272	Bookish Worm	6972412	2024-06-21T06:30:39Z	2024-06-20
149576276	Bookish Worm	6972412	2024-06-21T06:30:43Z	2024-06-20
196098549	Indies1	6654150	2026-07-24T13:25:13Z	2014
196098551	Indies1	6654150	2026-07-24T13:25:13Z	2014
617224	Mosmas	27221	2006-03-09T19:43:46Z	2006-12-29
617233	Mosmas	27221	2006-03-06T21:18:45Z	2006-12-29
671858	She~commonswiki	22679	2006-03-31T09:06:15Z	2005:01:21 17:00:53
715296	Mosmas	27221	2006-04-17T16:44:09Z	2006-04-17
2155485	Yonidebest	14443	2007-05-25T22:18:11Z	2006:02:16 20:16:54
5654310	User-duck	6638415	2024-01-12T23:09:15Z	2005:08:28 20:07:17
5764191	Gryffindor	11219	2009-01-21T22:11:24Z	2008:12:26 12:22:02
5764204	Gryffindor	11219	2009-01-21T22:14:03Z	2008:12:26 12:39:23
5764241	Gryffindor	11219	2009-01-21T22:16:38Z	2008:12:26 12:39:45
5764307	Gryffindor	11219	2009-01-21T22:20:39Z	2008:12:26 12:58:21
5764409	Gryffindor	11219	2009-01-21T22:26:16Z	2008:12:26 13:01:42
5773163	Gryffindor	11219	2009-01-23T10:01:36Z	2008:02:18 21:24:56
5773188	Gryffindor	11219	2009-01-23T10:09:01Z	2008-05-19
5773203	FlickreviewR	84253	2009-01-23T14:12:24Z	2008:12:22 18:59:55
10732543	Flickr upload bot	152505	2010-06-26T13:37:43Z	2010:01:26 10:15:50
12157305	Isewell	63578	2010-11-27T07:30:20Z	2005
22549972	MGA73bot2	643716	2012-11-04T21:00:58Z	2007:05:03 13:33:03
22959016	MGA73bot2	643716	2012-12-02T13:26:52Z	02.08.08
22959018	MGA73bot2	643716	2012-12-02T13:26:57Z	02.08.08
23203385	DerFussi	148927	2012-12-15T11:25:39Z	2007:08:02 13:07:15
23269859	MGA73bot2	643716	2012-12-20T18:32:04Z	31. Dezember 2005, 19:01:34
26363834	File Upload Bot (Magnus Manske)	40038	2013-05-28T02:52:32Z	2012:02:13 06:29:26
28997722	Toilet	581022	2013-10-14T10:20:42Z	2013:05:11 19:42:03
30617595	Rudolphfurtado	293808	2014-01-14T10:41:53Z	2013:12:01 20:42:09
30617652	Rudolphfurtado	293808	2014-01-14T10:46:32Z	2013:12:01 21:01:06
30617693	Rudolphfurtado	293808	2014-01-14T10:49:26Z	2013:12:01 21:00:53
30617717	Rudolphfurtado	293808	2014-01-14T10:52:11Z	2013:12:01 22:03:40
32657814	NicoRay	2548	2014-05-08T12:43:48Z	2014-05-08 14:29:44
48254063	Steven C. Price	3829920	2016-04-18T17:39:56Z	2002-12-18
48254064	Steven C. Price	3829920	2016-04-18T17:39:56Z	2002-12-18
48254065	Steven C. Price	3829920	2016-04-18T17:39:56Z	2002-12-18
48254066	Steven C. Price	3829920	2016-04-18T17:39:58Z	2002-12-18
48254067	Steven C. Price	3829920	2016-04-18T17:39:58Z	2002-12-18
48254068	Steven C. Price	3829920	2016-04-18T17:39:58Z	2002-12-18
48254069	Steven C. Price	3829920	2016-04-18T17:40:00Z	2002-12-18
48254070	Steven C. Price	3829920	2016-04-18T17:40:00Z	2002-12-18
61636552	Ziegler175	2958411	2017-08-12T15:25:57Z	2000-11
104311715	BorgQueen	106129	2009-02-04T01:09:11Z	2008:12:26 12:39:23
110026213	Nguyenhai314	8955777	2021-09-14T01:00:43Z	2018:01:27 15:16:18
142911657	源義信	8476990	2023-12-26T06:03:59Z	2007:08:26 06:05:04
142911658	源義信	8476990	2023-12-26T06:03:59Z	2007:08:26 06:04:47
142911659	源義信	8476990	2023-12-26T06:04:00Z	2007:08:26 06:04:56
142911660	源義信	8476990	2023-12-26T06:04:02Z	2007:08:26 05:59:21
142911709	源義信	8476990	2023-12-26T06:06:40Z	2007:08:26 05:20:59
142911710	源義信	8476990	2023-12-26T06:06:40Z	2007:08:26 05:26:15
142911711	源義信	8476990	2023-12-26T06:06:40Z	2007:08:26 05:57:37
142911734	源義信	8476990	2023-12-26T06:08:18Z	2007:08:26 05:16:43
142911735	源義信	8476990	2023-12-26T06:08:18Z	2007:08:26 05:17:07
142911757	源義信	8476990	2023-12-26T06:09:47Z	2007:08:26 05:03:34
142911758	源義信	8476990	2023-12-26T06:09:47Z	2007:08:26 05:05:07
142911791	源義信	8476990	2023-12-26T06:11:43Z	2007:08:26 04:49:59
9413105	Daothu	1014434	2010-02-06T19:17:14Z	2009:09:01 20:06:31
9413110	Daothu	1014434	2010-02-06T19:18:02Z	2009:09:01 20:11:46
54561360	Hoangkid	1938128	2016-12-29T02:14:16Z	2012:10:20 03:53:30
25140005	Vietkool97	2658080	2013-03-16T04:28:55Z	2012-07-01
25140038	Vietkool97	2658080	2013-03-16T04:38:56Z	2012-07-01
127997664	Hermioneswift	11398964	2023-01-22T12:57:39Z	2020-12-17
128002758	Hermioneswift	11398964	2023-01-22T16:21:55Z	2020-12-17
128002759	Hermioneswift	11398964	2023-01-22T16:21:55Z	2020-12-17
128002760	Hermioneswift	11398964	2023-01-22T16:21:55Z	2020-12-17
128019369	Hermioneswift	11398964	2023-01-23T05:39:51Z	1945-12-10
128178756	Hermioneswift	11398964	2023-01-28T12:56:49Z	2020-05-11
179499844	HamjnhThuat99Le	14258800	2025-12-06T12:20:01Z	2025-12-06
179499845	HamjnhThuat99Le	14258800	2025-12-06T12:20:02Z	2025-12-06
179499846	HamjnhThuat99Le	14258800	2025-12-06T12:20:05Z	2025-12-06
179499847	HamjnhThuat99Le	14258800	2025-12-06T12:20:06Z	2025-12-06
179499849	HamjnhThuat99Le	14258800	2025-12-06T12:20:09Z	2025-12-06
179499850	HamjnhThuat99Le	14258800	2025-12-06T12:20:09Z	2025-12-06
179499851	HamjnhThuat99Le	14258800	2025-12-06T12:20:09Z	2025-12-06
179499853	HamjnhThuat99Le	14258800	2025-12-06T12:20:12Z	2025-12-06
179499855	HamjnhThuat99Le	14258800	2025-12-06T12:20:13Z	2025-12-06
179499856	HamjnhThuat99Le	14258800	2025-12-06T12:20:13Z	2025-12-06
179499859	HamjnhThuat99Le	14258800	2025-12-06T12:20:16Z	2025-12-06
179499860	HamjnhThuat99Le	14258800	2025-12-06T12:20:16Z	2025-12-06
179499861	HamjnhThuat99Le	14258800	2025-12-06T12:20:17Z	2025-12-06
179499862	HamjnhThuat99Le	14258800	2025-12-06T12:20:19Z	2025-12-06
179499863	HamjnhThuat99Le	14258800	2025-12-06T12:20:19Z	2025-12-06
179499864	HamjnhThuat99Le	14258800	2025-12-06T12:20:20Z	2025-12-06
179499865	HamjnhThuat99Le	14258800	2025-12-06T12:20:22Z	2025-12-06
179499868	HamjnhThuat99Le	14258800	2025-12-06T12:20:23Z	2025-12-06
179499869	HamjnhThuat99Le	14258800	2025-12-06T12:20:23Z	2025-12-06
179499871	HamjnhThuat99Le	14258800	2025-12-06T12:20:26Z	2025-12-06
179499872	HamjnhThuat99Le	14258800	2025-12-06T12:20:26Z	2025-12-06
179499874	HamjnhThuat99Le	14258800	2025-12-06T12:20:27Z	2025-12-06
179499878	HamjnhThuat99Le	14258800	2025-12-06T12:20:29Z	2025-12-06
179499879	HamjnhThuat99Le	14258800	2025-12-06T12:20:30Z	2025-12-06
179499881	HamjnhThuat99Le	14258800	2025-12-06T12:20:30Z	2025-12-06
179499884	HamjnhThuat99Le	14258800	2025-12-06T12:20:32Z	2025-12-06
179499887	HamjnhThuat99Le	14258800	2025-12-06T12:20:35Z	2025-12-06
179499888	HamjnhThuat99Le	14258800	2025-12-06T12:20:36Z	2025-12-06
179499892	HamjnhThuat99Le	14258800	2025-12-06T12:20:38Z	2025-12-06
179499894	HamjnhThuat99Le	14258800	2025-12-06T12:20:39Z	2025-12-06
179499897	HamjnhThuat99Le	14258800	2025-12-06T12:20:41Z	2025-12-06
179499901	HamjnhThuat99Le	14258800	2025-12-06T12:20:45Z	2025-12-06
179499903	HamjnhThuat99Le	14258800	2025-12-06T12:20:47Z	2025-12-06
179499904	HamjnhThuat99Le	14258800	2025-12-06T12:20:49Z	2025-12-06
179499905	HamjnhThuat99Le	14258800	2025-12-06T12:20:50Z	2025-12-06
179499908	HamjnhThuat99Le	14258800	2025-12-06T12:20:53Z	2025-12-06
179499913	HamjnhThuat99Le	14258800	2025-12-06T12:20:56Z	2025-12-06
179499916	HamjnhThuat99Le	14258800	2025-12-06T12:20:59Z	2025-12-06
179499917	HamjnhThuat99Le	14258800	2025-12-06T12:21:02Z	2025-12-06
179499918	HamjnhThuat99Le	14258800	2025-12-06T12:21:03Z	2025-12-06
179499919	HamjnhThuat99Le	14258800	2025-12-06T12:21:05Z	2025-12-06
179499921	HamjnhThuat99Le	14258800	2025-12-06T12:21:07Z	2025-12-06
179499922	HamjnhThuat99Le	14258800	2025-12-06T12:21:08Z	2025-12-06
179499923	HamjnhThuat99Le	14258800	2025-12-06T12:21:11Z	2025-12-06
179499924	HamjnhThuat99Le	14258800	2025-12-06T12:21:12Z	2025-12-06
179499928	HamjnhThuat99Le	14258800	2025-12-06T12:21:14Z	2025-12-06
179499929	HamjnhThuat99Le	14258800	2025-12-06T12:21:16Z	2025-12-06
179499931	HamjnhThuat99Le	14258800	2025-12-06T12:21:18Z	2025-12-06
179500118	HamjnhThuat99Le	14258800	2025-12-06T12:31:38Z	2025-12-06
179500119	HamjnhThuat99Le	14258800	2025-12-06T12:31:38Z	2025-12-06
179500120	HamjnhThuat99Le	14258800	2025-12-06T12:31:38Z	2025-12-06
179500122	HamjnhThuat99Le	14258800	2025-12-06T12:31:41Z	2025-12-06
179500123	HamjnhThuat99Le	14258800	2025-12-06T12:31:41Z	2025-12-06
179500124	HamjnhThuat99Le	14258800	2025-12-06T12:31:41Z	2025-12-06
179500125	HamjnhThuat99Le	14258800	2025-12-06T12:31:44Z	2025-12-06
179500126	HamjnhThuat99Le	14258800	2025-12-06T12:31:45Z	2025-12-06
179500127	HamjnhThuat99Le	14258800	2025-12-06T12:31:45Z	2025-12-06
179500129	HamjnhThuat99Le	14258800	2025-12-06T12:31:47Z	2025-12-06
179500130	HamjnhThuat99Le	14258800	2025-12-06T12:31:48Z	2025-12-06
179500206	HamjnhThuat99Le	14258800	2025-12-06T12:35:17Z	2025-12-06
179500207	HamjnhThuat99Le	14258800	2025-12-06T12:35:17Z	2025-12-06
179500208	HamjnhThuat99Le	14258800	2025-12-06T12:35:17Z	2025-12-06
179500211	HamjnhThuat99Le	14258800	2025-12-06T12:35:20Z	2025-12-06
179500212	HamjnhThuat99Le	14258800	2025-12-06T12:35:21Z	2025-12-06
179500213	HamjnhThuat99Le	14258800	2025-12-06T12:35:21Z	2025-12-06
179500215	HamjnhThuat99Le	14258800	2025-12-06T12:35:24Z	2025-12-06
179500216	HamjnhThuat99Le	14258800	2025-12-06T12:35:25Z	2025-12-06
179500217	HamjnhThuat99Le	14258800	2025-12-06T12:35:28Z	2025-12-06
179500218	HamjnhThuat99Le	14258800	2025-12-06T12:35:29Z	2025-12-06
179500219	HamjnhThuat99Le	14258800	2025-12-06T12:35:29Z	2025-12-06
179500245	HamjnhThuat99Le	14258800	2025-12-06T12:37:09Z	2025-12-06
179500246	HamjnhThuat99Le	14258800	2025-12-06T12:37:09Z	2025-12-06
179500247	HamjnhThuat99Le	14258800	2025-12-06T12:37:09Z	2025-12-06
179500251	HamjnhThuat99Le	14258800	2025-12-06T12:37:15Z	2025-12-06
179500255	HamjnhThuat99Le	14258800	2025-12-06T12:37:16Z	2025-12-06
179500256	HamjnhThuat99Le	14258800	2025-12-06T12:37:17Z	2025-12-06
179500257	HamjnhThuat99Le	14258800	2025-12-06T12:37:21Z	2025-12-06
179500260	HamjnhThuat99Le	14258800	2025-12-06T12:37:24Z	2025-12-06
179500261	HamjnhThuat99Le	14258800	2025-12-06T12:37:28Z	2025-12-06
179500262	HamjnhThuat99Le	14258800	2025-12-06T12:37:29Z	2025-12-06
179500263	HamjnhThuat99Le	14258800	2025-12-06T12:37:31Z	2025-12-06
179500264	HamjnhThuat99Le	14258800	2025-12-06T12:37:31Z	2025-12-06
179500266	HamjnhThuat99Le	14258800	2025-12-06T12:37:32Z	2025-12-06
179500270	HamjnhThuat99Le	14258800	2025-12-06T12:37:35Z	2025-12-06
179500272	HamjnhThuat99Le	14258800	2025-12-06T12:37:38Z	2025-12-06
179500273	HamjnhThuat99Le	14258800	2025-12-06T12:37:38Z	2025-12-06
179500276	HamjnhThuat99Le	14258800	2025-12-06T12:37:44Z	2025-12-06
179500277	HamjnhThuat99Le	14258800	2025-12-06T12:37:48Z	2025-12-06
179500459	HamjnhThuat99Le	14258800	2025-12-06T12:47:04Z	2025-12-06
179500460	HamjnhThuat99Le	14258800	2025-12-06T12:47:04Z	2025-12-06
179500461	HamjnhThuat99Le	14258800	2025-12-06T12:47:04Z	2025-12-06
179500463	HamjnhThuat99Le	14258800	2025-12-06T12:47:16Z	2025-12-06
179500465	HamjnhThuat99Le	14258800	2025-12-06T12:47:17Z	2025-12-06
179500466	HamjnhThuat99Le	14258800	2025-12-06T12:47:17Z	2025-12-06
179500468	HamjnhThuat99Le	14258800	2025-12-06T12:47:22Z	2025-12-06
179500471	HamjnhThuat99Le	14258800	2025-12-06T12:47:23Z	2025-12-06
179500472	HamjnhThuat99Le	14258800	2025-12-06T12:47:23Z	2025-12-06
179500474	HamjnhThuat99Le	14258800	2025-12-06T12:47:30Z	2025-12-06
179500475	HamjnhThuat99Le	14258800	2025-12-06T12:47:30Z	2025-12-06
179500476	HamjnhThuat99Le	14258800	2025-12-06T12:47:30Z	2025-12-06
179500478	HamjnhThuat99Le	14258800	2025-12-06T12:47:36Z	2025-12-06
179500479	HamjnhThuat99Le	14258800	2025-12-06T12:47:36Z	2025-12-06
179500480	HamjnhThuat99Le	14258800	2025-12-06T12:47:37Z	2025-12-06
179500482	HamjnhThuat99Le	14258800	2025-12-06T12:47:42Z	2025-12-06
179500483	HamjnhThuat99Le	14258800	2025-12-06T12:47:43Z	2025-12-06
179500484	HamjnhThuat99Le	14258800	2025-12-06T12:47:44Z	2025-12-06
179500487	HamjnhThuat99Le	14258800	2025-12-06T12:47:48Z	2025-12-06
179500488	HamjnhThuat99Le	14258800	2025-12-06T12:47:49Z	2025-12-06
179500490	HamjnhThuat99Le	14258800	2025-12-06T12:47:50Z	2025-12-06
179500491	HamjnhThuat99Le	14258800	2025-12-06T12:47:56Z	2025-12-06
179500492	HamjnhThuat99Le	14258800	2025-12-06T12:47:56Z	2025-12-06
179500493	HamjnhThuat99Le	14258800	2025-12-06T12:47:57Z	2025-12-06
179500496	HamjnhThuat99Le	14258800	2025-12-06T12:48:02Z	2025-12-06
179500497	HamjnhThuat99Le	14258800	2025-12-06T12:48:03Z	2025-12-06
179500498	HamjnhThuat99Le	14258800	2025-12-06T12:48:04Z	2025-12-06
179500589	HamjnhThuat99Le	14258800	2025-12-06T12:51:41Z	2025-12-06
179500590	HamjnhThuat99Le	14258800	2025-12-06T12:51:41Z	2025-12-06
179500591	HamjnhThuat99Le	14258800	2025-12-06T12:51:41Z	2025-12-06
179500593	HamjnhThuat99Le	14258800	2025-12-06T12:51:44Z	2025-12-06
179500594	HamjnhThuat99Le	14258800	2025-12-06T12:51:45Z	2025-12-06
179500595	HamjnhThuat99Le	14258800	2025-12-06T12:51:45Z	2025-12-06
179500598	HamjnhThuat99Le	14258800	2025-12-06T12:51:48Z	2025-12-06
183874674	HS.tintin	14487815	2026-02-13T04:29:18Z	2026-02-12
183874675	HS.tintin	14487815	2026-02-13T04:29:18Z	2026-02-12
183874676	HS.tintin	14487815	2026-02-13T04:29:19Z	2026-02-12
183874681	HS.tintin	14487815	2026-02-13T04:29:23Z	2026-02-12
183874682	HS.tintin	14487815	2026-02-13T04:29:23Z	2026-02-12
183874686	HS.tintin	14487815	2026-02-13T04:29:24Z	2026-02-12
183874688	HS.tintin	14487815	2026-02-13T04:29:26Z	2026-02-12
183874689	HS.tintin	14487815	2026-02-13T04:29:27Z	2026-02-12
183874690	HS.tintin	14487815	2026-02-13T04:29:28Z	2026-02-12
183874694	HS.tintin	14487815	2026-02-13T04:29:30Z	2026-02-12
183874695	HS.tintin	14487815	2026-02-13T04:29:31Z	2026-02-12
183874697	HS.tintin	14487815	2026-02-13T04:29:32Z	2026-02-12
183874701	HS.tintin	14487815	2026-02-13T04:29:34Z	2026-02-12
183874702	HS.tintin	14487815	2026-02-13T04:29:35Z	2026-02-12
183874704	HS.tintin	14487815	2026-02-13T04:29:36Z	2026-02-12
183874706	HS.tintin	14487815	2026-02-13T04:29:38Z	2026-02-12
183874707	HS.tintin	14487815	2026-02-13T04:29:38Z	2026-02-12
183874709	HS.tintin	14487815	2026-02-13T04:29:40Z	2026-02-12
183874713	HS.tintin	14487815	2026-02-13T04:29:42Z	2026-02-12
183874714	HS.tintin	14487815	2026-02-13T04:29:42Z	2026-02-12
183874717	HS.tintin	14487815	2026-02-13T04:29:44Z	2026-02-12
183874720	HS.tintin	14487815	2026-02-13T04:29:45Z	2026-02-12
183874722	HS.tintin	14487815	2026-02-13T04:29:46Z	2026-02-12
183874725	HS.tintin	14487815	2026-02-13T04:29:47Z	2026-02-12
183874729	HS.tintin	14487815	2026-02-13T04:29:50Z	2026-02-12
183874731	HS.tintin	14487815	2026-02-13T04:29:50Z	2026-02-12
183874732	HS.tintin	14487815	2026-02-13T04:29:50Z	2026-02-12
183874735	HS.tintin	14487815	2026-02-13T04:29:54Z	2026-02-12
183874736	HS.tintin	14487815	2026-02-13T04:29:54Z	2026-02-12
183874737	HS.tintin	14487815	2026-02-13T04:29:54Z	2026-02-12
183874741	HS.tintin	14487815	2026-02-13T04:29:58Z	2026-02-12
183874742	HS.tintin	14487815	2026-02-13T04:29:58Z	2026-02-12
183874743	HS.tintin	14487815	2026-02-13T04:29:58Z	2026-02-12
183874749	HS.tintin	14487815	2026-02-13T04:30:02Z	2026-02-12
183874751	HS.tintin	14487815	2026-02-13T04:30:03Z	2026-02-12
183874752	HS.tintin	14487815	2026-02-13T04:30:03Z	2026-02-12
183874758	HS.tintin	14487815	2026-02-13T04:30:06Z	2026-02-12
183874759	HS.tintin	14487815	2026-02-13T04:30:06Z	2026-02-12
183874762	HS.tintin	14487815	2026-02-13T04:30:07Z	2026-02-12
183874765	HS.tintin	14487815	2026-02-13T04:30:09Z	2026-02-12
183874766	HS.tintin	14487815	2026-02-13T04:30:10Z	2026-02-12
183874768	HS.tintin	14487815	2026-02-13T04:30:10Z	2026-02-12
183874771	HS.tintin	14487815	2026-02-13T04:30:13Z	2026-02-12
183874772	HS.tintin	14487815	2026-02-13T04:30:13Z	2026-02-12
183874773	HS.tintin	14487815	2026-02-13T04:30:14Z	2026-02-12
183874780	HS.tintin	14487815	2026-02-13T04:30:16Z	2026-02-12
183874783	HS.tintin	14487815	2026-02-13T04:30:17Z	2026-02-12
183874784	HS.tintin	14487815	2026-02-13T04:30:17Z	2026-02-12
183875788	HS.tintin	14487815	2026-02-13T04:49:36Z	2026-02-12
183875789	HS.tintin	14487815	2026-02-13T04:49:36Z	2026-02-12
183875790	HS.tintin	14487815	2026-02-13T04:49:36Z	2026-02-12
183875794	HS.tintin	14487815	2026-02-13T04:49:42Z	2026-02-12
183875796	HS.tintin	14487815	2026-02-13T04:49:42Z	2026-02-12
183875797	HS.tintin	14487815	2026-02-13T04:49:42Z	2026-02-12
183875800	HS.tintin	14487815	2026-02-13T04:49:45Z	2026-02-12
183875801	HS.tintin	14487815	2026-02-13T04:49:46Z	2026-02-12
183875802	HS.tintin	14487815	2026-02-13T04:49:47Z	2026-02-12
183875803	HS.tintin	14487815	2026-02-13T04:49:49Z	2026-02-12
183875804	HS.tintin	14487815	2026-02-13T04:49:49Z	2026-02-12
183875805	HS.tintin	14487815	2026-02-13T04:49:50Z	2026-02-12
183875808	HS.tintin	14487815	2026-02-13T04:49:52Z	2026-02-12
183875809	HS.tintin	14487815	2026-02-13T04:49:53Z	2026-02-12
184063976	HS.tintin	14487815	2026-02-15T02:07:53Z	2026-02-08 10:00:00
184063977	HS.tintin	14487815	2026-02-15T02:07:54Z	2026-02-08 10:00:00
184063978	HS.tintin	14487815	2026-02-15T02:07:54Z	2026-02-08 10:00:00
184063984	HS.tintin	14487815	2026-02-15T02:08:00Z	2026-02-08 10:00:00
184063985	HS.tintin	14487815	2026-02-15T02:08:01Z	2026-02-08 10:00:00
184063986	HS.tintin	14487815	2026-02-15T02:08:01Z	2026-02-08 10:00:00
184063989	HS.tintin	14487815	2026-02-15T02:08:04Z	2026-02-08 10:00:00
184063990	HS.tintin	14487815	2026-02-15T02:08:04Z	2026-02-08 10:00:00
184063991	HS.tintin	14487815	2026-02-15T02:08:05Z	2026-02-08 10:00:00
184063994	HS.tintin	14487815	2026-02-15T02:08:08Z	2026-02-08 10:00:00
184063995	HS.tintin	14487815	2026-02-15T02:08:08Z	2026-02-08 10:00:00
184063997	HS.tintin	14487815	2026-02-15T02:08:08Z	2026-02-08 10:00:00
184063999	HS.tintin	14487815	2026-02-15T02:08:11Z	2026-02-08 10:00:00
184064001	HS.tintin	14487815	2026-02-15T02:08:12Z	2026-02-08 10:00:00
184064002	HS.tintin	14487815	2026-02-15T02:08:12Z	2026-02-08 10:00:00
184064004	HS.tintin	14487815	2026-02-15T02:08:15Z	2026-02-08 10:00:00
184378182	HS.tintin	14487815	2026-02-18T01:40:48Z	2026-02-16
184378183	HS.tintin	14487815	2026-02-18T01:40:48Z	2026-02-16
184378184	HS.tintin	14487815	2026-02-18T01:40:49Z	2026-02-16
184378198	HS.tintin	14487815	2026-02-18T01:41:00Z	2026-02-16
184378199	HS.tintin	14487815	2026-02-18T01:41:01Z	2026-02-16
184378200	HS.tintin	14487815	2026-02-18T01:41:01Z	2026-02-16
184378205	HS.tintin	14487815	2026-02-18T01:41:04Z	2026-02-16
184378207	HS.tintin	14487815	2026-02-18T01:41:06Z	2026-02-16
184378208	HS.tintin	14487815	2026-02-18T01:41:06Z	2026-02-16
184378214	HS.tintin	14487815	2026-02-18T01:41:08Z	2026-02-16
184378216	HS.tintin	14487815	2026-02-18T01:41:10Z	2026-02-16
184378218	HS.tintin	14487815	2026-02-18T01:41:11Z	2026-02-16
184378219	HS.tintin	14487815	2026-02-18T01:41:12Z	2026-02-16
184378220	HS.tintin	14487815	2026-02-18T01:41:14Z	2026-02-16
184378221	HS.tintin	14487815	2026-02-18T01:41:14Z	2026-02-16
184378224	HS.tintin	14487815	2026-02-18T01:41:15Z	2026-02-16
184378230	HS.tintin	14487815	2026-02-18T01:41:18Z	2026-02-16
184378231	HS.tintin	14487815	2026-02-18T01:41:18Z	2026-02-16
184378232	HS.tintin	14487815	2026-02-18T01:41:19Z	2026-02-16
184378234	HS.tintin	14487815	2026-02-18T01:41:21Z	2026-02-16
184378237	HS.tintin	14487815	2026-02-18T01:41:22Z	2026-02-16
184378239	HS.tintin	14487815	2026-02-18T01:41:23Z	2026-02-16
184378241	HS.tintin	14487815	2026-02-18T01:41:25Z	2026-02-16
184378242	HS.tintin	14487815	2026-02-18T01:41:26Z	2026-02-16
184378247	HS.tintin	14487815	2026-02-18T01:41:27Z	2026-02-16
184378248	HS.tintin	14487815	2026-02-18T01:41:29Z	2026-02-16
184378251	HS.tintin	14487815	2026-02-18T01:41:30Z	2026-02-16
184378256	HS.tintin	14487815	2026-02-18T01:41:31Z	2026-02-16
184378260	HS.tintin	14487815	2026-02-18T01:41:33Z	2026-02-16
184378261	HS.tintin	14487815	2026-02-18T01:41:34Z	2026-02-16
184378262	HS.tintin	14487815	2026-02-18T01:41:36Z	2026-02-16
184378264	HS.tintin	14487815	2026-02-18T01:41:38Z	2026-02-16
184378265	HS.tintin	14487815	2026-02-18T01:41:38Z	2026-02-16
184378270	HS.tintin	14487815	2026-02-18T01:41:40Z	2026-02-16
184378275	HS.tintin	14487815	2026-02-18T01:41:42Z	2026-02-16
184378277	HS.tintin	14487815	2026-02-18T01:41:43Z	2026-02-16
184378279	HS.tintin	14487815	2026-02-18T01:41:45Z	2026-02-16
184378281	HS.tintin	14487815	2026-02-18T01:41:46Z	2026-02-16
184378283	HS.tintin	14487815	2026-02-18T01:41:49Z	2026-02-16
184378284	HS.tintin	14487815	2026-02-18T01:41:49Z	2026-02-16
184378289	HS.tintin	14487815	2026-02-18T01:41:50Z	2026-02-16
184378295	HS.tintin	14487815	2026-02-18T01:41:53Z	2026-02-16
184378297	HS.tintin	14487815	2026-02-18T01:41:53Z	2026-02-16
184378299	HS.tintin	14487815	2026-02-18T01:41:54Z	2026-02-16
184378301	HS.tintin	14487815	2026-02-18T01:41:57Z	2026-02-16
184378302	HS.tintin	14487815	2026-02-18T01:41:57Z	2026-02-16
184378303	HS.tintin	14487815	2026-02-18T01:41:58Z	2026-02-16
184378306	HS.tintin	14487815	2026-02-18T01:42:01Z	2026-02-16
184382952	HS.tintin	14487815	2026-02-18T03:11:06Z	2026-02-16
184382953	HS.tintin	14487815	2026-02-18T03:11:06Z	2026-02-16
184382954	HS.tintin	14487815	2026-02-18T03:11:06Z	2026-02-16
184382961	HS.tintin	14487815	2026-02-18T03:11:11Z	2026-02-16
184382962	HS.tintin	14487815	2026-02-18T03:11:12Z	2026-02-16
184382964	HS.tintin	14487815	2026-02-18T03:11:13Z	2026-02-16
184382968	HS.tintin	14487815	2026-02-18T03:11:15Z	2026-02-16
184382970	HS.tintin	14487815	2026-02-18T03:11:17Z	2026-02-16
184382971	HS.tintin	14487815	2026-02-18T03:11:17Z	2026-02-16
184382975	HS.tintin	14487815	2026-02-18T03:11:19Z	2026-02-16
184382979	HS.tintin	14487815	2026-02-18T03:11:21Z	2026-02-16
184382980	HS.tintin	14487815	2026-02-18T03:11:21Z	2026-02-16
184382983	HS.tintin	14487815	2026-02-18T03:11:24Z	2026-02-16
184382984	HS.tintin	14487815	2026-02-18T03:11:24Z	2026-02-16
184382986	HS.tintin	14487815	2026-02-18T03:11:25Z	2026-02-16
184382990	HS.tintin	14487815	2026-02-18T03:11:28Z	2026-02-16
184382993	HS.tintin	14487815	2026-02-18T03:11:29Z	2026-02-16
184382997	HS.tintin	14487815	2026-02-18T03:11:32Z	2026-02-16
184382998	HS.tintin	14487815	2026-02-18T03:11:32Z	2026-02-16
184383001	HS.tintin	14487815	2026-02-18T03:11:35Z	2026-02-16
184383003	HS.tintin	14487815	2026-02-18T03:11:36Z	2026-02-16
184383006	HS.tintin	14487815	2026-02-18T03:11:38Z	2026-02-16
184383009	HS.tintin	14487815	2026-02-18T03:11:39Z	2026-02-16
184383011	HS.tintin	14487815	2026-02-18T03:11:40Z	2026-02-16
184383013	HS.tintin	14487815	2026-02-18T03:11:41Z	2026-02-16
184383016	HS.tintin	14487815	2026-02-18T03:11:43Z	2026-02-16
184383017	HS.tintin	14487815	2026-02-18T03:11:43Z	2026-02-16
184383020	HS.tintin	14487815	2026-02-18T03:11:45Z	2026-02-16
184383021	HS.tintin	14487815	2026-02-18T03:11:46Z	2026-02-16
184383024	HS.tintin	14487815	2026-02-18T03:11:47Z	2026-02-16
184383027	HS.tintin	14487815	2026-02-18T03:11:49Z	2026-02-16
184383029	HS.tintin	14487815	2026-02-18T03:11:50Z	2026-02-16
184383030	HS.tintin	14487815	2026-02-18T03:11:51Z	2026-02-16
184383032	HS.tintin	14487815	2026-02-18T03:11:52Z	2026-02-16
184383034	HS.tintin	14487815	2026-02-18T03:11:54Z	2026-02-16
184383037	HS.tintin	14487815	2026-02-18T03:11:55Z	2026-02-16
184383040	HS.tintin	14487815	2026-02-18T03:11:56Z	2026-02-16
184383043	HS.tintin	14487815	2026-02-18T03:11:57Z	2026-02-16
184383045	HS.tintin	14487815	2026-02-18T03:11:58Z	2026-02-16
184383047	HS.tintin	14487815	2026-02-18T03:11:59Z	2026-02-16
184383048	HS.tintin	14487815	2026-02-18T03:12:01Z	2026-02-16
184383858	HS.tintin	14487815	2026-02-18T03:25:24Z	2026-02-16
184383859	HS.tintin	14487815	2026-02-18T03:25:24Z	2026-02-16
184383860	HS.tintin	14487815	2026-02-18T03:25:24Z	2026-02-16
184383864	HS.tintin	14487815	2026-02-18T03:25:27Z	2026-02-16
184383867	HS.tintin	14487815	2026-02-18T03:25:28Z	2026-02-16
184383868	HS.tintin	14487815	2026-02-18T03:25:28Z	2026-02-16
184383870	HS.tintin	14487815	2026-02-18T03:25:31Z	2026-02-16
184383872	HS.tintin	14487815	2026-02-18T03:25:31Z	2026-02-16
184383873	HS.tintin	14487815	2026-02-18T03:25:32Z	2026-02-16
184383880	HS.tintin	14487815	2026-02-18T03:25:38Z	2026-02-16
184383892	HS.tintin	14487815	2026-02-18T03:25:53Z	2026-02-16
185406108	JeanFousrou52	14542531	2026-03-03T08:33:35Z	2026-03-03 13:00:00
185406109	JeanFousrou52	14542531	2026-03-03T08:33:35Z	2026-03-03 13:00:00
185406110	JeanFousrou52	14542531	2026-03-03T08:33:35Z	2026-03-03 13:00:00
185406112	JeanFousrou52	14542531	2026-03-03T08:33:45Z	2026-03-03 13:00:00
185406114	JeanFousrou52	14542531	2026-03-03T08:33:45Z	2026-03-03 13:00:00
185406115	JeanFousrou52	14542531	2026-03-03T08:33:47Z	2026-03-03 13:00:00
185406116	JeanFousrou52	14542531	2026-03-03T08:33:49Z	2026-03-03 13:00:00
185406117	JeanFousrou52	14542531	2026-03-03T08:33:49Z	2026-03-03 13:00:00
185406119	JeanFousrou52	14542531	2026-03-03T08:33:51Z	2026-03-03 13:00:00
185406120	JeanFousrou52	14542531	2026-03-03T08:33:52Z	2026-03-03 13:00:00
185406121	JeanFousrou52	14542531	2026-03-03T08:33:53Z	2026-03-03 13:00:00
185406122	JeanFousrou52	14542531	2026-03-03T08:33:54Z	2026-03-03 13:00:00
185406123	JeanFousrou52	14542531	2026-03-03T08:33:56Z	2026-03-03 13:00:00
185406124	JeanFousrou52	14542531	2026-03-03T08:33:56Z	2026-03-03 13:00:00
185406128	JeanFousrou52	14542531	2026-03-03T08:33:58Z	2026-03-03 13:00:00
185406129	JeanFousrou52	14542531	2026-03-03T08:34:00Z	2026-03-03 13:00:00
185406131	JeanFousrou52	14542531	2026-03-03T08:34:01Z	2026-03-03 13:00:00
185406132	JeanFousrou52	14542531	2026-03-03T08:34:02Z	2026-03-03 13:00:00
185406135	JeanFousrou52	14542531	2026-03-03T08:34:03Z	2026-03-03 13:00:00
185406136	JeanFousrou52	14542531	2026-03-03T08:34:05Z	2026-03-03 13:00:00
185406138	JeanFousrou52	14542531	2026-03-03T08:34:06Z	2026-03-03 13:00:00
11919645	Daaé	267232	2010-10-30T09:54:36Z	2010:10:30 13:33:58
27016279	Chilinhp14	2992612	2013-07-02T12:57:03Z	
30770117	Quenhitran	3093249	2014-01-24T06:00:44Z	2010:08:05 22:53:59
30770693	Quenhitran	3093249	2014-01-24T07:19:03Z	2008:06:24 07:05:48
30770769	Quenhitran	3093249	2014-01-24T07:28:25Z	2010:05:15 21:26:45
30883550	Quenhitran	3093249	2014-01-30T09:00:10Z	2014:01:23 10:02:26
32771580	Quenhitran	3093249	2014-05-14T09:34:29Z	2014:01:23 10:03:40
33041826	Quenhitran	3093249	2014-05-28T16:39:02Z	2014-05-28 23:36:36
94090824	Hlviethung	9663395	2006-10-02T00:47:54Z	2006-10-02
94118411	Rol	9650741	2011-12-03T15:24:40Z	2010:12:03 08:32:30
94118422	Rol	9650741	2011-12-03T15:41:23Z	2010:12:03 08:31:33
94118433	Rol	9650741	2011-12-03T15:31:38Z	2010:12:03 08:31:59
94458547	HaMinh1997	772146	2011-07-14T12:24:46Z	14 tháng 7 năm 2011
95633916	HaMinh1997	772146	2010-09-06T14:59:35Z	6/9/2010
133985668	JrandWP	7923258	2023-07-05T16:23:33Z	2022-05-27
139668558	JrandWP	7923258	2023-10-28T02:41:31Z	2023-10-27
145018368	Inclusion Activist	11684302	2024-02-05T02:02:37Z	
5445509	Paris 16	269373	2011-12-05T20:26:50Z	2008:11:18 13:41:51
18449893	Grenouille vert	637652	2012-02-21T10:47:47Z	2012-02-18
18449912	Grenouille vert	637652	2012-02-21T10:48:57Z	2012-02-18
18449929	Grenouille vert	637652	2012-02-21T10:50:13Z	2012-02-18
18449945	Grenouille vert	637652	2012-02-21T10:51:07Z	2012-02-18
18515780	Nic saigon	1591840	2012-02-27T16:22:08Z	2009:09:20 16:21:09
48071871	Quenhitran	3093249	2016-04-08T17:36:28Z	2016:03:05 20:01:13
50745764	Vinhphat1808	6073496	2016-08-18T11:28:17Z	2016:05:12 14:58:52
50998565	Vinhphat1808	6073496	2016-08-31T07:58:13Z	2016:04:28 09:57:19
50998566	Vinhphat1808	6073496	2016-08-31T07:58:14Z	2016:04:28 10:28:33
94610065	Viethavvh	188519	2008-12-04T17:25:17Z	2004:01:01 00:00:19
105314660	DangTungDuong	1095936	2021-05-08T15:55:35Z	21 tháng 1 năm 2021
113211379	Greenknight dv	1844778	2021-12-09T20:37:58Z	1945-11-05
149576265	Bookish Worm	6972412	2024-06-21T06:30:34Z	2024-06-20
149576266	Bookish Worm	6972412	2024-06-21T06:30:34Z	2024-06-20
149576267	Bookish Worm	6972412	2024-06-21T06:30:34Z	2024-06-20
149576270	Bookish Worm	6972412	2024-06-21T06:30:37Z	2024-06-20
149576271	Bookish Worm	6972412	2024-06-21T06:30:37Z	2024-06-20
149576273	Bookish Worm	6972412	2024-06-21T06:30:40Z	2024-06-20
149576274	Bookish Worm	6972412	2024-06-21T06:30:40Z	2024-06-20
149576275	Bookish Worm	6972412	2024-06-21T06:30:43Z	2024-06-20
184065450	Hoàng Đức Xuyên T59	14484608	2026-02-15T02:39:15Z	2026:02:15 08:59:04
11849406	Grenouille vert	637652	2010-10-22T07:47:14Z	2010-10-11
11919746	Daaé	267232	2010-10-30T10:14:54Z	2010:10:30 13:54:59
18227733	File Upload Bot (Magnus Manske)	40038	2012-01-30T23:21:43Z	31 January 2011 (original upload date)
19902024	Soyoungah	2069490	2012-06-15T08:12:08Z	2011:09:05 17:21:08
19902439	Soyoungah	2069490	2012-06-15T08:51:31Z	2012:05:17 12:53:03
19902441	Soyoungah	2069490	2012-06-15T08:51:32Z	2012:05:17 13:21:40
71362167	Trần Thế Vinh	4238082	2018-08-05T06:35:38Z	2018-08-05
114400042	Phan Minh Tuấn	6513983	2022-01-18T04:04:54Z	2021-10-21 04:52:06
123957684	NKSTTSSHNVN	10985169	2022-10-09T14:11:52Z	2022-10-09
130928687	Tcweee	9933414	2023-04-21T01:35:13Z	2021-10-21 04:52:06
156773606	8Tokyo8	12959300	2024-12-17T02:00:43Z	2011:09:05 17:21:08
157045484	8Tokyo8	12959300	2024-12-23T22:45:25Z	2021-10-21 04:52:06
35488651	Frozeficent	3907935	2014-09-19T17:10:01Z	2014:09:13 17:37:43
35885126	Quenhitran	3093249	2014-10-03T17:21:27Z	2014:01:16 17:23:00
35966421	Quenhitran	3093249	2014-10-07T17:14:26Z	2014:04:18 10:26:56
47721122	Quenhitran	3093249	2016-03-24T08:17:54Z	2014:01:16 16:22:17
95676455	Newone	36891	2020-10-31T13:16:59Z	2020:10:31 17:42:03
129175383	Tcweee	9933414	2023-03-01T14:33:05Z	2023:03:01 14:28:14
131871029	Saaremees	8866482	2023-05-13T16:57:08Z	2023:02:16 16:52:31
131871203	Saaremees	8866482	2023-05-13T16:59:25Z	2023:02:16 18:06:55
228623	Ævar Arnfjörð Bjarmason	139	2005-07-17T17:31:01Z	2004:01:14 15:46:01
3696391	Georg-Johann	68265	2008-03-11T21:40:50Z	2008-03-11
7112735	Thenub314	552382	2009-06-24T11:38:35Z	2009-06-11
7112741	Thenub314	552382	2009-06-24T11:39:25Z	2009-06-11
8673957	File Upload Bot (Magnus Manske)	40038	2009-12-05T00:16:11Z	14 March 2006 (original upload date)
11410030	Ineuw	369316	2010-09-07T16:23:37Z	between 1884 and 1885 date QS:P,+1884-00-00T00:00:00Z/8,P1319,+1884-00-00T00:00:00Z/9,P1326,+1885-00-00T00:00:00Z/9
11605570	Bin im Garten	1277946	2010-09-26T20:13:37Z	2010:09:12 15:01:34
16277896	Davidm0508	1639210	2011-08-30T20:52:12Z	2010-01-01
16278008	Davidm0508	1639210	2011-08-30T21:05:52Z	2010-01-01
16278130	Davidm0508	1639210	2011-08-30T21:15:30Z	2010-01-01
16278164	Davidm0508	1639210	2011-08-30T21:19:37Z	2010-01-01
16660463	Uri-Levy	1672987	2011-09-23T22:40:58Z	2011-09-24
16660464	Uri-Levy	1672987	2011-09-23T22:40:59Z	2011-09-24
16662669	Uri-Levy	1672987	2011-09-24T06:15:33Z	2011-09-24
16662670	Uri-Levy	1672987	2011-09-24T06:15:33Z	2011-09-24
16662672	Uri-Levy	1672987	2011-09-24T06:15:33Z	2011-09-24
16662673	Uri-Levy	1672987	2011-09-24T06:15:34Z	2011-09-24
16665869	Uri-Levy	1672987	2011-09-24T10:56:08Z	2011-09-24
16665871	Uri-Levy	1672987	2011-09-24T10:56:10Z	2011-09-24
16988502	Davidm0508	1639210	2011-10-15T08:33:24Z	2011-10-15
16988503	Davidm0508	1639210	2011-10-15T08:33:24Z	2011-10-15
16988504	Davidm0508	1639210	2011-10-15T08:33:24Z	2011-10-15
16988669	Davidm0508	1639210	2011-10-15T08:59:19Z	2011-10-15
16989336	Davidm0508	1639210	2011-10-15T10:20:17Z	2011-10-15
16990112	Davidm0508	1639210	2011-10-15T11:52:24Z	2011-10-15
17001957	Uri-Levy	1672987	2011-10-16T12:28:00Z	2011-10-16
17008705	Uri-Levy	1672987	2011-10-16T21:13:00Z	2011-10-16
17020294	Uri-Levy	1672987	2011-10-17T22:35:32Z	2011-10-18
17129698	PranavAmbhore	1658480	2011-10-26T10:50:39Z	2011-10-26
17144335	Mastermorfeu	37008	2011-10-27T19:30:19Z	2011-10-27
23453493	AlejandroLinaresGarcia	403089	2012-12-31T02:27:02Z	2012:12:30 13:33:52
40020169	Yx007yx007	4769550	2015-05-06T17:52:40Z	2014-03-17
44034038	Chaugule26	5283811	2015-10-06T12:37:57Z	2015-09-23
44034039	Chaugule26	5283811	2015-10-06T12:37:57Z	2015-09-23
61787861	JackPotte	318677	2017-08-19T15:45:47Z	14 March 2006 (original upload date)
61798690	JackPotte	318677	2017-08-19T22:42:34Z	17 July 2007 (original upload date)
67777332	JonathanCoimbrax	7107375	2018-03-28T13:45:09Z	2018-03-28
67778041	JonathanCoimbrax	7107375	2018-03-28T14:14:05Z	2018-03-22
82089348	ديفيد عادل وهبة خليل 2	1695596	2019-09-12T09:00:37Z	2011-10-26
85702351	Zylla	198307	2020-01-07T20:07:32Z	2020-01-07
105607491	Smithmath	10332931	2021-05-21T12:59:30Z	2021-05-15
105608662	Smithmath	10332931	2021-05-21T13:22:29Z	2021-05-15
110016239	PIerre.Lescanne	2916727	2021-09-13T16:47:45Z	1889-01-01
172893320	Phrontis	631215	2025-08-17T20:45:14Z	1883
8838512	Mztourist	961488	2009-12-26T22:53:17Z	1967-11-17
73603471	LLHZ2805	4870895	2018-10-14T13:27:09Z	2018:09:27 08:31:01
59938378	Abhishek sahani123	6634653	2017-06-15T02:30:36Z	2017-06-15
63803626	Amenoc	6810098	2017-11-02T04:05:53Z	2017:09:17 15:59:02
63803630	Amenoc	6810098	2017-11-02T04:05:56Z	2017:09:17 17:48:58
63803632	Amenoc	6810098	2017-11-02T04:05:58Z	2017:09:17 17:50:28
5654379	Flickr upload bot	152505	2009-01-06T15:29:51Z	2008:02:16 07:00:48
17514899	Flickr upload bot	152505	2011-11-28T23:39:22Z	2009:03:21 17:44:51
5831057	Flickr upload bot	152505	2009-01-31T03:37:28Z	2005:12:21 10:56:37
98773048	RG72	443240	2021-01-12T04:06:57Z	2013:11:10 13:28:50
98773052	RG72	443240	2021-01-12T04:07:01Z	2013:11:10 13:28:56
134030465	Benjism89	33239	2023-07-06T18:14:28Z	2023:04:24 11:41:41
134030467	Benjism89	33239	2023-07-06T18:14:28Z	2023:04:24 11:44:50
155745853	Mozzihh	9251206	2024-11-25T08:58:12Z	2012:12:17 15:59:56
34555668	Quenhitran	3093249	2014-08-06T01:59:17Z	2014:08:04 17:44:05
34555669	Quenhitran	3093249	2014-08-06T01:59:19Z	2014:08:04 17:44:08
34555670	Quenhitran	3093249	2014-08-06T01:59:22Z	2014:08:04 17:44:16
34555671	Quenhitran	3093249	2014-08-06T01:59:22Z	2014:08:04 17:44:13
34555672	Quenhitran	3093249	2014-08-06T01:59:25Z	2014:08:04 17:44:21
34555673	Quenhitran	3093249	2014-08-06T01:59:30Z	2014:08:04 17:44:56
34555674	Quenhitran	3093249	2014-08-06T01:59:30Z	2014:08:04 17:45:00
34555675	Quenhitran	3093249	2014-08-06T01:59:35Z	2014:08:04 17:45:07
34555676	Quenhitran	3093249	2014-08-06T01:59:35Z	2014:08:04 17:45:03
34555677	Quenhitran	3093249	2014-08-06T01:59:38Z	2014:08:04 17:45:11
34555678	Quenhitran	3093249	2014-08-06T01:59:42Z	2014:08:04 17:45:27
34555679	Quenhitran	3093249	2014-08-06T01:59:42Z	2014:08:04 17:45:20
34555680	Quenhitran	3093249	2014-08-06T01:59:45Z	2014:08:04 17:45:30
34555681	Quenhitran	3093249	2014-08-06T01:59:50Z	2014:08:04 17:45:36
34555682	Quenhitran	3093249	2014-08-06T01:59:53Z	2014:08:04 17:45:49
34555684	Quenhitran	3093249	2014-08-06T01:59:59Z	2014:08:04 17:45:52
34555685	Quenhitran	3093249	2014-08-06T02:00:02Z	2014:08:04 17:45:55
34555686	Quenhitran	3093249	2014-08-06T02:00:04Z	2014:08:04 17:45:58
34555688	Quenhitran	3093249	2014-08-06T02:00:06Z	2014:08:04 17:46:02
34555689	Quenhitran	3093249	2014-08-06T02:00:07Z	2014:08:04 17:46:48
34555691	Quenhitran	3093249	2014-08-06T02:00:09Z	2014:08:04 17:46:56
34555692	Quenhitran	3093249	2014-08-06T02:00:12Z	2014:08:04 17:47:03
34555693	Quenhitran	3093249	2014-08-06T02:00:19Z	2014:08:04 17:47:09
34555694	Quenhitran	3093249	2014-08-06T02:00:23Z	2014:08:04 17:47:52
97209003	NHHP	383983	2008-11-01T13:09:06Z	2008:10:31 16:43:56
116025284	Thaolinh0610	10887089	2022-03-13T02:21:35Z	2022-03-12
121828340	NKSTTSSHNVN	10985169	2022-08-16T13:51:57Z	2022-08-16
124726156	Klinh1808	11368216	2022-10-30T05:52:19Z	2022-10-30
34555653	Quenhitran	3093249	2014-08-06T01:58:45Z	2014:08:04 17:24:06
34555660	Quenhitran	3093249	2014-08-06T01:58:56Z	2014:08:04 17:43:44
34555661	Quenhitran	3093249	2014-08-06T01:58:59Z	2014:08:04 17:43:48
34555665	Quenhitran	3093249	2014-08-06T01:59:07Z	2014:08:04 17:43:51
34555652	Quenhitran	3093249	2014-08-06T01:58:42Z	2014:08:04 17:23:56
34555655	Quenhitran	3093249	2014-08-06T01:58:46Z	2014:08:04 17:23:52
34556555	Quenhitran	3093249	2014-08-06T04:46:51Z	2014:08:04 17:53:07
34556562	Quenhitran	3093249	2014-08-06T04:47:55Z	2014:08:04 17:53:01
34556567	Quenhitran	3093249	2014-08-06T04:48:56Z	2014:08:04 17:52:55
34556569	Quenhitran	3093249	2014-08-06T04:50:01Z	2014:08:04 17:52:51
34556577	Quenhitran	3093249	2014-08-06T04:51:08Z	2014:08:04 17:52:46
34556584	Quenhitran	3093249	2014-08-06T04:52:02Z	2014:08:04 17:52:39
34556591	Quenhitran	3093249	2014-08-06T04:53:12Z	2014:08:04 17:52:30
34556834	Quenhitran	3093249	2014-08-06T05:31:13Z	2014:08:04 17:52:24
34843025	Quenhitran	3093249	2014-08-20T08:46:47Z	2014:08:04 17:52:18
34843044	Quenhitran	3093249	2014-08-20T08:47:53Z	2014:08:04 17:52:14
34843053	Quenhitran	3093249	2014-08-20T08:49:00Z	2014:08:04 17:52:11
34843059	Quenhitran	3093249	2014-08-20T08:50:09Z	2014:08:04 17:52:00
34843068	Quenhitran	3093249	2014-08-20T08:51:58Z	2014:08:04 17:51:55
34843077	Quenhitran	3093249	2014-08-20T08:53:10Z	2014:08:04 17:51:52
34843131	Quenhitran	3093249	2014-08-20T08:58:05Z	2014:08:04 17:51:06
34843144	Quenhitran	3093249	2014-08-20T09:00:11Z	2014:08:04 17:51:03
34843176	Quenhitran	3093249	2014-08-20T09:03:19Z	2014:08:04 17:50:56
34843189	Quenhitran	3093249	2014-08-20T09:04:18Z	2014:08:04 17:50:47
34843196	Quenhitran	3093249	2014-08-20T09:05:38Z	2014:08:04 17:50:41
34843207	Quenhitran	3093249	2014-08-20T09:06:46Z	2014:08:04 17:50:39
34843271	Quenhitran	3093249	2014-08-20T09:08:59Z	2014:08:04 17:50:36
34843283	Quenhitran	3093249	2014-08-20T09:10:31Z	2014:08:04 17:50:33
34843327	Quenhitran	3093249	2014-08-20T09:15:04Z	2014:08:04 17:50:30
34843339	Quenhitran	3093249	2014-08-20T09:16:21Z	2014:08:04 17:50:27
34843366	Quenhitran	3093249	2014-08-20T09:19:02Z	2014:08:04 17:48:09
34843372	Quenhitran	3093249	2014-08-20T09:20:09Z	2014:08:04 17:48:12
34843382	Quenhitran	3093249	2014-08-20T09:21:47Z	2014:08:04 17:48:15
34843386	Quenhitran	3093249	2014-08-20T09:22:52Z	2014:08:04 17:48:20
34843413	Quenhitran	3093249	2014-08-20T09:25:32Z	2014:08:04 17:50:15
34843422	Quenhitran	3093249	2014-08-20T09:26:56Z	2014:08:04 17:50:12
34843447	Quenhitran	3093249	2014-08-20T09:28:06Z	2014:08:04 17:50:08
34843459	Quenhitran	3093249	2014-08-20T09:29:29Z	2014:08:04 17:50:02
34843473	Quenhitran	3093249	2014-08-20T09:30:28Z	2014:08:04 17:49:48
34843532	Quenhitran	3093249	2014-08-20T09:32:58Z	2014:08:04 17:49:42
34843559	Quenhitran	3093249	2014-08-20T09:34:27Z	2014:08:04 17:49:18
34843597	Quenhitran	3093249	2014-08-20T09:36:52Z	2014:08:04 17:49:11
34843616	Quenhitran	3093249	2014-08-20T09:37:54Z	2014:08:04 17:49:07
34843645	Quenhitran	3093249	2014-08-20T09:39:41Z	2014:08:04 17:49:04
34843675	Quenhitran	3093249	2014-08-20T09:41:56Z	2014:08:04 17:48:52
34843712	Quenhitran	3093249	2014-08-20T09:43:36Z	2014:08:04 17:48:40
183817369	Hoàng Đức Xuyên T59	14484608	2026-02-12T10:39:55Z	2026:02:08 16:15:43
183817370	Hoàng Đức Xuyên T59	14484608	2026-02-12T10:39:54Z	2026:02:08 16:16:49
35825526	Quenhitran	3093249	2014-10-01T03:28:15Z	2014:08:20 18:07:58
35825635	Quenhitran	3093249	2014-10-01T03:35:45Z	2014:08:20 18:07:53
35825662	Quenhitran	3093249	2014-10-01T03:38:17Z	2014:08:20 18:06:54
35825711	Quenhitran	3093249	2014-10-01T03:44:42Z	2014:08:20 18:06:49
35825739	Quenhitran	3093249	2014-10-01T03:49:24Z	2014:08:20 18:06:45
19079876	Give Your Heart a Break	939715	2012-04-14T13:06:07Z	2012:04:14 15:00:24
118007857	Flewis Peacock	10326447	2022-05-15T02:16:33Z	2003-10-03
133704183	Trung geo	6363419	2023-06-28T16:27:09Z	2023:05:22 12:48:57
184080602	Hoàng Đức Xuyên T59	14484608	2026-02-15T07:29:37Z	2026:02:15 14:04:46
184080603	Hoàng Đức Xuyên T59	14484608	2026-02-15T07:29:37Z	2026:02:15 14:13:59
184080605	Hoàng Đức Xuyên T59	14484608	2026-02-15T07:29:38Z	2026:02:15 14:03:55
184080607	Hoàng Đức Xuyên T59	14484608	2026-02-15T07:29:41Z	2026:02:15 14:13:50
184080608	Hoàng Đức Xuyên T59	14484608	2026-02-15T07:29:41Z	2026:02:15 14:13:41
25079836	Kim-Long07	2709453	2013-03-11T18:39:19Z	2011:03:03 13:14:05
35564446	Quenhitran	3093249	2014-09-22T15:35:50Z	2014:09:22 17:52:14
35564557	Quenhitran	3093249	2014-09-22T15:39:38Z	2014:09:22 17:53:14
35564616	Quenhitran	3093249	2014-09-22T15:41:54Z	2014:09:22 17:54:36
35564717	Quenhitran	3093249	2014-09-22T15:45:25Z	2014:09:22 17:54:40
35581822	Quenhitran	3093249	2014-09-23T09:49:24Z	2014:09:22 17:54:57
35581878	Quenhitran	3093249	2014-09-23T09:50:26Z	2014:09:22 17:55:12
35581882	Quenhitran	3093249	2014-09-23T09:51:25Z	2014:09:22 17:55:21
35581918	Quenhitran	3093249	2014-09-23T09:52:32Z	2014:09:22 17:55:25
35581980	Quenhitran	3093249	2014-09-23T09:54:47Z	2014:09:22 17:55:56
35581999	Quenhitran	3093249	2014-09-23T09:56:21Z	2014:09:22 17:56:14
35582019	Quenhitran	3093249	2014-09-23T09:57:51Z	2014:09:22 17:56:18
35582046	Quenhitran	3093249	2014-09-23T09:59:02Z	2014:09:22 17:56:21
35633155	Quenhitran	3093249	2014-09-25T10:39:45Z	2014:09:22 17:50:22
35633193	Quenhitran	3093249	2014-09-25T10:41:50Z	2014:09:22 17:50:25
35633268	Quenhitran	3093249	2014-09-25T10:44:09Z	2014:09:22 17:50:33
35633307	Quenhitran	3093249	2014-09-25T10:46:26Z	2014:09:22 17:50:37
93958670	Trungmc	8494282	2010-08-22T04:23:20Z	2010:08:21 18:05:27
35633020	Quenhitran	3093249	2014-09-25T10:30:07Z	2014:09:22 17:45:57
35633052	Quenhitran	3093249	2014-09-25T10:33:12Z	2014:09:22 17:46:01
35633097	Quenhitran	3093249	2014-09-25T10:35:18Z	2014:09:22 17:49:12
36184355	Quenhitran	3093249	2014-10-16T15:42:18Z	2014:08:20 17:47:03
36184413	Quenhitran	3093249	2014-10-16T15:45:19Z	2014:08:20 17:47:12
36184857	Quenhitran	3093249	2014-10-16T16:07:57Z	2014:08:20 17:49:21
77833200	Nguoivietbao	7745349	2019-04-07T06:53:37Z	2019:04:06 12:34:48
77833201	Nguoivietbao	7745349	2019-04-07T06:53:37Z	2019:04:06 12:36:47
77833202	Nguoivietbao	7745349	2019-04-07T06:53:37Z	2019:04:06 12:33:10
77833204	Nguoivietbao	7745349	2019-04-07T06:53:59Z	2019:04:06 09:54:13
77833205	Nguoivietbao	7745349	2019-04-07T06:53:59Z	2019:04:06 12:41:26
77833206	Nguoivietbao	7745349	2019-04-07T06:54:00Z	2019:04:06 12:41:01
112499494	Syced	27103	2021-11-14T12:55:55Z	2003:08:29 14:25:34
112499495	Syced	27103	2021-11-14T12:56:08Z	2003:08:29 14:25:42
112499506	Syced	27103	2021-11-14T12:56:21Z	2003:08:29 14:25:19
112499523	Syced	27103	2021-11-14T12:56:42Z	2003:08:29 14:25:09
112499537	Syced	27103	2021-11-14T12:56:56Z	2003:08:29 14:24:45
112499550	Syced	27103	2021-11-14T12:57:10Z	2003:08:29 14:24:57
112499557	Syced	27103	2021-11-14T12:57:26Z	2003:08:29 14:24:35
112499564	Syced	27103	2021-11-14T12:57:43Z	2003:08:29 14:24:12
112500062	Syced	27103	2021-11-14T13:26:48Z	2003:08:29 11:55:29
112500068	Syced	27103	2021-11-14T13:27:09Z	2003:08:29 14:26:49
112500071	Syced	27103	2021-11-14T13:27:26Z	2003:08:29 11:55:22
112500079	Syced	27103	2021-11-14T13:27:42Z	2003:08:29 14:26:31
112500082	Syced	27103	2021-11-14T13:27:57Z	2003:08:29 14:26:19
112500089	Syced	27103	2021-11-14T13:28:18Z	2003:08:29 14:26:01
112500092	Syced	27103	2021-11-14T13:28:35Z	2003:08:29 14:08:07
113138723	Syced	27103	2021-12-07T09:25:10Z	2003:06:30 08:02:55
113138768	Syced	27103	2021-12-07T09:25:51Z	2003:06:30 08:02:08
113138776	Syced	27103	2021-12-07T09:26:05Z	2003:06:30 08:02:30
113138782	Syced	27103	2021-12-07T09:26:22Z	2003:06:30 08:01:51
113138794	Syced	27103	2021-12-07T09:26:37Z	2003:06:30 08:01:38
113138799	Syced	27103	2021-12-07T09:26:52Z	2003:06:30 08:01:12
113138807	Syced	27103	2021-12-07T09:27:08Z	2003:06:30 08:01:05
113138824	Syced	27103	2021-12-07T09:27:34Z	2003:06:30 08:01:00
113138833	Syced	27103	2021-12-07T09:27:51Z	2003:06:30 07:35:56
113138840	Syced	27103	2021-12-07T09:28:13Z	2003:06:30 07:34:57
118391358	Nguyenmy2302	9748661	2022-05-27T19:25:15Z	2022-05-26
36240262	Quenhitran	3093249	2014-10-19T05:19:34Z	2014:08:20 17:45:05
36240271	Quenhitran	3093249	2014-10-19T05:21:57Z	2014:08:20 17:45:00
36247409	Quenhitran	3093249	2014-10-19T11:41:03Z	2014:08:20 17:44:53
36247515	Quenhitran	3093249	2014-10-19T11:44:07Z	2014:08:20 17:44:50
36247602	Quenhitran	3093249	2014-10-19T11:47:05Z	2014:08:20 17:44:45
36247710	Quenhitran	3093249	2014-10-19T11:50:25Z	2014:08:20 17:44:42
115321404	Karel Bílek	21841	2022-02-17T14:17:04Z	2022:02:17 11:38:14
115321406	Karel Bílek	21841	2022-02-17T14:17:05Z	2022:02:17 11:38:14
36853616	Quenhitran	3093249	2014-11-19T08:51:26Z	2014:11:18 16:37:20
36853690	Quenhitran	3093249	2014-11-19T08:57:51Z	2014:11:18 16:39:00
33373103	RG72	443240	2014-06-13T14:06:14Z	2013:11:10 13:35:43
17465136	Theduong	496997	2011-11-24T15:31:58Z	2011-11-24
17912194	Ongbac9999	1196945	2012-01-04T22:35:49Z	2011:12:29 15:01:17
93326245	Bdanh	6515528	2017-12-07T02:03:03Z	2010:10:10 07:26:35
105754222	Orizan	8118308	2021-05-23T16:03:03Z	2009:03:01 15:09:43
145321172	Rc1959	1698562	2024-02-13T22:38:00Z	1999
145321175	Rc1959	1698562	2024-02-13T22:38:03Z	1999
145321182	Rc1959	1698562	2024-02-13T22:38:10Z	1999
145321212	Rc1959	1698562	2024-02-13T22:38:27Z	1999
