title	query	reason
File:TranQuangKhai street, Hanoi 2025.jpg	TranQuangKhai street, Hanoi	no specific feature found
File:Công viên hồ Đền Lừ vào buổi tối.jpg	Công viên hồ Đền Lừ vào buổi tối, Hanoi, Vietnam	no specific feature found
File:Đường Bờ Sông Sét.jpg	Đường Bờ Sông Sét, Hanoi, Vietnam	a road is not a site (highway/tertiary)
File:Cổng đền Lư Giang.jpg	Cổng đền Lư Giang, Hanoi, Vietnam	no specific feature found
File:Cổng chùa Hoàng Mai.jpg	Cổng chùa Hoàng Mai, Hanoi, Vietnam	no specific feature found
File:Ngã ba giao phố Tân Mai và đường hồ Đền Lừ.jpg	Ngã ba giao phố Tân Mai và đường hồ Đền Lừ, Hanoi, Vietnam	no specific feature found
File:Trường tiểu học và trường trung học cơ sở Tân Mai.jpg	Trường tiểu học và trường trung học cơ sở Tân Mai, Hanoi, Vietnam	no specific feature found
File:LongGaQuan-HaNoi-09092008187.jpg	LongGaQuan-HaNoi	no specific feature found
File:Nha Tho Tham Hoa Giang Van Minh.jpg	Nha Tho Tham Hoa Giang Van Minh, Hanoi, Vietnam	no specific feature found
File:ThoKhoi TamQuan.JPG	ThoKhoi TamQuan, Hanoi, Vietnam	no specific feature found
File:CVA Cong truong.JPG	CVA Cong truong, Hanoi, Vietnam	no specific feature found
File:Den tho An Duong Vuong tai Co Loa.JPG	Den tho An Duong Vuong tai Co Loa, Hanoi, Vietnam	no specific feature found
File:Thu vien DHTM.jpg	Thu vien DHTM, Hanoi, Vietnam	no specific feature found
File:Vietnam University of Traditional Medecine and Pharmacy - VUTM.jpg	Vietnam University of Traditional Medecine and Pharmacy - VUTM, Hanoi, Vietnam	no specific feature found
File:Trà Tiên Hưởng (鮮饗茶), 446 Nguyen Trai Road, Nam Tu Liem District, Hanoi, Vietnam.jpg	Trà Tiên Hưởng (鮮饗茶), 446 Nguyen Trai Road, Nam Tu Liem District, Hanoi, Vietnam	stated locality '446 Nguyen Trai Road' not in the hit's address
File:78 Chùa Hà.jpg	78 Chùa Hà, Hanoi, Vietnam	a road is not a site (highway/residential)
File:Cau-giay-district.jpg	Cau-giay-district, Hanoi, Vietnam	no specific feature found
File:Priest Celebrates Mass - St. Joseph's Cathedral - Old Quarter - Hanoi - Vietnam (48071259031).jpg	Priest Celebrates Mass - St. Joseph's Cathedral - Old Quarter - Hanoi - Vietnam	no specific feature found
File:Newone - phong cảnh Hồ Tây.jpg	Newone - phong cảnh Hồ Tây, Hanoi, Vietnam	no specific feature found
File:Sân vận động Quốc gia Mỹ Đình (nhìn từ công viên).jpg	Sân vận động Quốc gia Mỹ Đình (nhìn từ công viên), Hanoi, Vietnam	'nhin' is not in the hit's name 'Sân vận động Quốc gia Mỹ Đình'
File:Cơ sở 2 Học viện Công nghệ Thông tin Bách Khoa - Hà Nội.jpg	Cơ sở 2 Học viện Công nghệ Thông tin Bách Khoa - Hà Nội	no specific feature found
File:Toan-canh-goldmark-city-136-ho-tung-mau-1024x682.jpg	Toan-canh-goldmark-city-136-ho-tung-mau-1024x682, Hanoi, Vietnam	no specific feature found
File:Ho-Chi-Minhs-House.jpg	Ho-Chi-Minhs-House, Hanoi, Vietnam	no specific feature found
File:Quận Hà Đông về đêm.jpg	Quận Hà Đông về đêm, Hanoi, Vietnam	no specific feature found
File:Tòa nhà Bưu điện nằm giữa phố Đinh Tiên Hoàng xưa.jpg	Tòa nhà Bưu điện nằm giữa phố Đinh Tiên Hoàng xưa, Hanoi, Vietnam	no specific feature found
File:Cột đồng hồ tòa nhà trung tâm Bưu điện Hà Nội.jpg	Cột đồng hồ tòa nhà trung tâm Bưu điện Hà Nội	no specific feature found
File:Bưu điện Hà Nội trên đường Đinh Tiên Hoàng.jpg	Bưu điện Hà Nội trên đường Đinh Tiên Hoàng	no specific feature found
File:Cổng chính Bưu điện Thành phố Hà Nội.jpg	Cổng chính Bưu điện Thành phố Hà Nội	no specific feature found
File:Tòa Bưu điện giáp phố Lê Thạch (1).jpg	Tòa Bưu điện giáp phố Lê Thạch, Hanoi, Vietnam	no specific feature found
File:Tòa Bưu điện giáp phố Lê Thạch (2).jpg	Tòa Bưu điện giáp phố Lê Thạch, Hanoi, Vietnam	no specific feature found
File:Tòa Bưu điện giáp phố Lê Thạch (3).jpg	Tòa Bưu điện giáp phố Lê Thạch, Hanoi, Vietnam	no specific feature found
File:Tòa Bưu điện giáp phố Lê Thạch (4).jpg	Tòa Bưu điện giáp phố Lê Thạch, Hanoi, Vietnam	no specific feature found
File:Discovery Cầu Giấy.jpg	Discovery Cầu Giấy, Hanoi, Vietnam	'giay' is not in the hit's name 'Discovery Complex'
File:001 Viện nghiên cứu năng lượng nguyên tử của Liên Xô tại Hà Nội.jpg	001 Viện nghiên cứu năng lượng nguyên tử của Liên Xô tại Hà Nội	no specific feature found
File:002 Viện nghiên cứu năng lượng nguyên tử của Liên Xô tại Hà Nội.jpg	002 Viện nghiên cứu năng lượng nguyên tử của Liên Xô tại Hà Nội	no specific feature found
File:Trụ sở UBND phường Hồng Hà, Hà Nội.jpg	Trụ sở UBND phường Hồng Hà, Hà Nội	no specific feature found
File:Trụ sở Đảng uỷ - HĐND phường Hồng Hà, Hà Nội.jpg	Trụ sở Đảng uỷ - HĐND phường Hồng Hà, Hà Nội	no specific feature found
File:Trụ sở 4 Công an phường Hồng Hà, Hà Nội.jpg	Trụ sở 4 Công an phường Hồng Hà, Hà Nội	no specific feature found
File:Trụ sở 1 Công an phường Hồng Hà, Hà Nội.jpg	Trụ sở 1 Công an phường Hồng Hà, Hà Nội	no specific feature found
File:Trụ sở 2 Công an phường Hồng Hà, Hà Nội.jpg	Trụ sở 2 Công an phường Hồng Hà, Hà Nội	no specific feature found
File:Trụ sở 3 Công an phường Hồng Hà, Hà Nội.jpg	Trụ sở 3 Công an phường Hồng Hà, Hà Nội	no specific feature found
File:Trụ sở 5 Công an phường Hồng Hà, Hà Nội.jpg	Trụ sở 5 Công an phường Hồng Hà, Hà Nội	no specific feature found
File:Trung tâm phục vụ hành chính công phường Hồng Hà, Hà Nội.jpg	Trung tâm phục vụ hành chính công phường Hồng Hà, Hà Nội	no specific feature found
File:Trụ sở Công an phường Hoàn Kiếm, Hà Nội.jpg	Trụ sở Công an phường Hoàn Kiếm, Hà Nội	no specific feature found
File:Trụ sở Đảng uỷ - HĐND phường Cửa Nam, Hà Nội.jpg	Trụ sở Đảng uỷ - HĐND phường Cửa Nam, Hà Nội	no specific feature found
File:Trụ sở UBND phường Cửa Nam, Hà Nội.jpg	Trụ sở UBND phường Cửa Nam, Hà Nội	no specific feature found
File:Trung tâm phục vụ hành chính công phường Cửa Nam, Hà Nội.jpg	Trung tâm phục vụ hành chính công phường Cửa Nam, Hà Nội	no specific feature found
File:Trụ sở chính Công an phường Cửa Nam, Hà Nội.jpg	Trụ sở chính Công an phường Cửa Nam, Hà Nội	no specific feature found
File:Trụ sở Công an phường Cửa Nam, Hà Nội.jpg	Trụ sở Công an phường Cửa Nam, Hà Nội	no specific feature found
File:Hanoi Street (31986563328).jpg	Hanoi Street	title names no place (generic words only)
File:Women Soldiers at Ho Chi Minh Museum - Hanoi - Vietnam.JPG	Women Soldiers at Ho Chi Minh Museum - Hanoi - Vietnam	no specific feature found
File:FSpace ground station.JPG	FSpace ground station, Hanoi, Vietnam	no specific feature found
File:Oc Ho Tay.jpg	Oc Ho Tay, Hanoi, Vietnam	'tay' is not in the hit's name 'Oc sen'
File:Hai Phong Train, Long Bien Bridge.jpg	Hai Phong Train, Long Bien Bridge, Hanoi, Vietnam	a road is not a site (highway/living_street)
File:Tinhnguyenvien-VoNguyenGiap-IMG 1294.jpg	Tinhnguyenvien-VoNguyenGiap, Hanoi, Vietnam	no specific feature found
File:Market Woman with Weigh Scale - Old Quarter - Hanoi - Vietnam (48071259196).jpg	Market Woman with Weigh Scale - Old Quarter - Hanoi - Vietnam	no specific feature found
File:Market Woman - Old Quarter - Hanoi - Vietnam (48071259286).jpg	Market Woman - Old Quarter - Hanoi - Vietnam	no specific feature found
File:Hanoi, Vietnam, Hoan Kiem Lake.jpg	Hanoi, Vietnam, Hoan Kiem Lake	no specific feature found
File:Hanoi, Vietnam, Visitors at Ho Chi Minh Museum.jpg	Hanoi, Vietnam, Visitors at Ho Chi Minh Museum	no specific feature found
File:Hanoi Street - 45273047074.jpg	Hanoi Street	title names no place (generic words only)
File:Night relaxing near Thê Húc Bridge 26-04-2024.jpg	Night relaxing near Thê Húc Bridge 26-04, Hanoi, Vietnam	no specific feature found
File:Hansers O truong co day em the 1765021257532.jpg	Hansers O truong co day em the, Hanoi, Vietnam	no specific feature found
File:Hội làng Trung Tự.jpg	Hội làng Trung Tự, Hanoi, Vietnam	no specific feature found
File:Lang hoa.JPG	Lang hoa, Hanoi, Vietnam	title names no place (generic words only)
File:Phố Hàng Bồ.JPG	Phố Hàng Bồ, Hanoi, Vietnam	a road is not a site (highway/residential)
File:Ha-noi-36-pho-phuong.jpg	Ha-noi-36-pho-phuong, Hanoi, Vietnam	title names no place (generic words only)
File:Đường phố xã Bát Tràng, Gia Lâm, Hà Nội.jpg	Đường phố xã Bát Tràng, Gia Lâm, Hà Nội	a road is not a site (highway/secondary)
File:HA NOI STREET AT DUSK VIETNAM FEB 2012 (7024695867).jpg	HA NOI STREET AT DUSK VIETNAM FEB	no specific feature found
File:HA NOI STREET AT DUSK VIETNAM FEB 2012 (6878602000).jpg	HA NOI STREET AT DUSK VIETNAM FEB	no specific feature found
File:HOAN KIEN LAKE HA NOI VIETNAM FEB 2012 (6832941110).jpg	HOAN KIEN LAKE HA NOI VIETNAM FEB	no specific feature found
File:HA NOI STREET VIETNAM FEB 2012 (6832937810).jpg	HA NOI STREET VIETNAM FEB	no specific feature found
File:Lenin Park Hanoi.JPG	Lenin Park Hanoi	'lenin' is not in the hit's name 'Công viên Lê-nin'
File:Lenin Park (Hanoi) panorama.jpg	Lenin Park (Hanoi) panorama	no specific feature found
File:Evening at 'Indira Gandhi Park'.JPG	Evening at 'Indira Gandhi Park', Hanoi, Vietnam	no specific feature found
File:Sunset at Lenin Park, Hanoi 2003.jpg	Sunset at Lenin Park, Hanoi	no specific feature found
File:Sunset at Lenin Park, Hanoi 2003 2.jpg	Sunset at Lenin Park, Hanoi 2	no specific feature found
File:Hanoi Park - 52349631378.jpg	Hanoi Park	a road is not a site (highway/residential)
File:Meat market - Hanoi, Vietnam - DSC03485.JPG	Meat market - Hanoi, Vietnam - DSC03485	no specific feature found
File:Market Old Quarter Hanoi.jpg	Market Old Quarter Hanoi	title names no place (generic words only)
File:Duong Da Ton marketplace 01.jpg	Duong Da Ton marketplace 01, Hanoi, Vietnam	no specific feature found
File:Duong Da Ton marketplace 03.jpg	Duong Da Ton marketplace 03, Hanoi, Vietnam	no specific feature found
File:Duong Da Ton marketplace 02.jpg	Duong Da Ton marketplace 02, Hanoi, Vietnam	no specific feature found
File:Duong Da Ton marketplace 04.jpg	Duong Da Ton marketplace 04, Hanoi, Vietnam	no specific feature found
File:Duong Da Ton marketplace 05.jpg	Duong Da Ton marketplace 05, Hanoi, Vietnam	no specific feature found
File:Duong Da Ton marketplace 06.jpg	Duong Da Ton marketplace 06, Hanoi, Vietnam	no specific feature found
File:Duong Da Ton marketplace 07.jpg	Duong Da Ton marketplace 07, Hanoi, Vietnam	no specific feature found
File:Duong Da Ton marketplace 09.jpg	Duong Da Ton marketplace 09, Hanoi, Vietnam	no specific feature found
File:Duong Da Ton marketplace 08.jpg	Duong Da Ton marketplace 08, Hanoi, Vietnam	no specific feature found
File:Duong Da Ton marketplace 10.jpg	Duong Da Ton marketplace 10, Hanoi, Vietnam	no specific feature found
File:Duong Da Ton marketplace 12.jpg	Duong Da Ton marketplace 12, Hanoi, Vietnam	no specific feature found
File:Duong Da Ton marketplace 11.jpg	Duong Da Ton marketplace 11, Hanoi, Vietnam	no specific feature found
File:Duong Da Ton marketplace 14.jpg	Duong Da Ton marketplace 14, Hanoi, Vietnam	no specific feature found
File:Duong Da Ton marketplace 13.jpg	Duong Da Ton marketplace 13, Hanoi, Vietnam	no specific feature found
File:Duong Da Ton marketplace 15.jpg	Duong Da Ton marketplace 15, Hanoi, Vietnam	no specific feature found
File:Duong Da Ton marketplace 17.jpg	Duong Da Ton marketplace 17, Hanoi, Vietnam	no specific feature found
File:Duong Da Ton marketplace 16.jpg	Duong Da Ton marketplace 16, Hanoi, Vietnam	no specific feature found
File:Duong Da Ton marketplace 18.jpg	Duong Da Ton marketplace 18, Hanoi, Vietnam	no specific feature found
File:Duong Da Ton marketplace 19.jpg	Duong Da Ton marketplace 19, Hanoi, Vietnam	no specific feature found
File:Duong Da Ton marketplace 21.jpg	Duong Da Ton marketplace 21, Hanoi, Vietnam	no specific feature found
File:Duong Da Ton marketplace 20.jpg	Duong Da Ton marketplace 20, Hanoi, Vietnam	no specific feature found
File:Duong Da Ton marketplace 22.jpg	Duong Da Ton marketplace 22, Hanoi, Vietnam	no specific feature found
File:Duong Da Ton marketplace 23.jpg	Duong Da Ton marketplace 23, Hanoi, Vietnam	no specific feature found
File:Duong Da Ton marketplace 24.jpg	Duong Da Ton marketplace 24, Hanoi, Vietnam	no specific feature found
File:Duong Da Ton marketplace 25.jpg	Duong Da Ton marketplace 25, Hanoi, Vietnam	no specific feature found
File:DGJ 1853 - A market in Hanoi (3527130916).jpg	DGJ - A market in Hanoi	no specific feature found
File:Market Hanoi -Dried prawns.jpg	Market Hanoi -Dried prawns	no specific feature found
File:Bien hieu cho Cau Dong.jpg	Bien hieu cho Cau Dong, Hanoi, Vietnam	no specific feature found
File:Garments market in Hanoi, 2003 July.jpg	Garments market in Hanoi, July	one-word title matched to a shop or restaurant
File:Garments market in Hanoi, 2003 July 2.jpg	Garments market in Hanoi, July 2	no specific feature found
File:Garments market in Hanoi, 2003 July 3.jpg	Garments market in Hanoi, July 3	no specific feature found
File:Garments market in Hanoi, 2003 July 4.jpg	Garments market in Hanoi, July 4	no specific feature found
File:Garments market in Hanoi, 2003 July 5.jpg	Garments market in Hanoi, July 5	no specific feature found
File:Garments market in Hanoi, 2003 July 6.jpg	Garments market in Hanoi, July 6	no specific feature found
File:Garments market in Hanoi, 2003 July 7.jpg	Garments market in Hanoi, July 7	no specific feature found
File:Garments market in Hanoi, 2003 July 8.jpg	Garments market in Hanoi, July 8	no specific feature found
File:Garments market in Hanoi, 2003 July 9.jpg	Garments market in Hanoi, July 9	no specific feature found
File:Garments market in Hanoi, 2003 July 10.jpg	Garments market in Hanoi, July 10	no specific feature found
File:Garments market in Hanoi, 2003 July 11.jpg	Garments market in Hanoi, July 11	no specific feature found
File:Garments market in Hanoi, 2003 July 12.jpg	Garments market in Hanoi, July 12	one-word title matched to a shop or restaurant
File:Garments market in Hanoi, 2003 July 13.jpg	Garments market in Hanoi, July 13	no specific feature found
File:Garments market in Hanoi, 2003 July 14.jpg	Garments market in Hanoi, July 14	no specific feature found
File:Garments market in Hanoi, 2003 July 15.jpg	Garments market in Hanoi, July 15	no specific feature found
File:Garments market in Hanoi, 2003 July 16.jpg	Garments market in Hanoi, July 16	no specific feature found
File:Garments market, 2003 July 28, Hanoi.jpg	Garments market, July 28, Hanoi	no specific feature found
File:Garments market, 2003 July 28, Hanoi 2.jpg	Garments market, July 28, Hanoi 2	no specific feature found
File:Garments market, 2003 July 28, Hanoi 3.jpg	Garments market, July 28, Hanoi 3	no specific feature found
File:Garments market, 2003 July 28, Hanoi 4.jpg	Garments market, July 28, Hanoi 4	no specific feature found
File:Garments market, 2003 July 28, Hanoi 5.jpg	Garments market, July 28, Hanoi 5	no specific feature found
File:Garments market, 2003 July 28, Hanoi 6.jpg	Garments market, July 28, Hanoi 6	no specific feature found
File:Garments market, 2003 July 28, Hanoi 7.jpg	Garments market, July 28, Hanoi 7	no specific feature found
File:Garments market, 2003 July 28, Hanoi 8.jpg	Garments market, July 28, Hanoi 8	no specific feature found
File:Food market, July 2003, Hanoi.jpg	Food market, July , Hanoi	title names no place (generic words only)
File:Food market, July 2003, Hanoi 2.jpg	Food market, July , Hanoi 2	title names no place (generic words only)
File:Food market, July 2003, Hanoi 3.jpg	Food market, July , Hanoi 3	title names no place (generic words only)
File:Food market, July 2003, Hanoi 4.jpg	Food market, July , Hanoi 4	title names no place (generic words only)
File:Food market, July 2003, Hanoi 5.jpg	Food market, July , Hanoi 5	title names no place (generic words only)
File:Food market, July 2003, Hanoi 6.jpg	Food market, July , Hanoi 6	title names no place (generic words only)
File:Food market, July 2003, Hanoi 7.jpg	Food market, July , Hanoi 7	title names no place (generic words only)
File:Food market, July 2003, Hanoi 8.jpg	Food market, July , Hanoi 8	title names no place (generic words only)
File:Food market, July 2003, Hanoi 9.jpg	Food market, July , Hanoi 9	title names no place (generic words only)
File:Food market, July 2003, Hanoi 10.jpg	Food market, July , Hanoi 10	title names no place (generic words only)
File:Food market, July 2003, Hanoi 11.jpg	Food market, July , Hanoi 11	title names no place (generic words only)
File:Food market, July 2003, Hanoi 12.jpg	Food market, July , Hanoi 12	title names no place (generic words only)
File:Food market, July 2003, Hanoi 13.jpg	Food market, July , Hanoi 13	title names no place (generic words only)
File:Food market, July 2003, Hanoi 14.jpg	Food market, July , Hanoi 14	title names no place (generic words only)
File:Food market, July 2003, Hanoi 15.jpg	Food market, July , Hanoi 15	title names no place (generic words only)
File:Food market, July 2003, Hanoi 16.jpg	Food market, July , Hanoi 16	title names no place (generic words only)
File:Food market, July 2003, Hanoi 17.jpg	Food market, July , Hanoi 17	title names no place (generic words only)
File:Food market, July 2003, Hanoi 18.jpg	Food market, July , Hanoi 18	title names no place (generic words only)
File:Food market, July 2003, Hanoi 19.jpg	Food market, July , Hanoi 19	title names no place (generic words only)
File:Food market, July 2003, Hanoi 20.jpg	Food market, July , Hanoi 20	title names no place (generic words only)
File:Food market, July 2003, Hanoi 21.jpg	Food market, July , Hanoi 21	title names no place (generic words only)
File:Food market, July 2003, Hanoi 22.jpg	Food market, July , Hanoi 22	title names no place (generic words only)
File:Food market, July 2003, Hanoi 23.jpg	Food market, July , Hanoi 23	title names no place (generic words only)
File:Food market, July 2003, Hanoi 24.jpg	Food market, July , Hanoi 24	title names no place (generic words only)
File:Food market, July 2003, Hanoi 25.jpg	Food market, July , Hanoi 25	title names no place (generic words only)
File:Food market, July 2003, Hanoi 26.jpg	Food market, July , Hanoi 26	title names no place (generic words only)
File:Food market, July 2003, Hanoi 27.jpg	Food market, July , Hanoi 27	title names no place (generic words only)
File:Food market, July 2003, Hanoi 28.jpg	Food market, July , Hanoi 28	title names no place (generic words only)
File:Food market, July 2003, Hanoi 29.jpg	Food market, July , Hanoi 29	title names no place (generic words only)
File:Food market, July 2003, Hanoi 30.jpg	Food market, July , Hanoi 30	title names no place (generic words only)
File:Food market, July 2003, Hanoi 31.jpg	Food market, July , Hanoi 31	title names no place (generic words only)
File:Food market, July 2003, Hanoi 32.jpg	Food market, July , Hanoi 32	title names no place (generic words only)
File:Food market, July 2003, Hanoi 33.jpg	Food market, July , Hanoi 33	title names no place (generic words only)
File:Animals market in Hanoi, 2003 July.jpg	Animals market in Hanoi, July	one-word title matched to a shop or restaurant
File:Animals market in Hanoi, 2003 July 2.jpg	Animals market in Hanoi, July 2	no specific feature found
File:Animals market in Hanoi, 2003 July 3.jpg	Animals market in Hanoi, July 3	no specific feature found
File:Animals market in Hanoi, 2003 July 4.jpg	Animals market in Hanoi, July 4	no specific feature found
File:Haggling on street market in Hanoi, July 2003.jpg	Haggling on street market in Hanoi, July	'haggling' is not in the hit's name 'July Beauty Care'
File:Haggling on street market in Hanoi, July 2003 2.jpg	Haggling on street market in Hanoi, July 2	no specific feature found
File:Haggling on street market in Hanoi, July 2003 3.jpg	Haggling on street market in Hanoi, July 3	no specific feature found
File:Haggling on street market in Hanoi, July 2003 4.jpg	Haggling on street market in Hanoi, July 4	no specific feature found
File:Haggling on street market in Hanoi, July 2003 5.jpg	Haggling on street market in Hanoi, July 5	no specific feature found
File:Haggling on street market in Hanoi, July 2003 6.jpg	Haggling on street market in Hanoi, July 6	no specific feature found
File:Haggling on street market in Hanoi, July 2003 7.jpg	Haggling on street market in Hanoi, July 7	no specific feature found
File:Haggling on street market in Hanoi, July 2003 8.jpg	Haggling on street market in Hanoi, July 8	no specific feature found
File:Haggling on street market in Hanoi, July 2003 9.jpg	Haggling on street market in Hanoi, July 9	no specific feature found
File:Haggling on street market in Hanoi, July 2003 11.jpg	Haggling on street market in Hanoi, July 11	no specific feature found
File:Haggling on street market in Hanoi, July 2003 12.jpg	Haggling on street market in Hanoi, July 12	'haggling' is not in the hit's name 'Spa July'
File:Haggling on street market in Hanoi, July 2003 13.jpg	Haggling on street market in Hanoi, July 13	no specific feature found
File:Haggling on street market in Hanoi, July 2003 14.jpg	Haggling on street market in Hanoi, July 14	no specific feature found
File:Haggling on street market in Hanoi, July 2003 15.jpg	Haggling on street market in Hanoi, July 15	no specific feature found
File:Haggling on street market in Hanoi, July 2003 16.jpg	Haggling on street market in Hanoi, July 16	no specific feature found
File:Haggling on street market in Hanoi, July 2003 17.jpg	Haggling on street market in Hanoi, July 17	no specific feature found
File:Haggling on street market in Hanoi, July 2003 18.jpg	Haggling on street market in Hanoi, July 18	no specific feature found
File:Street market in Hanoi, 2003 July.jpg	Street market in Hanoi, July	title names no place (generic words only)
File:Street market in Hanoi, 2003 July 2.jpg	Street market in Hanoi, July 2	no specific feature found
File:Street market in Hanoi, 2003 July 3.jpg	Street market in Hanoi, July 3	no specific feature found
File:Street market in Hanoi, 2003 July 4.jpg	Street market in Hanoi, July 4	no specific feature found
File:Street market in Hanoi, 2003 July 5.jpg	Street market in Hanoi, July 5	no specific feature found
File:Street market in Hanoi, 2003 July 6.jpg	Street market in Hanoi, July 6	no specific feature found
File:Street market in Hanoi, 2003 July 7.jpg	Street market in Hanoi, July 7	no specific feature found
File:Street market in Hanoi, 2003 July 8.jpg	Street market in Hanoi, July 8	no specific feature found
File:Street market in Hanoi, 2003 July 9.jpg	Street market in Hanoi, July 9	no specific feature found
File:Street market in Hanoi, 2003 July 10.jpg	Street market in Hanoi, July 10	no specific feature found
File:Street market in Hanoi, 2003 July 11.jpg	Street market in Hanoi, July 11	no specific feature found
File:Street market in Hanoi, 2003 July 12.jpg	Street market in Hanoi, July 12	title names no place (generic words only)
File:Street market in Hanoi, 2003 July 13.jpg	Street market in Hanoi, July 13	no specific feature found
File:Street market in Hanoi, 2003 July 17.jpg	Street market in Hanoi, July 17	no specific feature found
File:Street market in Hanoi, 2003 July 19.jpg	Street market in Hanoi, July 19	no specific feature found
File:Street market in Hanoi, 2003 July 20.jpg	Street market in Hanoi, July 20	no specific feature found
File:Street market in Hanoi, 2003 July 21.jpg	Street market in Hanoi, July 21	no specific feature found
File:Street market in Hanoi, 2003 July 22.jpg	Street market in Hanoi, July 22	no specific feature found
File:Street market in Hanoi, 2003 July 23.jpg	Street market in Hanoi, July 23	no specific feature found
File:Street market in Hanoi, 2003 July 24.jpg	Street market in Hanoi, July 24	no specific feature found
File:Street market in Hanoi, 2003 July 26.jpg	Street market in Hanoi, July 26	no specific feature found
File:Street market in Hanoi, 2003 July 27.jpg	Street market in Hanoi, July 27	no specific feature found
File:Street market in Hanoi, 2003 July 28.jpg	Street market in Hanoi, July 28	no specific feature found
File:Street market in Hanoi, 2003 July 29.jpg	Street market in Hanoi, July 29	no specific feature found
File:Street market in Hanoi, 2003 July 30.jpg	Street market in Hanoi, July 30	no specific feature found
File:Street market in Hanoi, 2003 July 31.jpg	Street market in Hanoi, July 31	no specific feature found
File:Street market in Hanoi, 2003 July 32.jpg	Street market in Hanoi, July 32	no specific feature found
File:Street market in Hanoi, 2003 July 33.jpg	Street market in Hanoi, July 33	no specific feature found
File:Street market in Hanoi, 2003 July 34.jpg	Street market in Hanoi, July 34	no specific feature found
File:Street market in Hanoi, 2003 July 36.jpg	Street market in Hanoi, July 36	no specific feature found
File:Street market in Hanoi, 2003 July 37.jpg	Street market in Hanoi, July 37	no specific feature found
File:Street market in Hanoi, 2003 July 38.jpg	Street market in Hanoi, July 38	no specific feature found
File:Street market in Hanoi, 2003 July 39.jpg	Street market in Hanoi, July 39	no specific feature found
File:Street market in Hanoi, 2003 July 40.jpg	Street market in Hanoi, July 40	no specific feature found
File:Street market in Hanoi, 2003 July 41.jpg	Street market in Hanoi, July 41	no specific feature found
File:Street market in Hanoi, 2003 July 42.jpg	Street market in Hanoi, July 42	no specific feature found
File:Street market in Hanoi, 2003 July 43.jpg	Street market in Hanoi, July 43	no specific feature found
File:Street market in Hanoi, 2003 July 44.jpg	Street market in Hanoi, July 44	no specific feature found
File:Street market in Hanoi, 2003 July 45.jpg	Street market in Hanoi, July 45	no specific feature found
File:Puginier truong.jpg	Puginier truong, Hanoi, Vietnam	'puginier' is not in the hit's name 'Quảng trường Ba Đình'
File:Pho phan dinh phung.jpg	Pho phan dinh phung, Hanoi, Vietnam	a road is not a site (highway/residential)
File:Cho hoa dem Quang An.JPG	Cho hoa dem Quang An, Hanoi, Vietnam	no specific feature found
File:Bức tường với dòng chữ cấm đái ở một góc phố Hà Nội đầu thế kỷ 20.jpg	Bức tường với dòng chữ cấm đái ở một góc phố Hà Nội đầu thế kỷ 20	no specific feature found
File:BUDDIST TEMPLE HA NOI VIETNAM FEB 2012 (7017129385).jpg	BUDDIST TEMPLE HA NOI VIETNAM FEB	no specific feature found
File:Hồ Đồng đò.jpg	Hồ Đồng đò, Hanoi, Vietnam	'do' is not in the hit's name 'The Coffee House'
File:Hồ Đồng Đò mùa xuân.jpg	Hồ Đồng Đò mùa xuân, Hanoi, Vietnam	no specific feature found
File:Bơi lội trên hồ Đồng Đò.jpg	Bơi lội trên hồ Đồng Đò, Hanoi, Vietnam	no specific feature found
File:Hanoi Vietnam Mausoleum-of-Ho-Chi-Minh-01.jpg	Hanoi Vietnam Mausoleum-of-Ho-Chi-Minh-01	no specific feature found
File:Hanoi Vietnam Mausoleum-of-Ho-Chi-Minh-02.jpg	Hanoi Vietnam Mausoleum-of-Ho-Chi-Minh-02	no specific feature found
File:Hanoi Vietnam Thang-Long-Water-Puppet-Theatre-01.jpg	Hanoi Vietnam Thang-Long-Water-Puppet-Theatre-01	no specific feature found
File:Hanoi Vietnam Temple-of-the-Jade-Mountain-01.jpg	Hanoi Vietnam Temple-of-the-Jade-Mountain-01	no specific feature found
File:Hanoi Vietnam Houses-in-Hoàn-Kiếm-District-01.jpg	Hanoi Vietnam Houses-in-Hoàn-Kiếm-District-01	no specific feature found
File:Hanoi Vietnam Ho-Chi-Minh-Museum-01.jpg	Hanoi Vietnam Ho-Chi-Minh-Museum-01	no specific feature found
File:Hanoi Vietnam Ho-Chi-Minh-Museum-02.jpg	Hanoi Vietnam Ho-Chi-Minh-Museum-02	no specific feature found
File:Hanoi Vietnam Mausoleum-of-Ho-Chi-Minh-03.jpg	Hanoi Vietnam Mausoleum-of-Ho-Chi-Minh-03	no specific feature found
File:Hanoi Vietnam Shrine-at-Hoàn-Kiếm-Lake-01.jpg	Hanoi Vietnam Shrine-at-Hoàn-Kiếm-Lake-01	no specific feature found
File:Mausolee ho chi minh.jpg	Mausolee ho chi minh, Hanoi, Vietnam	'mausolee' is not in the hit's name 'Lăng Chủ tịch Hồ Chí Minh'
File:Ho Chi Minh tomb.jpg	Ho Chi Minh tomb, Hanoi, Vietnam	no specific feature found
File:Ho chi minh mausoleum 2.jpg	Ho chi minh mausoleum 2, Hanoi, Vietnam	'mausoleum' is not in the hit's name 'Bộ Tư lệnh Lăng Chủ tịch Hồ Chí Minh'
File:Ho Chi Minh Mausoleum at night.jpg	Ho Chi Minh Mausoleum at night, Hanoi, Vietnam	no specific feature found
File:Lang HCM SuonPhai.JPG	Lang HCM SuonPhai, Hanoi, Vietnam	no specific feature found
File:Lang HCM Tre.JPG	Lang HCM Tre, Hanoi, Vietnam	no specific feature found
File:Quảng trường Ba Đình về đêm.JPG	Quảng trường Ba Đình về đêm, Hanoi, Vietnam	no specific feature found
File:Ho Chi Minh Mausoleum Vietnam 278.jpg	Ho Chi Minh Mausoleum Vietnam 278, Hanoi, Vietnam	no specific feature found
File:Ho Chi Minh Mausolée - 2003.jpg	Ho Chi Minh Mausolée, Hanoi, Vietnam	no specific feature found
File:Ho Chi Minh Mausoleum 2.jpg	Ho Chi Minh Mausoleum 2, Hanoi, Vietnam	'mausoleum' is not in the hit's name 'Bộ Tư lệnh Lăng Chủ tịch Hồ Chí Minh'
File:Ho Chi Minh Mausoleum in Hanoi3.JPG	Ho Chi Minh Mausoleum in Hanoi3	no specific feature found
File:Ho Chi Minh Mausoleum in Hanoi2.JPG	Ho Chi Minh Mausoleum in Hanoi2	no specific feature found
File:Ho Chi Minh Mausoleum in Hanoi1.JPG	Ho Chi Minh Mausoleum in Hanoi1	no specific feature found
File:Ho Chi Minh Mausoleum in Hanoi0.JPG	Ho Chi Minh Mausoleum in Hanoi0	no specific feature found
File:Ho Chi Minh Mausoleum-original-5.jpg	Ho Chi Minh Mausoleum-original-5, Hanoi, Vietnam	no specific feature found
File:Vn-hanoi-ho-chi-minh-mausoleum-03-08-07.jpg	Vn-hanoi-ho-chi-minh-mausoleum-03-08-07	no specific feature found
File:Lăng chủ tịch Hồ Chí Minh về đêm.jpg	Lăng chủ tịch Hồ Chí Minh về đêm, Hanoi, Vietnam	no specific feature found
File:HO CHI MINH MAUSOLEUM HANOI VIETNAM FEB 2012 (6911628746).jpg	HO CHI MINH MAUSOLEUM HANOI VIETNAM FEB	no specific feature found
File:HO CHI MINH MAUSOLEUM HA NOI VIETNAM FEB 2012 (6979089169).jpg	HO CHI MINH MAUSOLEUM HA NOI VIETNAM FEB	no specific feature found
File:Visita y ofrenda floral en el Mausuleo del Presidente Ho Chi Minh (9112557021).jpg	Visita y ofrenda floral en el Mausuleo del Presidente Ho Chi Minh, Hanoi, Vietnam	no specific feature found
File:Visita y ofrenda floral en el Mausuleo del Presidente Ho Chi Minh (9114782456).jpg	Visita y ofrenda floral en el Mausuleo del Presidente Ho Chi Minh, Hanoi, Vietnam	no specific feature found
File:Visita y ofrenda floral en el Mausuleo del Presidente Ho Chi Minh (9114784438).jpg	Visita y ofrenda floral en el Mausuleo del Presidente Ho Chi Minh, Hanoi, Vietnam	no specific feature found
File:Visita y ofrenda floral en el Mausuleo del Presidente Ho Chi Minh (9114781968).jpg	Visita y ofrenda floral en el Mausuleo del Presidente Ho Chi Minh, Hanoi, Vietnam	no specific feature found
File:Visita y ofrenda floral en el Mausuleo del Presidente Ho Chi Minh (9112559893).jpg	Visita y ofrenda floral en el Mausuleo del Presidente Ho Chi Minh, Hanoi, Vietnam	no specific feature found
File:Visita y ofrenda floral en el Mausuleo del Presidente Ho Chi Minh (9112561519).jpg	Visita y ofrenda floral en el Mausuleo del Presidente Ho Chi Minh, Hanoi, Vietnam	no specific feature found
File:Visita y ofrenda floral en el Mausuleo del Presidente Ho Chi Minh (9112563135).jpg	Visita y ofrenda floral en el Mausuleo del Presidente Ho Chi Minh, Hanoi, Vietnam	no specific feature found
File:Visita y ofrenda floral en el Mausuleo del Presidente Ho Chi Minh (9112562767).jpg	Visita y ofrenda floral en el Mausuleo del Presidente Ho Chi Minh, Hanoi, Vietnam	no specific feature found
File:Visita y ofrenda floral en el Mausuleo del Presidente Ho Chi Minh (9114785784).jpg	Visita y ofrenda floral en el Mausuleo del Presidente Ho Chi Minh, Hanoi, Vietnam	no specific feature found
File:Visita y ofrenda floral en el Mausuleo del Presidente Ho Chi Minh (9112564803).jpg	Visita y ofrenda floral en el Mausuleo del Presidente Ho Chi Minh, Hanoi, Vietnam	no specific feature found
File:Visita y ofrenda floral en el Mausuleo del Presidente Ho Chi Minh (9114787950).jpg	Visita y ofrenda floral en el Mausuleo del Presidente Ho Chi Minh, Hanoi, Vietnam	no specific feature found
File:Visita y ofrenda floral en el Mausuleo del Presidente Ho Chi Minh (9114787568).jpg	Visita y ofrenda floral en el Mausuleo del Presidente Ho Chi Minh, Hanoi, Vietnam	no specific feature found
File:Visita y ofrenda floral en el Mausuleo del Presidente Ho Chi Minh (9114788648).jpg	Visita y ofrenda floral en el Mausuleo del Presidente Ho Chi Minh, Hanoi, Vietnam	no specific feature found
File:Visita y ofrenda floral en el Mausuleo del Presidente Ho Chi Minh (9114780576).jpg	Visita y ofrenda floral en el Mausuleo del Presidente Ho Chi Minh, Hanoi, Vietnam	no specific feature found
File:Visita y ofrenda floral en el Mausuleo del Presidente Ho Chi Minh (9114779184).jpg	Visita y ofrenda floral en el Mausuleo del Presidente Ho Chi Minh, Hanoi, Vietnam	no specific feature found
File:Visita y ofrenda floral en el Mausuleo del Presidente Ho Chi Minh (9112555737).jpg	Visita y ofrenda floral en el Mausuleo del Presidente Ho Chi Minh, Hanoi, Vietnam	no specific feature found
File:Ho Chi Minh Mausoleum from the front.JPG	Ho Chi Minh Mausoleum from the front, Hanoi, Vietnam	no specific feature found
File:Mausoleo de Ho Chi Minh.JPG	Mausoleo de Ho Chi Minh, Hanoi, Vietnam	no specific feature found
File:Lăng CT Hồ Chí Minh.jpg	Lăng CT Hồ Chí Minh, Hanoi, Vietnam	no specific feature found
File:Gifts displayed in the Ho Chi Minh Museum that Ho Chi Minh received from the Ha Tay province.jpg	Gifts displayed in the Ho Chi Minh Museum that Ho Chi Minh received from the Ha Tay province, Hanoi, Vietnam	no specific feature found
File:Ho Chi minh mausoleum 2.jpg	Ho Chi minh mausoleum 2, Hanoi, Vietnam	'mausoleum' is not in the hit's name 'Bộ Tư lệnh Lăng Chủ tịch Hồ Chí Minh'
File:Ho Chi minh mausoleum 3.jpg	Ho Chi minh mausoleum 3, Hanoi, Vietnam	no specific feature found
File:Ho Chi minh mausoleum 4.jpg	Ho Chi minh mausoleum 4, Hanoi, Vietnam	no specific feature found
File:Ho Chi minh mausoleum 5.jpg	Ho Chi minh mausoleum 5, Hanoi, Vietnam	no specific feature found
File:Ho Chi Minh's mausoleum (4856309286).jpg	Ho Chi Minh's mausoleum, Hanoi, Vietnam	no specific feature found
File:Ho Chi Minh's mausoleum (4856308670).jpg	Ho Chi Minh's mausoleum, Hanoi, Vietnam	no specific feature found
File:Ho Chi Minh's mausoleum (4855692589).jpg	Ho Chi Minh's mausoleum, Hanoi, Vietnam	no specific feature found
File:Ho Chi Minh's mausoleum (4856310156).jpg	Ho Chi Minh's mausoleum, Hanoi, Vietnam	no specific feature found
File:Rear view of Ho Chi Minh Mausoleum.jpg	Rear view of Ho Chi Minh Mausoleum, Hanoi, Vietnam	no specific feature found
File:The President, Smt. Pratibha Devisingh Patil at the Ho Chi Minh Mausoleum to lay wreath, in Hanoi, Vietnam on November 28, 2008.jpg	The President, Smt. Pratibha Devisingh Patil at the Ho Chi Minh Mausoleum to lay wreath, in Hanoi, Vietnam on November 28	no specific feature found
File:The President, Smt. Pratibha Devisingh Patil laying wreath at the Ho Chi Minh Mausoleum, in Hanoi, Vietnam on November 28, 2008.jpg	The President, Smt. Pratibha Devisingh Patil laying wreath at the Ho Chi Minh Mausoleum, in Hanoi, Vietnam on November 28	no specific feature found
File:Faurie - Ofrenda floral a Ho Chi Minh.jpg	Faurie - Ofrenda floral a Ho Chi Minh, Hanoi, Vietnam	no specific feature found
File:Hanoi, Vietnam, The Ho Chi Minh Mausoleum.jpg	Hanoi, Vietnam, The Ho Chi Minh Mausoleum	no specific feature found
File:Hanoi, Vietnam, Ba Dinh Square and Ho Chi Minh Mausoleum.jpg	Hanoi, Vietnam, Ba Dinh Square and Ho Chi Minh Mausoleum	no specific feature found
File:Hanoi, Vietnam, Ho Chi Minh Mausoleum on Ba Dinh Square.jpg	Hanoi, Vietnam, Ho Chi Minh Mausoleum on Ba Dinh Square	no specific feature found
File:Ho Chi Minh Mausoleum in Hanoi front left.jpg	Ho Chi Minh Mausoleum in Hanoi front left	no specific feature found
File:Gardeners in the Ho Chi Minh Mausoleum - Vietnam (15860257192).jpg	Gardeners in the Ho Chi Minh Mausoleum - Vietnam, Hanoi, Vietnam	no specific feature found
File:Ho Chi Minh ohne Kinder (7068937045).jpg	Ho Chi Minh ohne Kinder, Hanoi, Vietnam	no specific feature found
File:Ho Chi Minh mausoleum in 2003.jpg	Ho Chi Minh mausoleum in, Hanoi, Vietnam	no specific feature found
File:Ho Chi Minh mausoleum in 2003 2.jpg	Ho Chi Minh mausoleum in 2, Hanoi, Vietnam	no specific feature found
File:Quảng trường Ba Đình - NKS.jpg	Quảng trường Ba Đình - NKS, Hanoi, Vietnam	no specific feature found
File:Vietnam 1999.Hanoi.Mausolée d'Ho Chi Minh (15).jpg	Vietnam .Hanoi.Mausolée d'Ho Chi Minh	no specific feature found
File:Vietnam 1999.Hanoi.Mausolée d'Ho Chi Minh (33).jpg	Vietnam .Hanoi.Mausolée d'Ho Chi Minh	no specific feature found
File:Mausoleum of Ho Chi Minh, February 2025.jpg	Mausoleum of Ho Chi Minh, February, Hanoi, Vietnam	no specific feature found
File:Couple posing for the Ho Chi Minh Mausoleum (1).jpg	Couple posing for the Ho Chi Minh Mausoleum, Hanoi, Vietnam	no specific feature found
File:Ngan Hang Phuong Dong office in Hoan Kiem.jpg	Ngan Hang Phuong Dong office in Hoan Kiem, Hanoi, Vietnam	no specific feature found
File:Bản vẽ thành Hà Nội chỉ dẫn các tuyến phố và công trình chính xây theo phong cách hiện đại lập năm 1942.jpg	Bản vẽ thành Hà Nội chỉ dẫn các tuyến phố và công trình chính xây theo phong cách hiện đại lập năm	no specific feature found
File:Visita a la Casa de madera del Presidente Ho Chi Minh (9112611397).jpg	Visita a la Casa de madera del Presidente Ho Chi Minh, Hanoi, Vietnam	no specific feature found
File:2003, Ho Chi Minh's house on a rainy day 3.jpg	Ho Chi Minh's house on a rainy day 3, Hanoi, Vietnam	no specific feature found
File:2003, Ho Chi Minh's house on a rainy day 5.jpg	Ho Chi Minh's house on a rainy day 5, Hanoi, Vietnam	no specific feature found
File:2003, Ho Chi Minh's house on a rainy day 6.jpg	Ho Chi Minh's house on a rainy day 6, Hanoi, Vietnam	no specific feature found
File:2003, Ho Chi Minh's house on a rainy day 7.jpg	Ho Chi Minh's house on a rainy day 7, Hanoi, Vietnam	no specific feature found
File:2003, Ho Chi Minh's house on a rainy day 8.jpg	Ho Chi Minh's house on a rainy day 8, Hanoi, Vietnam	no specific feature found
File:2003, Ho Chi Minh's house on a rainy day 9.jpg	Ho Chi Minh's house on a rainy day 9, Hanoi, Vietnam	no specific feature found
File:Vietnam-Hanoi-Ho Chi Minh’s house-P1070164.jpg	Vietnam-Hanoi-Ho Chi Minh’s house	'chi' is not in the hit's name 'Nhà sàn Bác Hồ'
File:Vietnam-Hanoi-Ho Chi Minh’s house-P1070162.jpg	Vietnam-Hanoi-Ho Chi Minh’s house	'chi' is not in the hit's name 'Nhà sàn Bác Hồ'
File:Just in case your life's desire is to see Uncle Ho's used cars. (1344753510).jpg	Just in case your life's desire is to see Uncle Ho's used cars, Hanoi, Vietnam	no specific feature found
File:Part of the Ho complex. (1344754234).jpg	Part of the Ho complex, Hanoi, Vietnam	no specific feature found
File:ĐườngSắt@đườngPhố.jpg	ĐườngSắt@đườngPhố, Hanoi, Vietnam	no specific feature found
File:Phuc-nguyen-duong-cua-hang.jpg	Phuc-nguyen-duong-cua-hang, Hanoi, Vietnam	no specific feature found
File:BoBaPop, 6 Ho Tung Mau Road, Cau Giay District, Hanoi, Vietnam (2).jpg	BoBaPop, 6 Ho Tung Mau Road, Cau Giay District, Hanoi, Vietnam	one-word title matched to a shop or restaurant
File:BoBaPop, 6 Ho Tung Mau Road, Cau Giay District, Hanoi, Vietnam (1).jpg	BoBaPop, 6 Ho Tung Mau Road, Cau Giay District, Hanoi, Vietnam	one-word title matched to a shop or restaurant
File:Ding Tea, 69 Quang Trung Street, Hai Ba Trung District, Hanoi, Vietnam (01).jpg	Ding Tea, 69 Quang Trung Street, Hai Ba Trung District, Hanoi, Vietnam	stated locality '69 Quang Trung Street' not in the hit's address
File:Ding Tea, 103 Cau Dien Road, Bac Tu Liem District, Hanoi, Vietnam (02).jpg	Ding Tea, 103 Cau Dien Road, Bac Tu Liem District, Hanoi, Vietnam	stated locality '103 Cau Dien Road' not in the hit's address
File:BoBaPop, 56 Nguyen Phong Sac Road, Cau Giay District, Hanoi, Vietnam (1).jpg	BoBaPop, 56 Nguyen Phong Sac Road, Cau Giay District, Hanoi, Vietnam	a road is not a site (highway/secondary)
File:Gong Cha, 56 Ly Thuong Kiet Street, Hoan Kiem District, Hanoi, Vietnam (1).jpg	Gong Cha, 56 Ly Thuong Kiet Street, Hoan Kiem District, Hanoi, Vietnam	stated locality '56 Ly Thuong Kiet Street' not in the hit's address
File:Yu Tang Tea House, 60 Ly Thuong Kiet Street, Hoan Kiem District, Hanoi, Vietnam (1).jpg	Yu Tang Tea House, 60 Ly Thuong Kiet Street, Hoan Kiem District, Hanoi, Vietnam	'tea' is not in the hit's name '60'
File:Bubble tea by Bumba (44 Ho Tung Mau Road, Cau Giay District, Hanoi, Vietnam).jpg	Bubble tea by Bumba, Hanoi, Vietnam	no specific feature found
File:Uncle Tea, 82 Ho Tung Mau Road, Cau Giay District, Hanoi, Vietnam (3).jpg	Uncle Tea, 82 Ho Tung Mau Road, Cau Giay District, Hanoi, Vietnam	a road is not a site (highway/trunk)
File:Royaltea (Guangdong), 144 Xuan Thuy Road, Cau Giay District, Hanoi, Vietnam (3).jpg	Royaltea (Guangdong), 144 Xuan Thuy Road, Cau Giay District, Hanoi, Vietnam	'guangdong' is not in the hit's name 'Royaltea'
File:Tw Bubble Tea, 136 Xuan Thuy Road, Cau Giay District, Hanoi, Vietnam (1).jpg	Tw Bubble Tea, 136 Xuan Thuy Road, Cau Giay District, Hanoi, Vietnam	'bubble' is not in the hit's name 'Trường Đại học Sư phạm Hà Nội'
File:Sạp báo 110A1 đường Giảng Võ, quận Ba Đình, Hà Nội (A newspaper kiosk at 110A1 Giang Vo Road, Ba Dinh District, Hanoi, Vietnam).jpg	Sạp báo 110A1 đường Giảng Võ, quận Ba Đình, Hà Nội (A newspaper kiosk at 110A1 Giang Vo Road, Ba Dinh District, Hanoi, Vietnam)	no specific feature found
File:Royaltea (Guangdong), 44 Xuan Thuy Road, Cau Giay District, Hanoi, Vietnam (02).jpg	Royaltea (Guangdong), 44 Xuan Thuy Road, Cau Giay District, Hanoi, Vietnam	'guangdong' is not in the hit's name 'Royaltea'
File:Tw Bubble Tea, 136 Xuan Thuy Road, Cau Giay District, Hanoi, Vietnam (2).jpg	Tw Bubble Tea, 136 Xuan Thuy Road, Cau Giay District, Hanoi, Vietnam	'bubble' is not in the hit's name 'Trường Đại học Sư phạm Hà Nội'
File:Royaltea (Guangdong), 144 Xuan Thuy Road, Cau Giay District, Hanoi, Vietnam (2).jpg	Royaltea (Guangdong), 144 Xuan Thuy Road, Cau Giay District, Hanoi, Vietnam	'guangdong' is not in the hit's name 'Royaltea'
File:Bumba, 44 Ho Tung Mau Road, Cau Giay District, Hanoi, Vietnam (02).jpg	Bumba, 44 Ho Tung Mau Road, Cau Giay District, Hanoi, Vietnam	a road is not a site (highway/trunk)
File:Royaltea (Guangdong), 300-302 Nguyen Trai Road, Thanh Xuan District, Hanoi, Vietnam (01).jpg	Royaltea (Guangdong), 300-302 Nguyen Trai Road, Thanh Xuan District, Hanoi, Vietnam	'guangdong' is not in the hit's name 'Royaltea'
File:A bubble tea shop, 304 Nguyen Trai, Thanh Xuan District, Hanoi, Vietnam.jpg	A bubble tea shop, 304 Nguyen Trai, Thanh Xuan District, Hanoi, Vietnam	a road is not a site (highway/trunk)
File:Uncle Tea, 82 Ho Tung Mau Road, Cau Giay District, Hanoi, Vietnam (4).jpg	Uncle Tea, 82 Ho Tung Mau Road, Cau Giay District, Hanoi, Vietnam	a road is not a site (highway/trunk)
File:LiHo Tea (Singapore), 43 Hang Dau Street, Hoan Kiem District, Hanoi, Vietnam (02).jpg	LiHo Tea (Singapore), 43 Hang Dau Street, Hoan Kiem District, Hanoi, Vietnam	a road is not a site (highway/tertiary)
File:Bubble tea by Goky (45 Nguyen Chi Thanh Road, Ba Dinh District, Hanoi, Vietnam).jpg	Bubble tea by Goky, Hanoi, Vietnam	no specific feature found
File:Goky, 45 Nguyen Chi Thanh Road, Ba Dinh District, Hanoi, Vietnam (02).jpg	Goky, 45 Nguyen Chi Thanh Road, Ba Dinh District, Hanoi, Vietnam	'goky' is not in the hit's name '45'
File:GONG CHA DingYu, 67A Hang Bong, Hoan Kiem District, Hanoi, Vietnam (02).jpg	GONG CHA DingYu, 67A Hang Bong, Hoan Kiem District, Hanoi, Vietnam	a road is not a site (highway/tertiary)
File:Meet and More (South Korea), 275 Tran Quoc Hoan Road, Cau Giay District, Hanoi, Vietnam (02).jpg	Meet and More (South Korea), 275 Tran Quoc Hoan Road, Cau Giay District, Hanoi, Vietnam	no specific feature found
File:Meet and More (South Korea), 275 Tran Quoc Hoan Road, Cau Giay District, Hanoi, Vietnam (01).jpg	Meet and More (South Korea), 275 Tran Quoc Hoan Road, Cau Giay District, Hanoi, Vietnam	no specific feature found
File:Meet and More (South Korea), 275 Tran Quoc Hoan Road, Cau Giay District, Hanoi, Vietnam (03).jpg	Meet and More (South Korea), 275 Tran Quoc Hoan Road, Cau Giay District, Hanoi, Vietnam	no specific feature found
File:Cửa hàng băng đĩa ở 161A phố Vọng, quận Hai Bà Trưng, Hà Nội (A record shop at 161A Vong Street, Hai Ba Trung District, Hanoi, Vietnam) (01).jpg	Cửa hàng băng đĩa ở 161A phố Vọng, quận Hai Bà Trưng, Hà Nội (A record shop at 161A Vong Street, Hai Ba Trung District, Hanoi, Vietnam)	no specific feature found
File:Cửa hàng băng đĩa ở 161A phố Vọng, quận Hai Bà Trưng, Hà Nội (A record shop at 161A Vong Street, Hai Ba Trung District, Hanoi, Vietnam) (02).jpg	Cửa hàng băng đĩa ở 161A phố Vọng, quận Hai Bà Trưng, Hà Nội (A record shop at 161A Vong Street, Hai Ba Trung District, Hanoi, Vietnam)	no specific feature found
File:Royaltea (Guangdong), 181 Tran Dai Nghia Street, Hai Ba Trung District, Hanoi, Vietnam (01).jpg	Royaltea (Guangdong), 181 Tran Dai Nghia Street, Hai Ba Trung District, Hanoi, Vietnam	'guangdong' is not in the hit's name 'Royaltea'
File:MIXUE (Hong Kong), 179 Tran Dai Nghia Street, Hai Ba Trung District, Hanoi, Vietnam (01).jpg	MIXUE (Hong Kong), 179 Tran Dai Nghia Street, Hai Ba Trung District, Hanoi, Vietnam	'hong' is not in the hit's name 'Mixue'
File:LiHo Tea (Singapore), 16 Pham Ngoc Thach Street, Dong Da District, Hanoi, Vietnam (01).jpg	LiHo Tea (Singapore), 16 Pham Ngoc Thach Street, Dong Da District, Hanoi, Vietnam	'liho' is not in the hit's name 'Đầm bầu Mom Baby'
File:Hang ban dau pho To Tich.jpg	Hang ban dau pho To Tich, Hanoi, Vietnam	no specific feature found
File:TocoToco, 47 Nui Truc Street, Ba Dinh District, Hanoi, Vietnam 001.jpg	TocoToco, 47 Nui Truc Street, Ba Dinh District, Hanoi, Vietnam 001	one-word title matched to a shop or restaurant
File:TocoToco, 47 Nui Truc Street, Ba Dinh District, Hanoi, Vietnam 002.jpg	TocoToco, 47 Nui Truc Street, Ba Dinh District, Hanoi, Vietnam 002	one-word title matched to a shop or restaurant
"File:Une exposition d'objets votifs en papier à l'entrée d'un temple, dans la "" rue des Chapeaux "" - A6621.jpg"	"Une exposition d'objets votifs en papier à l'entrée d'un temple, dans la "" rue des Chapeaux "" - A6621, Hanoi, Vietnam"	no specific feature found
"File:Une exposition d'objets votifs en papier à l'entrée d'un temple, dans la "" rue des Chapeaux "" - A6622.jpg"	"Une exposition d'objets votifs en papier à l'entrée d'un temple, dans la "" rue des Chapeaux "" - A6622, Hanoi, Vietnam"	no specific feature found
File:Truong hoc vien tai chinh.jpg	Truong hoc vien tai chinh, Hanoi, Vietnam	no specific feature found
File:Newone - Vinh Tuy bridge 2018.jpg	Newone - Vinh Tuy bridge, Hanoi, Vietnam	no specific feature found
File:Newone - Thanh Tri bridge.jpg	Newone - Thanh Tri bridge, Hanoi, Vietnam	no specific feature found
File:Newone - ô ăn quan.jpg	Newone - ô ăn quan, Hanoi, Vietnam	no specific feature found
File:Newone - cầu vượt Park Hill, Tỉmes City.jpg	Newone - cầu vượt Park Hill, Tỉmes City, Hanoi, Vietnam	'hill' is not in the hit's name 'Vinhomes Times City'
File:Trường quốc tế liên cấp Việt-Úc Hà Nội.jpg	Trường quốc tế liên cấp Việt-Úc Hà Nội	no specific feature found
File:Trường HSGS ở Lương Thế Vinh.png	Trường HSGS ở Lương Thế Vinh, Hanoi, Vietnam	no specific feature found
File:4-truong nu.png	4-truong nu, Hanoi, Vietnam	no specific feature found
File:4-truong y.png	4-truong y, Hanoi, Vietnam	a road is not a site (highway/service)
File:Trường TH Vietschool.jpg	Trường TH Vietschool, Hanoi, Vietnam	'th' is not in the hit's name 'Trường Liên cấp Trung học cơ sở - Tiểu h'
File:A Police Hospital in Hanoi city 2017.jpg	A Police Hospital in Hanoi city	no specific feature found
File:Khoa Điều Trị Theo Yêu Cầu, Hà Nội - Sep 5, 2023.jpg	Khoa Điều Trị Theo Yêu Cầu, Hà Nội - Sep 5	no specific feature found
File:Bệnh viện Đại học Y Dược, Đại học Quốc gia Hà Nội.jpg	Bệnh viện Đại học Y Dược, Đại học Quốc gia Hà Nội	stated locality 'Đại học Quốc gia Hà Nội' not in the hit's address
File:Bệnh viện Đại học Y Dược, Đại học Quốc gia Hà Nội IMG.jpg	Bệnh viện Đại học Y Dược, Đại học Quốc gia Hà Nội	stated locality 'Đại học Quốc gia Hà Nội' not in the hit's address
File:Phòng Khám Đa Khoa 182 Lương Thế Vinh – Bệnh Viện Đại Học Quốc Gia Hà Nội.jpg	Phòng Khám Đa Khoa 182 Lương Thế Vinh – Bệnh Viện Đại Học Quốc Gia Hà Nội	no specific feature found
File:Lights reflecting in Hoan Kiem Lake (38457936020).jpg	Lights reflecting in Hoan Kiem Lake, Hanoi, Vietnam	no specific feature found
File:Tòa nhà bưu điện trung tâm nhìn từ bên kia hồ Hoàn Kiếm.jpg	Tòa nhà bưu điện trung tâm nhìn từ bên kia hồ Hoàn Kiếm, Hanoi, Vietnam	no specific feature found
File:Bưu điện trên đường Đinh Tiên Hoàng giáp phố Đinh Lễ xưa.jpg	Bưu điện trên đường Đinh Tiên Hoàng giáp phố Đinh Lễ xưa, Hanoi, Vietnam	no specific feature found
File:Warm morning of Pháo Đài Láng Street 02-02-2026. Alleyway.jpg	Warm morning of Pháo Đài Láng Street 02-02- . Alleyway, Hanoi, Vietnam	no specific feature found
File:On Pháo Đài Láng Street 02-03-2026. Cars in the alleyway.jpg	On Pháo Đài Láng Street 02-03- . Cars in the alleyway, Hanoi, Vietnam	no specific feature found
File:Tuong dai chien thang Chi Lang.JPG	Tuong dai chien thang Chi Lang, Hanoi, Vietnam	no specific feature found
File:Lê Lợi's victory over 100,000 Ming invaders from China in 1427 AD - Chi Lang Pass (Ải Chi Lăng) - Museum of Vietnamese History - Ho Chi Minh City - DSC06005.JPG	Lê Lợi's victory over 100,000 Ming invaders from China in AD - Chi Lang Pass (Ải Chi Lăng) - Museum of Vietnamese History - Ho Chi Minh City - DSC06005, Hanoi, Vietnam	no specific feature found
File:Vinh tomb temple.jpg	Vinh tomb temple, Hanoi, Vietnam	no specific feature found
File:Ngo Bau Chau MFO.jpg	Ngo Bau Chau MFO, Hanoi, Vietnam	no specific feature found
File:Mai Phuong Thuy Vietnam Festival 2008 in Japan.jpg	Mai Phuong Thuy Vietnam Festival in Japan, Hanoi, Vietnam	no specific feature found
File:Miss Vietnam 2006 Mai Phuong Thuy.jpg	Miss Vietnam Mai Phuong Thuy, Hanoi, Vietnam	no specific feature found
File:Miss Vietnam - Phuong Thuy 2.jpg	Miss Vietnam - Phuong Thuy 2, Hanoi, Vietnam	no specific feature found
File:Mai Phuong Thuy Miss Vietnam 2006.jpg	Mai Phuong Thuy Miss Vietnam, Hanoi, Vietnam	no specific feature found
File:DSC01589 Miss Vietnam 2006 Mai Phuong Thuy.jpg	DSC01589 Miss Vietnam Mai Phuong Thuy, Hanoi, Vietnam	no specific feature found
File:Miss Vietnam 2006 Mai Phuong Thuy 70025.jpg	Miss Vietnam Mai Phuong Thuy, Hanoi, Vietnam	no specific feature found
File:Miss Vietnam Mai Phuong Thuy and BeGiang104.jpg	Miss Vietnam Mai Phuong Thuy and BeGiang104, Hanoi, Vietnam	no specific feature found
File:Miss Vietnam 2006 - Mai Phuong Thuy.jpg	Miss Vietnam - Mai Phuong Thuy, Hanoi, Vietnam	no specific feature found
File:Mai Phuong Thuy 16 November 2013.jpg	Mai Phuong Thuy 16 November, Hanoi, Vietnam	no specific feature found
File:Mai Phuong Thuy Vietnam Festival 2008 in Japan (cropped).jpg	Mai Phuong Thuy Vietnam Festival in Japan (cropped), Hanoi, Vietnam	no specific feature found
File:Walk along Trần Duy Hưng Street 11-03-2026 E03.jpg	Walk along Trần Duy Hưng Street 11-03- E03, Hanoi, Vietnam	no specific feature found
File:Bé gái cho gà ăn, 46x38.JPG	Bé gái cho gà ăn, 46x38, Hanoi, Vietnam	no specific feature found
File:Lake of Sighs (Hô Than Thở).jpg	Lake of Sighs (Hô Than Thở), Hanoi, Vietnam	no specific feature found
File:Floraison d'abrasins (fleurs femelles) (Centre de recherches scientifiques et techniques, station de Xiengkhouang, Laos) - Vo An Ninh ; René Schneyder - btv1b101199033 (1 of 2).jpg	Floraison d'abrasins (fleurs femelles) (Centre de recherches scientifiques et techniques, station de Xiengkhouang, Laos) - Vo An Ninh ; René Schneyder - btv1b101199033, Hanoi, Vietnam	no specific feature found
File:Floraison d'abrasins (fleurs femelles) (Centre de recherches scientifiques et techniques, station de Xiengkhouang, Laos) - Vo An Ninh ; René Schneyder - btv1b101199033 (2 of 2).jpg	Floraison d'abrasins (fleurs femelles) (Centre de recherches scientifiques et techniques, station de Xiengkhouang, Laos) - Vo An Ninh ; René Schneyder - btv1b101199033, Hanoi, Vietnam	no specific feature found
File:Jeune plantation d'abrasins avec couverture de Tithonia sp. (Centre de recherches scientifiques et techniques, station de Blao, Haut Donnaï (Annam)) - Vo An Ninh ; René Schneyder - btv1b101201646 (1 of 2).jpg	Jeune plantation d'abrasins avec couverture de Tithonia sp. (Centre de recherches scientifiques et techniques, station de Blao, Haut Donnaï (Annam)) - Vo An Ninh ; René Schneyder - btv1b101201646, Hanoi, Vietnam	no specific feature found
File:Jeune plantation d'abrasins avec couverture de Tithonia sp. (Centre de recherches scientifiques et techniques, station de Blao, Haut Donnaï (Annam)) - Vo An Ninh ; René Schneyder - btv1b101201646 (2 of 2).jpg	Jeune plantation d'abrasins avec couverture de Tithonia sp. (Centre de recherches scientifiques et techniques, station de Blao, Haut Donnaï (Annam)) - Vo An Ninh ; René Schneyder - btv1b101201646, Hanoi, Vietnam	no specific feature found
File:Elevage de chevaux (Centre de recherches scientifiques et techniques, station de Blao, Haut Donnaï (Annam)) - Vo An Ninh ; René Schneyder - btv1b101201663 (1 of 2).jpg	Elevage de chevaux (Centre de recherches scientifiques et techniques, station de Blao, Haut Donnaï (Annam)) - Vo An Ninh ; René Schneyder - btv1b101201663, Hanoi, Vietnam	no specific feature found
File:Elevage de chevaux (Centre de recherches scientifiques et techniques, station de Blao, Haut Donnaï (Annam)) - Vo An Ninh ; René Schneyder - btv1b101201663 (2 of 2).jpg	Elevage de chevaux (Centre de recherches scientifiques et techniques, station de Blao, Haut Donnaï (Annam)) - Vo An Ninh ; René Schneyder - btv1b101201663, Hanoi, Vietnam	no specific feature found
File:Poivriers. Plantation sous mûrier avec mulch de Tithonia (Centre de recherches scientifiques et techniques, station de Blao, Haut Donnaï (Annam)) - Vo An Ninh ; René Schneyder - btv1b101198475 (1 of 2).jpg	Poivriers. Plantation sous mûrier avec mulch de Tithonia (Centre de recherches scientifiques et techniques, station de Blao, Haut Donnaï (Annam)) - Vo An Ninh ; René Schneyder - btv1b101198475, Hanoi, Vietnam	no specific feature found
File:Blé de Chine (Centre de recherches scientifiques et techniques, station de Xiengkhouang, Laos) - Vo An Ninh ; René Schneyder - btv1b10119947j (1 of 2).jpg	Blé de Chine (Centre de recherches scientifiques et techniques, station de Xiengkhouang, Laos) - Vo An Ninh ; René Schneyder - btv1b10119947j, Hanoi, Vietnam	no specific feature found
File:Blé de Chine (Centre de recherches scientifiques et techniques, station de Xiengkhouang, Laos) - Vo An Ninh ; René Schneyder - btv1b10119947j (2 of 2).jpg	Blé de Chine (Centre de recherches scientifiques et techniques, station de Xiengkhouang, Laos) - Vo An Ninh ; René Schneyder - btv1b10119947j, Hanoi, Vietnam	no specific feature found
File:Abrasins. Fructification en grappe caractéristique (Centre de recherches scientifiques et techniques, station de Blao, Haut Donnaï (Annam)) - Vo An Ninh ; René Schneyder - btv1b10120163r (1 of 2).jpg	Abrasins. Fructification en grappe caractéristique (Centre de recherches scientifiques et techniques, station de Blao, Haut Donnaï (Annam)) - Vo An Ninh ; René Schneyder - btv1b10120163r, Hanoi, Vietnam	no specific feature found
File:Abrasins. Fructification en grappe caractéristique (Centre de recherches scientifiques et techniques, station de Blao, Haut Donnaï (Annam)) - Vo An Ninh ; René Schneyder - btv1b10120163r (2 of 2).jpg	Abrasins. Fructification en grappe caractéristique (Centre de recherches scientifiques et techniques, station de Blao, Haut Donnaï (Annam)) - Vo An Ninh ; René Schneyder - btv1b10120163r, Hanoi, Vietnam	no specific feature found
File:Maison des employés indochinois (Centre de recherches scientifiques et techniques, station de Blao, Haut Donnaï (Annam)) - Vo An Ninh ; René Schneyder - btv1b10120170t (1 of 2).jpg	Maison des employés indochinois (Centre de recherches scientifiques et techniques, station de Blao, Haut Donnaï (Annam)) - Vo An Ninh ; René Schneyder - btv1b10120170t, Hanoi, Vietnam	no specific feature found
File:Maison des employés indochinois (Centre de recherches scientifiques et techniques, station de Blao, Haut Donnaï (Annam)) - Vo An Ninh ; René Schneyder - btv1b10120170t (2 of 2).jpg	Maison des employés indochinois (Centre de recherches scientifiques et techniques, station de Blao, Haut Donnaï (Annam)) - Vo An Ninh ; René Schneyder - btv1b10120170t, Hanoi, Vietnam	no specific feature found
File:Theiers grainiers de race Shan Pakha (Centre de recherches scientifiques et techniques, station de Blao, Haut Donnaï (Annam)) - Vo An Ninh ; René Schneyder - btv1b10120167j (1 of 2).jpg	Theiers grainiers de race Shan Pakha (Centre de recherches scientifiques et techniques, station de Blao, Haut Donnaï (Annam)) - Vo An Ninh ; René Schneyder - btv1b10120167j, Hanoi, Vietnam	no specific feature found
File:Theiers grainiers de race Shan Pakha (Centre de recherches scientifiques et techniques, station de Blao, Haut Donnaï (Annam)) - Vo An Ninh ; René Schneyder - btv1b10120167j (2 of 2).jpg	Theiers grainiers de race Shan Pakha (Centre de recherches scientifiques et techniques, station de Blao, Haut Donnaï (Annam)) - Vo An Ninh ; René Schneyder - btv1b10120167j, Hanoi, Vietnam	no specific feature found
File:Ramie de Bauméthuot (Centre de recherches scientifiques et techniques, station de Blao, Haut Donnaï (Annam)) - Vo An Ninh ; René Schneyder - btv1b101201752 (1 of 2).jpg	Ramie de Bauméthuot (Centre de recherches scientifiques et techniques, station de Blao, Haut Donnaï (Annam)) - Vo An Ninh ; René Schneyder - btv1b101201752, Hanoi, Vietnam	no specific feature found
File:Ramie de Bauméthuot (Centre de recherches scientifiques et techniques, station de Blao, Haut Donnaï (Annam)) - Vo An Ninh ; René Schneyder - btv1b101201752 (2 of 2).jpg	Ramie de Bauméthuot (Centre de recherches scientifiques et techniques, station de Blao, Haut Donnaï (Annam)) - Vo An Ninh ; René Schneyder - btv1b101201752, Hanoi, Vietnam	no specific feature found
File:Maison du chef de station et pêchers (Centre de recherches scientifiques et techniques, station de Xiengkhouang, Laos) - Vo An Ninh ; René Schneyder - btv1b10120172q (1 of 2).jpg	Maison du chef de station et pêchers (Centre de recherches scientifiques et techniques, station de Xiengkhouang, Laos) - Vo An Ninh ; René Schneyder - btv1b10120172q, Hanoi, Vietnam	no specific feature found
File:Maison du chef de station et pêchers (Centre de recherches scientifiques et techniques, station de Xiengkhouang, Laos) - Vo An Ninh ; René Schneyder - btv1b10120172q (2 of 2).jpg	Maison du chef de station et pêchers (Centre de recherches scientifiques et techniques, station de Xiengkhouang, Laos) - Vo An Ninh ; René Schneyder - btv1b10120172q, Hanoi, Vietnam	no specific feature found
File:Culture en haie. Theiers issus de semis (2 ans) (Centre de recherches scientifiques et techniques, station de Blao, Haut Donnaï (Annam)) - Vo An Ninh ; René Schneyder - btv1b101201680 (1 of 2).jpg	Culture en haie. Theiers issus de semis (Centre de recherches scientifiques et techniques, station de Blao, Haut Donnaï (Annam)) - Vo An Ninh ; René Schneyder - btv1b101201680, Hanoi, Vietnam	no specific feature found
File:Culture en haie. Theiers issus de semis (2 ans) (Centre de recherches scientifiques et techniques, station de Blao, Haut Donnaï (Annam)) - Vo An Ninh ; René Schneyder - btv1b101201680 (2 of 2).jpg	Culture en haie. Theiers issus de semis (Centre de recherches scientifiques et techniques, station de Blao, Haut Donnaï (Annam)) - Vo An Ninh ; René Schneyder - btv1b101201680, Hanoi, Vietnam	no specific feature found
File:Pépinière de boutures de feuilles de théier (Centre de recherches scientifiques et techniques, station de Blao, Haut Donnaï (Annam)) - Vo An Ninh ; René Schneyder - btv1b10120169f (1 of 2).jpg	Pépinière de boutures de feuilles de théier (Centre de recherches scientifiques et techniques, station de Blao, Haut Donnaï (Annam)) - Vo An Ninh ; René Schneyder - btv1b10120169f, Hanoi, Vietnam	no specific feature found
File:Pépinière de boutures de feuilles de théier (Centre de recherches scientifiques et techniques, station de Blao, Haut Donnaï (Annam)) - Vo An Ninh ; René Schneyder - btv1b10120169f (2 of 2).jpg	Pépinière de boutures de feuilles de théier (Centre de recherches scientifiques et techniques, station de Blao, Haut Donnaï (Annam)) - Vo An Ninh ; René Schneyder - btv1b10120169f, Hanoi, Vietnam	no specific feature found
File:Orangers. Plantation de plateau (Centre de recherches scientifiques et techniques, station de Blao, Haut Donnaï (Annam)) - Vo An Ninh ; René Schneyder - btv1b10120176h (1 of 2).jpg	Orangers. Plantation de plateau (Centre de recherches scientifiques et techniques, station de Blao, Haut Donnaï (Annam)) - Vo An Ninh ; René Schneyder - btv1b10120176h, Hanoi, Vietnam	no specific feature found
File:Orangers. Plantation de plateau (Centre de recherches scientifiques et techniques, station de Blao, Haut Donnaï (Annam)) - Vo An Ninh ; René Schneyder - btv1b10120176h (2 of 2).jpg	Orangers. Plantation de plateau (Centre de recherches scientifiques et techniques, station de Blao, Haut Donnaï (Annam)) - Vo An Ninh ; René Schneyder - btv1b10120176h, Hanoi, Vietnam	no specific feature found
File:Jeune plantation d'abrasins sur ray avec bâtiments de l'huilerie (Centre de recherches scientifiques et techniques, station de Xiengkhouang, Laos) - Vo An Ninh ; René Schneyder - btv1b10120165n (1 of 2).jpg	Jeune plantation d'abrasins sur ray avec bâtiments de l'huilerie (Centre de recherches scientifiques et techniques, station de Xiengkhouang, Laos) - Vo An Ninh ; René Schneyder - btv1b10120165n, Hanoi, Vietnam	no specific feature found
File:Jeune plantation d'abrasins sur ray avec bâtiments de l'huilerie (Centre de recherches scientifiques et techniques, station de Xiengkhouang, Laos) - Vo An Ninh ; René Schneyder - btv1b10120165n (2 of 2).jpg	Jeune plantation d'abrasins sur ray avec bâtiments de l'huilerie (Centre de recherches scientifiques et techniques, station de Xiengkhouang, Laos) - Vo An Ninh ; René Schneyder - btv1b10120165n, Hanoi, Vietnam	no specific feature found
File:Floraison d'abrasins (fleurs mâles) (Centre de recherches scientifiques et techniques, station de Xiengkhouang, Laos) - Vo An Ninh ; René Schneyder - btv1b10119902n (1 of 2).jpg	Floraison d'abrasins (fleurs mâles) (Centre de recherches scientifiques et techniques, station de Xiengkhouang, Laos) - Vo An Ninh ; René Schneyder - btv1b10119902n, Hanoi, Vietnam	no specific feature found
File:Floraison d'abrasins (fleurs mâles) (Centre de recherches scientifiques et techniques, station de Xiengkhouang, Laos) - Vo An Ninh ; René Schneyder - btv1b10119902n (2 of 2).jpg	Floraison d'abrasins (fleurs mâles) (Centre de recherches scientifiques et techniques, station de Xiengkhouang, Laos) - Vo An Ninh ; René Schneyder - btv1b10119902n, Hanoi, Vietnam	no specific feature found
File:Maison des passagers (Centre de recherches scientifiques et techniques, station de Blao, Haut Donnaï (Annam)) - Vo An Ninh ; René Schneyder - btv1b101201718 (1 of 2).jpg	Maison des passagers (Centre de recherches scientifiques et techniques, station de Blao, Haut Donnaï (Annam)) - Vo An Ninh ; René Schneyder - btv1b101201718, Hanoi, Vietnam	no specific feature found
File:Maison des passagers (Centre de recherches scientifiques et techniques, station de Blao, Haut Donnaï (Annam)) - Vo An Ninh ; René Schneyder - btv1b101201718 (2 of 2).jpg	Maison des passagers (Centre de recherches scientifiques et techniques, station de Blao, Haut Donnaï (Annam)) - Vo An Ninh ; René Schneyder - btv1b101201718, Hanoi, Vietnam	no specific feature found
File:Từ đường cụ Nguyễn Du.jpg	Từ đường cụ Nguyễn Du, Hanoi, Vietnam	no specific feature found
File:Nhà thờ cụ Nguyễn Du.jpg	Nhà thờ cụ Nguyễn Du, Hanoi, Vietnam	no specific feature found
File:Đền thờ Tô Hiến Thành.jpg	Đền thờ Tô Hiến Thành, Hanoi, Vietnam	no specific feature found
File:Cổng dẫn vào đền thờ Tô Hiến Thành.jpg	Cổng dẫn vào đền thờ Tô Hiến Thành, Hanoi, Vietnam	no specific feature found
File:Mr Nguyen Quy Kinh (1693-1766), Dai Duong teacher of the crown prince, Worshipping house of the Nguyen Kinh family, Tu Liem, Hanoi, 1766 AD, gouache - Vietnam National Museum of Fine Arts - Hanoi, Vietnam - DSC05090.JPG	Mr Nguyen Quy Kinh , Dai Duong teacher of the crown prince, Worshipping house of the Nguyen Kinh family, Tu Liem, Hanoi, AD, gouache - Vietnam National Museum of Fine Arts - Hanoi, Vietnam - DSC05090	no specific feature found
File:Lang Vu Pham Ham.jpg	Lang Vu Pham Ham, Hanoi, Vietnam	no specific feature found
File:Danh sách thi đậu, trường thi Hà Nội, khoa thi năm 1964.png	Danh sách thi đậu, trường thi Hà Nội, khoa thi năm	'danh' is not in the hit's name 'Trường Trung học cơ sở Thị trấn Văn Điển'
File:Tờ trình Thành Thái thứ 2 (1890) của Thị giảng học sĩ sung Hải Phòng Hải Dương sứ Đặng Trần Hanh gửi Kinh lược Bắc kì Hoàng Cao Khải về việc xin thăng hàm Tu soạn cho Vũ Phạm Hàm.jpg	Tờ trình Thành Thái thứ 2 của Thị giảng học sĩ sung Hải Phòng Hải Dương sứ Đặng Trần Hanh gửi Kinh lược Bắc kì Hoàng Cao Khải về việc xin thăng hàm Tu soạn cho Vũ Phạm Hàm, Hanoi, Vietnam	no specific feature found
File:Confucian scholar Nguyen Sieu giving lecture, Hanoi City, 1853 AD, gouache on paper - Vietnam National Museum of Fine Arts - Hanoi, Vietnam - DSC05087.JPG	Confucian scholar Nguyen Sieu giving lecture, Hanoi City, AD, gouache on paper - Vietnam National Museum of Fine Arts - Hanoi, Vietnam - DSC05087	no specific feature found
File:Ho–Sainteny agreement, March 6, 1946.jpg	Ho–Sainteny agreement, March 6, Hanoi, Vietnam	no specific feature found
File:Truong Chinh, Le Duan, Nicolae og Elena Ceausescu.jpeg	Truong Chinh, Le Duan, Nicolae og Elena Ceausescu, Hanoi, Vietnam	stated locality 'Le Duan' not in the hit's address
File:Le Duan & Le Duc Tho 1949.jpg	Le Duan & Le Duc Tho, Hanoi, Vietnam	no specific feature found
File:Ông Trịnh Văn Bô (1914 - 1988) và vợ Hoàng Thị Minh Hồ.jpg	Ông Trịnh Văn Bô ( - ) và vợ Hoàng Thị Minh Hồ, Hanoi, Vietnam	no specific feature found
File:Memorial in honour of Ho Chi Minh in the Hanoi old quarter (30645905113).jpg	Memorial in honour of Ho Chi Minh in the Hanoi old quarter	no specific feature found
File:National Museum Vietnamese History 49.jpg	National Museum Vietnamese History 49, Hanoi, Vietnam	no specific feature found
File:Stele commemorating the founding of Linh Xung pagoda by Ly Thuong Kiet, Thanh Hoa province, 7th year of the Thien Phu Due Vo reign (1126 AD), stone - National Museum of Vietnamese History - Hanoi, Vietnam - DSC05540.JPG	Stele commemorating the founding of Linh Xung pagoda by Ly Thuong Kiet, Thanh Hoa province, 7th year of the Thien Phu Due Vo reign , stone - National Museum of Vietnamese History - Hanoi, Vietnam - DSC05540	a road is not a site (highway/bus_stop)
File:President Ho Chi Minh with some members of the Resistance Government in Việt Bắc, 1948.jpg	President Ho Chi Minh with some members of the Resistance Government in Việt Bắc, Hanoi, Vietnam	no specific feature found
File:Một số nhân viên trong ban sáng lập Hội Bắc Kỳ Phật Giáo, chụp tại chùa Quán Sứ cũ năm 1936.jpg	Một số nhân viên trong ban sáng lập Hội Bắc Kỳ Phật Giáo, chụp tại chùa Quán Sứ cũ năm, Hanoi, Vietnam	no specific feature found
File:The Party Secretary of Da Nang, Mr. Truong Quang Nghia calling on the President, Shri Ram Nath Kovind, at Da Nang, in Vietnam on November 18, 2018.JPG	The Party Secretary of Da Nang, Mr. Truong Quang Nghia calling on the President, Shri Ram Nath Kovind, at Da Nang, in Vietnam on November 18, Hanoi, Vietnam	no specific feature found
File:Mr. Truong Quang Nghia.jpg	Mr. Truong Quang Nghia, Hanoi, Vietnam	no specific feature found
File:Đoàn đưa tang cụ Nguyễn Duy-Đạt đi qua phố Cửa Nam.webp	Đoàn đưa tang cụ Nguyễn Duy-Đạt đi qua phố Cửa Nam, Hanoi, Vietnam	no specific feature found
File:VA066440 Secretary of Defence Tran Toung Duong with Colonel Le Van Kim.jpg	VA066440 Secretary of Defence Tran Toung Duong with Colonel Le Van Kim, Hanoi, Vietnam	no specific feature found
File:Nghị định của Thống sứ Bắc Kỳ v-v truy phong cho Cao Đắc Minh (Ngày 15 tháng 01 năm 1919).jpg	Nghị định của Thống sứ Bắc Kỳ v-v truy phong cho Cao Đắc Minh (Ngày 15 tháng 01 năm ), Hanoi, Vietnam	no specific feature found
File:Mr. Mai Thanh Các (枚青閣) and Mr. Hồ Đắc Trung (胡得忠).jpg	Mr. Mai Thanh Các (枚青閣) and Mr. Hồ Đắc Trung (胡得忠), Hanoi, Vietnam	no specific feature found
File:Bằng-cấp cho ông Mai-thanh-Các được thăng thưởng chức Hàn-Lâm-Viện cung-phụng.jpg	Bằng-cấp cho ông Mai-thanh-Các được thăng thưởng chức Hàn-Lâm-Viện cung-phụng, Hanoi, Vietnam	no specific feature found
File:Bronze crescent from a temple in Hue, Central Viet-Nam, unpacked for the Vietnamese cultural exhibit at the Smithsonian Institution.png	Bronze crescent from a temple in Hue, Central Viet-Nam, unpacked for the Vietnamese cultural exhibit at the Smithsonian Institution, Hanoi, Vietnam	no specific feature found
File:Girl in Market Stall - Old Quarter - Hanoi - Vietnam (48071365007).jpg	Girl in Market Stall - Old Quarter - Hanoi - Vietnam	no specific feature found
File:Ha Noi Pagoda- - Ven Dr Sumedh Thero.jpg	Ha Noi Pagoda- - Ven Dr Sumedh Thero	no specific feature found
File:Lang mo cu Nguyen Van Giap.jpg	Lang mo cu Nguyen Van Giap, Hanoi, Vietnam	no specific feature found
File:Portrait photograph of Duong Thieu Chi.jpg	Portrait photograph of Duong Thieu Chi, Hanoi, Vietnam	no specific feature found
File:Family of Duong Tu Phan.jpg	Family of Duong Tu Phan, Hanoi, Vietnam	no specific feature found
File:Portrait of Duong Tu Phan.jpg	Portrait of Duong Tu Phan, Hanoi, Vietnam	no specific feature found
File:Portrait of Duong Tu Phan (cropped).jpg	Portrait of Duong Tu Phan (cropped), Hanoi, Vietnam	no specific feature found
File:Tranh Đông Hồ vẽ Phù Đổng Thiên Vương.jpg	Tranh Đông Hồ vẽ Phù Đổng Thiên Vương, Hanoi, Vietnam	no specific feature found
File:Quan Tuần phủ Phú Thọ BÙI THỆN CĂN và phu nhân.jpg	Quan Tuần phủ Phú Thọ BÙI THỆN CĂN và phu nhân, Hanoi, Vietnam	no specific feature found
File:Rush hour on Trần Duy Hưng Street 11-03-2026 E07.jpg	Rush hour on Trần Duy Hưng Street 11-03- E07, Hanoi, Vietnam	no specific feature found
File:Xích lô hoa-Phố hoa HN.JPG	Xích lô hoa-Phố hoa HN, Hanoi, Vietnam	no specific feature found
File:Pho quay.JPG	Pho quay, Hanoi, Vietnam	no specific feature found
File:Pho Ha Noi.jpg	Pho Ha Noi	title names no place (generic words only)
File:Nem chua nuong.JPG	Nem chua nuong, Hanoi, Vietnam	no specific feature found
File:Phở bò, Cầu Giấy, Hà Nội.jpg	Phở bò, Cầu Giấy, Hà Nội	one-word title matched to a shop or restaurant
File:Dog meat for sale in a market in Hanoi, Vietnam (6827793370).jpg	Dog meat for sale in a market in Hanoi, Vietnam	no specific feature found
File:Detail of Dried Fish in Market - Old Quarter - Hanoi - Vietnam (48084831601).jpg	Detail of Dried Fish in Market - Old Quarter - Hanoi - Vietnam	no specific feature found
File:Street food in Hanoi.jpg	Street food in Hanoi	no specific feature found
File:Gebratene Pho Hanoi (3174099614).jpg	Gebratene Pho Hanoi	no specific feature found
File:Pho quay (cropped).JPG	Pho quay (cropped), Hanoi, Vietnam	no specific feature found
File:Dog meat for sale in a market in Hanoi, Vietnam (6827793370) (cropped).jpg	Dog meat for sale in a market in Hanoi, Vietnam (cropped)	no specific feature found
File:Van Mieu-Quoc Tu Giam12.JPG	Van Mieu-Quoc Tu Giam12, Hanoi, Vietnam	no specific feature found
File:Van Mieu-Quoc Tu Giam15.JPG	Van Mieu-Quoc Tu Giam15, Hanoi, Vietnam	no specific feature found
File:Van Mieu-Quoc Tu Giam16.JPG	Van Mieu-Quoc Tu Giam16, Hanoi, Vietnam	no specific feature found
File:Con đường gốm sứ ven sông Hồng 021020091714-New.jpg	Con đường gốm sứ ven sông Hồng -New, Hanoi, Vietnam	no specific feature found
File:Logo Bệnh viện Chuyên khoa Nam học và Hiếm muộn Hà Nội.jpg	Logo Bệnh viện Chuyên khoa Nam học và Hiếm muộn Hà Nội	no specific feature found
File:Thuvien taquangbuu.jpg	Thuvien taquangbuu, Hanoi, Vietnam	no specific feature found
File:Ho Chi Minh’s used cars (39406707495).jpg	Ho Chi Minh’s used cars, Hanoi, Vietnam	no specific feature found
File:Bridge - Hanoi Botanical Garden - Hanoi, Vietnam - DSC03606.JPG	Bridge - Hanoi Botanical Garden - Hanoi, Vietnam - DSC03606	no specific feature found
File:Công viên Cầu Giấy 2.jpg	Công viên Cầu Giấy 2, Hanoi, Vietnam	'giay' is not in the hit's name 'Viện Hàn lâm Khoa học và Công nghệ Việt '
File:Công viên Cầu Giấy 3.jpg	Công viên Cầu Giấy 3, Hanoi, Vietnam	'giay' is not in the hit's name 'Tập đoàn Công nghiệp – Viễn thông Quân đ'
File:Công viên Cầu Giấy 4.jpg	Công viên Cầu Giấy 4, Hanoi, Vietnam	'giay' is not in the hit's name 'Tổng công ty Viễn thông MobiFone'
File:Panoramic view from center of Cầu Giấy Park 2.jpg	Panoramic view from center of Cầu Giấy Park 2, Hanoi, Vietnam	no specific feature found
File:Panoramic view from center of Cầu Giấy Park.jpg	Panoramic view from center of Cầu Giấy Park, Hanoi, Vietnam	no specific feature found
File:Panoramic view from center of Cầu Giấy Park 3.jpg	Panoramic view from center of Cầu Giấy Park 3, Hanoi, Vietnam	no specific feature found
File:Ngựa đen Phú Yên 7 (cropped).jpg	Ngựa đen Phú Yên 7 (cropped), Hanoi, Vietnam	no specific feature found
File:Ngựa đen Phú Yên 9 (cropped).jpg	Ngựa đen Phú Yên 9 (cropped), Hanoi, Vietnam	no specific feature found
File:Vượn đen má trắng Việt Nam ở Vườn thú Thủ Lệ (13).jpg	Vượn đen má trắng Việt Nam ở Vườn thú Thủ Lệ, Hanoi, Vietnam	no specific feature found
File:Vượn đen má trắng Việt Nam ở Vườn thú Thủ Lệ (14).jpg	Vượn đen má trắng Việt Nam ở Vườn thú Thủ Lệ, Hanoi, Vietnam	no specific feature found
File:Vượn đen má trắng Việt Nam ở Vườn thú Thủ Lệ (15).jpg	Vượn đen má trắng Việt Nam ở Vườn thú Thủ Lệ, Hanoi, Vietnam	no specific feature found
File:Sunday morning at Trung Yên Park 23-11-2025 E1.jpg	Sunday morning at Trung Yên Park 23-11- E1, Hanoi, Vietnam	no specific feature found
File:Sunday morning at Trung Yên Park 23-11-2025 E2.jpg	Sunday morning at Trung Yên Park 23-11- E2, Hanoi, Vietnam	no specific feature found
File:Knife-edge sunlight at Trung Yên Park 28-11-2025.jpg	Knife-edge sunlight at Trung Yên Park 28-11, Hanoi, Vietnam	no specific feature found
File:On the roads and street corners 30-11-2025. Trung Hòa Primary School and Trung Yên Park.jpg	On the roads and street corners 30-11- . Trung Hòa Primary School and Trung Yên Park, Hanoi, Vietnam	no specific feature found
File:On the roads and street corners 30-11-2025. Trung Yên Park E1.jpg	On the roads and street corners 30-11- . Trung Yên Park E1, Hanoi, Vietnam	no specific feature found
File:On the roads and street corners 30-11-2025. Trung Yên Park E2.jpg	On the roads and street corners 30-11- . Trung Yên Park E2, Hanoi, Vietnam	no specific feature found
File:Trung Hòa Primary School from Trung Yên Park 10-02-2026 E1.jpg	Trung Hòa Primary School from Trung Yên Park 10-02- E1, Hanoi, Vietnam	no specific feature found
File:Trung Hòa Primary School from Trung Yên Park 10-02-2026 E2.jpg	Trung Hòa Primary School from Trung Yên Park 10-02- E2, Hanoi, Vietnam	no specific feature found
File:Twilight through Trung Yên Park 10-02-2026 E02.jpg	Twilight through Trung Yên Park 10-02- E02, Hanoi, Vietnam	no specific feature found
File:Twilight through Trung Yên Park 10-02-2026 E01.jpg	Twilight through Trung Yên Park 10-02- E01, Hanoi, Vietnam	no specific feature found
File:Twilight through Trung Yên Park 10-02-2026 E03.jpg	Twilight through Trung Yên Park 10-02- E03, Hanoi, Vietnam	no specific feature found
File:Twilight through Trung Yên Park 10-02-2026 E04.jpg	Twilight through Trung Yên Park 10-02- E04, Hanoi, Vietnam	no specific feature found
File:Twilight through Trung Yên Park 10-02-2026 E05.jpg	Twilight through Trung Yên Park 10-02- E05, Hanoi, Vietnam	no specific feature found
File:Twilight through Trung Yên Park 10-02-2026 E06.jpg	Twilight through Trung Yên Park 10-02- E06, Hanoi, Vietnam	no specific feature found
File:Twilight through Trung Yên Park 10-02-2026 E07.jpg	Twilight through Trung Yên Park 10-02- E07, Hanoi, Vietnam	no specific feature found
File:Twilight through Trung Yên Park 10-02-2026 E08.jpg	Twilight through Trung Yên Park 10-02- E08, Hanoi, Vietnam	no specific feature found
File:Twilight through Trung Yên Park 10-02-2026 E09.jpg	Twilight through Trung Yên Park 10-02- E09, Hanoi, Vietnam	no specific feature found
File:Twilight through Trung Yên Park 10-02-2026 E10.jpg	Twilight through Trung Yên Park 10-02- E10, Hanoi, Vietnam	no specific feature found
File:Twilight through Trung Yên Park 10-02-2026 E11.jpg	Twilight through Trung Yên Park 10-02- E11, Hanoi, Vietnam	no specific feature found
File:Twilight through Trung Yên Park 10-02-2026 E12.jpg	Twilight through Trung Yên Park 10-02- E12, Hanoi, Vietnam	no specific feature found
File:Walking in the sunset of Trung Yên Park 04-03-2026 E2.jpg	Walking in the sunset of Trung Yên Park 04-03- E2, Hanoi, Vietnam	no specific feature found
File:Walking in the sunset of Trung Yên Park 04-03-2026 E1.jpg	Walking in the sunset of Trung Yên Park 04-03- E1, Hanoi, Vietnam	no specific feature found
File:Walking in the sunset of Trung Yên Park 04-03-2026 E3.jpg	Walking in the sunset of Trung Yên Park 04-03- E3, Hanoi, Vietnam	no specific feature found
File:Evening strolls in Trung Yên Park 07-03-2026. Corgwns E01.jpg	Evening strolls in Trung Yên Park 07-03- . Corgwns E01, Hanoi, Vietnam	no specific feature found
File:Evening strolls in Trung Yên Park 07-03-2026. Corgwns E02.jpg	Evening strolls in Trung Yên Park 07-03- . Corgwns E02, Hanoi, Vietnam	no specific feature found
File:Evening strolls in Trung Yên Park 07-03-2026. Corgwns E03.jpg	Evening strolls in Trung Yên Park 07-03- . Corgwns E03, Hanoi, Vietnam	no specific feature found
File:Evening strolls in Trung Yên Park 07-03-2026. Corgwns E05.jpg	Evening strolls in Trung Yên Park 07-03- . Corgwns E05, Hanoi, Vietnam	no specific feature found
File:Evening strolls in Trung Yên Park 07-03-2026. Corgwns E04.jpg	Evening strolls in Trung Yên Park 07-03- . Corgwns E04, Hanoi, Vietnam	no specific feature found
File:Evening strolls in Trung Yên Park 07-03-2026. Corgwns E06.jpg	Evening strolls in Trung Yên Park 07-03- . Corgwns E06, Hanoi, Vietnam	no specific feature found
File:Evening strolls in Trung Yên Park 07-03-2026. Corgwns E07.jpg	Evening strolls in Trung Yên Park 07-03- . Corgwns E07, Hanoi, Vietnam	no specific feature found
File:Evening strolls in Trung Yên Park 07-03-2026. Corgwns E08.jpg	Evening strolls in Trung Yên Park 07-03- . Corgwns E08, Hanoi, Vietnam	no specific feature found
File:Evening strolls in Trung Yên Park 07-03-2026. Corgwns E09.jpg	Evening strolls in Trung Yên Park 07-03- . Corgwns E09, Hanoi, Vietnam	no specific feature found
File:Evening strolls in Trung Yên Park 07-03-2026. Corgwns E10.jpg	Evening strolls in Trung Yên Park 07-03- . Corgwns E10, Hanoi, Vietnam	no specific feature found
File:Evening strolls in Trung Yên Park 07-03-2026. Vegetation E1.jpg	Evening strolls in Trung Yên Park 07-03- . Vegetation E1, Hanoi, Vietnam	no specific feature found
File:Evening strolls in Trung Yên Park 07-03-2026. Vegetation E2.jpg	Evening strolls in Trung Yên Park 07-03- . Vegetation E2, Hanoi, Vietnam	no specific feature found
File:Evening strolls in Trung Yên Park 07-03-2026. Corgwns E11.jpg	Evening strolls in Trung Yên Park 07-03- . Corgwns E11, Hanoi, Vietnam	no specific feature found
File:Evening strolls in Trung Yên Park 07-03-2026. Corgwns E12.jpg	Evening strolls in Trung Yên Park 07-03- . Corgwns E12, Hanoi, Vietnam	no specific feature found
File:Evening strolls in Trung Yên Park 07-03-2026. Corgwns E13.jpg	Evening strolls in Trung Yên Park 07-03- . Corgwns E13, Hanoi, Vietnam	no specific feature found
File:Evening strolls in Trung Yên Park 07-03-2026. Corgwns E14.jpg	Evening strolls in Trung Yên Park 07-03- . Corgwns E14, Hanoi, Vietnam	no specific feature found
File:Evening strolls in Trung Yên Park 07-03-2026. Corgwns E15.jpg	Evening strolls in Trung Yên Park 07-03- . Corgwns E15, Hanoi, Vietnam	no specific feature found
File:Evening strolls in Trung Yên Park 07-03-2026. Corgwns E16.jpg	Evening strolls in Trung Yên Park 07-03- . Corgwns E16, Hanoi, Vietnam	no specific feature found
File:Evening strolls in Trung Yên Park 07-03-2026. Vegetation E3.jpg	Evening strolls in Trung Yên Park 07-03- . Vegetation E3, Hanoi, Vietnam	no specific feature found
File:Evening strolls in Trung Yên Park 07-03-2026. Vegetation E4.jpg	Evening strolls in Trung Yên Park 07-03- . Vegetation E4, Hanoi, Vietnam	no specific feature found
File:Evening strolls in Trung Yên Park 07-03-2026. Vegetation E5.jpg	Evening strolls in Trung Yên Park 07-03- . Vegetation E5, Hanoi, Vietnam	no specific feature found
File:Evening strolls in Trung Yên Park 07-03-2026. Corgwns E17.jpg	Evening strolls in Trung Yên Park 07-03- . Corgwns E17, Hanoi, Vietnam	no specific feature found
File:Evening strolls in Trung Yên Park 07-03-2026. Farewell leaves.jpg	Evening strolls in Trung Yên Park 07-03- . Farewell leaves, Hanoi, Vietnam	no specific feature found
File:Evening strolls in Trung Yên Park 07-03-2026. Farewell blossoms.jpg	Evening strolls in Trung Yên Park 07-03- . Farewell blossoms, Hanoi, Vietnam	no specific feature found
File:Evening strolls in Trung Yên Park 07-03-2026. Vegetation E6.jpg	Evening strolls in Trung Yên Park 07-03- . Vegetation E6, Hanoi, Vietnam	no specific feature found
File:Spring invites autumn in Trung Yên Park 10-03-2026 E01.jpg	Spring invites autumn in Trung Yên Park 10-03- E01, Hanoi, Vietnam	no specific feature found
File:Spring invites autumn in Trung Yên Park 10-03-2026 E02.jpg	Spring invites autumn in Trung Yên Park 10-03- E02, Hanoi, Vietnam	no specific feature found
File:Spring invites autumn in Trung Yên Park 10-03-2026 E03.jpg	Spring invites autumn in Trung Yên Park 10-03- E03, Hanoi, Vietnam	no specific feature found
File:Spring invites autumn in Trung Yên Park 10-03-2026 E05.jpg	Spring invites autumn in Trung Yên Park 10-03- E05, Hanoi, Vietnam	no specific feature found
File:Spring invites autumn in Trung Yên Park 10-03-2026 E06.jpg	Spring invites autumn in Trung Yên Park 10-03- E06, Hanoi, Vietnam	no specific feature found
File:Spring invites autumn in Trung Yên Park 10-03-2026 E04.jpg	Spring invites autumn in Trung Yên Park 10-03- E04, Hanoi, Vietnam	no specific feature found
File:Spring invites autumn in Trung Yên Park 10-03-2026 E07.jpg	Spring invites autumn in Trung Yên Park 10-03- E07, Hanoi, Vietnam	no specific feature found
File:Spring invites autumn in Trung Yên Park 10-03-2026 E08.jpg	Spring invites autumn in Trung Yên Park 10-03- E08, Hanoi, Vietnam	no specific feature found
File:Spring invites autumn in Trung Yên Park 10-03-2026 E09.jpg	Spring invites autumn in Trung Yên Park 10-03- E09, Hanoi, Vietnam	no specific feature found
File:Spring invites autumn in Trung Yên Park 10-03-2026 E11.jpg	Spring invites autumn in Trung Yên Park 10-03- E11, Hanoi, Vietnam	no specific feature found
File:Spring invites autumn in Trung Yên Park 10-03-2026 E10.jpg	Spring invites autumn in Trung Yên Park 10-03- E10, Hanoi, Vietnam	no specific feature found
File:Spring invites autumn in Trung Yên Park 10-03-2026 E12.jpg	Spring invites autumn in Trung Yên Park 10-03- E12, Hanoi, Vietnam	no specific feature found
File:Spring invites autumn on Xuân Quỳnh Street 10-03-2026 E04.jpg	Spring invites autumn on Xuân Quỳnh Street 10-03- E04, Hanoi, Vietnam	no specific feature found
File:Cẩm Tú Palace inside Thống Nhất Park 07-05-2007.jpg	Cẩm Tú Palace inside Thống Nhất Park 07-05, Hanoi, Vietnam	no specific feature found
File:Cong-vien-Thong-Nhat1.jpg	Cong-vien-Thong-Nhat1, Hanoi, Vietnam	no specific feature found
File:Parc hồ Bảy Mẫu (2).jpg	Parc hồ Bảy Mẫu, Hanoi, Vietnam	no specific feature found
File:Parc hồ Bảy Mẫu (6).jpg	Parc hồ Bảy Mẫu, Hanoi, Vietnam	no specific feature found
File:Parc hồ Bảy Mẫu (1).jpg	Parc hồ Bảy Mẫu, Hanoi, Vietnam	no specific feature found
File:Parc hồ Bảy Mẫu (8).jpg	Parc hồ Bảy Mẫu, Hanoi, Vietnam	no specific feature found
File:Parc hồ Bảy Mẫu (5).jpg	Parc hồ Bảy Mẫu, Hanoi, Vietnam	no specific feature found
File:Thong Nhat Park Sep 2023.jpg	Thong Nhat Park Sep, Hanoi, Vietnam	no specific feature found
File:Stroll in the riverside park 03-02-2026. Public bikes E1.jpg	Stroll in the riverside park 03-02- . Public bikes E1, Hanoi, Vietnam	no specific feature found
File:Stroll in the riverside park 03-02-2026. Yellow flowers E1.jpg	Stroll in the riverside park 03-02- . Yellow flowers E1, Hanoi, Vietnam	no specific feature found
File:Stroll in the riverside park 03-02-2026. Public bikes E2.jpg	Stroll in the riverside park 03-02- . Public bikes E2, Hanoi, Vietnam	no specific feature found
File:Stroll in the riverside park 03-02-2026. Yellow flowers E2.jpg	Stroll in the riverside park 03-02- . Yellow flowers E2, Hanoi, Vietnam	no specific feature found
File:Stroll in the riverside park 03-02-2026. Yellow flowers E4.jpg	Stroll in the riverside park 03-02- . Yellow flowers E4, Hanoi, Vietnam	no specific feature found
File:Stroll in the riverside park 03-02-2026. Yellow flowers E3.jpg	Stroll in the riverside park 03-02- . Yellow flowers E3, Hanoi, Vietnam	no specific feature found
File:Stroll in the riverside park 03-02-2026. Nguyễn Khang Street E1.jpg	Stroll in the riverside park 03-02- . Nguyễn Khang Street E1, Hanoi, Vietnam	no specific feature found
File:Stroll in the riverside park 03-02-2026. Nguyễn Khang Street E2.jpg	Stroll in the riverside park 03-02- . Nguyễn Khang Street E2, Hanoi, Vietnam	no specific feature found
File:Stroll in the riverside park 03-02-2026. Cyan car.jpg	Stroll in the riverside park 03-02- . Cyan car, Hanoi, Vietnam	no specific feature found
File:Stroll in the riverside park 03-02-2026. Banana trees E1.jpg	Stroll in the riverside park 03-02- . Banana trees E1, Hanoi, Vietnam	no specific feature found
File:Stroll in the riverside park 03-02-2026. Banana trees E2.jpg	Stroll in the riverside park 03-02- . Banana trees E2, Hanoi, Vietnam	no specific feature found
File:Stroll in the riverside park 03-02-2026. Banana trees E3.jpg	Stroll in the riverside park 03-02- . Banana trees E3, Hanoi, Vietnam	no specific feature found
File:Stroll in the riverside park 03-02-2026. Nerocrown trees E1.jpg	Stroll in the riverside park 03-02- . Nerocrown trees E1, Hanoi, Vietnam	no specific feature found
File:Stroll in the riverside park 03-02-2026. Banana trees E4.jpg	Stroll in the riverside park 03-02- . Banana trees E4, Hanoi, Vietnam	no specific feature found
File:Stroll in the riverside park 03-02-2026. 361 Bridge.jpg	Stroll in the riverside park 03-02- . 361 Bridge, Hanoi, Vietnam	no specific feature found
File:Stroll in the riverside park 03-02-2026. Nerocrown trees E2.jpg	Stroll in the riverside park 03-02- . Nerocrown trees E2, Hanoi, Vietnam	no specific feature found
File:Spring stroll on Nguyễn Vĩnh Bảo Street 07-03-2026. Híkaros Gardens E01.jpg	Spring stroll on Nguyễn Vĩnh Bảo Street 07-03- . Híkaros Gardens E01, Hanoi, Vietnam	no specific feature found
File:Spring stroll on Nguyễn Vĩnh Bảo Street 07-03-2026. Híkaros Gardens E02.jpg	Spring stroll on Nguyễn Vĩnh Bảo Street 07-03- . Híkaros Gardens E02, Hanoi, Vietnam	no specific feature found
File:Spring stroll on Nguyễn Vĩnh Bảo Street 07-03-2026. Híkaros Gardens E04.jpg	Spring stroll on Nguyễn Vĩnh Bảo Street 07-03- . Híkaros Gardens E04, Hanoi, Vietnam	no specific feature found
File:Spring stroll on Nguyễn Vĩnh Bảo Street 07-03-2026. Híkaros Gardens E03.jpg	Spring stroll on Nguyễn Vĩnh Bảo Street 07-03- . Híkaros Gardens E03, Hanoi, Vietnam	no specific feature found
File:Spring stroll on Nguyễn Vĩnh Bảo Street 07-03-2026. Híkaros Gardens E05.jpg	Spring stroll on Nguyễn Vĩnh Bảo Street 07-03- . Híkaros Gardens E05, Hanoi, Vietnam	no specific feature found
File:Spring stroll on Nguyễn Vĩnh Bảo Street 07-03-2026. Híkaros Gardens E08.jpg	Spring stroll on Nguyễn Vĩnh Bảo Street 07-03- . Híkaros Gardens E08, Hanoi, Vietnam	no specific feature found
File:Spring stroll on Nguyễn Vĩnh Bảo Street 07-03-2026. Híkaros Gardens E07.jpg	Spring stroll on Nguyễn Vĩnh Bảo Street 07-03- . Híkaros Gardens E07, Hanoi, Vietnam	no specific feature found
File:Spring stroll on Nguyễn Vĩnh Bảo Street 07-03-2026. Híkaros Gardens E06.jpg	Spring stroll on Nguyễn Vĩnh Bảo Street 07-03- . Híkaros Gardens E06, Hanoi, Vietnam	no specific feature found
File:Spring stroll on Nguyễn Vĩnh Bảo Street 07-03-2026. Híkaros Gardens E09.jpg	Spring stroll on Nguyễn Vĩnh Bảo Street 07-03- . Híkaros Gardens E09, Hanoi, Vietnam	no specific feature found
File:Spring stroll on Nguyễn Vĩnh Bảo Street 07-03-2026. Híkaros Gardens E10.jpg	Spring stroll on Nguyễn Vĩnh Bảo Street 07-03- . Híkaros Gardens E10, Hanoi, Vietnam	no specific feature found
File:Relief Hanoi-in-Winter-1946 at Đồng-xuân Market (1).jpg	Relief Hanoi-in-Winter- at Đồng-xuân Market	no specific feature found
File:Relief Hanoi-in-Winter-1946 at Đồng-xuân Market (2).jpg	Relief Hanoi-in-Winter- at Đồng-xuân Market	no specific feature found
File:Relief Hanoi-in-Winter-1946 at Đồng-xuân Market (3).jpg	Relief Hanoi-in-Winter- at Đồng-xuân Market	no specific feature found
File:Dong Xuan Market market in the Hanoi old quarter (30645886763).jpg	Dong Xuan Market market in the Hanoi old quarter	no specific feature found
File:Another look at the Dong Xuan Market in the Hanoi old quarter (31454085665).jpg	Another look at the Dong Xuan Market in the Hanoi old quarter	no specific feature found
File:Đồng Xuân Market 2.jpg	Đồng Xuân Market 2, Hanoi, Vietnam	no specific feature found
File:Đồng Xuân Market 7.jpg	Đồng Xuân Market 7, Hanoi, Vietnam	no specific feature found
File:Đồng Xuân Market 8.jpg	Đồng Xuân Market 8, Hanoi, Vietnam	no specific feature found
File:Cho Dong Xuan ban dem.jpg	Cho Dong Xuan ban dem, Hanoi, Vietnam	no specific feature found
File:Renovation of the Đồng Xuân Market because of hygiene standards (10-08-1901) 02.png	Renovation of the Đồng Xuân Market because of hygiene standards 02, Hanoi, Vietnam	no specific feature found
File:Map of the area where the Đồng Xuân Market is going to be constructed (1891) 01.png	Map of the area where the Đồng Xuân Market is going to be constructed 01, Hanoi, Vietnam	no specific feature found
File:Renovation of the Đồng Xuân Market because of hygiene standards (10-08-1901) 01.png	Renovation of the Đồng Xuân Market because of hygiene standards 01, Hanoi, Vietnam	no specific feature found
File:Map of the area where the Đồng Xuân Market is going to be constructed (1891) 02.png	Map of the area where the Đồng Xuân Market is going to be constructed 02, Hanoi, Vietnam	no specific feature found
File:Edict issued by the Tổng đốc of Hà-An about moving some households out of the area for the construction of the Đồng Xuân Market (Đồng Khánh 3 - 1888) 01.png	Edict issued by the Tổng đốc of Hà-An about moving some households out of the area for the construction of the Đồng Xuân Market (Đồng Khánh 3 - ) 01, Hanoi, Vietnam	no specific feature found
File:Notice by the City of Hanoi regarding land requisition to widen the street for the Đồng Xuân Market (27 October 1923) 02.png	Notice by the City of Hanoi regarding land requisition to widen the street for the Đồng Xuân Market 02	no specific feature found
File:Notice by the City of Hanoi regarding land requisition to widen the street for the Đồng Xuân Market (27 October 1923) 01.png	Notice by the City of Hanoi regarding land requisition to widen the street for the Đồng Xuân Market 01	no specific feature found
File:Edict issued by the Tổng đốc of Hà-An about moving some households out of the area for the construction of the Đồng Xuân Market (Đồng Khánh 3 - 1888) 02.png	Edict issued by the Tổng đốc of Hà-An about moving some households out of the area for the construction of the Đồng Xuân Market (Đồng Khánh 3 - ) 02, Hanoi, Vietnam	no specific feature found
File:Chợ Đồng Xuân - NKS.jpg	Chợ Đồng Xuân - NKS, Hanoi, Vietnam	no specific feature found
File:Vĩnh Hồ Street (20140804 172857).jpg	Vĩnh Hồ Street, Hanoi, Vietnam	a road is not a site (highway/residential)
File:Vĩnh Hồ Street (20140804 173147).jpg	Vĩnh Hồ Street, Hanoi, Vietnam	a road is not a site (highway/residential)
File:Vĩnh Hồ Street (20140804 173301).jpg	Vĩnh Hồ Street, Hanoi, Vietnam	a road is not a site (highway/residential)
File:Vĩnh Hồ Street (20140804 173334).jpg	Vĩnh Hồ Street, Hanoi, Vietnam	a road is not a site (highway/residential)
File:Vĩnh Hồ Street (20140804 173154).jpg	Vĩnh Hồ Street, Hanoi, Vietnam	a road is not a site (highway/residential)
File:Tropical rain at Nhân Chính market (20140805 113936).jpg	Tropical rain at Nhân Chính market, Hanoi, Vietnam	no specific feature found
File:Tropical rain at Nhân Chính market (20140805 113926).jpg	Tropical rain at Nhân Chính market, Hanoi, Vietnam	no specific feature found
File:Tropical rain at Nhân Chính market (20140805 112422).jpg	Tropical rain at Nhân Chính market, Hanoi, Vietnam	no specific feature found
File:Nhân Chính market, Hanoi (20140805 110145).jpg	Nhân Chính market, Hanoi	no specific feature found
File:Inside Nhân Chính market (20140805 105333).jpg	Inside Nhân Chính market, Hanoi, Vietnam	no specific feature found
File:Inside Nhân Chính market (20140805 105019).jpg	Inside Nhân Chính market, Hanoi, Vietnam	no specific feature found
File:Inside Nhân Chính market (20140805 104727).jpg	Inside Nhân Chính market, Hanoi, Vietnam	no specific feature found
File:Inside Nhân Chính market (20140805 104641).jpg	Inside Nhân Chính market, Hanoi, Vietnam	no specific feature found
File:Inside Nhân Chính market (20140805 104636).jpg	Inside Nhân Chính market, Hanoi, Vietnam	no specific feature found
File:Inside Nhân Chính market (20140805 104511).jpg	Inside Nhân Chính market, Hanoi, Vietnam	no specific feature found
File:Inside Nhân Chính market (20140805 104358).jpg	Inside Nhân Chính market, Hanoi, Vietnam	no specific feature found
File:Inside Nhân Chính market (20140804 175333).jpg	Inside Nhân Chính market, Hanoi, Vietnam	no specific feature found
File:Inside Nhân Chính market (20140804 175330).jpg	Inside Nhân Chính market, Hanoi, Vietnam	no specific feature found
File:Nhân Chính market, Hanoi (20140804 175111).jpg	Nhân Chính market, Hanoi	no specific feature found
File:Hanoi Night Market 2.jpg	Hanoi Night Market 2	no specific feature found
File:Hanoi Night Market 1.jpg	Hanoi Night Market 1	no specific feature found
File:Street market - Hanoi, Vietnam - DSC03470.JPG	Street market - Hanoi, Vietnam - DSC03470	title names no place (generic words only)
File:Street market - Hanoi, Vietnam - DSC03457.JPG	Street market - Hanoi, Vietnam - DSC03457	title names no place (generic words only)
File:Street market - Hanoi, Vietnam - DSC03460.JPG	Street market - Hanoi, Vietnam - DSC03460	title names no place (generic words only)
File:Fish in street market - Hanoi, Vietnam - DSC03463.JPG	Fish in street market - Hanoi, Vietnam - DSC03463	no specific feature found
File:Fish and produce in street market - Hanoi, Vietnam - DSC03465.JPG	Fish and produce in street market - Hanoi, Vietnam - DSC03465	no specific feature found
File:Street market - Hanoi, Vietnam - DSC03467.JPG	Street market - Hanoi, Vietnam - DSC03467	title names no place (generic words only)
File:Street market - Hanoi, Vietnam - DSC03462.JPG	Street market - Hanoi, Vietnam - DSC03462	title names no place (generic words only)
File:Roses in street market - Hanoi, Vietnam - DSC03476.JPG	Roses in street market - Hanoi, Vietnam - DSC03476	no specific feature found
File:Produce in street market - Hanoi, Vietnam - DSC03481.JPG	Produce in street market - Hanoi, Vietnam - DSC03481	no specific feature found
File:Produce in street market - Hanoi, Vietnam - DSC03483.JPG	Produce in street market - Hanoi, Vietnam - DSC03483	no specific feature found
File:Street market - Hanoi, Vietnam - DSC03475.JPG	Street market - Hanoi, Vietnam - DSC03475	title names no place (generic words only)
File:Đền Ngọc Liên.JPG	Đền Ngọc Liên, Hanoi, Vietnam	'lien' is not in the hit's name 'Pate Cột Đèn'
File:Temple in Old Quarter Hanoi.JPG	Temple in Old Quarter Hanoi	no specific feature found
File:Hoi lang Quay.jpg	Hoi lang Quay, Hanoi, Vietnam	no specific feature found
File:Miếu sông Tô Lịch.jpg	Miếu sông Tô Lịch, Hanoi, Vietnam	no specific feature found
File:Literaturtempel Van-Mieu Trommel.jpg	Literaturtempel Van-Mieu Trommel, Hanoi, Vietnam	no specific feature found
File:Literaturtempel Van-Mieu Zeremonienhalle.jpg	Literaturtempel Van-Mieu Zeremonienhalle, Hanoi, Vietnam	no specific feature found
File:Temple of Literature wts.jpg	Temple of Literature wts, Hanoi, Vietnam	no specific feature found
File:The Bich Cau site.jpg	The Bich Cau site, Hanoi, Vietnam	no specific feature found
File:Bich Cau - original side gate.JPG	Bich Cau - original side gate, Hanoi, Vietnam	no specific feature found
File:Bich Cau - Plans for re-construction on wall facing Cat Linh Street.JPG	Bich Cau - Plans for re-construction on wall facing Cat Linh Street, Hanoi, Vietnam	no specific feature found
File:Bich Cau - Original Main Hall.JPG	Bich Cau - Original Main Hall, Hanoi, Vietnam	no specific feature found
File:Bich Cau - street front 2011.JPG	Bich Cau - street front, Hanoi, Vietnam	no specific feature found
File:Bich Cau - Reconstruction underway.JPG	Bich Cau - Reconstruction underway, Hanoi, Vietnam	no specific feature found
File:Bich Cau Reconstruction - Timbers.JPG	Bich Cau Reconstruction - Timbers, Hanoi, Vietnam	no specific feature found
File:Bich Cau Temple (碧沟寺) before reconstruction began in 2011.JPG	Bich Cau Temple (碧沟寺) before reconstruction began in, Hanoi, Vietnam	no specific feature found
File:Đền thờ Ngô Quyền 2.jpg	Đền thờ Ngô Quyền 2, Hanoi, Vietnam	no specific feature found
File:Đền thờ Ngô Quyền.jpg	Đền thờ Ngô Quyền, Hanoi, Vietnam	no specific feature found
File:Đền thờ Đinh Tiên Hoàng đế.jpg	Đền thờ Đinh Tiên Hoàng đế, Hanoi, Vietnam	no specific feature found
File:Đền Bách Linh.jpg	Đền Bách Linh, Hanoi, Vietnam	no specific feature found
File:Chùa Mui thôn An Duyên xã Tô Hiệu huyện Thường Tín Hà Nội.jpg	Chùa Mui thôn An Duyên xã Tô Hiệu huyện Thường Tín Hà Nội	no specific feature found
File:Temple Kim Sơn.jpg	Temple Kim Sơn, Hanoi, Vietnam	'kim' is not in the hit's name 'Chùa Bi'
File:Đền Khương Hạ temple gate.jpg	Đền Khương Hạ temple gate, Hanoi, Vietnam	no specific feature found
File:Temple, Hanoi (37782769834).jpg	Temple, Hanoi	no specific feature found
File:Ba Kieu Temple, Hanoi, 17th century (4) (26719987809).jpg	Ba Kieu Temple, Hanoi, 17th century	stated locality '17th century' not in the hit's address
File:Ba Kieu Temple, Hanoi, 17th century (5) (38463655712).jpg	Ba Kieu Temple, Hanoi, 17th century	stated locality '17th century' not in the hit's address
File:Ba Kieu Temple, Hanoi, 17th century (6) (26719966709).jpg	Ba Kieu Temple, Hanoi, 17th century	stated locality '17th century' not in the hit's address
File:Ba Kieu Temple, Hanoi, 17th century (2) (38463718842).jpg	Ba Kieu Temple, Hanoi, 17th century	stated locality '17th century' not in the hit's address
File:Ba Kieu Temple, Hanoi, 17th century (7) (38495698901).jpg	Ba Kieu Temple, Hanoi, 17th century	stated locality '17th century' not in the hit's address
File:Ba Kieu Temple, Hanoi, 17th century (3) (24623516518).jpg	Ba Kieu Temple, Hanoi, 17th century	stated locality '17th century' not in the hit's address
File:Ba Kieu Temple, Hanoi, 17th century (8) (38495681821).jpg	Ba Kieu Temple, Hanoi, 17th century	stated locality '17th century' not in the hit's address
File:Ba Kieu Temple, Hanoi, 17th century (9) (24623443908).jpg	Ba Kieu Temple, Hanoi, 17th century	stated locality '17th century' not in the hit's address
File:Ba Kieu Temple, Hanoi, 17th century (10) (38495637111).jpg	Ba Kieu Temple, Hanoi, 17th century	stated locality '17th century' not in the hit's address
File:Ba Kieu Temple, Hanoi, 17th century (16) (38495542981).jpg	Ba Kieu Temple, Hanoi, 17th century	stated locality '17th century' not in the hit's address
File:Ba Kieu Temple, Hanoi, 17th century (11) (38439895226).jpg	Ba Kieu Temple, Hanoi, 17th century	stated locality '17th century' not in the hit's address
File:Ba Kieu Temple, Hanoi, 17th century (17) (38439813726).jpg	Ba Kieu Temple, Hanoi, 17th century	stated locality '17th century' not in the hit's address
File:Ba Kieu Temple, Hanoi, 17th century (13) (38495574831).jpg	Ba Kieu Temple, Hanoi, 17th century	stated locality '17th century' not in the hit's address
File:Ba Kieu Temple, Hanoi, 17th century (14) (24623410948).jpg	Ba Kieu Temple, Hanoi, 17th century	stated locality '17th century' not in the hit's address
File:Ba Kieu Temple, Hanoi, 17th century (15) (26719873799).jpg	Ba Kieu Temple, Hanoi, 17th century	stated locality '17th century' not in the hit's address
File:Ba Kieu Temple, Hanoi, 17th century (1) (38440030266).jpg	Ba Kieu Temple, Hanoi, 17th century	stated locality '17th century' not in the hit's address
File:Quan De Temple, Old Quarter, Hanoi (2) (38465020682).jpg	Quan De Temple, Old Quarter, Hanoi	title names no place (generic words only)
File:Quan De Temple, Old Quarter, Hanoi (4) (24624901538).jpg	Quan De Temple, Old Quarter, Hanoi	title names no place (generic words only)
File:Quan De Temple, Old Quarter, Hanoi (6) (24624885228).jpg	Quan De Temple, Old Quarter, Hanoi	title names no place (generic words only)
File:Quan De Temple, Old Quarter, Hanoi (7) (38497042101).jpg	Quan De Temple, Old Quarter, Hanoi	title names no place (generic words only)
File:Quan De Temple, Old Quarter, Hanoi (5) (38441475526).jpg	Quan De Temple, Old Quarter, Hanoi	title names no place (generic words only)
File:Quan De Temple, Old Quarter, Hanoi (3) (26721365139).jpg	Quan De Temple, Old Quarter, Hanoi	title names no place (generic words only)
File:Quan De Temple, Old Quarter, Hanoi (8) (37610397585).jpg	Quan De Temple, Old Quarter, Hanoi	title names no place (generic words only)
File:Quan De Temple, Old Quarter, Hanoi (9) (26721326979).jpg	Quan De Temple, Old Quarter, Hanoi	title names no place (generic words only)
File:Quan De Temple, Old Quarter, Hanoi (10) (38441428806).jpg	Quan De Temple, Old Quarter, Hanoi	title names no place (generic words only)
File:Quan De Temple, Old Quarter, Hanoi (1) (26721388199).jpg	Quan De Temple, Old Quarter, Hanoi	title names no place (generic words only)
File:Quan De Temple, Old Quarter, Hanoi (11) (26721289279).jpg	Quan De Temple, Old Quarter, Hanoi	title names no place (generic words only)
File:Temple gate in Bát Tràng, Hanoi (2018) 01.jpg	Temple gate in Bát Tràng, Hanoi ( ) 01	'bat' is not in the hit's name 'Vietcombank'
File:Temple gate in Bát Tràng, Hanoi (2018) 03.jpg	Temple gate in Bát Tràng, Hanoi ( ) 03	'bat' is not in the hit's name 'Chung cư An Bình'
File:Temple gate in Bát Tràng, Hanoi (2018) 02.jpg	Temple gate in Bát Tràng, Hanoi ( ) 02	'bat' is not in the hit's name 'Công Ty TNHH XD Và Phát Triển TM An Lộc'
File:Temple gate in Bát Tràng, Hanoi (2018) 04.jpg	Temple gate in Bát Tràng, Hanoi ( ) 04	'bat' is not in the hit's name '04'
File:Chiếc cổng cổ kính của ngôi nhà số 29 phố Lê Ngọc Hân (trước kia là phố Lữ Gia), quận Hai Bà Trưng, Hà Nội.jpg	Chiếc cổng cổ kính của ngôi nhà số 29 phố Lê Ngọc Hân (trước kia là phố Lữ Gia), quận Hai Bà Trưng, Hà Nội	no specific feature found
File:Chiếc cổng cổ kính của ngôi nhà số 29 phố Lê Ngọc Hân (trước kia là phố Lữ Gia), quận Hai Bà Trưng, Hà Nội (02).jpg	Chiếc cổng cổ kính của ngôi nhà số 29 phố Lê Ngọc Hân (trước kia là phố Lữ Gia), quận Hai Bà Trưng, Hà Nội	no specific feature found
File:Tortue-temple-ngoc-son-hanoi.jpg	Tortue-temple-ngoc-son-hanoi	no specific feature found
File:Chính Điện Đền Phùng Hưng.jpg	Chính Điện Đền Phùng Hưng, Hanoi, Vietnam	no specific feature found
File:Random temple (26395822198).jpg	Random temple, Hanoi, Vietnam	no specific feature found
File:Temple on Hanoi West Lake, 2003 summer.jpg	Temple on Hanoi West Lake, summer	'on' is not in the hit's name 'Summer Place Hotel'
File:Temple on Hanoi West Lake, 2003 summer 3.jpg	Temple on Hanoi West Lake, summer 3	no specific feature found
File:Temple on Hanoi West Lake, 2003 summer 4.jpg	Temple on Hanoi West Lake, summer 4	no specific feature found
File:Temple on Hanoi West Lake, 2003 summer 5.jpg	Temple on Hanoi West Lake, summer 5	no specific feature found
File:Temple on Hanoi West Lake, 2003 summer 6.jpg	Temple on Hanoi West Lake, summer 6	no specific feature found
File:Temple on Hanoi West Lake, 2003 summer 7.jpg	Temple on Hanoi West Lake, summer 7	no specific feature found
File:Temple on Hanoi West Lake, 2003 summer 8.jpg	Temple on Hanoi West Lake, summer 8	no specific feature found
File:Temple on Hanoi West Lake, 2003 summer 9.jpg	Temple on Hanoi West Lake, summer 9	no specific feature found
File:Temple on Hanoi West Lake, 2003 summer 10.jpg	Temple on Hanoi West Lake, summer 10	no specific feature found
File:Temple on Hanoi West Lake, 2003 summer 11.jpg	Temple on Hanoi West Lake, summer 11	no specific feature found
File:Temple on Hanoi West Lake, 2003 summer 12.jpg	Temple on Hanoi West Lake, summer 12	no specific feature found
File:Temple on Hanoi West Lake, 2003 summer 13.jpg	Temple on Hanoi West Lake, summer 13	no specific feature found
File:Temple on Hanoi West Lake, 2003 summer 14.jpg	Temple on Hanoi West Lake, summer 14	no specific feature found
File:Temple on West Lake, 2003, Hanoi 2.jpg	Temple on West Lake, , Hanoi 2	no specific feature found
File:Temple on West Lake, 2003, Hanoi 3.jpg	Temple on West Lake, , Hanoi 3	no specific feature found
File:Temple on West Lake, 2003, Hanoi 5.jpg	Temple on West Lake, , Hanoi 5	no specific feature found
File:Temple on West Lake, 2003, Hanoi 6.jpg	Temple on West Lake, , Hanoi 6	no specific feature found
File:Temple on West Lake, 2003, Hanoi 9.jpg	Temple on West Lake, , Hanoi 9	no specific feature found
File:Temple on West Lake, 2003, Hanoi 10.jpg	Temple on West Lake, , Hanoi 10	no specific feature found
File:Temple on West Lake, 2003, Hanoi 11.jpg	Temple on West Lake, , Hanoi 11	no specific feature found
File:Temple on West Lake, 2003, Hanoi 12.jpg	Temple on West Lake, , Hanoi 12	no specific feature found
File:Temple on West Lake, 2003, Hanoi 13.jpg	Temple on West Lake, , Hanoi 13	no specific feature found
File:Temple on West Lake, 2003, Hanoi 14.jpg	Temple on West Lake, , Hanoi 14	no specific feature found
File:Temple on West Lake, 2003, Hanoi 15.jpg	Temple on West Lake, , Hanoi 15	no specific feature found
File:Temple on West Lake, 2003, Hanoi 16.jpg	Temple on West Lake, , Hanoi 16	no specific feature found
File:Temple on West Lake, 2003, Hanoi 17.jpg	Temple on West Lake, , Hanoi 17	no specific feature found
File:Temple on West Lake, 2003, Hanoi 19.jpg	Temple on West Lake, , Hanoi 19	no specific feature found
File:Temple on West Lake, 2003, Hanoi 20.jpg	Temple on West Lake, , Hanoi 20	no specific feature found
File:Temple on West Lake, 2003, Hanoi 21.jpg	Temple on West Lake, , Hanoi 21	no specific feature found
File:Temple on West Lake, 2003, Hanoi 22.jpg	Temple on West Lake, , Hanoi 22	no specific feature found
File:Temple on West Lake, 2003, Hanoi 23.jpg	Temple on West Lake, , Hanoi 23	no specific feature found
File:Temple on West Lake, 2003, Hanoi 24.jpg	Temple on West Lake, , Hanoi 24	no specific feature found
File:Temple on West Lake, 2003, Hanoi 25.jpg	Temple on West Lake, , Hanoi 25	no specific feature found
File:Temple on West Lake, 2003, Hanoi 26.jpg	Temple on West Lake, , Hanoi 26	no specific feature found
File:Temple on West Lake, 2003, Hanoi 27.jpg	Temple on West Lake, , Hanoi 27	no specific feature found
File:Temple on West Lake, 2003, Hanoi 28.jpg	Temple on West Lake, , Hanoi 28	no specific feature found
File:Temple on West Lake, 2003, Hanoi 29.jpg	Temple on West Lake, , Hanoi 29	no specific feature found
File:Temple on West Lake, 2003, Hanoi 30.jpg	Temple on West Lake, , Hanoi 30	no specific feature found
File:Temple on West Lake, 2003, Hanoi 31.jpg	Temple on West Lake, , Hanoi 31	no specific feature found
File:Temple on West Lake, 2003, Hanoi 32.jpg	Temple on West Lake, , Hanoi 32	no specific feature found
File:Temple on West Lake, 2003, Hanoi 33.jpg	Temple on West Lake, , Hanoi 33	no specific feature found
File:Temple on West Lake, 2003, Hanoi 39.jpg	Temple on West Lake, , Hanoi 39	no specific feature found
File:Đền Sóc - NKS.jpg	Đền Sóc - NKS, Hanoi, Vietnam	no specific feature found
File:Đền Mẫu Thánh Gióng - NKS.jpg	Đền Mẫu Thánh Gióng - NKS, Hanoi, Vietnam	no specific feature found
File:Đền Trình Sóc Sơn - NKS.jpg	Đền Trình Sóc Sơn - NKS, Hanoi, Vietnam	no specific feature found
File:Warm morning of Pháo Đài Láng Street 02-02-2026. Dragonseye Temple E2.jpg	Warm morning of Pháo Đài Láng Street 02-02- . Dragonseye Temple E2, Hanoi, Vietnam	no specific feature found
File:Warm morning of Pháo Đài Láng Street 02-02-2026. Dragonseye Temple E1.jpg	Warm morning of Pháo Đài Láng Street 02-02- . Dragonseye Temple E1, Hanoi, Vietnam	no specific feature found
File:Chùa Quang Hoa và Thiền Quang.JPG	Chùa Quang Hoa và Thiền Quang, Hanoi, Vietnam	no specific feature found
File:Tuong phat chua Non Nuoc.jpg	Tuong phat chua Non Nuoc, Hanoi, Vietnam	no specific feature found
File:Chùa Sãi.JPG	Chùa Sãi, Hanoi, Vietnam	a road is not a site (highway/bus_stop)
File:Chùa Pháp Vân, Văn Bình, Thường Tín, Hà Nội.jpeg	Chùa Pháp Vân, Văn Bình, Thường Tín, Hà Nội	stated locality 'Văn Bình' not in the hit's address
File:Chùa Đinh Xá 2, Văn Tự, Thường Tín, Hà Nội.jpeg	Chùa Đinh Xá 2, Văn Tự, Thường Tín, Hà Nội	'thuong' is not in the hit's name 'Chùa thôn Đình Vỹ'
File:Chùa Đinh Xá, Văn Tự, Thường Tín, Hà Nội.jpeg	Chùa Đinh Xá, Văn Tự, Thường Tín, Hà Nội	a road is not a site (highway/bus_stop)
File:Chùa Pháp Vân 2, Văn Bình, Thường Tín, Hà Nội.jpeg	Chùa Pháp Vân 2, Văn Bình, Thường Tín, Hà Nội	no specific feature found
File:Chùa Pháp Vân 3, Văn Bình, Thường Tín, Hà Nội.jpeg	Chùa Pháp Vân 3, Văn Bình, Thường Tín, Hà Nội	outside drawn box 105.8609,20.8779
File:Chùa Pháp Vân 4, Văn Bình, Thường Tín, Hà Nội.jpeg	Chùa Pháp Vân 4, Văn Bình, Thường Tín, Hà Nội	no specific feature found
File:Chùa Yên Phú, Liên Ninh, Thanh Trì, Hà Nội.jpeg	Chùa Yên Phú, Liên Ninh, Thanh Trì, Hà Nội	'phu' is not in the hit's name 'Chùa Trấn Quốc'
File:Chùa Non Nước - NKS.jpg	Chùa Non Nước - NKS, Hanoi, Vietnam	no specific feature found
File:Bậc thang chùa Non Nước.jpg	Bậc thang chùa Non Nước, Hanoi, Vietnam	no specific feature found
File:Old Converted Church Building (9753468853).jpg	Old Converted Church Building, Hanoi, Vietnam	no specific feature found
File:Hồ Văn.JPG	Hồ Văn, Hanoi, Vietnam	title names no place (generic words only)
File:Hồ Tây và Hồ Trúc Bạch.jpg	Hồ Tây và Hồ Trúc Bạch, Hanoi, Vietnam	no specific feature found
File:Ho Quan SOn.jpg	Ho Quan SOn, Hanoi, Vietnam	'son' is not in the hit's name 'Hồ Đồng Quan'
File:DongQuan.jpg	DongQuan, Hanoi, Vietnam	no specific feature found
File:HamLon lake.jpg	HamLon lake, Hanoi, Vietnam	no specific feature found
File:Hồ Đền Thượng.jpg	Hồ Đền Thượng, Hanoi, Vietnam	outside drawn box 105.8358,21.2894
File:Hồ Hoa Sơn.jpg	Hồ Hoa Sơn, Hanoi, Vietnam	no specific feature found
File:Hồ Hàm Lợn từ đỉnh Vệ Linh.jpg	Hồ Hàm Lợn từ đỉnh Vệ Linh, Hanoi, Vietnam	no specific feature found
File:Hồ Kèo Cà.jpg	Hồ Kèo Cà, Hanoi, Vietnam	no specific feature found
File:Bãi nổi hồ Đồng Quan - NKS.jpg	Bãi nổi hồ Đồng Quan - NKS, Hanoi, Vietnam	no specific feature found
File:Hồ Văn Quán.jpg	Hồ Văn Quán, Hanoi, Vietnam	title names no place (generic words only)
File:Hồ Đồng Quan - NKS.jpg	Hồ Đồng Quan - NKS, Hanoi, Vietnam	no specific feature found
File:Dong Quan lake - NKS.jpg	Dong Quan lake - NKS, Hanoi, Vietnam	no specific feature found
File:Hồ Hàm Lợn - NKS.jpg	Hồ Hàm Lợn - NKS, Hanoi, Vietnam	no specific feature found
File:Night in Hanoi, over Hoan Kiem Lake (2005).jpg	Night in Hanoi, over Hoan Kiem Lake ( )	no specific feature found
File:HA NOI BY NIGHT HOAN KIEN LAKE AREA VIETNAM FEB 2012 (7024747513).jpg	HA NOI BY NIGHT HOAN KIEN LAKE AREA VIETNAM FEB	no specific feature found
File:HA NOI BY NIGHT HOAN KIEN LAKE AREA VIETNAM FEB 2012 (7024732443).jpg	HA NOI BY NIGHT HOAN KIEN LAKE AREA VIETNAM FEB	no specific feature found
File:Hanoi architecture - Hàng Bạc Street.jpg	Hanoi architecture - Hàng Bạc Street	no specific feature found
File:Vietnam VPA chemical troop before disinfecting Bach Mai Hospital.jpg	Vietnam VPA chemical troop before disinfecting Bach Mai Hospital, Hanoi, Vietnam	no specific feature found
File:Exposure photography at Phung Khoang station area of Cat Linh - Ha Dong railway line.jpg	Exposure photography at Phung Khoang station area of Cat Linh - Ha Dong railway line, Hanoi, Vietnam	no specific feature found
File:SongCau BenVat.JPG	SongCau BenVat, Hanoi, Vietnam	no specific feature found
File:Ho Tay street.jpg	Ho Tay street, Hanoi, Vietnam	'tay' is not in the hit's name 'Epicure Vina- Máy pha cà phê'
File:A woman physically transporting market vegetables..JPG	A woman physically transporting market vegetables, Hanoi, Vietnam	no specific feature found
File:Exotic fish food in street reataurant on Cau Go street..JPG	Exotic fish food in street reataurant on Cau Go street, Hanoi, Vietnam	no specific feature found
File:Early morning breakfast near Hoan Kiem lake..JPG	Early morning breakfast near Hoan Kiem lake, Hanoi, Vietnam	no specific feature found
File:Street -side reastaurant cook..JPG	Street -side reastaurant cook, Hanoi, Vietnam	no specific feature found
File:A woman physically transporting market vegetables - cropped.JPG	A woman physically transporting market vegetables - cropped, Hanoi, Vietnam	no specific feature found
File:TONKIN - Hanoi - Rue des Changeurs (Hà Nội - Phố Hàng Bạc) - Collection de P. Dieulefils (1903) 01.png	TONKIN - Hanoi - Rue des Changeurs (Hà Nội - Phố Hàng Bạc) - Collection de P. Dieulefils ( ) 01	no specific feature found
File:TONKIN - Hanoi - Rue des Changeurs (Hà Nội - Phố Hàng Bạc) - Collection de P. Dieulefils (1903) 02.png	TONKIN - Hanoi - Rue des Changeurs (Hà Nội - Phố Hàng Bạc) - Collection de P. Dieulefils ( ) 02	no specific feature found
File:Tonkin Hanoi - Signature Debeaux -Dintilhac -Pagode à pilier unique - Chua Mot Cot - série 6 n°11.jpg	Tonkin Hanoi - Signature Debeaux -Dintilhac -Pagode à pilier unique - Chua Mot Cot - série 6 n°11	no specific feature found
File:Chua-Mot-Cot. Pagode montée sur un pilier.jpg	Chua-Mot-Cot. Pagode montée sur un pilier, Hanoi, Vietnam	no specific feature found
File:Tonkin Hanoi - Pagode à pilier unique - Chua Mot Cot - Debeaux -Dintilhac série 6 n°11- Dos après 1904.jpg	Tonkin Hanoi - Pagode à pilier unique - Chua Mot Cot - Debeaux -Dintilhac série 6 n°11- Dos après	no specific feature found
File:St. Joseph's Cathedral, Hanoi on a postcard - Bùi Quang Tuấn (3 August 2020).jpg	St. Joseph's Cathedral, Hanoi on a postcard - Bùi Quang Tuấn	'cathedral' is not in the hit's name 'Nhà thờ Lớn'
File:Thê Húc Bridge to Ngọc Sơn Temple in early XX century (carte postale illustrée).jpg	Thê Húc Bridge to Ngọc Sơn Temple in early XX century (carte postale illustrée), Hanoi, Vietnam	no specific feature found
File:Vietnam National Museum of Fine Arts panorama.jpg	Vietnam National Museum of Fine Arts panorama, Hanoi, Vietnam	no specific feature found
File:Vietnam Military History Museum panorama.jpg	Vietnam Military History Museum panorama, Hanoi, Vietnam	no specific feature found
File:Hồ Hoàng Cầu từ sân thượng HoangCau Skyline.jpg	Hồ Hoàng Cầu từ sân thượng HoangCau Skyline, Hanoi, Vietnam	no specific feature found
File:Vân Côn, rước Thánh qua ao làng.JPG	Vân Côn, rước Thánh qua ao làng, Hanoi, Vietnam	stated locality 'rước Thánh qua ao làng' not in the hit's address
File:Ứng Hòa District.jpg	Ứng Hòa District, Hanoi, Vietnam	no specific feature found
File:Plan de Hanoï 1889 - Ký ức chợ Hà Nội xưa.png	Plan de Hanoï - Ký ức chợ Hà Nội xưa	no specific feature found
File:Sơ đồ vị trí các kho, xưởng, nhà ở của viên Trưởng kho năm 1934 (nguồn TTLTQGI).jpg	Sơ đồ vị trí các kho, xưởng, nhà ở của viên Trưởng kho năm (nguồn TTLTQGI), Hanoi, Vietnam	'cac' is not in the hit's name 'xưởng đúc tà vẹt'
File:Trích bản đồ tỷ lệ 1-25.000 con đê dự định xây ngăn cách Hồ Tây và Hồ Trúc Bạch trong hồ sơ số 78. 693, phông RST 02.jpg	Trích bản đồ tỷ lệ 1-25.000 con đê dự định xây ngăn cách Hồ Tây và Hồ Trúc Bạch trong hồ sơ số 78. 693, phông RST 02, Hanoi, Vietnam	no specific feature found
File:Plans de quelques villes du Tonkin. Hanoï, Bac-Ninh, Haïphong, Tuyen-Quan - btv1b53169715r.jpg	Plans de quelques villes du Tonkin. Hanoï, Bac-Ninh, Haïphong, Tuyen-Quan - btv1b53169715r, Hanoi, Vietnam	a road is not a site (highway/motorway)
File:Bản đồ tổng quát quy hoạch khu ngoại ô Hà Nội do Sở Địa chính Hà Đông lập năm 1940 theo nghiên cứu của Ernest Hébrard, thể hiện rõ vị trí nhà ga thủy phi cơ bên Hồ Tây.jpg	Bản đồ tổng quát quy hoạch khu ngoại ô Hà Nội do Sở Địa chính Hà Đông lập năm theo nghiên cứu của Ernest Hébrard, thể hiện rõ vị trí nhà ga thủy phi cơ bên Hồ Tây	no specific feature found
File:Sơ đồ các tuyến phố đã có vỉa hè và dự kiến làm vỉa hè ở Hà Nội năm 1897.jpg	Sơ đồ các tuyến phố đã có vỉa hè và dự kiến làm vỉa hè ở Hà Nội năm	no specific feature found
File:Sơ đồ các tuyến tàu điện của Hà Nội và khu vực ngoại thành (đường màu đỏ) do nhà thầu Krug vẽ ngày 20-12-1895.jpg	Sơ đồ các tuyến tàu điện của Hà Nội và khu vực ngoại thành (đường màu đỏ) do nhà thầu Krug vẽ ngày 20-12	no specific feature found
File:Sơ đồ phục vụ xây dựng cầu được kiến trúc sư Borreil vẽ ngày 23 tháng 5 năm 1897.jpg	Sơ đồ phục vụ xây dựng cầu được kiến trúc sư Borreil vẽ ngày 23 tháng 5 năm, Hanoi, Vietnam	no specific feature found
File:Cái tỉnh Hà Nội này toàn dình đền chùa các Cụ ạ - Bùi Quang Tuấn (6 March 2020) 02.jpg	Cái tỉnh Hà Nội này toàn dình đền chùa các Cụ ạ - Bùi Quang Tuấn 02	no specific feature found
File:Cái tỉnh Hà Nội này toàn dình đền chùa các Cụ ạ - Bùi Quang Tuấn (6 March 2020) 03.jpg	Cái tỉnh Hà Nội này toàn dình đền chùa các Cụ ạ - Bùi Quang Tuấn 03	no specific feature found
File:Cái tỉnh Hà Nội này toàn dình đền chùa các Cụ ạ - Bùi Quang Tuấn (6 March 2020) 01.jpg	Cái tỉnh Hà Nội này toàn dình đền chùa các Cụ ạ - Bùi Quang Tuấn 01	no specific feature found
File:Plans de quelques villes du Tonkin. Hanoï, Bac-Ninh, Haïphong, Tuyen-Quan - btv1b53169717n.jpg	Plans de quelques villes du Tonkin. Hanoï, Bac-Ninh, Haïphong, Tuyen-Quan - btv1b53169717n, Hanoi, Vietnam	a road is not a site (highway/motorway)
File:Cau Giay map old.png	Cau Giay map old, Hanoi, Vietnam	no specific feature found
File:Đền Voi Phục xưa.jpg	Đền Voi Phục xưa, Hanoi, Vietnam	no specific feature found
File:Thê Húc Bridge to Ngọc Sơn Temple 1884.jpg	Thê Húc Bridge to Ngọc Sơn Temple, Hanoi, Vietnam	no specific feature found
File:Hanoi thap BaoAn ho HoanKiem.jpg	Hanoi thap BaoAn ho HoanKiem	no specific feature found
File:Les ex-voto du temple litterature.jpg	Les ex-voto du temple litterature, Hanoi, Vietnam	no specific feature found
File:Temple de la litterature.jpg	Temple de la litterature, Hanoi, Vietnam	no specific feature found
File:Hanoi - Boulevard Carnot - Station de Pousse-Pousse.jpg	Hanoi - Boulevard Carnot - Station de Pousse-Pousse	no specific feature found
File:Tonkin - Hanoï - Hồ Gươm.jpg	Tonkin - Hanoï - Hồ Gươm, Hanoi, Vietnam	no specific feature found
File:Tonkin - Hanoï - Phố Hàng Mắm.jpg	Tonkin - Hanoï - Phố Hàng Mắm, Hanoi, Vietnam	no specific feature found
File:Main Street in the French concession 1890s.png	Main Street in the French concession 1890s, Hanoi, Vietnam	no specific feature found
File:Theatre de Illusions, Hanoi (Early 20th century).jpg	Theatre de Illusions, Hanoi (Early 20th century)	no specific feature found
File:Quan-phap-chiem-thanh-Ha-Noi.jpg	Quan-phap-chiem-thanh-Ha-Noi, Hanoi, Vietnam	no specific feature found
File:Hà Nội – Dân Làng Giấy (Thuỵ Khuê) – Ảnh của Dieulefils.jpg	Hà Nội – Dân Làng Giấy (Thuỵ Khuê) – Ảnh của Dieulefils	no specific feature found
File:Imprimerie Ngo-Tu-Ha logo.png	Imprimerie Ngo-Tu-Ha logo, Hanoi, Vietnam	no specific feature found
File:One Pillar Pagoda, Hanoi (April 1896) Firmin-André Salles.jpg	One Pillar Pagoda, Hanoi (April ) Firmin-André Salles	stated locality 'Hanoi (April ) Firmin-André Sa' not in the hit's address
File:Tonkinese theatre ensemble (1900's).jpg	Tonkinese theatre ensemble ( 's), Hanoi, Vietnam	no specific feature found
File:Cổng vào chùa Trấn Quốc cuối thế kỷ 19, đầu thế kỷ 20.jpg	Cổng vào chùa Trấn Quốc cuối thế kỷ 19, đầu thế kỷ 20, Hanoi, Vietnam	no specific feature found
File:Cổng vào đền Quán Thánh cuối thế kỷ 19, đầu thế kỷ 20, hồ Tây sát mép đền.jpg	Cổng vào đền Quán Thánh cuối thế kỷ 19, đầu thế kỷ 20, hồ Tây sát mép đền, Hanoi, Vietnam	no specific feature found
File:Các bậc thềm dẫn từ hồ Tây lên đền Quán Thánh. Ảnh của André Firmin Salles chụp năm 1896.jpg	Các bậc thềm dẫn từ hồ Tây lên đền Quán Thánh. Ảnh của André Firmin Salles chụp năm, Hanoi, Vietnam	no specific feature found
File:Đường Cổ Ngư (nay là đường Thanh Niên) ven Hồ Tây cuối thế kỷ 19, đầu thế kỷ 20. Sưu tập của Dieulefils.jpg	Đường Cổ Ngư (nay là đường Thanh Niên) ven Hồ Tây cuối thế kỷ 19, đầu thế kỷ 20. Sưu tập của Dieulefils, Hanoi, Vietnam	no specific feature found
File:Carte postal xe kéo tay đi trên đường Cổ Ngư giữa Hồ Tây và Hồ Trúc Bạch.jpg	Carte postal xe kéo tay đi trên đường Cổ Ngư giữa Hồ Tây và Hồ Trúc Bạch, Hanoi, Vietnam	no specific feature found
File:Mặt trước chùa Báo Ân 1884.jpg	Mặt trước chùa Báo Ân, Hanoi, Vietnam	no specific feature found
File:Các tòa tháp trong chùa Báo Ân 1884.jpg	Các tòa tháp trong chùa Báo Ân, Hanoi, Vietnam	no specific feature found
File:Ảnh chụp từ trên cao toàn cảnh khu kho chứa máy bay và nhà ga thủy phi cơ - Trung tâm Lưu trữ quốc gia I.jpg	Ảnh chụp từ trên cao toàn cảnh khu kho chứa máy bay và nhà ga thủy phi cơ - Trung tâm Lưu trữ quốc gia I, Hanoi, Vietnam	no specific feature found
File:Cổng phía Tây của điện Kính Thiên (lúc này đã có đường ray để vận chuyển lương thực cho binh lính Pháp đóng quân).png	Cổng phía Tây của điện Kính Thiên (lúc này đã có đường ray để vận chuyển lương thực cho binh lính Pháp đóng quân), Hanoi, Vietnam	no specific feature found
File:Các quán giải khát ven hồ Gươm.jpg	Các quán giải khát ven hồ Gươm, Hanoi, Vietnam	no specific feature found
File:Cầu Giấy cuối thế kỷ XIX. Ảnh của Docteur Hocquart trong “Une campagne au Tonkin”, 1892.jpg	Cầu Giấy cuối thế kỷ XIX. Ảnh của Docteur Hocquart trong “Une campagne au Tonkin”, Hanoi, Vietnam	no specific feature found
File:Ngôi mộ của Henri Rivière ở gần Cầu Giấy được xây khoảng năm 1884, sau khi tìm thấy thi thể không lành lặn của Henri Rivière ngày 8-10-1883 và được đưa về mai táng trong khu nhượng địa.jpg	Ngôi mộ của Henri Rivière ở gần Cầu Giấy được xây khoảng năm , sau khi tìm thấy thi thể không lành lặn của Henri Rivière ngày 8-10- và được đưa về mai táng trong khu nhượng địa, Hanoi, Vietnam	no specific feature found
File:Đỉnh Cột cờ được sử dụng làm tháp canh và phát sóng truyền tin, có thời gian được nhốt chim bồ câu đưa thư của quân đội Pháp và Hồ Voi năm 1890 khi chưa có đường Cột Cờ.png	Đỉnh Cột cờ được sử dụng làm tháp canh và phát sóng truyền tin, có thời gian được nhốt chim bồ câu đưa thư của quân đội Pháp và Hồ Voi năm khi chưa có đường Cột Cờ, Hanoi, Vietnam	no specific feature found
File:Một ngôi đền trên phố Hà Nội có bức hoành - Thượng dẳng từ (Đền thờ bậc Thượng Đẳng) - Bùi Quang Tuấn (19 August 2020).jpg	Một ngôi đền trên phố Hà Nội có bức hoành - Thượng dẳng từ (Đền thờ bậc Thượng Đẳng) - Bùi Quang Tuấn	no specific feature found
File:One-Pillar Pagoda during the early French domination period - Bùi Quang Tuấn (28 March 2020).jpg	One-Pillar Pagoda during the early French domination period - Bùi Quang Tuấn, Hanoi, Vietnam	no specific feature found
File:Mặt tiền trụ sở Ngân hàng Đông Dương tại Hà Nội do Họa sĩ - KTS người Pháp Félix Dumail vẽ - Thư viện Quốc gia Pháp.jpg	Mặt tiền trụ sở Ngân hàng Đông Dương tại Hà Nội do Họa sĩ - KTS người Pháp Félix Dumail vẽ - Thư viện Quốc gia Pháp	no specific feature found
File:Phòng ăn cho trẻ em của Hội Tế sinh, không rõ năm - TVQG Pháp.jpg	Phòng ăn cho trẻ em của Hội Tế sinh, không rõ năm - TVQG Pháp, Hanoi, Vietnam	no specific feature found
File:Nhà máy điện thành phố Hà Nội năm 1900 - Trung tâm Lưu trữ quốc gia I.jpg	Nhà máy điện thành phố Hà Nội năm - Trung tâm Lưu trữ quốc gia I	no specific feature found
File:Văn Miếu năm 1931. Ảnh sưu tầm in trong Tạp chí Đô thành hiếu cổ (Association des Amis du Vieux de Hue - AAVH).jpg	Văn Miếu năm . Ảnh sưu tầm in trong Tạp chí Đô thành hiếu cổ (Association des Amis du Vieux de Hue - AAVH), Hanoi, Vietnam	no specific feature found
File:Police station Hoan Kiem.jpg	Police station Hoan Kiem, Hanoi, Vietnam	no specific feature found
File:Hội Đồng Nhân Dan Ủy Ban Nhân Dân Thành Phố Hà Nội (2018) 02.jpg	Hội Đồng Nhân Dan Ủy Ban Nhân Dân Thành Phố Hà Nội ( ) 02	no specific feature found
File:UBND thành phố Hà Nội.jpeg	UBND thành phố Hà Nội	'thanh' is not in the hit's name 'UBND'
File:Street Scene at Night - Old Quarter - Hanoi - Vietnam (48071309178).jpg	Street Scene at Night - Old Quarter - Hanoi - Vietnam	no specific feature found
File:Rotunda, University of Hanoi (23469168051).jpg	Rotunda, University of Hanoi	'rotunda' is not in the hit's name 'Đại học Bách khoa Hà Nội'
File:University of Hanoi (23525568256).jpg	University of Hanoi	title names no place (generic words only)
File:ARMY MUSEUM HA NOI VIETNAM FEB 2012 (6867585550).jpg	ARMY MUSEUM HA NOI VIETNAM FEB	no specific feature found
File:ARMY MUSEUM HA NOI VIETNAM FEB 2012 (6832986568).jpg	ARMY MUSEUM HA NOI VIETNAM FEB	no specific feature found
File:MIG 21 ARMY MUSEUM HANOI VIETNAM FEB 2012 (6827839802).jpg	MIG 21 ARMY MUSEUM HANOI VIETNAM FEB	no specific feature found
File:Army Museum in Hanoi (26312932305).jpg	Army Museum in Hanoi	no specific feature found
File:Army museum, 2003 Hanoi 19.jpg	Army museum, Hanoi 19	no specific feature found
File:Army museum, 2003 Hanoi 20.jpg	Army museum, Hanoi 20	no specific feature found
File:Đền Phù Ủng Hà Nội.jpg	Đền Phù Ủng Hà Nội	no specific feature found
File:001 Cổng làng Văn Trì, Hà Nội.jpg	001 Cổng làng Văn Trì, Hà Nội	'tri' is not in the hit's name 'Làng Văn Hóa Công Viên Yên Sở'
File:002 Cổng làng Văn Trì, Hà Nội.jpg	002 Cổng làng Văn Trì, Hà Nội	'tri' is not in the hit's name 'Làng Văn Hóa Công Viên Yên Sở'
File:003 Cổng làng Văn Trì, Hà Nội.jpg	003 Cổng làng Văn Trì, Hà Nội	'tri' is not in the hit's name 'Làng Văn Hóa Công Viên Yên Sở'
File:004 Cổng làng Văn Trì, Hà Nội.jpg	004 Cổng làng Văn Trì, Hà Nội	'tri' is not in the hit's name 'Làng Văn Hóa Công Viên Yên Sở'
File:Quan điểm của Nhật Bản về Takeshima.tiff	Quan điểm của Nhật Bản về Takeshima, Hanoi, Vietnam	no specific feature found
File:Giấy tờ sở hữu các ngôi nhà với tổng diện tích 6.379m2 của Công ty Rượu Đông Dương do cơ quan Quản thủ Điền thổ lập vào ngày 28-11-1949.jpg	Giấy tờ sở hữu các ngôi nhà với tổng diện tích 6.379m2 của Công ty Rượu Đông Dương do cơ quan Quản thủ Điền thổ lập vào ngày 28-11, Hanoi, Vietnam	no specific feature found
File:Hoa Lo Prison Museum, Hanoi (4) (37781176004).jpg	Hoa Lo Prison Museum, Hanoi	'prison' is not in the hit's name 'Nhà tù Hỏa Lò'
File:Hoa Lo Prison Museum, Hanoi (2) (24624166618).jpg	Hoa Lo Prison Museum, Hanoi	'prison' is not in the hit's name 'Nhà tù Hỏa Lò'
File:Hoa Lo Prison Museum, Hanoi (3) (38464330422).jpg	Hoa Lo Prison Museum, Hanoi	'prison' is not in the hit's name 'Nhà tù Hỏa Lò'
File:Flight suit of John McCain, Hoa Lo Prison Museum, Hanoi (38439531806).jpg	Flight suit of John McCain, Hoa Lo Prison Museum, Hanoi	'flight' is not in the hit's name 'Nhà tù Hỏa Lò'
File:French era guillotine, Hoa Lo Prison Museum, Hanoi (2) (37608437105).jpg	French era guillotine, Hoa Lo Prison Museum, Hanoi	'era' is not in the hit's name 'Nhà tù Hỏa Lò'
File:French era guillotine, Hoa Lo Prison Museum, Hanoi (3) (38495166451).jpg	French era guillotine, Hoa Lo Prison Museum, Hanoi	'era' is not in the hit's name 'Nhà tù Hỏa Lò'
File:Hoa Lo Prison Museum, Hanoi (5) (26720612699).jpg	Hoa Lo Prison Museum, Hanoi	'prison' is not in the hit's name 'Nhà tù Hỏa Lò'
File:French era guillotine, Hoa Lo Prison Museum, Hanoi (1) (24623024918).jpg	French era guillotine, Hoa Lo Prison Museum, Hanoi	'era' is not in the hit's name 'Nhà tù Hỏa Lò'
File:Truong Chinh mugshot.jpg	Truong Chinh mugshot, Hanoi, Vietnam	no specific feature found
File:Hanoi Museum 01.JPG	Hanoi Museum 01	no specific feature found
File:Hanoi Museum 02.JPG	Hanoi Museum 02	no specific feature found
File:Hanoi Museum 03.JPG	Hanoi Museum 03	no specific feature found
File:Hanoi Museum 04.JPG	Hanoi Museum 04	no specific feature found
File:Hanoi Museum Stairway 01.JPG	Hanoi Museum Stairway 01	no specific feature found
File:Hanoi Museum Stairway 03.JPG	Hanoi Museum Stairway 03	no specific feature found
File:Hanoi Museum Stairway 02.JPG	Hanoi Museum Stairway 02	no specific feature found
File:Hanoi Museum Stairway 04.JPG	Hanoi Museum Stairway 04	no specific feature found
File:Hanoi Museum Stairway 06.JPG	Hanoi Museum Stairway 06	no specific feature found
File:Hanoi Museum Stairway 05.JPG	Hanoi Museum Stairway 05	no specific feature found
File:Hanoi Museum Stairway 08.JPG	Hanoi Museum Stairway 08	no specific feature found
File:Hanoi Museum Stairway 07.JPG	Hanoi Museum Stairway 07	no specific feature found
File:Ceramic, 1st - 3rd centery, at Hanoi Museum.JPG	Ceramic, 1st - 3rd centery, at Hanoi Museum	one-word title matched to a shop or restaurant
File:Coins, Han Dynasty, Hanoi Museum.JPG	Coins, Han Dynasty, Hanoi Museum	no specific feature found
File:Hanoi Museum - 1st floor 01.JPG	Hanoi Museum - 1st floor 01	no specific feature found
File:Hanoi Museum - 1st floor 02.JPG	Hanoi Museum - 1st floor 02	no specific feature found
File:Hanoi Museum - 2nd floor 01.JPG	Hanoi Museum - 2nd floor 01	no specific feature found
File:Hanoi Museum - 2nd floor 02.JPG	Hanoi Museum - 2nd floor 02	no specific feature found
File:Hanoi Museum - 2nd floor 03.JPG	Hanoi Museum - 2nd floor 03	no specific feature found
File:Hanoi Museum - 3rd floor 01.JPG	Hanoi Museum - 3rd floor 01	no specific feature found
File:Hanoi Museum - 4th floor 01.JPG	Hanoi Museum - 4th floor 01	no specific feature found
File:Hanoi Museum - 3rd floor 02.JPG	Hanoi Museum - 3rd floor 02	no specific feature found
File:Hanoi Museum.jpg	Hanoi Museum	title names no place (generic words only)
File:Hanoi Museum Interior.jpg	Hanoi Museum Interior	no specific feature found
File:Hanoi Museum 01a.JPG	Hanoi Museum 01a	no specific feature found
File:Old Coins, Hanoi Museum.jpg	Old Coins, Hanoi Museum	'coins' is not in the hit's name 'Bảo tàng Hà Nội'
File:Metal Sculpture, Hanoi Museum.jpg	Metal Sculpture, Hanoi Museum	'metal' is not in the hit's name 'Bảo tàng Hà Nội'
File:Hanoi museum.jpg	Hanoi museum	title names no place (generic words only)
File:Cafe, Dinh Tien Hoang street, Hanoi.jpg	Cafe, Dinh Tien Hoang street, Hanoi	'hoang' is not in the hit's name 'Cà Phê Dinh 13'
File:Café Van Mieu - Hanoi, Vietnam - DSC04716.JPG	Café Van Mieu - Hanoi, Vietnam - DSC04716	one-word title matched to a shop or restaurant
File:Cuối phố Lê Ngọc Hân (trước kia là phố Lữ Gia), quận Hai Bà Trưng, Hà Nội.jpg	Cuối phố Lê Ngọc Hân (trước kia là phố Lữ Gia), quận Hai Bà Trưng, Hà Nội	no specific feature found
File:Đầu phố Lê Ngọc Hân (trước kia là phố Lữ Gia), quận Hai Bà Trưng, Hà Nội.jpg	Đầu phố Lê Ngọc Hân (trước kia là phố Lữ Gia), quận Hai Bà Trưng, Hà Nội	no specific feature found
File:Vietnam People's Army attendees listen to Robert Gates at Vietnam National University 2010-10-11.jpg	Vietnam People's Army attendees listen to Robert Gates at Vietnam National University -10-11, Hanoi, Vietnam	no specific feature found
File:Defense.gov News Photo 101011-F-6655M-004 - Secretary of Defense Robert M. Gates gives his remarks to professors and students at Vietnam s National University in Hanoi Vietnam on Oct. 11.jpg	Defense.gov News Photo -F-6655M-004 - Secretary of Defense Robert M. Gates gives his remarks to professors and students at Vietnam s National University in Hanoi Vietnam on Oct. 11	no specific feature found
File:Defense.gov News Photo 101011-F-6655M-003 - Secretary of Defense Robert M. Gates is welcomed to Vietnam s National University by Vietnamese military members professors and students in Hanoi.jpg	Defense.gov News Photo -F-6655M-003 - Secretary of Defense Robert M. Gates is welcomed to Vietnam s National University by Vietnamese military members professors and students in Hanoi	no specific feature found
File:Wikipedia workshop at University of Economics and Business, Vietnam National University.jpg	Wikipedia workshop at University of Economics and Business, Vietnam National University, Hanoi, Vietnam	'business' is not in the hit's name 'Đại học Quốc gia'
File:PTT Vũ Đức Đam phát biểu trong Lễ thành lập trường.jpg	PTT Vũ Đức Đam phát biểu trong Lễ thành lập trường, Hanoi, Vietnam	no specific feature found
File:Hanoi University of Technology road.jpg	Hanoi University of Technology road	no specific feature found
File:Hanoi University of Science and Technology - DSC04501.JPG	Hanoi University of Science and Technology - DSC04501	no specific feature found
File:Hanoi University of Science and Technology.jpg	Hanoi University of Science and Technology	'science' is not in the hit's name 'Đại học Bách khoa Hà Nội'
File:Đại học Bách khoa Hà Nội (Thư viện điện tử TQB).jpg	Đại học Bách khoa Hà Nội (Thư viện điện tử TQB)	'dien' is not in the hit's name 'Đại học Bách khoa Hà Nội'
File:Hanoi University 04.jpg	Hanoi University 04	title names no place (generic words only)
File:Hanoi University - Victoria University, Master of TESOL programme, graduation ceremony 2017.jpg	Hanoi University - Victoria University, Master of TESOL programme, graduation ceremony	no specific feature found
File:PaoloPetrocelli lecturing at Hanoi University, Vietnam.jpg	PaoloPetrocelli lecturing at Hanoi University, Vietnam	no specific feature found
File:Nhạc viện (cropped).jpg	Nhạc viện (cropped), Hanoi, Vietnam	'cropped' is not in the hit's name 'Học viện Âm nhạc Quốc gia Việt Nam'
File:Wikipedia workshop at Vietnam National University of Agriculture.jpg	Wikipedia workshop at Vietnam National University of Agriculture, Hanoi, Vietnam	no specific feature found
File:Trường ĐHSP Hà Nội.JPG	Trường ĐHSP Hà Nội	a road is not a site (highway/bus_stop)
File:Trường Đại học Sư phạm Hà Nội - cơ sở Hà Nam.jpeg	Trường Đại học Sư phạm Hà Nội - cơ sở Hà Nam	no specific feature found
File:Truong Quoc te.jpg	Truong Quoc te, Hanoi, Vietnam	title names no place (generic words only)
File:Sinh viên USTH được học tập trong môi trường năng động sáng tạo.jpg	Sinh viên USTH được học tập trong môi trường năng động sáng tạo, Hanoi, Vietnam	no specific feature found
File:Môi trường học tập tại USTH .jpg	Môi trường học tập tại USTH, Hanoi, Vietnam	no specific feature found
File:Hoạt động Hội sinh viên trường.jpg	Hoạt động Hội sinh viên trường, Hanoi, Vietnam	no specific feature found
File:Một góc sân trường cơ sở 1.jpg	Một góc sân trường cơ sở 1, Hanoi, Vietnam	no specific feature found
File:Sinh viên tình nguyện trường với hoạt động 5s.jpg	Sinh viên tình nguyện trường với hoạt động 5s, Hanoi, Vietnam	no specific feature found
File:Cổng trường chính cơ sở 3.jpg	Cổng trường chính cơ sở 3, Hanoi, Vietnam	no specific feature found
File:Trường Đại học Công nghiệp Hà Nội - cơ sở Hà Nam.jpeg	Trường Đại học Công nghiệp Hà Nội - cơ sở Hà Nam	no specific feature found
File:Hanoi University of Industry 11-02-2025.jpg	Hanoi University of Industry 11-02	no specific feature found
File:Hanoi University of Law.jpg	Hanoi University of Law	'law' is not in the hit's name 'Đại học Luật'
File:Sơ đồ tổ chức của Trường Đại học Luật Hà Nội.jpg	Sơ đồ tổ chức của Trường Đại học Luật Hà Nội	no specific feature found
File:Nhà B - Trường Đại học Luật Hà Nội.jpg	Nhà B - Trường Đại học Luật Hà Nội	no specific feature found
File:Phân hiệu Trường Đại học Luật Hà Nội tại tỉnh Đắk Lắk.jpg	Phân hiệu Trường Đại học Luật Hà Nội tại tỉnh Đắk Lắk	no specific feature found
File:Hoi truong Ba Dinh 2.jpg	Hoi truong Ba Dinh 2, Hanoi, Vietnam	'ba' is not in the hit's name 'Viện Nghiên cứu Xã hội'
File:Nam Sơn and his students in front of the Maurice Long Museum.jpg	Nam Sơn and his students in front of the Maurice Long Museum, Hanoi, Vietnam	no specific feature found
File:Láng Hạ Street (20140922 180121).jpg	Láng Hạ Street, Hanoi, Vietnam	a road is not a site (highway/primary)
File:Water Puppet Theatre Vietnam(1).jpg	Water Puppet Theatre Vietnam, Hanoi, Vietnam	'puppet' is not in the hit's name 'Nhà hát Múa rối nước Thăng Long'
File:Water Puppet Theatre Vietnam(3).jpg	Water Puppet Theatre Vietnam, Hanoi, Vietnam	'puppet' is not in the hit's name 'Nhà hát Múa rối nước Thăng Long'
File:Thang Long Water Puppet Theatre 2.jpg	Thang Long Water Puppet Theatre 2, Hanoi, Vietnam	no specific feature found
File:Water Puppet Theater.JPG	Water Puppet Theater, Hanoi, Vietnam	'puppet' is not in the hit's name 'Nhà hát Múa rối nước Thăng Long'
File:HA NOI WATER PUPPET THEATRE VIETNAM FEB 2012 (7024668347).jpg	HA NOI WATER PUPPET THEATRE VIETNAM FEB	no specific feature found
File:'Certificate of Merit of Thang Long Theatre' ..JPG	'Certificate of Merit of Thang Long Theatre', Hanoi, Vietnam	no specific feature found
File:Thang Long Water puppet theater..JPG	Thang Long Water puppet theater, Hanoi, Vietnam	no specific feature found
File:Lobby of theater.JPG	Lobby of theater, Hanoi, Vietnam	no specific feature found
File:Hanoi water puppets theatre (26395828298).jpg	Hanoi water puppets theatre	no specific feature found
File:Water Puppet Theater, Hanoi (1345341892).jpg	Water Puppet Theater, Hanoi	'puppet' is not in the hit's name 'Nhà hát Múa rối nước Thăng Long'
File:Water Puppet Theater, Hanoi (1345341146).jpg	Water Puppet Theater, Hanoi	'puppet' is not in the hit's name 'Nhà hát Múa rối nước Thăng Long'
File:Water Puppet Theater, Hanoi (1344449709).jpg	Water Puppet Theater, Hanoi	'puppet' is not in the hit's name 'Nhà hát Múa rối nước Thăng Long'
File:Water Puppet Theater, Hanoi (1344448995).jpg	Water Puppet Theater, Hanoi	'puppet' is not in the hit's name 'Nhà hát Múa rối nước Thăng Long'
File:Water Puppet Theater, Hanoi (1345339836).jpg	Water Puppet Theater, Hanoi	'puppet' is not in the hit's name 'Nhà hát Múa rối nước Thăng Long'
File:Water Puppet Theater, Hanoi (1345340160).jpg	Water Puppet Theater, Hanoi	'puppet' is not in the hit's name 'Nhà hát Múa rối nước Thăng Long'
File:Water Puppet Theater, Hanoi (1345340490).jpg	Water Puppet Theater, Hanoi	'puppet' is not in the hit's name 'Nhà hát Múa rối nước Thăng Long'
File:Water Puppet Theater, Hanoi (1345339276).jpg	Water Puppet Theater, Hanoi	'puppet' is not in the hit's name 'Nhà hát Múa rối nước Thăng Long'
File:Water Puppet Theater, Hanoi (1345338520).jpg	Water Puppet Theater, Hanoi	'puppet' is not in the hit's name 'Nhà hát Múa rối nước Thăng Long'
File:Water Puppet Theater, Hanoi (1344446327).jpg	Water Puppet Theater, Hanoi	'puppet' is not in the hit's name 'Nhà hát Múa rối nước Thăng Long'
File:Nghị định trường Đồng Khánh.jpg	Nghị định trường Đồng Khánh, Hanoi, Vietnam	no specific feature found
File:Hansers O truong co day em the 1765020978233.jpg	Hansers O truong co day em the, Hanoi, Vietnam	no specific feature found
File:Hansers O truong co day em the 1765020974478.jpg	Hansers O truong co day em the, Hanoi, Vietnam	no specific feature found
File:Hansers O truong co day em the 1765020971151.jpg	Hansers O truong co day em the, Hanoi, Vietnam	no specific feature found
File:Hansers O truong co day em the 1765020981233.jpg	Hansers O truong co day em the, Hanoi, Vietnam	no specific feature found
File:Hansers O truong co day em the 1765020984274.jpg	Hansers O truong co day em the, Hanoi, Vietnam	no specific feature found
File:Hansers O truong co day em the 1765020990313.jpg	Hansers O truong co day em the, Hanoi, Vietnam	no specific feature found
File:Hansers O truong co day em the 1765020987401.jpg	Hansers O truong co day em the, Hanoi, Vietnam	no specific feature found
File:Hansers O truong co day em the 1765020993559.jpg	Hansers O truong co day em the, Hanoi, Vietnam	no specific feature found
File:Hansers O truong co day em the 1765020996870.jpg	Hansers O truong co day em the, Hanoi, Vietnam	no specific feature found
File:Hansers O truong co day em the 1765020999670.jpg	Hansers O truong co day em the, Hanoi, Vietnam	no specific feature found
File:Hansers O truong co day em the 1765021001959.jpg	Hansers O truong co day em the, Hanoi, Vietnam	no specific feature found
File:Hansers O truong co day em the 1765021006266.jpg	Hansers O truong co day em the, Hanoi, Vietnam	no specific feature found
File:Hansers O truong co day em the 1765021008706.jpg	Hansers O truong co day em the, Hanoi, Vietnam	no specific feature found
File:Hansers O truong co day em the 1765021011305.jpg	Hansers O truong co day em the, Hanoi, Vietnam	no specific feature found
File:Hansers O truong co day em the 1765021015232.jpg	Hansers O truong co day em the, Hanoi, Vietnam	no specific feature found
File:Hansers O truong co day em the 1765021018524.jpg	Hansers O truong co day em the, Hanoi, Vietnam	no specific feature found
File:Hansers O truong co day em the 1765021021593.jpg	Hansers O truong co day em the, Hanoi, Vietnam	no specific feature found
File:Hansers O truong co day em the 1765021031361.jpg	Hansers O truong co day em the, Hanoi, Vietnam	no specific feature found
File:Hansers O truong co day em the 1765021025161.jpg	Hansers O truong co day em the, Hanoi, Vietnam	no specific feature found
File:Hansers O truong co day em the 1765021035270.jpg	Hansers O truong co day em the, Hanoi, Vietnam	no specific feature found
File:Hansers O truong co day em the 1765021038785.jpg	Hansers O truong co day em the, Hanoi, Vietnam	no specific feature found
File:Hansers O truong co day em the 1765021042609.jpg	Hansers O truong co day em the, Hanoi, Vietnam	no specific feature found
File:Hansers O truong co day em the 1765021046007.jpg	Hansers O truong co day em the, Hanoi, Vietnam	no specific feature found
File:Hansers O truong co day em the 1765021049346.jpg	Hansers O truong co day em the, Hanoi, Vietnam	no specific feature found
File:Hansers O truong co day em the 1765021052839.jpg	Hansers O truong co day em the, Hanoi, Vietnam	no specific feature found
File:Hansers O truong co day em the 1765021056250.jpg	Hansers O truong co day em the, Hanoi, Vietnam	no specific feature found
File:Hansers O truong co day em the 1765021063187.jpg	Hansers O truong co day em the, Hanoi, Vietnam	no specific feature found
File:Hansers O truong co day em the 1765021067119.jpg	Hansers O truong co day em the, Hanoi, Vietnam	no specific feature found
File:Hansers O truong co day em the 1765021071094.jpg	Hansers O truong co day em the, Hanoi, Vietnam	no specific feature found
File:Hansers O truong co day em the 1765021074755.jpg	Hansers O truong co day em the, Hanoi, Vietnam	no specific feature found
File:Hansers O truong co day em the 1765021078979.jpg	Hansers O truong co day em the, Hanoi, Vietnam	no specific feature found
File:Hansers O truong co day em the 1765021084635.jpg	Hansers O truong co day em the, Hanoi, Vietnam	no specific feature found
File:Hansers O truong co day em the 1765021082022.jpg	Hansers O truong co day em the, Hanoi, Vietnam	no specific feature found
File:Hansers O truong co day em the 1765021088289.jpg	Hansers O truong co day em the, Hanoi, Vietnam	no specific feature found
File:Hansers O truong co day em the 1765021091605.jpg	Hansers O truong co day em the, Hanoi, Vietnam	no specific feature found
File:Hansers O truong co day em the 1765021059642.jpg	Hansers O truong co day em the, Hanoi, Vietnam	no specific feature found
File:Hansers O truong co day em the 1765021099271.jpg	Hansers O truong co day em the, Hanoi, Vietnam	no specific feature found
File:Hansers O truong co day em the 1765021103190.jpg	Hansers O truong co day em the, Hanoi, Vietnam	no specific feature found
File:Hansers O truong co day em the 1765021106557.jpg	Hansers O truong co day em the, Hanoi, Vietnam	no specific feature found
File:Hansers O truong co day em the 1765021094773.jpg	Hansers O truong co day em the, Hanoi, Vietnam	no specific feature found
File:Hansers O truong co day em the 1765021110246.jpg	Hansers O truong co day em the, Hanoi, Vietnam	no specific feature found
File:Hansers O truong co day em the 1765021117989.jpg	Hansers O truong co day em the, Hanoi, Vietnam	no specific feature found
File:Hansers O truong co day em the 1765021121428.jpg	Hansers O truong co day em the, Hanoi, Vietnam	no specific feature found
File:Hansers O truong co day em the 1765021124763.jpg	Hansers O truong co day em the, Hanoi, Vietnam	no specific feature found
File:Hansers O truong co day em the 1765021127443.jpg	Hansers O truong co day em the, Hanoi, Vietnam	no specific feature found
File:Hansers O truong co day em the 1765021130562.jpg	Hansers O truong co day em the, Hanoi, Vietnam	no specific feature found
File:Hansers O truong co day em the 1765021113939.jpg	Hansers O truong co day em the, Hanoi, Vietnam	no specific feature found
File:Hansers O truong co day em the 1765021133924.jpg	Hansers O truong co day em the, Hanoi, Vietnam	no specific feature found
File:Hansers O truong co day em the 1765021267375.jpg	Hansers O truong co day em the, Hanoi, Vietnam	no specific feature found
File:Hansers O truong co day em the 1765021263366.jpg	Hansers O truong co day em the, Hanoi, Vietnam	no specific feature found
File:Hansers O truong co day em the 1765021260641.jpg	Hansers O truong co day em the, Hanoi, Vietnam	no specific feature found
File:Hansers O truong co day em the 1765021270281.jpg	Hansers O truong co day em the, Hanoi, Vietnam	no specific feature found
File:Hansers O truong co day em the 1765021273496.jpg	Hansers O truong co day em the, Hanoi, Vietnam	no specific feature found
File:Hansers O truong co day em the 1765021276896.jpg	Hansers O truong co day em the, Hanoi, Vietnam	no specific feature found
File:Hansers O truong co day em the 1765021279924.jpg	Hansers O truong co day em the, Hanoi, Vietnam	no specific feature found
File:Hansers O truong co day em the 1765021282818.jpg	Hansers O truong co day em the, Hanoi, Vietnam	no specific feature found
File:Hansers O truong co day em the 1765021286242.jpg	Hansers O truong co day em the, Hanoi, Vietnam	no specific feature found
File:Hansers O truong co day em the 1765021289722.jpg	Hansers O truong co day em the, Hanoi, Vietnam	no specific feature found
File:Hansers O truong co day em the 1765021293297.jpg	Hansers O truong co day em the, Hanoi, Vietnam	no specific feature found
File:Hansers O truong co day em the 1765021354369.jpg	Hansers O truong co day em the, Hanoi, Vietnam	no specific feature found
File:Hansers O truong co day em the 1765021357600.jpg	Hansers O truong co day em the, Hanoi, Vietnam	no specific feature found
File:Hansers O truong co day em the 1765021361541.jpg	Hansers O truong co day em the, Hanoi, Vietnam	no specific feature found
File:Hansers O truong co day em the 1765021364949.jpg	Hansers O truong co day em the, Hanoi, Vietnam	no specific feature found
File:Hansers O truong co day em the 1765021368493.jpg	Hansers O truong co day em the, Hanoi, Vietnam	no specific feature found
File:Hansers O truong co day em the 1765021372617.jpg	Hansers O truong co day em the, Hanoi, Vietnam	no specific feature found
File:Hansers O truong co day em the 1765021379257.jpg	Hansers O truong co day em the, Hanoi, Vietnam	no specific feature found
File:Hansers O truong co day em the 1765021381666.jpg	Hansers O truong co day em the, Hanoi, Vietnam	no specific feature found
File:Hansers O truong co day em the 1765021384837.jpg	Hansers O truong co day em the, Hanoi, Vietnam	no specific feature found
File:Hansers O truong co day em the 1765021387614.jpg	Hansers O truong co day em the, Hanoi, Vietnam	no specific feature found
File:Hansers O truong co day em the 1765021375771.jpg	Hansers O truong co day em the, Hanoi, Vietnam	no specific feature found
File:Hansers O truong co day em the 1765021296708.jpg	Hansers O truong co day em the, Hanoi, Vietnam	no specific feature found
File:Hansers O truong co day em the 1765021302124.jpg	Hansers O truong co day em the, Hanoi, Vietnam	no specific feature found
File:Hansers O truong co day em the 1765021299751.jpg	Hansers O truong co day em the, Hanoi, Vietnam	no specific feature found
File:Hansers O truong co day em the 1765021305194.jpg	Hansers O truong co day em the, Hanoi, Vietnam	no specific feature found
File:Hansers O truong co day em the 1765021311047.jpg	Hansers O truong co day em the, Hanoi, Vietnam	no specific feature found
File:Hansers O truong co day em the 1765021308125.jpg	Hansers O truong co day em the, Hanoi, Vietnam	no specific feature found
File:Hansers O truong co day em the 1765021314088.jpg	Hansers O truong co day em the, Hanoi, Vietnam	no specific feature found
File:Hansers O truong co day em the 1765021320840.jpg	Hansers O truong co day em the, Hanoi, Vietnam	no specific feature found
File:Hansers O truong co day em the 1765021324244.jpg	Hansers O truong co day em the, Hanoi, Vietnam	no specific feature found
File:Hansers O truong co day em the 1765021327389.jpg	Hansers O truong co day em the, Hanoi, Vietnam	no specific feature found
File:Hansers O truong co day em the 1765021317401.jpg	Hansers O truong co day em the, Hanoi, Vietnam	no specific feature found
File:Hansers O truong co day em the 1765021330205.jpg	Hansers O truong co day em the, Hanoi, Vietnam	no specific feature found
File:Hansers O truong co day em the 1765021333173.jpg	Hansers O truong co day em the, Hanoi, Vietnam	no specific feature found
File:Hansers O truong co day em the 1765021336484.jpg	Hansers O truong co day em the, Hanoi, Vietnam	no specific feature found
File:Hansers O truong co day em the 1765021340312.jpg	Hansers O truong co day em the, Hanoi, Vietnam	no specific feature found
File:Hansers O truong co day em the 1765021344294.jpg	Hansers O truong co day em the, Hanoi, Vietnam	no specific feature found
File:Hansers O truong co day em the 1765021348147.jpg	Hansers O truong co day em the, Hanoi, Vietnam	no specific feature found
File:Hansers O truong co day em the 1765021351344.jpg	Hansers O truong co day em the, Hanoi, Vietnam	no specific feature found
File:Hansers O truong co day em the 1765021146320.jpg	Hansers O truong co day em the, Hanoi, Vietnam	no specific feature found
File:Hansers O truong co day em the 1765021137518.jpg	Hansers O truong co day em the, Hanoi, Vietnam	no specific feature found
File:Hansers O truong co day em the 1765021141165.jpg	Hansers O truong co day em the, Hanoi, Vietnam	no specific feature found
File:Hansers O truong co day em the 1765021151739.jpg	Hansers O truong co day em the, Hanoi, Vietnam	no specific feature found
File:Hansers O truong co day em the 1765021158313.jpg	Hansers O truong co day em the, Hanoi, Vietnam	no specific feature found
File:Hansers O truong co day em the 1765021155100.jpg	Hansers O truong co day em the, Hanoi, Vietnam	no specific feature found
File:Hansers O truong co day em the 1765021161430.jpg	Hansers O truong co day em the, Hanoi, Vietnam	no specific feature found
File:Hansers O truong co day em the 1765021164591.jpg	Hansers O truong co day em the, Hanoi, Vietnam	no specific feature found
File:Hansers O truong co day em the 1765021168310.jpg	Hansers O truong co day em the, Hanoi, Vietnam	no specific feature found
File:Hansers O truong co day em the 1765021171748.jpg	Hansers O truong co day em the, Hanoi, Vietnam	no specific feature found
File:Hansers O truong co day em the 1765021178827.jpg	Hansers O truong co day em the, Hanoi, Vietnam	no specific feature found
File:Hansers O truong co day em the 1765021175144.jpg	Hansers O truong co day em the, Hanoi, Vietnam	no specific feature found
File:Hansers O truong co day em the 1765021185571.jpg	Hansers O truong co day em the, Hanoi, Vietnam	no specific feature found
File:Hansers O truong co day em the 1765021182547.jpg	Hansers O truong co day em the, Hanoi, Vietnam	no specific feature found
File:Hansers O truong co day em the 1765021189563.jpg	Hansers O truong co day em the, Hanoi, Vietnam	no specific feature found
File:Hansers O truong co day em the 1765021192521.jpg	Hansers O truong co day em the, Hanoi, Vietnam	no specific feature found
File:Hansers O truong co day em the 1765021195649.jpg	Hansers O truong co day em the, Hanoi, Vietnam	no specific feature found
File:Hansers O truong co day em the 1765021198767.jpg	Hansers O truong co day em the, Hanoi, Vietnam	no specific feature found
File:Hansers O truong co day em the 1765021201994.jpg	Hansers O truong co day em the, Hanoi, Vietnam	no specific feature found
File:Hansers O truong co day em the 1765021205158.jpg	Hansers O truong co day em the, Hanoi, Vietnam	no specific feature found
File:Hansers O truong co day em the 1765021208492.jpg	Hansers O truong co day em the, Hanoi, Vietnam	no specific feature found
File:Hansers O truong co day em the 1765021214964.jpg	Hansers O truong co day em the, Hanoi, Vietnam	no specific feature found
File:Hansers O truong co day em the 1765021211950.jpg	Hansers O truong co day em the, Hanoi, Vietnam	no specific feature found
File:Hansers O truong co day em the 1765021217965.jpg	Hansers O truong co day em the, Hanoi, Vietnam	no specific feature found
File:Hansers O truong co day em the 1765021221327.jpg	Hansers O truong co day em the, Hanoi, Vietnam	no specific feature found
File:Hansers O truong co day em the 1765021224763.jpg	Hansers O truong co day em the, Hanoi, Vietnam	no specific feature found
File:Hansers O truong co day em the 1765021227647.jpg	Hansers O truong co day em the, Hanoi, Vietnam	no specific feature found
File:Hansers O truong co day em the 1765021231402.jpg	Hansers O truong co day em the, Hanoi, Vietnam	no specific feature found
File:Hansers O truong co day em the 1765021237350.jpg	Hansers O truong co day em the, Hanoi, Vietnam	no specific feature found
File:Hansers O truong co day em the 1765021234382.jpg	Hansers O truong co day em the, Hanoi, Vietnam	no specific feature found
File:Hansers O truong co day em the 1765021242206.jpg	Hansers O truong co day em the, Hanoi, Vietnam	no specific feature found
File:Hansers O truong co day em the 1765021245602.jpg	Hansers O truong co day em the, Hanoi, Vietnam	no specific feature found
File:Hansers O truong co day em the 1765021249471.jpg	Hansers O truong co day em the, Hanoi, Vietnam	no specific feature found
File:Hansers O truong co day em the 1765021254083.jpg	Hansers O truong co day em the, Hanoi, Vietnam	no specific feature found
File:Đại sảnh tầng hai trường THPT Hà Nội - Amsterdam.JPG	Đại sảnh tầng hai trường THPT Hà Nội - Amsterdam	no specific feature found
File:Sân trước trường THPT Hà Nội - Amsterdam.JPG	Sân trước trường THPT Hà Nội - Amsterdam	no specific feature found
File:Cửa chính trường THPT Hà Nội - Amsterdam.JPG	Cửa chính trường THPT Hà Nội - Amsterdam	no specific feature found
File:Lang Toi.jpg	Lang Toi, Hanoi, Vietnam	one-word title matched to a shop or restaurant
File:Samaritan minivan on Vũ Phạm Hàm Street 15-02-2026.jpg	Samaritan minivan on Vũ Phạm Hàm Street 15-02, Hanoi, Vietnam	no specific feature found
File:Tòa nhà Keangnam, Cầu Giấy, Hà Nội 001.jpg	Tòa nhà Keangnam, Cầu Giấy, Hà Nội 001	'keangnam' is not in the hit's name 'Cầu Giấy'
File:Tòa nhà Keangnam Hanoi Landmark Tower, Cầu Giấy, Hà Nội 001.jpg	Tòa nhà Keangnam Hanoi Landmark Tower, Cầu Giấy, Hà Nội 001	'keangnam' is not in the hit's name 'Cầu Giấy'
File:Tòa nhà Keangnam, Cầu Giấy, Hà Nội 001 (cropped).jpg	Tòa nhà Keangnam, Cầu Giấy, Hà Nội 001 (cropped)	'keangnam' is not in the hit's name 'Cầu Giấy'
File:Nha Chung street signs.jpg	Nha Chung street signs, Hanoi, Vietnam	no specific feature found
File:Hanoi - Hàng Bạc Street - 1.jpg	Hanoi - Hàng Bạc Street - 1	a road is not a site (highway/residential)
File:Hanoi - Hàng Bạc Street - 2.jpg	Hanoi - Hàng Bạc Street - 2	a road is not a site (highway/residential)
File:Nguyễn Trãi Road (20140804 174406).jpg	Nguyễn Trãi Road, Hanoi, Vietnam	a road is not a site (highway/trunk)
File:Nguyễn Trãi Road (20140804 174409).jpg	Nguyễn Trãi Road, Hanoi, Vietnam	a road is not a site (highway/trunk)
File:Nguyễn Trãi Road (20140804 174418).jpg	Nguyễn Trãi Road, Hanoi, Vietnam	a road is not a site (highway/trunk)
File:Nguyễn Trãi Road (20140804 174414).jpg	Nguyễn Trãi Road, Hanoi, Vietnam	a road is not a site (highway/trunk)
File:Nguyễn Trãi Road (20140804 174423).jpg	Nguyễn Trãi Road, Hanoi, Vietnam	a road is not a site (highway/trunk)
File:Nguyễn Trãi Road (20140804 174458).jpg	Nguyễn Trãi Road, Hanoi, Vietnam	a road is not a site (highway/trunk)
File:Nguyễn Trãi Road (20140804 174501).jpg	Nguyễn Trãi Road, Hanoi, Vietnam	a road is not a site (highway/trunk)
File:Royal City on Nguyễn Trãi Road (20140804 174508).jpg	Royal City on Nguyễn Trãi Road, Hanoi, Vietnam	no specific feature found
File:Royal City on Nguyễn Trãi Road (20140804 174505).jpg	Royal City on Nguyễn Trãi Road, Hanoi, Vietnam	no specific feature found
File:Royal City on Nguyễn Trãi Road (20140804 174513).jpg	Royal City on Nguyễn Trãi Road, Hanoi, Vietnam	no specific feature found
File:Royal City on Nguyễn Trãi Road (20140804 174528).jpg	Royal City on Nguyễn Trãi Road, Hanoi, Vietnam	no specific feature found
File:Royal City on Nguyễn Trãi Road (20140804 174522).jpg	Royal City on Nguyễn Trãi Road, Hanoi, Vietnam	no specific feature found
File:Royal City on Nguyễn Trãi Road (20140804 174532).jpg	Royal City on Nguyễn Trãi Road, Hanoi, Vietnam	no specific feature found
File:Royal City on Nguyễn Trãi Road (20140804 174537).jpg	Royal City on Nguyễn Trãi Road, Hanoi, Vietnam	no specific feature found
File:Nguyễn Trãi Road (20140804 174550).jpg	Nguyễn Trãi Road, Hanoi, Vietnam	a road is not a site (highway/trunk)
File:Nguyễn Trãi Road (20140804 174553).jpg	Nguyễn Trãi Road, Hanoi, Vietnam	a road is not a site (highway/trunk)
File:Nguyễn Trãi Road (20140804 174557).jpg	Nguyễn Trãi Road, Hanoi, Vietnam	a road is not a site (highway/trunk)
File:Nguyễn Trãi Road (20140804 174600).jpg	Nguyễn Trãi Road, Hanoi, Vietnam	a road is not a site (highway/trunk)
File:Nguyễn Trãi Road (20140804 174603).jpg	Nguyễn Trãi Road, Hanoi, Vietnam	a road is not a site (highway/trunk)
File:Nguyễn Trãi Road (20140804 174650).jpg	Nguyễn Trãi Road, Hanoi, Vietnam	a road is not a site (highway/trunk)
File:Nguyễn Trãi Road (20140804 174658).jpg	Nguyễn Trãi Road, Hanoi, Vietnam	a road is not a site (highway/trunk)
File:Nguyễn Trãi Road (20140804 174704).jpg	Nguyễn Trãi Road, Hanoi, Vietnam	a road is not a site (highway/trunk)
File:Nguyễn Trãi Road (20140804 174710).jpg	Nguyễn Trãi Road, Hanoi, Vietnam	a road is not a site (highway/trunk)
File:Nguyễn Trãi Road (20140804 174754).jpg	Nguyễn Trãi Road, Hanoi, Vietnam	a road is not a site (highway/trunk)
File:NguyenTrai street.jpg	NguyenTrai street, Hanoi, Vietnam	no specific feature found
File:A road under Vành Đai 3 Station.jpg	A road under Vành Đai 3 Station, Hanoi, Vietnam	no specific feature found
File:Một góc phường Thanh Xuân Trung.jpg	Một góc phường Thanh Xuân Trung, Hanoi, Vietnam	no specific feature found
File:Tây Sơn Street, Hanoi (20140804 172408).jpg	Tây Sơn Street, Hanoi	a road is not a site (highway/primary)
File:Tây Sơn Street (20140804 174346).jpg	Tây Sơn Street, Hanoi, Vietnam	a road is not a site (highway/primary)
File:Tây Sơn Street (20140804 174350).jpg	Tây Sơn Street, Hanoi, Vietnam	a road is not a site (highway/primary)
File:Tây Sơn Street (20140804 174353).jpg	Tây Sơn Street, Hanoi, Vietnam	a road is not a site (highway/primary)
File:Thái Hà Street, Hanoi (20140804 172358).jpg	Thái Hà Street, Hanoi	a road is not a site (highway/primary)
File:Thái Hà Street, Hanoi (20140804 172354).jpg	Thái Hà Street, Hanoi	a road is not a site (highway/primary)
File:Hapulico Complex on Vũ Trọng Phụng Street (20140804 175309).jpg	Hapulico Complex on Vũ Trọng Phụng Street, Hanoi, Vietnam	no specific feature found
File:Hapulico Complex on Vũ Trọng Phụng Street (20140804 175303).jpg	Hapulico Complex on Vũ Trọng Phụng Street, Hanoi, Vietnam	no specific feature found
File:Hapulico Complex on Vũ Trọng Phụng Street (20140804 175257).jpg	Hapulico Complex on Vũ Trọng Phụng Street, Hanoi, Vietnam	no specific feature found
File:Hapulico Complex on Vũ Trọng Phụng Street (20140804 175253).jpg	Hapulico Complex on Vũ Trọng Phụng Street, Hanoi, Vietnam	no specific feature found
File:Hapulico Complex on Vũ Trọng Phụng Street (20140804 175247).jpg	Hapulico Complex on Vũ Trọng Phụng Street, Hanoi, Vietnam	no specific feature found
File:Hapulico Complex on Vũ Trọng Phụng Street (20140804 175241).jpg	Hapulico Complex on Vũ Trọng Phụng Street, Hanoi, Vietnam	no specific feature found
File:Hapulico Complex on Vũ Trọng Phụng Street (20140804 175231).jpg	Hapulico Complex on Vũ Trọng Phụng Street, Hanoi, Vietnam	no specific feature found
File:Hapulico Complex on Vũ Trọng Phụng Street (20140804 175226).jpg	Hapulico Complex on Vũ Trọng Phụng Street, Hanoi, Vietnam	no specific feature found
File:Hapulico Complex on Vũ Trọng Phụng Street (20140804 175219).jpg	Hapulico Complex on Vũ Trọng Phụng Street, Hanoi, Vietnam	no specific feature found
File:Hapulico Complex on Vũ Trọng Phụng Street (20140804 175215).jpg	Hapulico Complex on Vũ Trọng Phụng Street, Hanoi, Vietnam	no specific feature found
File:Hapulico Complex on Vũ Trọng Phụng Street (20140804 175213).jpg	Hapulico Complex on Vũ Trọng Phụng Street, Hanoi, Vietnam	no specific feature found
File:Hapulico Complex on Vũ Trọng Phụng Street (20140804 175202).jpg	Hapulico Complex on Vũ Trọng Phụng Street, Hanoi, Vietnam	no specific feature found
File:Hapulico Complex on Vũ Trọng Phụng Street (20140804 175157).jpg	Hapulico Complex on Vũ Trọng Phụng Street, Hanoi, Vietnam	no specific feature found
File:Hapulico Complex on Vũ Trọng Phụng Street (20140804 175154).jpg	Hapulico Complex on Vũ Trọng Phụng Street, Hanoi, Vietnam	no specific feature found
File:Hapulico Complex on Vũ Trọng Phụng Street (20140804 175107).jpg	Hapulico Complex on Vũ Trọng Phụng Street, Hanoi, Vietnam	no specific feature found
File:Hapulico Complex on Vũ Trọng Phụng Street (20140804 175105).jpg	Hapulico Complex on Vũ Trọng Phụng Street, Hanoi, Vietnam	no specific feature found
File:Hapulico Complex on Vũ Trọng Phụng Street (20140804 175058).jpg	Hapulico Complex on Vũ Trọng Phụng Street, Hanoi, Vietnam	no specific feature found
File:Hapulico Complex on Vũ Trọng Phụng Street (20140804 175049).jpg	Hapulico Complex on Vũ Trọng Phụng Street, Hanoi, Vietnam	no specific feature found
File:Hapulico Complex on Vũ Trọng Phụng Street (20140804 175042).jpg	Hapulico Complex on Vũ Trọng Phụng Street, Hanoi, Vietnam	no specific feature found
File:Hapulico Complex on Vũ Trọng Phụng Street (20140804 175040).jpg	Hapulico Complex on Vũ Trọng Phụng Street, Hanoi, Vietnam	no specific feature found
File:Hapulico Complex on Vũ Trọng Phụng Street (20140804 175037).jpg	Hapulico Complex on Vũ Trọng Phụng Street, Hanoi, Vietnam	no specific feature found
File:Vũ Trọng Phụng Street (20140804 175034).jpg	Vũ Trọng Phụng Street, Hanoi, Vietnam	a road is not a site (highway/tertiary)
File:Vũ Trọng Phụng Street (20140804 175031).jpg	Vũ Trọng Phụng Street, Hanoi, Vietnam	a road is not a site (highway/tertiary)
File:Vũ Trọng Phụng Street (20140804 175029).jpg	Vũ Trọng Phụng Street, Hanoi, Vietnam	a road is not a site (highway/tertiary)
File:Vũ Trọng Phụng Street (20140804 174811).jpg	Vũ Trọng Phụng Street, Hanoi, Vietnam	a road is not a site (highway/tertiary)
File:Vũ Trọng Phụng Street (20140804 174813).jpg	Vũ Trọng Phụng Street, Hanoi, Vietnam	a road is not a site (highway/tertiary)
File:Vũ Trọng Phụng Street (20140804 174816).jpg	Vũ Trọng Phụng Street, Hanoi, Vietnam	a road is not a site (highway/tertiary)
File:Vũ Trọng Phụng Street (20140804 174821).jpg	Vũ Trọng Phụng Street, Hanoi, Vietnam	a road is not a site (highway/tertiary)
File:Vũ Trọng Phụng Street (20140804 175017).jpg	Vũ Trọng Phụng Street, Hanoi, Vietnam	a road is not a site (highway/tertiary)
File:Vũ Trọng Phụng Street (20140804 175014).jpg	Vũ Trọng Phụng Street, Hanoi, Vietnam	a road is not a site (highway/tertiary)
File:Vũ Trọng Phụng Street (20140804 175009).jpg	Vũ Trọng Phụng Street, Hanoi, Vietnam	a road is not a site (highway/tertiary)
File:Vũ Trọng Phụng Street (20140804 175004).jpg	Vũ Trọng Phụng Street, Hanoi, Vietnam	a road is not a site (highway/tertiary)
File:Vũ Trọng Phụng Street (20140804 174949).jpg	Vũ Trọng Phụng Street, Hanoi, Vietnam	a road is not a site (highway/tertiary)
File:Vũ Trọng Phụng Street (20140804 174943).jpg	Vũ Trọng Phụng Street, Hanoi, Vietnam	a road is not a site (highway/tertiary)
File:Vũ Trọng Phụng Street (20140804 174920).jpg	Vũ Trọng Phụng Street, Hanoi, Vietnam	a road is not a site (highway/tertiary)
File:Vũ Trọng Phụng Street (20140804 174912).jpg	Vũ Trọng Phụng Street, Hanoi, Vietnam	a road is not a site (highway/tertiary)
File:Vũ Trọng Phụng Street (20140804 174909).jpg	Vũ Trọng Phụng Street, Hanoi, Vietnam	a road is not a site (highway/tertiary)
File:Vũ Trọng Phụng Street (20140804 174906).jpg	Vũ Trọng Phụng Street, Hanoi, Vietnam	a road is not a site (highway/tertiary)
File:Vũ Trọng Phụng Street (20140804 174854).jpg	Vũ Trọng Phụng Street, Hanoi, Vietnam	a road is not a site (highway/tertiary)
File:Vũ Trọng Phụng Street (20140804 174841).jpg	Vũ Trọng Phụng Street, Hanoi, Vietnam	a road is not a site (highway/tertiary)
File:Hoàng Minh Giám Street (IMG 0208).JPG	Hoàng Minh Giám Street ( ), Hanoi, Vietnam	a road is not a site (highway/tertiary)
File:Hoàng Minh Giám Street (IMG 0207).JPG	Hoàng Minh Giám Street ( ), Hanoi, Vietnam	a road is not a site (highway/tertiary)
File:Hoàng Minh Giám Street (IMG 0206).JPG	Hoàng Minh Giám Street ( ), Hanoi, Vietnam	a road is not a site (highway/tertiary)
File:Hoàng Minh Giám Street (IMG 0205).JPG	Hoàng Minh Giám Street ( ), Hanoi, Vietnam	a road is not a site (highway/tertiary)
File:Hoàng Minh Giám Street (IMG 0204).JPG	Hoàng Minh Giám Street ( ), Hanoi, Vietnam	a road is not a site (highway/tertiary)
File:Huynh Thuc Khang Street, Ha Noi.jpg	Huynh Thuc Khang Street, Ha Noi	a road is not a site (highway/primary)
File:Giảng Võ Street (20140922 175215).jpg	Giảng Võ Street, Hanoi, Vietnam	a road is not a site (highway/primary)
File:Giảng Võ Street (20140922 175315).jpg	Giảng Võ Street, Hanoi, Vietnam	a road is not a site (highway/primary)
File:Giảng Võ Street (20140922 175438).jpg	Giảng Võ Street, Hanoi, Vietnam	a road is not a site (highway/primary)
File:Giảng Võ Street (20140922 175442).jpg	Giảng Võ Street, Hanoi, Vietnam	a road is not a site (highway/primary)
File:Giảng Võ Street (20140922 175459).jpg	Giảng Võ Street, Hanoi, Vietnam	a road is not a site (highway/primary)
File:Giảng Võ Street (20140922 175513).jpg	Giảng Võ Street, Hanoi, Vietnam	a road is not a site (highway/primary)
File:Giảng Võ Street (20140922 175523).jpg	Giảng Võ Street, Hanoi, Vietnam	a road is not a site (highway/primary)
File:Giảng Võ Street (20140922 175526).jpg	Giảng Võ Street, Hanoi, Vietnam	a road is not a site (highway/primary)
File:Giảng Võ Street (20140922 175558).jpg	Giảng Võ Street, Hanoi, Vietnam	a road is not a site (highway/primary)
File:Giảng Võ Street (20140922 175615).jpg	Giảng Võ Street, Hanoi, Vietnam	a road is not a site (highway/primary)
File:Giảng Võ Street (20140922 175619).jpg	Giảng Võ Street, Hanoi, Vietnam	a road is not a site (highway/primary)
File:Giảng Võ Street (20140922 175623).jpg	Giảng Võ Street, Hanoi, Vietnam	a road is not a site (highway/primary)
File:Trần Huy Liệu Street (20140922 175023).jpg	Trần Huy Liệu Street, Hanoi, Vietnam	a road is not a site (highway/residential)
File:Trần Huy Liệu Street (20140922 175027).jpg	Trần Huy Liệu Street, Hanoi, Vietnam	a road is not a site (highway/residential)
File:Trần Huy Liệu Street (20140922 175034).jpg	Trần Huy Liệu Street, Hanoi, Vietnam	a road is not a site (highway/residential)
File:Trần Huy Liệu Street (20140922 175038).jpg	Trần Huy Liệu Street, Hanoi, Vietnam	a road is not a site (highway/residential)
File:Trần Huy Liệu Street (20140922 174914).jpg	Trần Huy Liệu Street, Hanoi, Vietnam	a road is not a site (highway/residential)
File:Kim Mã Street (IMG 0082).JPG	Kim Mã Street ( ), Hanoi, Vietnam	a road is not a site (highway/primary)
File:Kim Mã Street (IMG 0083).JPG	Kim Mã Street ( ), Hanoi, Vietnam	a road is not a site (highway/primary)
File:Kim Mã Street (IMG 0095).JPG	Kim Mã Street ( ), Hanoi, Vietnam	a road is not a site (highway/primary)
File:Hàng cây xanh trên phố Kim Mã, khu vực gần ngã ba phố Kim Mã giao với phố Trần Huy Liệu, quận Ba Đình, thành phố Hà Nội.jpg	Hàng cây xanh trên phố Kim Mã, khu vực gần ngã ba phố Kim Mã giao với phố Trần Huy Liệu, quận Ba Đình, thành phố Hà Nội	no specific feature found
File:Các bạn trẻ đứng chụp ảnh dưới hàng cây xanh trên phố Kim Mã, khu vực gần ngã ba phố Kim Mã giao với phố Vạn Bảo, quận Ba Đình, thành phố Hà Nội.jpg	Các bạn trẻ đứng chụp ảnh dưới hàng cây xanh trên phố Kim Mã, khu vực gần ngã ba phố Kim Mã giao với phố Vạn Bảo, quận Ba Đình, thành phố Hà Nội	no specific feature found
File:Hàng cây xanh trên phố Kim Mã, đoạn gần ngã ba phố Kim Mã giao với phố Trần Huy Liệu, quận Ba Đình, thành phố Hà Nội.jpg	Hàng cây xanh trên phố Kim Mã, đoạn gần ngã ba phố Kim Mã giao với phố Trần Huy Liệu, quận Ba Đình, thành phố Hà Nội	no specific feature found
File:Một cô gái giúp bà lão sang qua đường, đoạn ngã ba phố Kim Mã giao với phố Giang Văn Minh, gần Nhà hát chèo Việt Nam, quận Ba Đình, thành phố Hà Nội.jpg	Một cô gái giúp bà lão sang qua đường, đoạn ngã ba phố Kim Mã giao với phố Giang Văn Minh, gần Nhà hát chèo Việt Nam, quận Ba Đình, thành phố Hà Nội	no specific feature found
File:Hàng cây xanh trên phố Kim Mã, khu vực gần ngã ba phố Ngọc Khánh giao với phố Kim Mã, quận Ba Đình, thành phố Hà Nội.jpg	Hàng cây xanh trên phố Kim Mã, khu vực gần ngã ba phố Ngọc Khánh giao với phố Kim Mã, quận Ba Đình, thành phố Hà Nội	no specific feature found
File:Hàng cây xanh trên phố Kim Mã, khu vực gần ngã ba phố Kim Mã giao với phố Vạn Bảo, quận Ba Đình, thành phố Hà Nội.jpg	Hàng cây xanh trên phố Kim Mã, khu vực gần ngã ba phố Kim Mã giao với phố Vạn Bảo, quận Ba Đình, thành phố Hà Nội	no specific feature found
File:Núi Trúc Street (IMG 0081).JPG	Núi Trúc Street ( ), Hanoi, Vietnam	a road is not a site (highway/tertiary)
File:Núi Trúc Street (IMG 0080).JPG	Núi Trúc Street ( ), Hanoi, Vietnam	a road is not a site (highway/tertiary)
File:Núi Trúc Street (IMG 0079).JPG	Núi Trúc Street ( ), Hanoi, Vietnam	a road is not a site (highway/tertiary)
File:Nam Cao - Núi Trúc Street (IMG 0078).JPG	Nam Cao - Núi Trúc Street ( ), Hanoi, Vietnam	no specific feature found
File:Nao Cao - Núi Trúc Street (IMG 0077).JPG	Nao Cao - Núi Trúc Street ( ), Hanoi, Vietnam	no specific feature found
File:Nam Cao - Núi Trúc Street (IMG 0076).JPG	Nam Cao - Núi Trúc Street ( ), Hanoi, Vietnam	no specific feature found
File:Phố Núi Trúc street, Hà Nội 02.jpg	Phố Núi Trúc street, Hà Nội 02	'nui' is not in the hit's name 'Công Ty TNHH XD Và Phát Triển TM An Lộc'
File:Phố Núi Trúc street, Hà Nội 03.jpg	Phố Núi Trúc street, Hà Nội 03	'nui' is not in the hit's name 'Chung cư An Bình'
File:Hoàng Tích Trí Street (20141118 163722).jpg	Hoàng Tích Trí Street, Hanoi, Vietnam	a road is not a site (highway/tertiary)
File:Hoàng Tích Trí Street (20141118 163901).jpg	Hoàng Tích Trí Street, Hanoi, Vietnam	a road is not a site (highway/tertiary)
File:Pho Nguyen Thai Hoc tu tren cao (thoi phap thuoc).jpg	Pho Nguyen Thai Hoc tu tren cao (thoi phap thuoc), Hanoi, Vietnam	no specific feature found
File:Pho Ha Noi ngay 10-10-2010.jpg	Pho Ha Noi ngay 10-10	no specific feature found
