pageid	title	user	date	date_kind	category
130578666	File:Bien vay Hanoi Connection.jpg	Quynhnga62	2023-04-10	taken	Category:Hanoi
140698771	File:U.S. service members carry a transfer case containing the remains of U.S. service members.jpg	Staff Sgt. Jamarius Fortson	2017-12-12 19:00:00	taken	Category:Hanoi
140698774	File:U.S. service members carry a flag-draped case.jpg	Staff Sgt. Jamarius Fortson	2017-12-12 19:00:00	taken	Category:Hanoi
140698780	File:U.S. Air Force Capt. Cassandra Hill salutes U.S. Army Lt. Col. Romel Pajimula.jpg	Staff Sgt. Jamarius Fortson	2017-12-12 19:00:00	taken	Category:Hanoi
140698783	File:Caryn R. McClelland greets U.S Marines.jpg	Staff Sgt. Jamarius Fortson	2017-12-12 19:00:00	taken	Category:Hanoi
149853116	File:Bui Vi Hao vs Hanoi FC.jpg	Thplam2004	2024-06-30	taken	Category:Hanoi
149859016	File:Bui Vi Hao vs Hanoi FC (cropped).jpg	Thplam2004	2024-06-30	taken	Category:Hanoi
152317889	File:Hanoï, Echelle 1-50 000e.png	Service géographique de l'Indochine	1935	taken	Category:Hanoi
153993458	File:Hanoitower.jpg	Chris Yunker	2005-10-12 07:54:52	taken	Category:Hanoi
155315719	File:Meeting of Fulsomebin HolaBay Hanoi Aug2023.jpg	Nopenope 30	2024-11-18	taken	Category:Hanoi
157099817	File:Fish tank TV of downtown Hanoi.jpg	Kawaguchiii	2024-12-05	taken	Category:Hanoi
157249460	File:View of Hanoi city at night from my balcony.jpg	Jack (Roblox)	2024-12-29	taken	Category:Hanoi
162567297	File:Un gym improvisé dans la ville de Hanoi.jpg	Asmara Rodrigue	2023	taken	Category:Hanoi
163921926	File:Sun Grand City 58 Quang An Residence 21-4-2025.jpg	Jakochiet	2025-04-21	taken	Category:Hanoi
164087309	File:Torres de Hanoi.png	Ancape	2025-04-24	taken	Category:Hanoi
166041873	File:TranQuangKhai street, Hanoi 2025.jpg	DangTungDuong	2025-05-25 15:34:37	taken	Category:Hanoi
169164829	File:Haiphong vs Hanoi.png	Vietnam Sports TV	2022-10-23	taken	Category:Hanoi
176589375	File:Buddhist-girl-pray-in-vietnam-westlake-Hanoi.jpg	pxhere	2017-03-13	taken	Category:Hanoi
177463065	File:CLD at Hanoi Convention side event.jpg	༒ Nhac Ny ༒	2025-10-26 09:42:36	taken	Category:Hanoi
188567461	File:Hanoi from the air.jpg	FrogsLegs71	2025-12-24 11:32:31	taken	Category:Hanoi
190536795	File:Newone-GreenSM VinFast Minio Green 03.jpg	Newone	2026-04-27 07:40:03	taken	Category:Hanoi
190536796	File:Newone-GreenSM VinFast Minio Green 02.jpg	Newone	2026-04-27 07:40:03	taken	Category:Hanoi
190536798	File:Newone-GreenSM VinFast Minio Green 01.jpg	Newone	2026-04-27 07:40:03	taken	Category:Hanoi
193232016	File:Công viên hồ Đền Lừ vào buổi tối.jpg	Vmosnokia31	2026-03-27 23:09:18	taken	Category:Hanoi
193245532	File:Đường Bờ Sông Sét.jpg	Vmosnokia31	2016-06-21 06:49:45	taken	Category:Hanoi
193451201	File:Cổng đền Lư Giang.jpg	Vmosnokia31	2026-06-06 09:13:27	taken	Category:Hanoi
193451202	File:Cổng chùa Hoàng Mai.jpg	Vmosnokia31	2026-06-06 09:23:40	taken	Category:Hanoi
193451203	File:Ngã ba giao phố Tân Mai và đường hồ Đền Lừ.jpg	Vmosnokia31	2026-06-06 09:07:38	taken	Category:Hanoi
193451207	File:Trường tiểu học và trường trung học cơ sở Tân Mai.jpg	Vmosnokia31	2026-06-06 09:05:35	taken	Category:Hanoi
193451208	File:Khu chung cư K35 Tân Mai.jpg	Vmosnokia31	2026-06-06 09:06:33	taken	Category:Hanoi
194766389	File:Vie12-031 Hanoi.jpg	Lusi Lindwurm	2012-12-21	taken	Category:Hanoi
197304823	File:Mr. Sikder in Hanoi, Vietnam in 2024.jpg	Ahsansikder	2024-04-30 17:33:08	taken	Category:Hanoi
197304827	File:Mr. Ahsan Ullah Sikder in Hanoi, Vietnam in 2024.jpg	Ahsansikder	2024-04-30 14:34:29	taken	Category:Hanoi
197304828	File:Ahsan Sikder in Hanoi, Vietnam in 2024.jpg	Ahsansikder	2024-04-30 17:32:52	taken	Category:Hanoi
197304829	File:Mr. Ahsan Sikder in Hanoi, Vietnam in 2024.jpg	Ahsansikder	2024-04-30 17:33:36	taken	Category:Hanoi
197304833	File:Ahsan Ullah Sikder in Hanoi, Vietnam in 2024.jpg	Ahsansikder	2024-04-30 17:34:10	taken	Category:Hanoi
197304838	File:Ahsan Sikder in Hanoi, Vietnam in 2026.jpg	Ahsansikder	2026-08-12	taken	Category:Hanoi
197442418	File:Hoa tưởng niệm nạn nhân1.jpg	Chuhai07	2026-08-14 15:34:52	taken	Category:Hanoi
2071311	File:Ha noi moi avenue.jpg	fr:Utilisateur:Chuoibk	Unknown date	taken	Category:Buildings in Hanoi
4893997	File:LongGaQuan-HaNoi-09092008187.jpg	Newone	2008-09-09	taken	Category:Buildings in Hanoi
5534378	File:Vietnam National Convention Center, Hanoi.jpg	Nam Hy Hoàng Phong	20 tháng 12, 2008	taken	Category:Buildings in Hanoi
5677227	File:Vienngonnguhoctruso.JPG	Theduong	2009-01-09T14:25:20Z	uploaded	Category:Buildings in Hanoi
6347722	File:Tòa nhà cá mập.jpg	FOSS Bridge Mario Behling	2007-11-11 02:58:59	taken	Category:Buildings in Hanoi
6856336	File:ChuaHa Dinh.JPG	Bùi Thế Tâm	2009-05-24	taken	Category:Buildings in Hanoi
7636391	File:1 copy resize.jpg	Fong210	2009-08-08	taken	Category:Buildings in Hanoi
8027960	File:Nha Tho Tham Hoa Giang Van Minh.jpg	Thiengd	2009-10-10T14:07:43Z	uploaded	Category:Buildings in Hanoi
9441587	File:Đại học Y tế Công cộng.JPG	Nguyễn Thanh Quang	2010-02-04 13:52:13	taken	Category:Buildings in Hanoi
10380623	File:Fonds Dumail 4.jpg	Alistair Morrenger	2010-05-20T10:32:06Z	uploaded	Category:Buildings in Hanoi
10775699	File:Gia Lam Workshop 1905.jpg	Unknown authorUnknown author	1935	taken	Category:Buildings in Hanoi
11919667	File:Grand Plaza Department Store 01.JPG	Daaé	2010-10-30	taken	Category:Buildings in Hanoi
11919673	File:Grand Plaza Department Store 02.JPG	Daaé	2010-10-30	taken	Category:Buildings in Hanoi
11919677	File:Big C Thăng Long, Hanoi.JPG	Daaé	2010-10-30	taken	Category:Buildings in Hanoi
11919714	File:The Garden, Hanoi 02.JPG	Daaé	2010-10-30	taken	Category:Buildings in Hanoi
11920132	File:National Cinema Centre, Hanoi 01.JPG	Daaé	2010-10-30	taken	Category:Buildings in Hanoi
11920135	File:National Cinema Centre, Hanoi 02.JPG	Daaé	2010-10-30	taken	Category:Buildings in Hanoi
14638091	File:ThoKhoi TamQuan.JPG	The original uploader was Bùi Thế Tâm at Vietnamese Wikipedia.	5 October 2009 (original upload date)	taken	Category:Buildings in Hanoi
15794639	File:CVA Cong truong.JPG	Rungbachduong	2011-07-14T18:00:40Z	uploaded	Category:Buildings in Hanoi
16915948	File:Nha co Ba Vi.JPG	Viethavvh at vi.wikipedia	18 August 2007 (original upload date)	taken	Category:Buildings in Hanoi
18918290	File:KFC Hanoi.jpg	Kontrollstellekundl	2012-01-26	taken	Category:Buildings in Hanoi
22558526	File:Tòa án Nhân dân Tối cao.JPG	Hoangkid	2012-11-04 02:45:26	taken	Category:Buildings in Hanoi
22558528	File:90 Thợ Nhuộm.JPG	Hoangkid	2012-11-04 03:16:02	taken	Category:Buildings in Hanoi
22647525	File:My Dinh National Stadium (11 November 2012).jpg	Banhtrung1	2012-11-11 12:38:43	taken	Category:Buildings in Hanoi
24717020	File:Den tho An Duong Vuong tai Co Loa.JPG	VuThiAnh	2013-02-17 14:09:12	taken	Category:Buildings in Hanoi
28861202	File:Tap Nuoc Hang Dao Hanoi Vietnam.JPG	Grossbildjaeger	2006-02-17 15:36:45	taken	Category:Buildings in Hanoi
30038420	File:Khai-tri Tien-duc.JPG	Codobai	2012-12-24	taken	Category:Buildings in Hanoi
30453912	File:Thu vien DHTM.jpg	không rõ	2014-01-03 15:39:55	taken	Category:Buildings in Hanoi
30857490	File:Hanoi hôpital militaire de dames 5117.jpg	G.Garitan	"<style data-mw-deduplicate=""TemplateStyl"	taken	Category:Buildings in Hanoi
30857492	File:Hanoi pavillon des dames pignon 5119.jpg	G.Garitan	"<style data-mw-deduplicate=""TemplateStyl"	taken	Category:Buildings in Hanoi
32410705	File:Nhà bia tiến sĩ.jpg	Bùi Thụy Đào Nguyên	2013-05-28 09:12:15	taken	Category:Buildings in Hanoi
37861506	File:Puginier.jpg	Theduong	2013-10-03 01:33:27	taken	Category:Buildings in Hanoi
45096699	File:Phoi-canh-2-ecolife-capitol.jpg	Nghiaanhvan	2015-11-19	taken	Category:Buildings in Hanoi
45096707	File:Phoi-canh-du-an-ecolife-capitol.jpg	Nghiaanhvan	2015-11-19	taken	Category:Buildings in Hanoi
46951015	File:Telegraph pole - Hanoi DSCF8678.JPG	松岡明芳	2013-07-15 10:10:03	taken	Category:Buildings in Hanoi
50061507	File:Tonkin - Hanoi - Loge Maçonnique (NYPL Hades-2359975-4044740).tiff	Scan by NYPL	1909	taken	Category:Buildings in Hanoi
50294449	File:Trung-tam-di-san-cac-nha-khoa-hoc-viet-nam.jpg	Nhudinhhoa	2015-05-30	taken	Category:Buildings in Hanoi
53043059	File:河内Trade Unio - panoramio.jpg	xjmm	24 September 2010 (original upload date)	taken	Category:Buildings in Hanoi
58074841	File:Ngân hàng HSBC, Phan Bội Châu, Hà Nội 001.JPG	Phan Minh Tuấn	2015-09-24 14:38:31	taken	Category:Buildings in Hanoi
62056897	File:Toanha ITIMS1.jpg	Vũ Tiến Lâm	2017-09-01	taken	Category:Buildings in Hanoi
63460779	File:Hanoi city center September 2017 08.jpg	Amenoc	2017-09-10 12:44:51	taken	Category:Buildings in Hanoi
63786076	File:Vietnam University of Traditional Medecine and Pharmacy - VUTM.jpg	Amenoc	2017-09-15 16:50:39	taken	Category:Buildings in Hanoi
63786084	File:Discovery building in Hanoi.jpg	Amenoc	2017-09-16 17:13:24	taken	Category:Buildings in Hanoi
71193547	File:An old lady waiting for the bus in Hanoi.jpg	CedricNN	2018-02-14	taken	Category:Buildings in Hanoi
71630372	File:24TPHanoi2.jpg	TFBombo	2018-08-15	taken	Category:Buildings in Hanoi
72587882	File:Hanoi shophouse.jpg	Sgnpkd	2018-06-27	taken	Category:Buildings in Hanoi
78105734	File:Trà Tiên Hưởng (鮮饗茶), 446 Nguyen Trai Road, Nam Tu Liem District, Hanoi, Vietnam.jpg	TaiwaneseWaveVN	2019-04-17 15:28:54	taken	Category:Buildings in Hanoi
78794186	File:Sạp báo trước cổng trụ sở Công đoàn Giáo dục Việt Nam (A newsstand in front of the office of the National Education Union of Vietnam) (02).jpg	TaiwaneseWaveVN	2019-04-23 17:10:04	taken	Category:Buildings in Hanoi
79375180	File:78 Chùa Hà.jpg	Thoithien1993	2019-06-01	taken	Category:Buildings in Hanoi
79453921	File:Cau-giay-district.jpg	solo	2017-08-21 10:51:35	taken	Category:Buildings in Hanoi
80152269	File:Anhcongty.jpg	HarmonyES	2013-05-09	taken	Category:Buildings in Hanoi
80522450	File:Architectural Detail - Old Quarter - Hanoi - Vietnam - 01 (48071368737).jpg	Adam Jones from Kelowna, BC, Canada	Taken on 16 June 2019, 11:17	taken	Category:Buildings in Hanoi
80522455	File:Architectural Detail - Old Quarter - Hanoi - Vietnam - 02 (48071262986).jpg	Adam Jones from Kelowna, BC, Canada	Taken on 16 June 2019, 11:22	taken	Category:Buildings in Hanoi
80522463	File:Priest Celebrates Mass - St. Joseph's Cathedral - Old Quarter - Hanoi - Vietnam (48071259031).jpg	Adam Jones from Kelowna, BC, Canada	Taken on 16 June 2019, 11:29	taken	Category:Buildings in Hanoi
80522466	File:Architectural Detail - Old Quarter - Hanoi - Vietnam - 04 (48071308253).jpg	Adam Jones from Kelowna, BC, Canada	Taken on 16 June 2019, 11:40	taken	Category:Buildings in Hanoi
80522488	File:Architectural Detail - Old Quarter - Hanoi - Vietnam - 05 (48071259771).jpg	Adam Jones from Kelowna, BC, Canada	Taken on 16 June 2019, 12:37	taken	Category:Buildings in Hanoi
80522490	File:Architectural Detail - Old Quarter - Hanoi - Vietnam - 06 (48071368192).jpg	Adam Jones from Kelowna, BC, Canada	Taken on 16 June 2019, 12:44	taken	Category:Buildings in Hanoi
80522493	File:Architectural Detail - Old Quarter - Hanoi - Vietnam - 08 (48071310713).jpg	Adam Jones from Kelowna, BC, Canada	Taken on 16 June 2019, 13:16	taken	Category:Buildings in Hanoi
80522533	File:Architectural Detail - Old Quarter - Hanoi - Vietnam - 09 (48078513781).jpg	Adam Jones from Kelowna, BC, Canada	Taken on 17 June 2019, 13:42	taken	Category:Buildings in Hanoi
80522540	File:Architectural Detail - Old Quarter - Hanoi - Vietnam - 10 (48078544323).jpg	Adam Jones from Kelowna, BC, Canada	Taken on 17 June 2019, 17:54	taken	Category:Buildings in Hanoi
80522550	File:Architectural Detail - Old Quarter - Hanoi - Vietnam - 11 (48084926507).jpg	Adam Jones from Kelowna, BC, Canada	Taken on 18 June 2019, 14:30	taken	Category:Buildings in Hanoi
80873384	File:Sạp báo cạnh Bưu điện Hà Nội (A newspaper kiosk beside Hanoi Post Office, Vietnam).jpg	TaiwaneseWaveVN	2019-07-29 09:37:51	taken	Category:Buildings in Hanoi
83038140	File:Tập tin Thap267.jpg	TRần bích Trường	2019-10-12	taken	Category:Buildings in Hanoi
84801520	File:Newone - phong cảnh Hồ Tây.jpg	Newone	2019-12-04 11:33:07	taken	Category:Buildings in Hanoi
86108218	File:Toa nha HPC Landmark 105.jpg	Lê Thanh Giảng	2018-05-07 14:16:02	taken	Category:Buildings in Hanoi
88465422	File:One Pillar Pagoda Hanoi.jpg	Staffan Scherz	2013-06-09 14:08:55	taken	Category:Buildings in Hanoi
88758953	File:Bocongan.jpg	Hoangkid (thảo luận)	2012-07-18 16:40	taken	Category:Buildings in Hanoi
90810633	File:Villa-schneider-hanoi.jpg	Alex 69200 vx	2020-05-10 12:20:06	taken	Category:Buildings in Hanoi
92583129	File:Quần Ngựa Palace of Sports.jpg	Jspeed1310 at Vietnamese Wikipedia	9 March 2011 (original upload date)	taken	Category:Buildings in Hanoi
93066580	File:Newone-ĐìnhKimLiên đang sửa-HPIM2619.jpg	Newone (thảo luận)	2009-02-23	taken	Category:Buildings in Hanoi
93787278	File:Presidential Gardens - Hanoi (15683403368).jpg	Esin Üstün from Istanbul, Turkey	2014-10-31 06:04	taken	Category:Buildings in Hanoi
93959157	File:Sân vận động Quốc gia Mỹ Đình (nhìn từ công viên).jpg	vi:User:NHHP	21 tháng 12, 2008	taken	Category:Buildings in Hanoi
94089386	File:Hapro Building.JPG	Nthaison (thảo luận)	2016-05-13	taken	Category:Buildings in Hanoi
94456898	File:Hội Nhà văn Việt Nam-IMG 2499.jpg	Newone (thảo luận)	14h56, 23/11/2011	taken	Category:Buildings in Hanoi
94556819	File:Cơ sở 2 Học viện Công nghệ Thông tin Bách Khoa - Hà Nội.jpg	vi:User:Bkacad	ngày 18 tháng 9 năm 2008	taken	Category:Buildings in Hanoi
94638013	File:NewCentury-190720091340.jpg	Newone (thảo luận)	2009-07-19	taken	Category:Buildings in Hanoi
94757627	File:Trung tâm Panasonic Risupia Việt Nam.jpeg	Thành viên:Panasonic Risupia Vietnam	ngày 9 tháng 8 năm 2010	taken	Category:Buildings in Hanoi
94777005	File:KTN Tản Đà.jpeg	Duyphuong (thảo luận)	2013-05-25	taken	Category:Buildings in Hanoi
95450325	File:Go Dong Da.JPG	Bình Giang	8 tháng 10 năm 2007	taken	Category:Buildings in Hanoi
102464227	File:Newone - Nhà riêng luật sư Tường.jpeg	"""Trương Hoàng Khánh Ngọc"" Newone (thảo luận)"	2019-06-20T10:49:22Z	uploaded	Category:Buildings in Hanoi
103327674	File:BVIS Hanoi.jpg	BVIS Hanoi	2021-04-09	taken	Category:Buildings in Hanoi
105752320	File:Hanoi (2824826094).jpg	Nam-ho Park from Seoul, Korea	2008-08-28 18:09	taken	Category:Buildings in Hanoi
105752339	File:Hanoi (2824825922).jpg	Nam-ho Park from Seoul, Korea	2008-08-28 18:07	taken	Category:Buildings in Hanoi
105752397	File:Hanoi (2824826522).jpg	Nam-ho Park from Seoul, Korea	2008-08-28 18:14	taken	Category:Buildings in Hanoi
106709728	File:HanoiUniversityOfPharmacy.jpg	Đại học Dược Hà Nội	2015	taken	Category:Buildings in Hanoi
107509093	File:Viện Goethe Hà Nội.jpg	Goetheinstitut.hanoi	2019-04-03	taken	Category:Buildings in Hanoi
108846495	File:A house in Hanoi.jpg	Ltn12345	2021-08-18 18:35:14	taken	Category:Buildings in Hanoi
108979173	File:A house in Hanoi (2).jpg	Ltn12345	2021-08-20 11:27:14	taken	Category:Buildings in Hanoi
109591150	File:Ban-giao-nha-ct12-kim-van-kim-lu.jpg	nhadatvideo	2017-04-13	taken	Category:Buildings in Hanoi
109591151	File:Vinhomes-green-bay-anh-thuc-te-4.jpg	nhadatvideo	2020-06-08	taken	Category:Buildings in Hanoi
109591153	File:Gioi-thieu-chung-cu-vinhomes-royal-city.jpg	nhadatvideo	2017-06-02	taken	Category:Buildings in Hanoi
109591155	File:Toan-canh-goldmark-city-136-ho-tung-mau-1024x682.jpg	nhadatvideo	2018-11-26	taken	Category:Buildings in Hanoi
109627597	File:Temple of Literature Hanoi.jpg	Arjunullas	2020-02-23	taken	Category:Buildings in Hanoi
112306842	File:Khuê Văn Pavillion cropped.jpg	Chuoibk	2005-06-01 10:42:35	taken	Category:Buildings in Hanoi
112732782	File:Secondary view - 2.jpg	BVIS Hanoi	2021-10-25	taken	Category:Buildings in Hanoi
113047403	File:Traditional building, Hanoi 2003.jpg	Syced	"1 August 2003 (according to <span lang="""	taken	Category:Buildings in Hanoi
113976160	File:Cheoquandoi.jpg	Kien1980v	2022-01-04 15:23:05	taken	Category:Buildings in Hanoi
114892685	File:Stamp of Indonesia - 2007 - Colnect 384840 - Presdiential Palace Hanoi Vietnam.jpeg	Post of Indonesia	2007	taken	Category:Buildings in Hanoi
116026351	File:Ho-Chi-Minhs-House.jpg		2007-05-07T11:48:37Z	uploaded	Category:Buildings in Hanoi
116616747	File:Hàm Cá Mập 20220128.jpg	NXL1997	2022-01-28 18:54:19	taken	Category:Buildings in Hanoi
117043140	File:Lotte Tower Hanoi - NKS.jpg	NKSTTSSHNVN	2022-04-20	taken	Category:Buildings in Hanoi
119178919	File:Quận Hà Đông về đêm.jpg	NKSTTSSHNVN	2021-08-24	taken	Category:Buildings in Hanoi
120615191	File:Nhà cao tầng, chung cư, Hanoi.jpg	Nguyen Duc Anh	2022-06-02 18:01:05	taken	Category:Buildings in Hanoi
121398546	File:Biển chữ tại Bưu điện Hà Nội.jpg	Nguyenmy2302	2022-08-04	taken	Category:Buildings in Hanoi
121399430	File:VNPT Hà Nội 2022.jpg	Nguyenmy2302	2022-08-04	taken	Category:Buildings in Hanoi
121400409	File:Hanoï - Bureau des Postes.jpg	Không rõ	2022-08-04	taken	Category:Buildings in Hanoi
121400528	File:Hanoï - Hôtel des Postes.jpg	Không rõ	2022-08-04	taken	Category:Buildings in Hanoi
121400887	File:Tòa nhà Bưu điện nằm giữa phố Đinh Tiên Hoàng xưa.jpg	Le Tonkin EN 1900	2022-08-04	taken	Category:Buildings in Hanoi
121401361	File:Cột đồng hồ tòa nhà trung tâm Bưu điện Hà Nội.jpg	Nguyenmy2302	2022-08-04	taken	Category:Buildings in Hanoi
121403571	File:Tòa nhà Bưu điện Đinh Lễ, Hà Nội (1).jpg	Nguyenmy2302	2022-08-04	taken	Category:Buildings in Hanoi
121403575	File:Bưu điện Hà Nội trên đường Đinh Tiên Hoàng.jpg	Nguyenmy2302	2022-08-04	taken	Category:Buildings in Hanoi
121403577	File:Cửa vào Tòa Bưu điện trung tâm nhìn từ bên ngoài.jpg	Nguyenmy2302	2022-08-04	taken	Category:Buildings in Hanoi
121403578	File:Cổng chính Bưu điện Thành phố Hà Nội.jpg	Nguyenmy2302	2022-08-04	taken	Category:Buildings in Hanoi
121403581	File:Tòa Bưu điện giáp phố Lê Thạch (1).jpg	Nguyenmy2302	2022-08-04	taken	Category:Buildings in Hanoi
121403583	File:Máy bán nước tự động và hòm nhận bưu phẩm tại Bưu điện Hà Nội.jpg	Nguyenmy2302	2022-08-04	taken	Category:Buildings in Hanoi
121403585	File:Tòa Bưu điện giáp phố Lê Thạch (2).jpg	Nguyenmy2302	2022-08-04	taken	Category:Buildings in Hanoi
121403586	File:Tòa Bưu điện giáp phố Lê Thạch (3).jpg	Nguyenmy2302	2022-08-04	taken	Category:Buildings in Hanoi
121403587	File:Tòa nhà Bưu điện Đinh Lễ, Hà Nội (2).jpg	Nguyenmy2302	2022-08-04	taken	Category:Buildings in Hanoi
121403593	File:Tòa Bưu điện giáp phố Lê Thạch (4).jpg	Nguyenmy2302	2022-08-04	taken	Category:Buildings in Hanoi
121403594	File:Tòa nhà Bưu điện trung tâm nhìn từ tháp Hòa Phong.jpg	Nguyenmy2302	2022-08-04	taken	Category:Buildings in Hanoi
121829408	File:Discovery Cầu Giấy.jpg	NKSTTSSHNVN	2022-08-16	taken	Category:Buildings in Hanoi
122447763	File:Lotte Tower Hanoi 2 - NKS.jpg	NKSTTSSHNVN	2022-08-29	taken	Category:Buildings in Hanoi
127165491	File:Taipei Economic and Cultural Office in Vietnam.jpg	駐越南台北經濟文化辦事處	2009-12-17	taken	Category:Buildings in Hanoi
135952127	File:Biệt thự 49 Trần Hưng Đạo, Hà Nội.jpg	Nguyenmy2302	2023-08-12	taken	Category:Buildings in Hanoi
137995525	File:001 Viện nghiên cứu năng lượng nguyên tử của Liên Xô tại Hà Nội.jpg	Đàm Thiếu Gia	2023-09-12 16:33:39	taken	Category:Buildings in Hanoi
137995684	File:002 Viện nghiên cứu năng lượng nguyên tử của Liên Xô tại Hà Nội.jpg	Đàm Thiếu Gia	2023-09-12 16:33:48	taken	Category:Buildings in Hanoi
141988967	File:VTV Tower looking from Hanoi Metro Line 3 Construction Site.jpg	TheNetheriteGuy	2023-03-07	taken	Category:Buildings in Hanoi
145245670	File:Vietnam vers 1999. Façade d'immeuble colonial.jpg	Rc1959	1999	taken	Category:Buildings in Hanoi
145245671	File:Vietnam vers 1999. Façade d'immeuble datant de la colonisation française.jpg	Rc1959	1999	taken	Category:Buildings in Hanoi
145245672	File:Vietnam vers 1999. Façade d'immeuble.jpg	Rc1959	1999	taken	Category:Buildings in Hanoi
145245673	File:Vietnam vers 1999. Façade d'un immeuble colonial.jpg	Rc1959	1999	taken	Category:Buildings in Hanoi
145245674	File:Vietnam vers 1999. Immeuble datant de la colonisation française.jpg	Rc1959	1999	taken	Category:Buildings in Hanoi
145245677	File:Vietnam vers 1999. Un immeuble colonial.jpg	Rc1959	1999	taken	Category:Buildings in Hanoi
145245678	File:Vietnam vers 1999. Un immeuble datant de la colonisation française.jpg	Rc1959	1999	taken	Category:Buildings in Hanoi
145245679	File:Vietnam vers 1999. Un immeuble.jpg	Rc1959	1999	taken	Category:Buildings in Hanoi
145245680	File:Vietnam vers 1999. Un immeuble datant de la colonisation.jpg	Rc1959	1999	taken	Category:Buildings in Hanoi
145321176	File:Vietnam 1999.Hanoi (17).jpg	Rc1959	1999	taken	Category:Buildings in Hanoi
145321177	File:Vietnam 1999.Hanoi (18).jpg	Rc1959	1999	taken	Category:Buildings in Hanoi
145321178	File:Vietnam 1999.Hanoi (19).jpg	Rc1959	1999	taken	Category:Buildings in Hanoi
145321179	File:Vietnam 1999.Hanoi (21).jpg	Rc1959	1999	taken	Category:Buildings in Hanoi
145321183	File:Vietnam 1999.Hanoi.Anciens bâtiments (12).jpg	Rc1959	1999	taken	Category:Buildings in Hanoi
145321186	File:Vietnam 1999.Hanoi.Anciens bâtiments (14).jpg	Rc1959	1999	taken	Category:Buildings in Hanoi
145321188	File:Vietnam 1999.Hanoi.Anciens bâtiments (33).jpg	Rc1959	1999	taken	Category:Buildings in Hanoi
145321190	File:Vietnam 1999.Hanoi.Anciens bâtiments (34).jpg	Rc1959	1999	taken	Category:Buildings in Hanoi
149668925	File:DenGiaoThong-3.jpg	Libx2048	2023	taken	Category:Buildings in Hanoi
159348881	File:DenGiaoThong-2.jpg	Libx2048	2023	taken	Category:Buildings in Hanoi
169318927	File:Hanoi. Pagode du Kinh Luoc.jpg	Unknown photographer	"circa 1895<div style=""display: none;"">da"	taken	Category:Buildings in Hanoi
184651650	File:Trụ sở Tạp chí Cộng sản.jpg	Inteyvat	2026-02-21 18:22:40	taken	Category:Buildings in Hanoi
184976085	File:Trụ sở UBND phường Hồng Hà, Hà Nội.jpg	MINHDT2K6	2025-09-06 09:39:15	taken	Category:Buildings in Hanoi
184976156	File:Trụ sở Đảng uỷ - HĐND phường Hồng Hà, Hà Nội.jpg	MINHDT2K6	2025-09-06 09:49:47	taken	Category:Buildings in Hanoi
184978531	File:Trụ sở 4 Công an phường Hồng Hà, Hà Nội.jpg	MINHDT2K6	2025-09-06 09:24:37	taken	Category:Buildings in Hanoi
184978569	File:Trụ sở 1 Công an phường Hồng Hà, Hà Nội.jpg	MINHDT2K6	2025-09-06 09:36:55	taken	Category:Buildings in Hanoi
184978615	File:Trụ sở 2 Công an phường Hồng Hà, Hà Nội.jpg	MINHDT2K6	2025-09-06 08:53:58	taken	Category:Buildings in Hanoi
184978676	File:Trụ sở 3 Công an phường Hồng Hà, Hà Nội.jpg	MINHDT2K6	2025-09-06 09:10:20	taken	Category:Buildings in Hanoi
184978729	File:Trụ sở 5 Công an phường Hồng Hà, Hà Nội.jpg	MINHDT2K6	2025-09-06 14:37:32	taken	Category:Buildings in Hanoi
184979161	File:Trung tâm phục vụ hành chính công phường Hồng Hà, Hà Nội.jpg	MINHDT2K6	2025-12-02 14:45:06	taken	Category:Buildings in Hanoi
184997332	File:Trụ sở Công an phường Hoàn Kiếm, Hà Nội.jpg	MINHDT2K6	2026-01-10 15:26:17	taken	Category:Buildings in Hanoi
184997703	File:Trụ sở Đảng uỷ - HĐND phường Cửa Nam, Hà Nội.jpg	MINHDT2K6	2026-01-10 15:15:59	taken	Category:Buildings in Hanoi
184998254	File:Trụ sở UBND phường Cửa Nam, Hà Nội.jpg	MINHDT2K6	2026-01-10 14:51:54	taken	Category:Buildings in Hanoi
184998964	File:Trung tâm phục vụ hành chính công phường Cửa Nam, Hà Nội.jpg	MINHDT2K6	2026-01-10 14:46:47	taken	Category:Buildings in Hanoi
184999139	File:Trụ sở chính Công an phường Cửa Nam, Hà Nội.jpg	MINHDT2K6	2026-01-10 14:33:11	taken	Category:Buildings in Hanoi
184999227	File:Trụ sở Công an phường Cửa Nam, Hà Nội.jpg	MINHDT2K6	2026-01-10 14:27:04	taken	Category:Buildings in Hanoi
197140971	File:Hanoi Traffic.jpg	Arnaud Matar	2018-03-26 15:37:58	taken	Category:Buildings in Hanoi
113749007	File:Hanoi Street (31986563328).jpg	Rod Waddington from Kergunyah, Australia	2018-11-13 19:46	taken	Category:Streets in Hanoi
193239010	"File:La "" rue des Tasses "", bordée de flamboyants en fleurs - A5568.jpg"	Busy Léon	May 1915	taken	Category:Streets in Hanoi
193329050	"File:Des flamboyants en fleurs, un pousse-pousse et des porteurs d'eau devant le bazar japonais "" Yamada "" dans la "" rue des Tasses "" - A6692.jpg"	Busy Léon	between 1 July 1915 and 31 August 1915<d	taken	Category:Streets in Hanoi
193356437	"File:Des flamboyants en fleurs, un pousse-pousse et des passants devant le bazar japonais "" Yamada "" dans la "" rue des Tasses "" - A6691.jpg"	Busy Léon	between 1 July 1915 and 31 August 1915<d	taken	Category:Streets in Hanoi
1217645	File:MorningExerciseInHanoi.JPG	No machine-readable author provided. AlfredBoc assumed (based on copyright claims).	"17 March 2004 (according to <span lang="""	taken	Category:People of Hanoi
2650065	File:Children Hanoi Vietnam.JPG	Boberger	2000-02	taken	Category:People of Hanoi
2803763	File:OfflineWP2007-26.jpg	User:Nguyễn Thanh Quang	2007-06-29	taken	Category:People of Hanoi
3644661	File:Hanoi French Quarter Sidewalk Sale.jpg	Maryam Laura Moazedi, www.moazedi.org	2006-09-03	taken	Category:People of Hanoi
4399001	File:Quay.jpg	Rungbachduong	2007-08	taken	Category:People of Hanoi
5718943	File:Vănphòngphẩm-InsideStationeryShop03012009606.jpg	Newone	2009-01-03	taken	Category:People of Hanoi
6761427	File:Javatuan hanoi spring.jpg	Tuanta	2007-01-01	taken	Category:People of Hanoi
7302644	File:Vietnam Young Woman.JPG	Adam Jones Adam63	2009-07-14	taken	Category:People of Hanoi
7303450	File:Women Soldiers at Ho Chi Minh Museum - Hanoi - Vietnam.JPG	Adam Jones Adam63	2009-07-14	taken	Category:People of Hanoi
7313158	File:Hanoi - Vietnam - Children.JPG	Adam Jones Adam63	2009-07-14	taken	Category:People of Hanoi
7313174	File:Hanoi - Vietnam - Old and Young.JPG	Adam Jones Adam63	2009-07-14	taken	Category:People of Hanoi
7313209	File:Vietnam - Hanoi - Soldier.JPG	Adam Jones Adam63	2009-07-14	taken	Category:People of Hanoi
7313423	File:Woman - Bus Stop - Hanoi - Vietnam.JPG	Adam Jones Adam63	2009-07-14	taken	Category:People of Hanoi
7323981	File:Hanoi familia.JPG	Northboer	2008-08-09	taken	Category:People of Hanoi
7733947	File:Players of general chess in Vietnam 2008.jpg	alex-s	2008-05-16	taken	Category:People of Hanoi
8210622	File:US Navy 070620-N-0696M-227 Chief of Naval Operations (CNO) Adm. Mike Mullen speaks with Vietnamese Vice Foreign Minister Le Cong Phung after an office call.jpg	U.S. Navy photo by Mass Communication Specialist 1st Class Chad J. McNeeley	Taken on 20 June 2007	taken	Category:People of Hanoi
10220166	File:FSpace ground station.JPG	Thuvt	2010-04-15	taken	Category:People of Hanoi
11043258	File:HtF VocTr disabled boy.jpg	Hanoi Volunteer	2010-07-30T04:08:11Z	uploaded	Category:People of Hanoi
11418101	File:Prof ngô bảo châu.jpg	tuhang19	7 March 2009, 07:42 (according to <span 	taken	Category:People of Hanoi
12086373	File:Hanoi 407.jpg	Viault	1993	taken	Category:People of Hanoi
12812907	File:10 Wikipedia Hanoi 20110115.jpg	Grenouille vert	2011-01-15	taken	Category:People of Hanoi
12812941	File:10 Wikipedia Hanoi 20110115 (2).jpg	Grenouille vert	2011-01-15	taken	Category:People of Hanoi
12812959	File:10 Wikipedia Hanoi 20110115 (3).jpg	Grenouille vert	2011-01-15	taken	Category:People of Hanoi
16479251	File:Boys in Hanoi making string figures.jpg	Xcanbiet at English Wikipedia	13 May 2007 (original upload date)	taken	Category:People of Hanoi
16923473	File:Oc Ho Tay.jpg	Viethavvh at Vietnamese Wikipedia	12 July 2005, 15:09 (according to <span 	taken	Category:People of Hanoi
18416062	File:Ha Minh Duc 2012.jpg	Grenouille vert	2012-02-18	taken	Category:People of Hanoi
21493096	File:Hai Phong Train, Long Bien Bridge.jpg	David McKelvey	2012-03-06 12:32:09	taken	Category:People of Hanoi
21884337	File:People of Hanoi - Vietnam.jpg	User:Manuel Casella	2012-08-26	taken	Category:People of Hanoi
22007514	File:Bà Cả giã trầu-27012009677.jpg	Newone (talk)	2009-01-27	taken	Category:People of Hanoi
28992782	File:Tinhnguyenvien-VoNguyenGiap-IMG 1294.jpg	Newone	2013-10-12 13:01:46	taken	Category:People of Hanoi
29184380	File:Nguyễn Xuân Thu kaj Dương Trọng Hiếu.JPG	RG72	2012-08-04 14:00:18	taken	Category:People of Hanoi
30643709	File:Young Hanoian with his pet Falcon..JPG	Rudolph.A.Furtado	Tuesday(3-12-2013)	taken	Category:People of Hanoi
31106628	File:Trinh T. Minh-ha.JPG	Trịnh Thị Minh Hà	2014-02-10	taken	Category:People of Hanoi
33372264	File:Stratpurigisto en strato Chu Bá Định (Hanojo) 01.jpg	RG72	2013-11-10 13:17:54	taken	Category:People of Hanoi
33372590	File:Stratludantoj en strato Chu Bá Định (Hanojo) 01.jpg	RG72	2013-11-10 13:56:41	taken	Category:People of Hanoi
33372591	File:Surstrata vivo-Hanojo.JPG	RG72	2013-11-10 13:56:18	taken	Category:People of Hanoi
33372593	File:Fruktovendistino-Hanojo.JPG	RG72	2013-11-10 13:57:15	taken	Category:People of Hanoi
34228287	File:On the streets (14769962163).jpg	Erwin Verbruggen from Amsterdam, The Netherlands	2014-06-29 04:16	taken	Category:People of Hanoi
35316677	File:Nguyenvannhan0000.jpg	Dangphuongmai89	2010-05-03 09:15:12	taken	Category:People of Hanoi
35434154	File:Nguyenvannhan90.JPG	Dangphuongmai89	2014-09-17 19:41:02	taken	Category:People of Hanoi
39380403	File:Vietnamese veterans Friendship Village Tu Liem Từ Liêm HANOI MATTHIAS LEUPOLD 2012 03 09 web.jpg	Matthias Leupold	2012-03-09	taken	Category:People of Hanoi
40536422	File:Hanoi Vietnam Transport-in-Hanoi-01.jpg	CEphoto, Uwe Aranas	2011-05-11	taken	Category:People of Hanoi
40536448	File:Hanoi Vietnam Transport-in-Hanoi-02.jpg	CEphoto, Uwe Aranas	2011-05-11	taken	Category:People of Hanoi
40536585	File:Hanoi Vietnam Transport-in-Hanoi-03.jpg	CEphoto, Uwe Aranas	2011-05-11	taken	Category:People of Hanoi
48755271	File:Tran Lam Bien.jpg	Thao levn	2014-03-25	taken	Category:People of Hanoi
49098362	File:Kimhue.jpg	Maiphuong9495	2015-08-28	taken	Category:People of Hanoi
57422330	File:Meet Google CEO Sundar Pichai @Hanoi, Vietnam DSC01737 (23836835771).jpg	Nguyen Hung Vu from Hanoi, Vietnam	2015-12-23 16:22	taken	Category:People of Hanoi
61636460	File:ICHanoi05.jpg	Ziegler175	2000-11	taken	Category:People of Hanoi
61636466	File:ICHanoi06.jpg	Ziegler175	2000-11	taken	Category:People of Hanoi
61636470	File:ICHanoi07.jpg	Ziegler175	2000-11	taken	Category:People of Hanoi
61636473	File:ICHanoi08.jpg	Ziegler175	2000-11	taken	Category:People of Hanoi
61636478	File:ICHanoi09.jpg	Ziegler175	2000-11	taken	Category:People of Hanoi
61636486	File:ICHanoi10.jpg	Ziegler175	2000-11	taken	Category:People of Hanoi
61636493	File:ICHanoi11.jpg	Ziegler175	2000-11	taken	Category:People of Hanoi
61636497	File:ICHanoi12.jpg	Ziegler175	2000-11	taken	Category:People of Hanoi
61636502	File:ICHanoi13.jpg	Ziegler175	2000-11	taken	Category:People of Hanoi
61636508	File:ICHanoi14.jpg	Ziegler175	2000-11	taken	Category:People of Hanoi
61636513	File:ICHanoi15.jpg	Ziegler175	2000-11	taken	Category:People of Hanoi
61636517	File:ICHanoi16.jpg	Ziegler175	2000-11	taken	Category:People of Hanoi
61636523	File:ICHanoi17.jpg	Ziegler175	2000-11	taken	Category:People of Hanoi
61636535	File:ICHanoi18.jpg	Ziegler175	2000-11	taken	Category:People of Hanoi
61636542	File:ICHanoi19.jpg	Ziegler175	2000-11	taken	Category:People of Hanoi
61636546	File:ICHanoi20.jpg	Ziegler175	2000-11	taken	Category:People of Hanoi
63844185	File:Mlle Nguyễn-minh-Mỹ.jpg	Unknown authorUnknown author	2017-11-03	taken	Category:People of Hanoi
64286701	File:Jeunes filles de Lemur (1).jpg	Musée Annam	2017-11-22	taken	Category:People of Hanoi
64286703	File:Jeunes filles de Lemur (2).jpg	Musée Annam	2014-03-09 11:44:16	taken	Category:People of Hanoi
66995921	File:People Taking People (3380658828).jpg	Dennis G. Jarvis	2009-03-23 19:31	taken	Category:People of Hanoi
67249696	File:Vietnamienne protégée et connectée.jpg	Ji-Elle	2017-11-06 05:04:53	taken	Category:People of Hanoi
80522469	File:Shopkeeper on Sidewalk - Old Quarter - Hanoi - Vietnam (48071306918).jpg	Adam Jones from Kelowna, BC, Canada	Taken on 16 June 2019, 11:43	taken	Category:People of Hanoi
80522471	File:Market Woman with Weigh Scale - Old Quarter - Hanoi - Vietnam (48071259196).jpg	Adam Jones from Kelowna, BC, Canada	Taken on 16 June 2019, 11:47	taken	Category:People of Hanoi
80522482	File:Market Woman - Old Quarter - Hanoi - Vietnam (48071259286).jpg	Adam Jones from Kelowna, BC, Canada	Taken on 16 June 2019, 12:13	taken	Category:People of Hanoi
80522556	File:Shopkeeper at Stall - Old Quarter - Hanoi - Vietnam (48084924857).jpg	Adam Jones from Kelowna, BC, Canada	Taken on 18 June 2019, 15:05	taken	Category:People of Hanoi
85840488	File:Vietnam, Hanoi, Life on the streets of central Hanoi.jpg	Vyacheslav Argenberg	2008-03-14 11:48:53	taken	Category:People of Hanoi
85840489	File:Vietnam, Hanoi, Life on the streets of central Hanoi 2.jpg	Vyacheslav Argenberg	2008-03-14 11:35:27	taken	Category:People of Hanoi
85840493	File:Vietnam, Hanoi, Life on the streets of Hanoi 2.jpg	Vyacheslav Argenberg	2008-03-14 11:48:10	taken	Category:People of Hanoi
85840495	File:Vietnam, Hanoi, Streets of central Hanoi 2.jpg	Vyacheslav Argenberg	2008-03-14 12:45:45	taken	Category:People of Hanoi
86304733	File:Hanoi, Vietnam, Hoan Kiem Lake.jpg	Vyacheslav Argenberg	2008-03-12 16:44:23	taken	Category:People of Hanoi
86304741	File:Hanoi, Vietnam, Visitors at Ho Chi Minh Museum.jpg	Vyacheslav Argenberg	2008-03-13 15:35:24	taken	Category:People of Hanoi
92220371	File:.Man fishing in Hanoi, Vietnam (3026842639).jpg	fridaycafe from Hanoi, Vietnam	Taken on 13 November 2008, 15:37	taken	Category:People of Hanoi
93787389	File:In a village near Hanoi (15548495057).jpg	Esin Üstün from Istanbul, Turkey	2014-11-02 09:16	taken	Category:People of Hanoi
94456986	File:Lê Hiền Đức.JPG	ASM (thảo luận)	2013-06-09T17:23:22Z	uploaded	Category:People of Hanoi
94663244	File:Trung Hieu (nghe sy).jpg	Apple	2011-09-02	taken	Category:People of Hanoi
98773025	File:Homoj en parko en strato Lý Thái Tổ (Hanojo) 01.jpg	RG72	Taken on 10 November 2013, 12:48:13	taken	Category:People of Hanoi
98773026	File:Kvasto-Turo kaj Notlibro (Hanojo) 01.jpg	RG72	2013-11-10 12:48:36	taken	Category:People of Hanoi
113259374	File:Hanoi, Vietnam (49539054662).jpg	flowcomm	Taken on 15 February 2020, 08:04	taken	Category:People of Hanoi
132101969	File:Alexandre Varenne Indochine 100 - Hanoï, arrivée du Gouverneur Général Varenne à la gare. Marguerite Migeot et Mme Première Varenne sont sur cette photo, sous l'arche.jpg	Unknown photographer	1925	taken	Category:People of Hanoi
132198936	File:Dân-biểu đơn-vị Phong Dinh, Ngô Văn Hiếu.jpg	Hạ Nghị Viện Quốc Hội Việt Nam Cộng Hòa	1968	taken	Category:People of Hanoi
132280928	File:Dân-biểu đơn-vị II Gia Định, Lê Ninh.jpg	Hạ Nghị Viện Quốc Hội Việt Nam Cộng Hòa	1968	taken	Category:People of Hanoi
132441241	File:Dân-biểu đơn-vị Kontum, Nguyễn Văn Thống.jpg	Hạ Nghị Viện Quốc Hội Việt Nam Cộng Hòa	1968	taken	Category:People of Hanoi
141434900	File:Hoang Cuc.jpg	Nguyenminh2002	2023-11-26	taken	Category:People of Hanoi
145156868	File:Hanoi 2.jpg	Rod Waddington	2018-09-05	taken	Category:People of Hanoi
145157133	File:Hanoi Street - 45273047074.jpg	Rod Waddington	2018-11-22	taken	Category:People of Hanoi
177490351	File:Night relaxing near Thê Húc Bridge 26-04-2024.jpg	Matsuoka.A	2024-04-26 22:45:57	taken	Category:People of Hanoi
179500602	File:Hansers O truong co day em the 1765021257532.jpg	HamjnhThuat99Le	2025-12-06	taken	Category:People of Hanoi
5724770	File:TranhHoaNgheThuatCuonGiay15012009640.jpg	Newone	2009-01-15	taken	Category:Culture of Hanoi
15364378	File:Burning fake money.JPG	Clemensmarabu	2011-03	taken	Category:Culture of Hanoi
15428347	File:Hội làng Trung Tự.jpg	Zizouhanoi	2011-04-17	taken	Category:Culture of Hanoi
16916518	File:Hoa dao Nhat Tan.JPG	Viethavvh at vi.wikipedia	6 September 2007 (original upload date)	taken	Category:Culture of Hanoi
16916745	File:Lang hoa.JPG	Viethavvh at vi.wikipedia	13 September 2007 (original upload date)	taken	Category:Culture of Hanoi
17173784	File:Den Ngoc Son 0023 stitched.jpg	Gryffindor	2008	taken	Category:Culture of Hanoi
23907454	File:Phố Hàng Bồ.JPG	Hoangvantoanajc	2011-11-11 15:44:52	taken	Category:Culture of Hanoi
36281685	File:Klima hanoi.jpg	de:Benutzer:Hph	2014-10-20T23:32:50Z	uploaded	Category:Culture of Hanoi
89490725	File:Hanoi-montage-2020.jpg	Alex 69200 vx	2020-04-26	taken	Category:Culture of Hanoi
89491110	File:Hanoi-montage-2020-2.jpg	Alex 69200 vx	2020-04-26	taken	Category:Culture of Hanoi
116466443	File:Manga bookshop in Hanoi, Vietnam.jpg	AxitTDTbenzoic	2022-03-28	taken	Category:Culture of Hanoi
142065926	File:Ha-noi-36-pho-phuong.jpg	Vu Van Thang	2023-12-12	taken	Category:Culture of Hanoi
143847752	File:Ha-noi-autumn.jpg	Yuang389	2024-01-12	taken	Category:Culture of Hanoi
145580219	File:Hanoi-summer.jpg	JangPlus889	2024-02-20 22:08:06	taken	Category:Culture of Hanoi
18406782	File:Đường phố xã Bát Tràng, Gia Lâm, Hà Nội.jpg	Banhtrung1	2012-01-27	taken	Category:Transport in Hanoi
18766295	File:Level crossing in Hanoi, Vietnam.jpg	Banhtrung1	2012-03-14	taken	Category:Transport in Hanoi
22981673	File:Hanoimonks.jpg	Marc Heiden - User: (WT-shared) Gorilla Jones at  wts wikivoyage	2007-04	taken	Category:Transport in Hanoi
22981685	File:Hanoitraffic.jpg	Marc Heiden - User: (WT-shared) Gorilla Jones at  wts wikivoyage	2007-04	taken	Category:Transport in Hanoi
24775196	File:Ben trong ben xe khach My Dinh.jpg	Hoangvantoanajc	2000-01-02 04:22:26	taken	Category:Transport in Hanoi
26363830	File:HA NOI STREET AT DUSK VIETNAM FEB 2012 (7024695867).jpg	calflier001	2012-02-13 10:22	taken	Category:Transport in Hanoi
26363831	File:HA NOI STREET AT DUSK VIETNAM FEB 2012 (6878602000).jpg	calflier001	2012-02-13 11:29	taken	Category:Transport in Hanoi
26364442	File:HOAN KIEN LAKE HA NOI VIETNAM FEB 2012 (6832941110).jpg	calflier001	2012-02-06 05:59	taken	Category:Transport in Hanoi
26364443	File:HA NOI STREET VIETNAM FEB 2012 (6832937810).jpg	calflier001	2012-02-06 06:03	taken	Category:Transport in Hanoi
34228276	File:On the streets (14769111873).jpg	Erwin Verbruggen from Amsterdam, The Netherlands	2014-06-27 11:59	taken	Category:Transport in Hanoi
34228278	File:On the streets (14562427339).jpg	Erwin Verbruggen from Amsterdam, The Netherlands	2014-06-27 09:04	taken	Category:Transport in Hanoi
34228281	File:On the streets (14562849120).jpg	Erwin Verbruggen from Amsterdam, The Netherlands	2014-06-27 12:14	taken	Category:Transport in Hanoi
34228283	File:On the streets (14726621676).jpg	Erwin Verbruggen from Amsterdam, The Netherlands	2014-06-27 12:39	taken	Category:Transport in Hanoi
34228284	File:On the streets (14769863893).jpg	Erwin Verbruggen from Amsterdam, The Netherlands	2014-06-29 04:15	taken	Category:Transport in Hanoi
34228286	File:On the streets (14750000472).jpg	Erwin Verbruggen from Amsterdam, The Netherlands	2014-06-29 04:18	taken	Category:Transport in Hanoi
80522479	File:Five on a Bike - Old Quarter - Hanoi - Vietnam (48071367322).jpg	Adam Jones from Kelowna, BC, Canada	Taken on 16 June 2019, 12:09	taken	Category:Transport in Hanoi
93049395	File:Hầm vượt Kim Liên-Đại Cồ Việt ngày 280620091271.jpg	Nghĩa Trương Tuấn	2009-06-28 11:35:47	taken	Category:Transport in Hanoi
93049396	File:Hầm vượt Kim Liên-Đại Cồ Việt ngày 280620091273.jpg	Nghĩa Trương Tuấn	2009-06-28 11:36:14	taken	Category:Transport in Hanoi
93049398	File:Hầm vượt Kim Liên-Đại Cồ Việt ngày 280620091274.jpg	Nghĩa Trương Tuấn	2009-06-28 11:36:23	taken	Category:Transport in Hanoi
93049399	File:Hầm vượt Kim Liên-Đại Cồ Việt ngày 280620091272.jpg	Nghĩa Trương Tuấn	2009-06-28 11:35:58	taken	Category:Transport in Hanoi
93049400	File:Hầm vượt Kim Liên-Đại Cồ Việt ngày 280620091275.jpg	Nghĩa Trương Tuấn	2009-06-28 11:36:35	taken	Category:Transport in Hanoi
93049401	File:Hầm vượt Kim Liên-Đại Cồ Việt ngày 280620091276.jpg	Nghĩa Trương Tuấn	2009-06-28 11:36:41	taken	Category:Transport in Hanoi
93049403	File:Hầm vượt Kim Liên-Đại Cồ Việt ngày 280620091278.jpg	Nghĩa Trương Tuấn	2009-06-28 11:37:07	taken	Category:Transport in Hanoi
93049404	File:Hầm vượt Kim Liên-Đại Cồ Việt ngày 280620091277.jpg	Nghĩa Trương Tuấn	2009-06-28 11:36:54	taken	Category:Transport in Hanoi
104057533	File:Vietnam ex Tonkin - carte photo Hongay, mine de charbon 'wagonnets tirés par des buffles' (voyagée 1904).jpg	Unknown authorUnknown author	"circa 1905<div style=""display: none;"">da"	taken	Category:Transport in Hanoi
123744952	File:NKS06325.jpg	NKSTTSSHNVN	2022-10-04	taken	Category:Transport in Hanoi
145059831	File:Auf Auslandsreise in Hanoi 2023.jpg	Travelfan81	2023-04-01 18:00:00	taken	Category:Transport in Hanoi
570420	File:One Pillar Pagoda Hanoi Vietnam.jpg	Thomas Schoch	2004-12-27	taken	Category:Parks in Hanoi
702970	File:HoGuom0909-01.jpg	No machine-readable author provided. Newone assumed (based on copyright claims).	14 April 2006 (original upload date)	taken	Category:Parks in Hanoi
702972	File:HoGuom0909-02.jpg	No machine-readable author provided. Newone assumed (based on copyright claims).	14 April 2006 (original upload date)	taken	Category:Parks in Hanoi
702985	File:HoGuom0909-06.jpg	No machine-readable author provided. Newone assumed (based on copyright claims).	14 April 2006 (original upload date)	taken	Category:Parks in Hanoi
702991	File:HoGuom1308-1.jpg	No machine-readable author provided. Newone assumed (based on copyright claims).	14 April 2006 (original upload date)	taken	Category:Parks in Hanoi
2907128	File:Lenin Park Hanoi.JPG	Rungbachduong	2001-11-02	taken	Category:Parks in Hanoi
8421469	File:ThienSon04 HaSon.JPG	Bùi Thế Tâm	2009-11-12	taken	Category:Parks in Hanoi
8421671	File:ThienSon06 HaSon DapTamCap.JPG	Bùi Thế Tâm	2009-11-12	taken	Category:Parks in Hanoi
8421804	File:ThienSon07 TrungSon NguocSuoi.JPG	Bùi Thế Tâm	2009-11-12	taken	Category:Parks in Hanoi
8422003	File:ThienSon09 TrungSon NhaAn.JPG	Bùi Thế Tâm	2009-11-12	taken	Category:Parks in Hanoi
8422075	File:ThienSon11 TrungSon.JPG	Bùi Thế Tâm	2009-11-12	taken	Category:Parks in Hanoi
8422189	File:ThienSon10 TrungSon.JPG	Bùi Thế Tâm	2009-11-12	taken	Category:Parks in Hanoi
8422353	File:ThienSon13 TrungSon.JPG	Bùi Thế Tâm	2009-11-12	taken	Category:Parks in Hanoi
8422465	File:ThienSon14 TrungSon.JPG	Bùi Thế Tâm	2009-11-12	taken	Category:Parks in Hanoi
8422584	File:ThienSon01 HaSon CauVong.JPG	Bùi Thế Tâm	2009-11-12	taken	Category:Parks in Hanoi
8423970	File:KhoangXanh06 TaoSong2.JPG	Bùi Thế Tâm	2009-11-06	taken	Category:Parks in Hanoi
8424009	File:KhoangXanh08 CauTruot.JPG	Bùi Thế Tâm	2009-11-06	taken	Category:Parks in Hanoi
8424045	File:KhoangXanh04 DaiPhun.JPG	Bùi Thế Tâm	2009-11-06	taken	Category:Parks in Hanoi
8424100	File:KhoangXanh09 TamNong.JPG	Bùi Thế Tâm	2009-11-06	taken	Category:Parks in Hanoi
8424141	File:KhoangXanh09b.JPG	Bùi Thế Tâm	2009-11-06	taken	Category:Parks in Hanoi
8424165	File:KhoangXanh11 BietThu.JPG	Bùi Thế Tâm	2009-11-06	taken	Category:Parks in Hanoi
8424182	File:KhoangXanh14 NhaAn2.JPG	Bùi Thế Tâm	2009-11-06	taken	Category:Parks in Hanoi
8424206	File:KhoangXanh16.JPG	Bùi Thế Tâm	2009-11-06	taken	Category:Parks in Hanoi
8436126	File:KhoangXanh17.JPG	Bùi Thế Tâm	2009-11-06	taken	Category:Parks in Hanoi
8436139	File:KhoangXanh18.JPG	Bùi Thế Tâm	2009-11-06	taken	Category:Parks in Hanoi
8436164	File:KhoangXanh19.JPG	Bùi Thế Tâm	2009-11-06	taken	Category:Parks in Hanoi
8436186	File:KhoangXanh20.JPG	Bùi Thế Tâm	2009-11-06	taken	Category:Parks in Hanoi
8436222	File:KhoangXanh21.JPG	Bùi Thế Tâm	2009-11-06	taken	Category:Parks in Hanoi
8436231	File:KhoangXanh22.JPG	Bùi Thế Tâm	2009-11-06	taken	Category:Parks in Hanoi
8436245	File:KhoangXanh23.JPG	Bùi Thế Tâm	2009-11-06	taken	Category:Parks in Hanoi
10008835	File:Lenin Park (Hanoi) panorama.jpg	Grenouille vert	2010-04-13	taken	Category:Parks in Hanoi
16923572	File:Lan VBTHN.jpg	Viethavvh at vi.wikipedia	22 December 2007 (original upload date)	taken	Category:Parks in Hanoi
23371444	File:Hanoi-2013.jpg	Newone	2012-12-28	taken	Category:Parks in Hanoi
30617530	File:Evening at 'Indira Gandhi Park'.JPG	Rudolph.A.Furtado	Sunday(1-12-2013)	taken	Category:Parks in Hanoi
34228288	File:Temple of Literature (14563741979).jpg	Erwin Verbruggen from Amsterdam, The Netherlands	2014-06-29 07:17	taken	Category:Parks in Hanoi
112491968	File:Sunset at Lenin Park, Hanoi 2003.jpg	Syced	29 August 2003 (according to <span lang=	taken	Category:Parks in Hanoi
112491970	File:Sunset at Lenin Park, Hanoi 2003 2.jpg	Syced	29 August 2003 (according to <span lang=	taken	Category:Parks in Hanoi
145157498	File:Hanoi Park - 52349631378.jpg	Rod Waddington	2018-08-26 12:08:19	taken	Category:Parks in Hanoi
1583006	File:Slaughtered turtle Hanoi Vietnam.jpg	Thomas Schoch	2005-01-06	taken	Category:Markets in Hanoi
13249677	File:Les cochons vont au marché.JPG	Dinkum	2009	taken	Category:Markets in Hanoi
13249708	File:Bassines de toutes les couleurs marché à Hanoi.JPG	Dinkum	2009	taken	Category:Markets in Hanoi
39695513	File:Meat market - Hanoi, Vietnam - DSC03485.JPG	Daderot	2014-08-03 22:10:06	taken	Category:Markets in Hanoi
61280972	File:Market Old Quarter Hanoi.jpg	Bram Coenen	2017-04-22 10:33:20	taken	Category:Markets in Hanoi
63502357	File:Xa Da Ton marketplace 02.jpg	Vuong Tri Binh	2014-01-28 08:38:59	taken	Category:Markets in Hanoi
63502358	File:Xa Da Ton marketplace 03.jpg	Vuong Tri Binh	2014-01-28 08:39:10	taken	Category:Markets in Hanoi
63502359	File:Xa Da Ton marketplace 01.jpg	Vuong Tri Binh	2014-01-28 08:38:53	taken	Category:Markets in Hanoi
63502360	File:Xa Da Ton marketplace 05.jpg	Vuong Tri Binh	2014-01-28 08:39:53	taken	Category:Markets in Hanoi
63502361	File:Xa Da Ton marketplace 04.jpg	Vuong Tri Binh	2014-01-28 08:39:20	taken	Category:Markets in Hanoi
63502362	File:Xa Da Ton marketplace 06.jpg	Vuong Tri Binh	2014-01-28 08:40:03	taken	Category:Markets in Hanoi
63502363	File:Xa Da Ton marketplace 07.jpg	Vuong Tri Binh	2014-01-28 08:40:15	taken	Category:Markets in Hanoi
63502364	File:Xa Da Ton marketplace 08.jpg	Vuong Tri Binh	2014-01-28 08:40:26	taken	Category:Markets in Hanoi
63502365	File:Xa Da Ton marketplace 09.jpg	Vuong Tri Binh	2014-01-28 08:41:09	taken	Category:Markets in Hanoi
63502366	File:Xa Da Ton marketplace 10.jpg	Vuong Tri Binh	2014-01-28 08:43:37	taken	Category:Markets in Hanoi
63502367	File:Xa Da Ton marketplace 11.jpg	Vuong Tri Binh	2014-01-28 08:43:43	taken	Category:Markets in Hanoi
63502368	File:Xa Da Ton marketplace 12.jpg	Vuong Tri Binh	2014-01-28 08:46:59	taken	Category:Markets in Hanoi
63502370	File:Xa Da Ton marketplace 13.jpg	Vuong Tri Binh	2014-01-28 08:48:02	taken	Category:Markets in Hanoi
63502371	File:Xa Da Ton marketplace 14.jpg	Vuong Tri Binh	2014-01-28 08:48:12	taken	Category:Markets in Hanoi
63502372	File:Xa Da Ton marketplace 15.jpg	Vuong Tri Binh	2014-01-28 08:48:19	taken	Category:Markets in Hanoi
63502374	File:Xa Da Ton marketplace 16.jpg	Vuong Tri Binh	2014-01-28 08:49:14	taken	Category:Markets in Hanoi
63502375	File:Xa Da Ton marketplace 17.jpg	Vuong Tri Binh	2014-01-28 15:59:19	taken	Category:Markets in Hanoi
63502376	File:Xa Da Ton marketplace 18.jpg	Vuong Tri Binh	2014-01-28 15:59:29	taken	Category:Markets in Hanoi
63502378	File:Xa Da Ton marketplace 19.jpg	Vuong Tri Binh	2014-01-28 15:59:41	taken	Category:Markets in Hanoi
63502379	File:Xa Da Ton marketplace 20.jpg	Vuong Tri Binh	2014-01-29 09:52:00	taken	Category:Markets in Hanoi
63502380	File:Xa Da Ton marketplace 21.jpg	Vuong Tri Binh	2014-01-29 09:52:04	taken	Category:Markets in Hanoi
63502381	File:Xa Da Ton marketplace 22.jpg	Vuong Tri Binh	2014-01-29 09:52:11	taken	Category:Markets in Hanoi
63502382	File:Xa Da Ton marketplace 23.jpg	Vuong Tri Binh	2014-01-29 09:52:18	taken	Category:Markets in Hanoi
63502383	File:Xa Da Ton marketplace 24.jpg	Vuong Tri Binh	2014-01-29 10:14:16	taken	Category:Markets in Hanoi
63502384	File:Xa Da Ton marketplace 25.jpg	Vuong Tri Binh	2014-01-29 10:14:25	taken	Category:Markets in Hanoi
63502385	File:Xa Da Ton marketplace 26.jpg	Vuong Tri Binh	2014-01-29 10:16:38	taken	Category:Markets in Hanoi
63502386	File:Xa Da Ton marketplace 27.jpg	Vuong Tri Binh	2014-01-29 10:17:09	taken	Category:Markets in Hanoi
63502387	File:Xa Da Ton marketplace 28.jpg	Vuong Tri Binh	2014-01-29 10:17:20	taken	Category:Markets in Hanoi
63502388	File:Xa Da Ton marketplace 29.jpg	Vuong Tri Binh	2014-01-29 10:17:36	taken	Category:Markets in Hanoi
63502389	File:Xa Da Ton marketplace 30.jpg	Vuong Tri Binh	2014-01-29 10:17:41	taken	Category:Markets in Hanoi
63502390	File:Xa Da Ton marketplace 31.jpg	Vuong Tri Binh	2014-01-29 10:17:50	taken	Category:Markets in Hanoi
63502391	File:Xa Da Ton marketplace 32.jpg	Vuong Tri Binh	2014-01-29 10:18:07	taken	Category:Markets in Hanoi
63502393	File:Xa Da Ton marketplace 33.jpg	Vuong Tri Binh	2014-01-29 10:18:31	taken	Category:Markets in Hanoi
63502394	File:Xa Da Ton marketplace 34.jpg	Vuong Tri Binh	2014-01-29 10:19:05	taken	Category:Markets in Hanoi
63502395	File:Xa Da Ton marketplace 35.jpg	Vuong Tri Binh	2014-01-29 10:19:12	taken	Category:Markets in Hanoi
63502396	File:Xa Da Ton marketplace 36.jpg	Vuong Tri Binh	2014-01-29 10:19:31	taken	Category:Markets in Hanoi
63502397	File:Xa Da Ton marketplace 37.jpg	Vuong Tri Binh	2014-01-29 10:21:06	taken	Category:Markets in Hanoi
63502398	File:Xa Da Ton marketplace 38.jpg	Vuong Tri Binh	2014-01-29 10:22:12	taken	Category:Markets in Hanoi
63502399	File:Xa Da Ton marketplace 39.jpg	Vuong Tri Binh	2014-01-29 10:23:29	taken	Category:Markets in Hanoi
63502400	File:Xa Da Ton marketplace 40.jpg	Vuong Tri Binh	2014-01-29 10:23:39	taken	Category:Markets in Hanoi
63502402	File:Xa Da Ton marketplace 41.jpg	Vuong Tri Binh	2014-01-29 10:23:51	taken	Category:Markets in Hanoi
63502403	File:Xa Da Ton marketplace 42.jpg	Vuong Tri Binh	2014-01-29 10:24:27	taken	Category:Markets in Hanoi
63502404	File:Xa Da Ton marketplace 43.jpg	Vuong Tri Binh	2014-01-29 10:25:06	taken	Category:Markets in Hanoi
63502405	File:Xa Da Ton marketplace 44.jpg	Vuong Tri Binh	2014-01-29 10:34:58	taken	Category:Markets in Hanoi
63502406	File:Xa Da Ton marketplace 45.jpg	Vuong Tri Binh	2014-01-29 10:35:41	taken	Category:Markets in Hanoi
63502407	File:Xa Da Ton marketplace 47.jpg	Vuong Tri Binh	2014-01-29 10:36:00	taken	Category:Markets in Hanoi
63502408	File:Xa Da Ton marketplace 46.jpg	Vuong Tri Binh	2014-01-29 10:35:50	taken	Category:Markets in Hanoi
63502409	File:Xa Da Ton marketplace 48.jpg	Vuong Tri Binh	2014-01-29 10:36:15	taken	Category:Markets in Hanoi
63502410	File:Xa Da Ton marketplace 49.jpg	Vuong Tri Binh	2014-01-29 10:36:27	taken	Category:Markets in Hanoi
63502436	File:Duong Da Ton marketplace 01.jpg	Vuong Tri Binh	2014-01-29 10:23:59	taken	Category:Markets in Hanoi
63502437	File:Duong Da Ton marketplace 03.jpg	Vuong Tri Binh	2014-01-29 10:36:51	taken	Category:Markets in Hanoi
63502438	File:Duong Da Ton marketplace 02.jpg	Vuong Tri Binh	2014-01-29 10:36:41	taken	Category:Markets in Hanoi
63502439	File:Duong Da Ton marketplace 04.jpg	Vuong Tri Binh	2014-01-29 10:37:07	taken	Category:Markets in Hanoi
63502440	File:Duong Da Ton marketplace 05.jpg	Vuong Tri Binh	2014-01-29 10:37:14	taken	Category:Markets in Hanoi
63502441	File:Duong Da Ton marketplace 06.jpg	Vuong Tri Binh	2014-01-29 10:37:24	taken	Category:Markets in Hanoi
63502442	File:Duong Da Ton marketplace 07.jpg	Vuong Tri Binh	2014-01-29 10:37:39	taken	Category:Markets in Hanoi
63502443	File:Duong Da Ton marketplace 09.jpg	Vuong Tri Binh	2014-01-29 10:40:29	taken	Category:Markets in Hanoi
63502444	File:Duong Da Ton marketplace 08.jpg	Vuong Tri Binh	2014-01-29 10:38:05	taken	Category:Markets in Hanoi
63502445	File:Duong Da Ton marketplace 10.jpg	Vuong Tri Binh	2014-01-29 10:40:39	taken	Category:Markets in Hanoi
63502446	File:Duong Da Ton marketplace 12.jpg	Vuong Tri Binh	2014-01-29 10:41:43	taken	Category:Markets in Hanoi
63502447	File:Duong Da Ton marketplace 11.jpg	Vuong Tri Binh	2014-01-29 10:41:28	taken	Category:Markets in Hanoi
63502449	File:Duong Da Ton marketplace 14.jpg	Vuong Tri Binh	2014-01-29 10:43:22	taken	Category:Markets in Hanoi
63502450	File:Duong Da Ton marketplace 13.jpg	Vuong Tri Binh	2014-01-29 10:42:45	taken	Category:Markets in Hanoi
63502451	File:Duong Da Ton marketplace 15.jpg	Vuong Tri Binh	2014-01-29 10:44:38	taken	Category:Markets in Hanoi
63502452	File:Duong Da Ton marketplace 17.jpg	Vuong Tri Binh	2014-01-29 10:45:20	taken	Category:Markets in Hanoi
63502453	File:Duong Da Ton marketplace 16.jpg	Vuong Tri Binh	2014-01-29 10:45:07	taken	Category:Markets in Hanoi
63502454	File:Duong Da Ton marketplace 18.jpg	Vuong Tri Binh	2014-01-29 10:46:31	taken	Category:Markets in Hanoi
63502455	File:Duong Da Ton marketplace 19.jpg	Vuong Tri Binh	2014-01-29 10:46:37	taken	Category:Markets in Hanoi
63502457	File:Duong Da Ton marketplace 21.jpg	Vuong Tri Binh	2014-01-29 10:48:28	taken	Category:Markets in Hanoi
63502458	File:Duong Da Ton marketplace 20.jpg	Vuong Tri Binh	2014-01-29 10:46:52	taken	Category:Markets in Hanoi
63502459	File:Duong Da Ton marketplace 22.jpg	Vuong Tri Binh	2014-01-29 10:48:40	taken	Category:Markets in Hanoi
63502460	File:Duong Da Ton marketplace 23.jpg	Vuong Tri Binh	2014-01-29 10:48:46	taken	Category:Markets in Hanoi
63502461	File:Duong Da Ton marketplace 24.jpg	Vuong Tri Binh	2014-01-29 10:48:55	taken	Category:Markets in Hanoi
63502462	File:Duong Da Ton marketplace 25.jpg	Vuong Tri Binh	2014-01-29 10:49:13	taken	Category:Markets in Hanoi
66995674	File:DGJ 1853 - A market in Hanoi (3527130916).jpg	Dennis G. Jarvis	2009-01-31 09:00	taken	Category:Markets in Hanoi
87114734	File:Market Hanoi -Dried prawns.jpg	Bo.botones	2016-10-09 02:26:30	taken	Category:Markets in Hanoi
89254784	File:Marche-local-hanoi.jpg	Alex 69200 vx	2016-02-20	taken	Category:Markets in Hanoi
93222613	File:Bien hieu cho Cau Dong.jpg	Buileducanh (thảo luận)	2017-12-07T02:39:20Z	uploaded	Category:Markets in Hanoi
94476549	File:Cho Cau Dong.jpg	vi:User:Bdanh	ngày 31 tháng 12 năm 2010	taken	Category:Markets in Hanoi
108881576	File:Hanoi - un coin du marché (Calendarthanhthuy.com).jpg	Unlisted author(s).	Before the 1940's.	taken	Category:Markets in Hanoi
113101823	File:Garments market in Hanoi, 2003 July.jpg	Syced	"27 July 2003 (according to <span lang=""e"	taken	Category:Markets in Hanoi
113101830	File:Garments market in Hanoi, 2003 July 2.jpg	Syced	"27 July 2003 (according to <span lang=""e"	taken	Category:Markets in Hanoi
113101833	File:Garments market in Hanoi, 2003 July 3.jpg	Syced	"27 July 2003 (according to <span lang=""e"	taken	Category:Markets in Hanoi
113101840	File:Garments market in Hanoi, 2003 July 4.jpg	Syced	"27 July 2003 (according to <span lang=""e"	taken	Category:Markets in Hanoi
113101843	File:Garments market in Hanoi, 2003 July 5.jpg	Syced	"27 July 2003 (according to <span lang=""e"	taken	Category:Markets in Hanoi
113101851	File:Garments market in Hanoi, 2003 July 6.jpg	Syced	"27 July 2003 (according to <span lang=""e"	taken	Category:Markets in Hanoi
113101853	File:Garments market in Hanoi, 2003 July 7.jpg	Syced	"27 July 2003 (according to <span lang=""e"	taken	Category:Markets in Hanoi
113101858	File:Garments market in Hanoi, 2003 July 8.jpg	Syced	"27 July 2003 (according to <span lang=""e"	taken	Category:Markets in Hanoi
113101860	File:Garments market in Hanoi, 2003 July 9.jpg	Syced	"27 July 2003 (according to <span lang=""e"	taken	Category:Markets in Hanoi
113101866	File:Garments market in Hanoi, 2003 July 10.jpg	Syced	"27 July 2003 (according to <span lang=""e"	taken	Category:Markets in Hanoi
113101872	File:Garments market in Hanoi, 2003 July 11.jpg	Syced	"27 July 2003 (according to <span lang=""e"	taken	Category:Markets in Hanoi
113101875	File:Garments market in Hanoi, 2003 July 12.jpg	Syced	"27 July 2003 (according to <span lang=""e"	taken	Category:Markets in Hanoi
113101878	File:Garments market in Hanoi, 2003 July 13.jpg	Syced	"27 July 2003 (according to <span lang=""e"	taken	Category:Markets in Hanoi
113101881	File:Garments market in Hanoi, 2003 July 14.jpg	Syced	"27 July 2003 (according to <span lang=""e"	taken	Category:Markets in Hanoi
113101884	File:Garments market in Hanoi, 2003 July 15.jpg	Syced	"27 July 2003 (according to <span lang=""e"	taken	Category:Markets in Hanoi
113101886	File:Garments market in Hanoi, 2003 July 16.jpg	Syced	"27 July 2003 (according to <span lang=""e"	taken	Category:Markets in Hanoi
113102667	File:Garments market, 2003 July 28, Hanoi.jpg	Syced	2021-12-06	taken	Category:Markets in Hanoi
113102673	File:Garments market, 2003 July 28, Hanoi 2.jpg	Syced	2003-07-28	taken	Category:Markets in Hanoi
113102678	File:Garments market, 2003 July 28, Hanoi 3.jpg	Syced	2021-12-06	taken	Category:Markets in Hanoi
113102687	File:Garments market, 2003 July 28, Hanoi 4.jpg	Syced	2021-12-06	taken	Category:Markets in Hanoi
113102693	File:Garments market, 2003 July 28, Hanoi 5.jpg	Syced	2021-12-06	taken	Category:Markets in Hanoi
113102700	File:Garments market, 2003 July 28, Hanoi 6.jpg	Syced	2021-12-06	taken	Category:Markets in Hanoi
113102705	File:Garments market, 2003 July 28, Hanoi 7.jpg	Syced	2021-12-06	taken	Category:Markets in Hanoi
113102709	File:Garments market, 2003 July 28, Hanoi 8.jpg	Syced	2003-07-28	taken	Category:Markets in Hanoi
113103012	File:Food market, July 2003, Hanoi.jpg	Syced	"27 July 2003 (according to <span lang=""e"	taken	Category:Markets in Hanoi
113103016	File:Food market, July 2003, Hanoi 2.jpg	Syced	"27 July 2003 (according to <span lang=""e"	taken	Category:Markets in Hanoi
113103021	File:Food market, July 2003, Hanoi 3.jpg	Syced	"27 July 2003 (according to <span lang=""e"	taken	Category:Markets in Hanoi
113103024	File:Food market, July 2003, Hanoi 4.jpg	Syced	"27 July 2003 (according to <span lang=""e"	taken	Category:Markets in Hanoi
113103033	File:Food market, July 2003, Hanoi 5.jpg	Syced	"27 July 2003 (according to <span lang=""e"	taken	Category:Markets in Hanoi
113103036	File:Food market, July 2003, Hanoi 6.jpg	Syced	"27 July 2003 (according to <span lang=""e"	taken	Category:Markets in Hanoi
113103042	File:Food market, July 2003, Hanoi 7.jpg	Syced	"27 July 2003 (according to <span lang=""e"	taken	Category:Markets in Hanoi
113103048	File:Food market, July 2003, Hanoi 8.jpg	Syced	"27 July 2003 (according to <span lang=""e"	taken	Category:Markets in Hanoi
113103053	File:Food market, July 2003, Hanoi 9.jpg	Syced	"27 July 2003 (according to <span lang=""e"	taken	Category:Markets in Hanoi
113103056	File:Food market, July 2003, Hanoi 10.jpg	Syced	"27 July 2003 (according to <span lang=""e"	taken	Category:Markets in Hanoi
113103058	File:Food market, July 2003, Hanoi 11.jpg	Syced	"27 July 2003 (according to <span lang=""e"	taken	Category:Markets in Hanoi
113103062	File:Food market, July 2003, Hanoi 12.jpg	Syced	"27 July 2003 (according to <span lang=""e"	taken	Category:Markets in Hanoi
113103068	File:Food market, July 2003, Hanoi 13.jpg	Syced	"27 July 2003 (according to <span lang=""e"	taken	Category:Markets in Hanoi
113103072	File:Food market, July 2003, Hanoi 14.jpg	Syced	"27 July 2003 (according to <span lang=""e"	taken	Category:Markets in Hanoi
113103076	File:Food market, July 2003, Hanoi 15.jpg	Syced	"27 July 2003 (according to <span lang=""e"	taken	Category:Markets in Hanoi
113103078	File:Food market, July 2003, Hanoi 16.jpg	Syced	"27 July 2003 (according to <span lang=""e"	taken	Category:Markets in Hanoi
113103103	File:Food market, July 2003, Hanoi 17.jpg	Syced	"27 July 2003 (according to <span lang=""e"	taken	Category:Markets in Hanoi
113103116	File:Food market, July 2003, Hanoi 18.jpg	Syced	"27 July 2003 (according to <span lang=""e"	taken	Category:Markets in Hanoi
113103120	File:Food market, July 2003, Hanoi 19.jpg	Syced	"27 July 2003 (according to <span lang=""e"	taken	Category:Markets in Hanoi
113103123	File:Food market, July 2003, Hanoi 20.jpg	Syced	"27 July 2003 (according to <span lang=""e"	taken	Category:Markets in Hanoi
113103127	File:Food market, July 2003, Hanoi 21.jpg	Syced	"27 July 2003 (according to <span lang=""e"	taken	Category:Markets in Hanoi
113103132	File:Food market, July 2003, Hanoi 22.jpg	Syced	"27 July 2003 (according to <span lang=""e"	taken	Category:Markets in Hanoi
113103136	File:Food market, July 2003, Hanoi 23.jpg	Syced	"27 July 2003 (according to <span lang=""e"	taken	Category:Markets in Hanoi
113103141	File:Food market, July 2003, Hanoi 24.jpg	Syced	"27 July 2003 (according to <span lang=""e"	taken	Category:Markets in Hanoi
113103146	File:Food market, July 2003, Hanoi 25.jpg	Syced	"27 July 2003 (according to <span lang=""e"	taken	Category:Markets in Hanoi
113103148	File:Food market, July 2003, Hanoi 26.jpg	Syced	"27 July 2003 (according to <span lang=""e"	taken	Category:Markets in Hanoi
113103151	File:Food market, July 2003, Hanoi 27.jpg	Syced	"27 July 2003 (according to <span lang=""e"	taken	Category:Markets in Hanoi
113103156	File:Food market, July 2003, Hanoi 28.jpg	Syced	"27 July 2003 (according to <span lang=""e"	taken	Category:Markets in Hanoi
113103159	File:Food market, July 2003, Hanoi 29.jpg	Syced	"27 July 2003 (according to <span lang=""e"	taken	Category:Markets in Hanoi
113103164	File:Food market, July 2003, Hanoi 30.jpg	Syced	"27 July 2003 (according to <span lang=""e"	taken	Category:Markets in Hanoi
113103168	File:Food market, July 2003, Hanoi 31.jpg	Syced	"27 July 2003 (according to <span lang=""e"	taken	Category:Markets in Hanoi
113103173	File:Food market, July 2003, Hanoi 32.jpg	Syced	"27 July 2003 (according to <span lang=""e"	taken	Category:Markets in Hanoi
113103179	File:Food market, July 2003, Hanoi 33.jpg	Syced	"27 July 2003 (according to <span lang=""e"	taken	Category:Markets in Hanoi
113103361	File:Animals market in Hanoi, 2003 July.jpg	Syced	"27 July 2003 (according to <span lang=""e"	taken	Category:Markets in Hanoi
113103365	File:Animals market in Hanoi, 2003 July 2.jpg	Syced	"27 July 2003 (according to <span lang=""e"	taken	Category:Markets in Hanoi
113103374	File:Animals market in Hanoi, 2003 July 3.jpg	Syced	"27 July 2003 (according to <span lang=""e"	taken	Category:Markets in Hanoi
113103380	File:Animals market in Hanoi, 2003 July 4.jpg	Syced	"27 July 2003 (according to <span lang=""e"	taken	Category:Markets in Hanoi
113105868	File:Haggling on street market in Hanoi, July 2003.jpg	Syced	2021-12-06	taken	Category:Markets in Hanoi
113105871	File:Haggling on street market in Hanoi, July 2003 2.jpg	Syced	2021-12-06	taken	Category:Markets in Hanoi
113105874	File:Haggling on street market in Hanoi, July 2003 3.jpg	Syced	2021-12-06	taken	Category:Markets in Hanoi
113105878	File:Haggling on street market in Hanoi, July 2003 4.jpg	Syced	2021-12-06	taken	Category:Markets in Hanoi
113105882	File:Haggling on street market in Hanoi, July 2003 5.jpg	Syced	2021-12-06	taken	Category:Markets in Hanoi
113105887	File:Haggling on street market in Hanoi, July 2003 6.jpg	Syced	2021-12-06	taken	Category:Markets in Hanoi
113105890	File:Haggling on street market in Hanoi, July 2003 7.jpg	Syced	2021-12-06	taken	Category:Markets in Hanoi
113105893	File:Haggling on street market in Hanoi, July 2003 8.jpg	Syced	2021-12-06	taken	Category:Markets in Hanoi
113105898	File:Haggling on street market in Hanoi, July 2003 9.jpg	Syced	2021-12-06	taken	Category:Markets in Hanoi
113105915	File:Haggling on street market in Hanoi, July 2003 11.jpg	Syced	2021-12-06	taken	Category:Markets in Hanoi
113105936	File:Haggling on street market in Hanoi, July 2003 12.jpg	Syced	2021-12-06	taken	Category:Markets in Hanoi
113105960	File:Haggling on street market in Hanoi, July 2003 13.jpg	Syced	2021-12-06	taken	Category:Markets in Hanoi
113105990	File:Haggling on street market in Hanoi, July 2003 14.jpg	Syced	2021-12-06	taken	Category:Markets in Hanoi
113106004	File:Haggling on street market in Hanoi, July 2003 15.jpg	Syced	2021-12-06	taken	Category:Markets in Hanoi
113106014	File:Haggling on street market in Hanoi, July 2003 16.jpg	Syced	2021-12-06	taken	Category:Markets in Hanoi
113106019	File:Haggling on street market in Hanoi, July 2003 17.jpg	Syced	2021-12-06	taken	Category:Markets in Hanoi
113106025	File:Haggling on street market in Hanoi, July 2003 18.jpg	Syced	2021-12-06	taken	Category:Markets in Hanoi
113106230	File:Street market in Hanoi, 2003 July.jpg	Syced	"4 July 2003 (according to <span lang=""en"	taken	Category:Markets in Hanoi
113106233	File:Street market in Hanoi, 2003 July 2.jpg	Syced	"4 July 2003 (according to <span lang=""en"	taken	Category:Markets in Hanoi
113106240	File:Street market in Hanoi, 2003 July 3.jpg	Syced	"4 July 2003 (according to <span lang=""en"	taken	Category:Markets in Hanoi
113106246	File:Street market in Hanoi, 2003 July 4.jpg	Syced	"4 July 2003 (according to <span lang=""en"	taken	Category:Markets in Hanoi
113106249	File:Street market in Hanoi, 2003 July 5.jpg	Syced	"4 July 2003 (according to <span lang=""en"	taken	Category:Markets in Hanoi
113106253	File:Street market in Hanoi, 2003 July 6.jpg	Syced	"4 July 2003 (according to <span lang=""en"	taken	Category:Markets in Hanoi
113106256	File:Street market in Hanoi, 2003 July 7.jpg	Syced	"4 July 2003 (according to <span lang=""en"	taken	Category:Markets in Hanoi
113106257	File:Street market in Hanoi, 2003 July 8.jpg	Syced	"4 July 2003 (according to <span lang=""en"	taken	Category:Markets in Hanoi
113106260	File:Street market in Hanoi, 2003 July 9.jpg	Syced	"4 July 2003 (according to <span lang=""en"	taken	Category:Markets in Hanoi
113106266	File:Street market in Hanoi, 2003 July 10.jpg	Syced	"4 July 2003 (according to <span lang=""en"	taken	Category:Markets in Hanoi
113106271	File:Street market in Hanoi, 2003 July 11.jpg	Syced	"4 July 2003 (according to <span lang=""en"	taken	Category:Markets in Hanoi
113106278	File:Street market in Hanoi, 2003 July 12.jpg	Syced	"4 July 2003 (according to <span lang=""en"	taken	Category:Markets in Hanoi
113106284	File:Street market in Hanoi, 2003 July 13.jpg	Syced	"4 July 2003 (according to <span lang=""en"	taken	Category:Markets in Hanoi
113106317	File:Street market in Hanoi, 2003 July 17.jpg	Syced	"4 July 2003 (according to <span lang=""en"	taken	Category:Markets in Hanoi
113106326	File:Street market in Hanoi, 2003 July 19.jpg	Syced	"4 July 2003 (according to <span lang=""en"	taken	Category:Markets in Hanoi
113106337	File:Street market in Hanoi, 2003 July 20.jpg	Syced	"4 July 2003 (according to <span lang=""en"	taken	Category:Markets in Hanoi
113106347	File:Street market in Hanoi, 2003 July 21.jpg	Syced	"4 July 2003 (according to <span lang=""en"	taken	Category:Markets in Hanoi
113106353	File:Street market in Hanoi, 2003 July 22.jpg	Syced	"4 July 2003 (according to <span lang=""en"	taken	Category:Markets in Hanoi
113106361	File:Street market in Hanoi, 2003 July 23.jpg	Syced	"4 July 2003 (according to <span lang=""en"	taken	Category:Markets in Hanoi
113106368	File:Street market in Hanoi, 2003 July 24.jpg	Syced	"4 July 2003 (according to <span lang=""en"	taken	Category:Markets in Hanoi
113106381	File:Street market in Hanoi, 2003 July 26.jpg	Syced	"4 July 2003 (according to <span lang=""en"	taken	Category:Markets in Hanoi
113106394	File:Street market in Hanoi, 2003 July 27.jpg	Syced	"4 July 2003 (according to <span lang=""en"	taken	Category:Markets in Hanoi
113106413	File:Street market in Hanoi, 2003 July 28.jpg	Syced	"4 July 2003 (according to <span lang=""en"	taken	Category:Markets in Hanoi
113106423	File:Street market in Hanoi, 2003 July 29.jpg	Syced	"4 July 2003 (according to <span lang=""en"	taken	Category:Markets in Hanoi
113106429	File:Street market in Hanoi, 2003 July 30.jpg	Syced	"4 July 2003 (according to <span lang=""en"	taken	Category:Markets in Hanoi
113106436	File:Street market in Hanoi, 2003 July 31.jpg	Syced	"4 July 2003 (according to <span lang=""en"	taken	Category:Markets in Hanoi
113106444	File:Street market in Hanoi, 2003 July 32.jpg	Syced	"4 July 2003 (according to <span lang=""en"	taken	Category:Markets in Hanoi
113106452	File:Street market in Hanoi, 2003 July 33.jpg	Syced	"4 July 2003 (according to <span lang=""en"	taken	Category:Markets in Hanoi
113106460	File:Street market in Hanoi, 2003 July 34.jpg	Syced	"4 July 2003 (according to <span lang=""en"	taken	Category:Markets in Hanoi
113106472	File:Street market in Hanoi, 2003 July 36.jpg	Syced	"4 July 2003 (according to <span lang=""en"	taken	Category:Markets in Hanoi
113106479	File:Street market in Hanoi, 2003 July 37.jpg	Syced	"4 July 2003 (according to <span lang=""en"	taken	Category:Markets in Hanoi
113106495	File:Street market in Hanoi, 2003 July 38.jpg	Syced	"4 July 2003 (according to <span lang=""en"	taken	Category:Markets in Hanoi
113106508	File:Street market in Hanoi, 2003 July 39.jpg	Syced	"4 July 2003 (according to <span lang=""en"	taken	Category:Markets in Hanoi
113106515	File:Street market in Hanoi, 2003 July 40.jpg	Syced	"4 July 2003 (according to <span lang=""en"	taken	Category:Markets in Hanoi
113106522	File:Street market in Hanoi, 2003 July 41.jpg	Syced	"4 July 2003 (according to <span lang=""en"	taken	Category:Markets in Hanoi
113106530	File:Street market in Hanoi, 2003 July 42.jpg	Syced	"4 July 2003 (according to <span lang=""en"	taken	Category:Markets in Hanoi
113106535	File:Street market in Hanoi, 2003 July 43.jpg	Syced	"4 July 2003 (according to <span lang=""en"	taken	Category:Markets in Hanoi
113106544	File:Street market in Hanoi, 2003 July 44.jpg	Syced	"4 July 2003 (according to <span lang=""en"	taken	Category:Markets in Hanoi
113106559	File:Street market in Hanoi, 2003 July 45.jpg	Syced	"4 July 2003 (according to <span lang=""en"	taken	Category:Markets in Hanoi
196184484	File:Hanoi - Vegetables for sale.jpg	P. Hughes	2014	taken	Category:Markets in Hanoi
196184486	File:Hanoi - Chili peppers drying.jpg	P. Hughes	2014-12-27 00:38:16	taken	Category:Markets in Hanoi
14957388	File:Ta Quang Buu library.jpg	Trung D. Nguyen	2009-12-11	taken	Category:Education in Hanoi
16916107	File:HUELibrary.JPG	Tran Quoc123 at vi.wikipedia	20 August 2007 (original upload date)	taken	Category:Education in Hanoi
16943714	File:Vfu04.JPG	Gió Đông at vi.wikipedia	31 March 2008 (original upload date)	taken	Category:Education in Hanoi
16943716	File:Vfu05.JPG	Gió Đông at vi.wikipedia	31 March 2008 (original upload date)	taken	Category:Education in Hanoi
16945565	File:Puginier truong.jpg	Theduong	2011-10-10	taken	Category:Education in Hanoi
16945608	File:Viet duc.jpg	Theduong	2010-06-20	taken	Category:Education in Hanoi
103489274	File:Bvis primary 2021.jpg	BVIS Hanoi	2021-04-12	taken	Category:Education in Hanoi
103489451	File:Bvis eyfs 2021.jpg	BVIS Hanoi	2019-09-30	taken	Category:Education in Hanoi
103489656	File:Bvis secondary 2021.jpg	BVIS Hanoi	2021-01-19	taken	Category:Education in Hanoi
103489947	File:Bvis secondary drama 2021.jpg	BVIS Hanoi	2015-03-15	taken	Category:Education in Hanoi
112732885	File:BVIS indoor swimming pool.jpg	BVIS Hanoi	2021-10-27	taken	Category:Education in Hanoi
112733462	File:Secondary science lab.jpg	BVIS Hanoi	2021-03-16	taken	Category:Education in Hanoi
112733817	File:BVIS inhouse climbing wall.jpg	BVIS Hanoi	2020-10-08	taken	Category:Education in Hanoi
112733988	File:EYFS learning.jpg	BVIS Hanoi	2021-06-17	taken	Category:Education in Hanoi
116253524	File:Nguyen Binh Khiem School In Flycam 2020.jpg	Nguyen Binh Khiem High School	3/10/2020	taken	Category:Education in Hanoi
3638613	File:Prunus persica (Nhat Tan) 3.jpg	Viethavvh	2008-03-01T10:49:38Z	uploaded	Category:Nature of Hanoi
6761282	File:Javatuan golden hanoi.jpg	Tuanta	2005	taken	Category:Nature of Hanoi
7358456	File:Solar eclipse-Nhật thực-220720091383.jpg	Newone	2009-07-22T02:43:06Z	uploaded	Category:Nature of Hanoi
7358466	File:Solar eclipse-Nhật thực-220720091384.jpg	Newone	2009-07-22T02:45:37Z	uploaded	Category:Nature of Hanoi
7358471	File:Solar eclipse-Nhật thực-220720091385.jpg	Newone	2009-07-22T02:47:17Z	uploaded	Category:Nature of Hanoi
7358475	File:Solar eclipse-Nhật thực-220720091386.jpg	Newone	2009-07-22	taken	Category:Nature of Hanoi
7358481	File:Solar eclipse-Nhật thực-220720091387.jpg	Newone	2009-07-22	taken	Category:Nature of Hanoi
7358484	File:Solar eclipse-Nhật thực-220720091388.jpg	Newone	2009-07-22	taken	Category:Nature of Hanoi
16945797	File:Rung lim den va.jpg	Tieu ngao giang ho1970 at vi.wikipedia	19 May 2008 (original upload date)	taken	Category:Nature of Hanoi
17234108	File:Pho phan dinh phung.jpg	Original uploader was Chuoibk at fr.wikipedia	25 February 2006 (original upload date)	taken	Category:Nature of Hanoi
57348558	File:Dalbergiaphoto.jpg	Quynhtho.lotus	2016-03-23	taken	Category:Nature of Hanoi
57348608	File:Dalbergiabeauty.jpg	Quynhtho.lotus	2016-03-23	taken	Category:Nature of Hanoi
113259403	File:Hanoi, Vietnam (49538665281).jpg	flowcomm	Taken on 15 February 2020, 04:39	taken	Category:Nature of Hanoi
113259405	File:Hanoi, Vietnam (49538167308).jpg	flowcomm	Taken on 15 February 2020, 04:39	taken	Category:Nature of Hanoi
4807214	File:ThiCongPhanThanVinCom2.JPG	Ngokhong	2008-09-17T22:54:40Z	uploaded	Category:Economy of Hanoi
6324063	File:Protec logo.jpg	Aipf	2008-03-01	taken	Category:Economy of Hanoi
9836187	File:Sidewalk Cut.jpg	Jon Wick	2009-08-15 11:00:20	taken	Category:Economy of Hanoi
11317004	File:A fried cake vendor in Hanoi.jpg	KetaiBlogger	2007-12-31 14:45:30	taken	Category:Economy of Hanoi
15523415	File:Markt in der Altstadt von Hanoi.jpg	Stephan Klage at de.wikipedia	2009-08	taken	Category:Economy of Hanoi
16916741	File:Cho hoa dem Quang An.JPG	Viethavvh at vi.wikipedia	13 September 2007 (original upload date)	taken	Category:Economy of Hanoi
33373202	File:Kuirado-Hanojo.JPG	RG72	2013-11-10 13:24:41	taken	Category:Economy of Hanoi
40026460	File:Scientific Center for Fingerprint Analysis - Hanoi, Vietnam - DSC04712.JPG	Daderot	2014-08-05 22:05:48	taken	Category:Economy of Hanoi
52301294	File:AEON Mall Newone IMG 6069 01.jpg	Newone	2016-10-15 18:03:44	taken	Category:Economy of Hanoi
52301295	File:AEON Mall Newone IMG 6069 02.jpg	Newone	2016-10-15 18:03:57	taken	Category:Economy of Hanoi
69113805	File:Công ty cổ phần bóng đèn phích nước Rạng Đông.jpg	RALACO	2018-05-04	taken	Category:Economy of Hanoi
82344616	File:Newone - TMG thickness gauge. Thước đo độ dày.jpg	Newone	2019-09-20	taken	Category:Economy of Hanoi
27735738	File:Hanoi banner.jpg	"Hanoi_tower_panorama.jpg: Nam-ho Park
derivative work: Inkey"	2008-11-25 16:12:11	taken	Category:Views of Hanoi
107596810	File:Núi ba vì nhìn từ hà nội.jpg	Quanghung2021	2021-07-16	taken	Category:Views of Hanoi
124695130	File:Hanoi Situation 6.jpg	Ryder1992	2022-10-29	taken	Category:Views of Hanoi
34722758	File:Flag of Nguyen dynasty's administrative unit - Ha Noi.png	Vnch	2014-08-14 09:52:58	taken	Category:History of Hanoi
34722763	File:Flag of Nguyen dynasty's administrative unit - Son Tay.png	Vnch	2014-08-14 09:53:02	taken	Category:History of Hanoi
65883834	File:Marchandes ambulantes à Hanoï.jpg	Maurice Lambert (1910 - 2004), titulaire du droit moral des photographies	1931	taken	Category:History of Hanoi
132752272	File:Lịch sử Hà Nội (歷史河內) seal.png	Donald Trung Quoc Don (Chữ Hán: 徵國單) and some robots 🤖.	2023-06-07	taken	Category:History of Hanoi
139367597	File:Tourret6.jpg	Jeanfrancois.mouragues	2014-03-12 22:17:39	taken	Category:History of Hanoi
148798792	File:Bức tường với dòng chữ cấm đái ở một góc phố Hà Nội đầu thế kỷ 20.jpg	Unknown (Không rõ)	early 20<sup>th</sup> century<div style=	taken	Category:History of Hanoi
154340133	File:13 phot. et 2 dessins donnés en 1983 par Mme Francine Garnier et provenant des archives de Léon Garnier- portraits de Léon et Francis Garnier, monuments élevés à F. Garnier à Saigon et à... - btv1b53246418k (08 of 13).jpg	"Sauvenac, E. de (18..-19.. ; photographe au M). Photographe

Verron (18..-19..? ; photographe à Saint-Etienn). Photograp"	"1983<div style=""display: none;"">date QS:"	taken	Category:History of Hanoi
154340143	File:13 phot. et 2 dessins donnés en 1983 par Mme Francine Garnier et provenant des archives de Léon Garnier- portraits de Léon et Francis Garnier, monuments élevés à F. Garnier à Saigon et à... - btv1b53246418k (09 of 13).jpg	"Sauvenac, E. de (18..-19.. ; photographe au M). Photographe

Verron (18..-19..? ; photographe à Saint-Etienn). Photograp"	"1983<div style=""display: none;"">date QS:"	taken	Category:History of Hanoi
154340153	File:13 phot. et 2 dessins donnés en 1983 par Mme Francine Garnier et provenant des archives de Léon Garnier- portraits de Léon et Francis Garnier, monuments élevés à F. Garnier à Saigon et à... - btv1b53246418k (10 of 13).jpg	"Sauvenac, E. de (18..-19.. ; photographe au M). Photographe

Verron (18..-19..? ; photographe à Saint-Etienn). Photograp"	"1983<div style=""display: none;"">date QS:"	taken	Category:History of Hanoi
154340163	File:13 phot. et 2 dessins donnés en 1983 par Mme Francine Garnier et provenant des archives de Léon Garnier- portraits de Léon et Francis Garnier, monuments élevés à F. Garnier à Saigon et à... - btv1b53246418k (11 of 13).jpg	"Sauvenac, E. de (18..-19.. ; photographe au M). Photographe

Verron (18..-19..? ; photographe à Saint-Etienn). Photograp"	"1983<div style=""display: none;"">date QS:"	taken	Category:History of Hanoi
154340172	File:13 phot. et 2 dessins donnés en 1983 par Mme Francine Garnier et provenant des archives de Léon Garnier- portraits de Léon et Francis Garnier, monuments élevés à F. Garnier à Saigon et à... - btv1b53246418k (12 of 13).jpg	"Sauvenac, E. de (18..-19.. ; photographe au M). Photographe

Verron (18..-19..? ; photographe à Saint-Etienn). Photograp"	"1983<div style=""display: none;"">date QS:"	taken	Category:History of Hanoi
70886519	File:Mark Crosby and Michael Stencel 151020-Z-YP318-003 (22810955725).jpg	Oregon National Guard from Salem, Oregon, United States	2015-10-19 17:05	taken	Category:Government of Hanoi
105754967	File:Hanoi Master Plan 1st Report (3527527432).jpg	Nam-ho Park from Seoul, Korea	2009-04-18 09:31	taken	Category:Government of Hanoi
105754979	File:Hanoi Master Plan 1st Report (3527528746).jpg	Nam-ho Park from Seoul, Korea	2009-04-18 09:34	taken	Category:Government of Hanoi
105755012	File:Hanoi Master Plan 1st Report (3527539482).jpg	Nam-ho Park from Seoul, Korea	2009-04-18 14:01	taken	Category:Government of Hanoi
105755021	File:Hanoi Master Plan 1st Report (3527532924).jpg	Nam-ho Park from Seoul, Korea	2009-04-18 10:18	taken	Category:Government of Hanoi
105755034	File:Hanoi Master Plan 1st Report (3527540402).jpg	Nam-ho Park from Seoul, Korea	2009-04-18 14:04	taken	Category:Government of Hanoi
105755102	File:Hanoi Master Plan 1st Report (3527541338).jpg	Nam-ho Park from Seoul, Korea	2009-04-24 15:21	taken	Category:Government of Hanoi
105755132	File:Hanoi Master Plan 1st Report (3527546420).jpg	Nam-ho Park from Seoul, Korea	2009-04-24 16:02	taken	Category:Government of Hanoi
105755162	File:Hanoi Master Plan 1st Report (3527547414).jpg	Nam-ho Park from Seoul, Korea	2009-04-24 19:14	taken	Category:Government of Hanoi
105755187	File:Hanoi Master Plan 1st Report (3526802345).jpg	Nam-ho Park from Seoul, Korea	2009-04-24 19:16	taken	Category:Government of Hanoi
105755205	File:Hanoi Master Plan 1st Report (3527619330).jpg	Nam-ho Park from Seoul, Korea	2009-04-24 19:23	taken	Category:Government of Hanoi
105755277	File:Hanoi Master Plan 1st Report (3527623060).jpg	Nam-ho Park from Seoul, Korea	2009-04-24 19:24	taken	Category:Government of Hanoi
26363865	File:BUDDIST TEMPLE HA NOI VIETNAM FEB 2012 (7017129385).jpg	calflier001	2012-02-06 08:20	taken	Category:Geography of Hanoi
29915271	File:Hồ Đồng đò.jpg	Newmanhanoi	2013-01-27 09:01:55	taken	Category:Geography of Hanoi
30026244	File:Hồ Đồng Đò mùa xuân.jpg	Newmanhanoi	2013-02-12 10:02:37	taken	Category:Geography of Hanoi
30026247	File:Bơi lội trên hồ Đồng Đò.jpg	Newmanhanoi	2013-10-13 11:37:08	taken	Category:Geography of Hanoi
37247051	File:Hanoi Vietnam Mausoleum-of-Ho-Chi-Minh-01.jpg	CEphoto, Uwe Aranas	2011-05-10	taken	Category:Quality images of Hanoi
37247106	File:Hanoi Vietnam Mausoleum-of-Ho-Chi-Minh-02.jpg	CEphoto, Uwe Aranas	2011-05-10	taken	Category:Quality images of Hanoi
37247271	File:Hanoi Vietnam The-omnipresent-plastic-chairs-01.jpg	CEphoto, Uwe Aranas	2011-05-10	taken	Category:Quality images of Hanoi
37249119	File:Hanoi Vietnam Thang-Long-Water-Puppet-Theatre-01.jpg	CEphoto, Uwe Aranas	2011-05-09	taken	Category:Quality images of Hanoi
37249190	File:Hanoi Vietnam Temple-of-the-Jade-Mountain-01.jpg	CEphoto, Uwe Aranas	2011-05-09	taken	Category:Quality images of Hanoi
40535728	File:Hanoi Vietnam Đoan-môn-01.jpg	CEphoto, Uwe Aranas	2011-05-10	taken	Category:Quality images of Hanoi
40536676	File:Hanoi Vietnam Shops-in-Hanoi-02.jpg	CEphoto, Uwe Aranas	2011-05-11	taken	Category:Quality images of Hanoi
49382729	File:Hanoi Vietnam Houses-in-Hoàn-Kiếm-District-01.jpg	CEphoto, Uwe Aranas	2011-05-11	taken	Category:Quality images of Hanoi
49559249	File:Hanoi Vietnam Ho-Chi-Minh-Museum-01.jpg	CEphoto, Uwe Aranas	2011-05-10	taken	Category:Quality images of Hanoi
49576877	File:Hanoi Vietnam Ho-Chi-Minh-Museum-02.jpg	CEphoto, Uwe Aranas	2011-05-10	taken	Category:Quality images of Hanoi
49577421	File:Hanoi Vietnam Mausoleum-of-Ho-Chi-Minh-03.jpg	CEphoto, Uwe Aranas	2011-05-10	taken	Category:Quality images of Hanoi
49606754	File:Hanoi Vietnam Shrine-at-Hoàn-Kiếm-Lake-01.jpg	CEphoto, Uwe Aranas	2011-05-09	taken	Category:Quality images of Hanoi
87350379	File:Hanoi panoramic view from Lotte 3.jpg	kallerna	2020-01-06 12:25	taken	Category:Quality images of Hanoi
87403261	File:Lotte Hanoi.jpg	kallerna	2020-01-06 12:15:44	taken	Category:Quality images of Hanoi
113075663	File:20190701g20 18.jpg	内閣官房内閣広報室	2019-07-01 11:56:26	taken	Category:Nguyễn Đức Chung
117377160	File:Nguyenducchung.jpg	CHUYÊN MỤC VNEWS	2019-02-24	taken	Category:Nguyễn Đức Chung
194386251	File:Sergey Sobyanin and Nguyễn Đức Chung 02.jpg	Денис Гришкин	Taken on 23 May 2019	taken	Category:Nguyễn Đức Chung
194386252	File:Sergey Sobyanin and Nguyễn Đức Chung 03.jpg	Денис Гришкин	Taken on 23 May 2019	taken	Category:Nguyễn Đức Chung
194386256	File:Sergey Sobyanin and Nguyễn Đức Chung 04.jpg	Денис Гришкин	Taken on 23 May 2019	taken	Category:Nguyễn Đức Chung
194386258	File:Sergey Sobyanin and Nguyễn Đức Chung 01.jpg	Денис Гришкин	Taken on 23 May 2019	taken	Category:Nguyễn Đức Chung
197867348	File:Cây tưởng niệm 55.png	Alitterfrog	2026-08-20	taken	Category:2025 Hanoi car crash
198120389	File:Cây 55 BMW NSC.png	Vinh Lam	2026-08-25 00:51:47	taken	Category:2025 Hanoi car crash
41110	File:Vietnam Hanoi HoChiMinhMausoleum.jpg		2005-01-11T06:30:56Z	uploaded	Category:Ho Chi Minh Mausoleum
450226	File:Mausolee ho chi minh.jpg	No machine-readable author provided. Mammique assumed (based on copyright claims).	16 August 2003 (according to <span lang=	taken	Category:Ho Chi Minh Mausoleum
564567	File:Vietnam Ho Chi Minh Mausoleum.jpg	Thomas Schoch	2004-12-27	taken	Category:Ho Chi Minh Mausoleum
619489	File:Hochiminh mausoleum.jpg		2006-03-07T23:50:45Z	uploaded	Category:Ho Chi Minh Mausoleum
1217647	File:HoChiMinhMausoleum.JPG	No machine-readable author provided. AlfredBoc assumed (based on copyright claims).	"17 March 2004 (according to <span lang="""	taken	Category:Ho Chi Minh Mausoleum
2975175	File:HCM Mausoleum.jpg	Ondřej Žváček	2005-11-03	taken	Category:Ho Chi Minh Mausoleum
3004479	File:Ba Dinh Square.jpg	shunei1506	2007-06-15 06:01	taken	Category:Ho Chi Minh Mausoleum
3122961	File:Ho Chi Minh Mausoleum 2006.jpg	Rungbachduong	2006-01-29	taken	Category:Ho Chi Minh Mausoleum
3135202	File:Ba Dinh Square 2007.jpg	Rungbachduong	2007-08	taken	Category:Ho Chi Minh Mausoleum
4460012	File:Ho chi minh mausoleum.jpg	Gregor Dodson	2007-08-08 10:47:03	taken	Category:Ho Chi Minh Mausoleum
5198265	File:Mausolée de Hô Chi Minh.jpg	Jérémy Couture	2008-07-16 03:58:38	taken	Category:Ho Chi Minh Mausoleum
5606729	File:Ho Chi Minh tomb.jpg	piotrr	2008-12-31T08:50:10Z	uploaded	Category:Ho Chi Minh Mausoleum
5627524	File:Ho chi minh mausoleum 2.jpg	kinjosan	2009-01-03T09:11:49Z	uploaded	Category:Ho Chi Minh Mausoleum
5677575	File:Ho Chi Minh Mausoleum at night.jpg	taylorandayumi	2008-07-14 23:02:05	taken	Category:Ho Chi Minh Mausoleum
8423469	File:Lang HCM SuonPhai.JPG	Bùi Thế Tâm	2008-11-29	taken	Category:Ho Chi Minh Mausoleum
8423481	File:Lang HCM Tre.JPG	Bùi Thế Tâm	2008-11-29	taken	Category:Ho Chi Minh Mausoleum
10906403	File:Quảng trường Ba Đình về đêm.JPG	Nguyễn Thanh Quang	2010-01-31	taken	Category:Ho Chi Minh Mausoleum
10910326	File:Ho Chi Minh Mausoleum Vietnam 278.jpg	Eric Pesik	2008-12-29 21:45:15	taken	Category:Ho Chi Minh Mausoleum
12105102	File:Mausolee 517.jpg	Viault	2010-11-20T18:57:37Z	uploaded	Category:Ho Chi Minh Mausoleum
12105137	File:Mausolee 519.jpg	Viault	1993	taken	Category:Ho Chi Minh Mausoleum
15276340	File:Ho Chi Minh mausoleum 0322.JPG	Gryffindor	2008	taken	Category:Ho Chi Minh Mausoleum
15276356	File:Ho Chi Minh mausoleum 0321.JPG	Gryffindor	2008	taken	Category:Ho Chi Minh Mausoleum
15506440	File:Dmitry Medvedev in Vietnam 31 October 2010-2.jpeg	Presidential Press and Information Office	Taken on 31 October 2010	taken	Category:Ho Chi Minh Mausoleum
16881930	File:Lăng Bác.JPG	Casablanca1911 at vi.wikipedia	29 January 2006 (original upload date)	taken	Category:Ho Chi Minh Mausoleum
17286763	File:Ho Chi Minh Mausoleum - 2003.jpg	Benoît Prieur	2003	taken	Category:Ho Chi Minh Mausoleum
17289637	File:Ho Chi Minh Mausolée - 2003.jpg	Benoît Prieur	2003	taken	Category:Ho Chi Minh Mausoleum
17514737	File:Ho Chi Minh Mausoleum 1.jpg	Jrwooley6	2008-08-03	taken	Category:Ho Chi Minh Mausoleum
17515387	File:Ho Chi Minh Mausoleum 2.jpg	Dennis G. Jarvis	2009-01-31 03:41:37	taken	Category:Ho Chi Minh Mausoleum
18493992	File:Ho Chi Minh Mausoleum in Hanoi3.JPG	Chitra sivakumar	2012-01-14	taken	Category:Ho Chi Minh Mausoleum
18494000	File:Ho Chi Minh Mausoleum in Hanoi2.JPG	Chitra sivakumar	2012-01-14	taken	Category:Ho Chi Minh Mausoleum
18494001	File:Ho Chi Minh Mausoleum in Hanoi1.JPG	Chitra sivakumar	2012-01-14	taken	Category:Ho Chi Minh Mausoleum
18494002	File:Ho Chi Minh Mausoleum in Hanoi0.JPG	Chitra sivakumar	2012-01-14	taken	Category:Ho Chi Minh Mausoleum
20846769	File:Ho Chi Minh Mausoleum - 28042012.jpg	Garnershiqian	2012-04-28	taken	Category:Ho Chi Minh Mausoleum
22547348	File:Ho Chi Minh Mausoleum.JPG	User: (WT-shared) Shoestring at  wts wikivoyage	10 July 2007 (original upload date)	taken	Category:Ho Chi Minh Mausoleum
22918411	File:Ho Chi Minh Mausoleum-original-5.jpg	kkinjo	2008-04-30	taken	Category:Ho Chi Minh Mausoleum
22958995	File:Vn-hanoi-ho-chi-minh-mausoleum-03-08-07.jpg	Bgabel	03.08.07	taken	Category:Ho Chi Minh Mausoleum
23297451	File:HCM Mausoleum.JPG	User: (WT-shared) Daniel6651 at  wts wikivoyage	15 September 2006 (original upload date)	taken	Category:Ho Chi Minh Mausoleum
23301694	File:Ho Chi Minh Mausoleum-Hanoi-Vietnam.JPG	Ecow	2012-12-22 12:40:05	taken	Category:Ho Chi Minh Mausoleum
23331910	File:HAN-HCM-Mausoleum.jpg	Srml	Taken on 30 November 2003	taken	Category:Ho Chi Minh Mausoleum
23906347	File:Lăng chủ tịch Hồ Chí Minh về đêm.jpg	Hoangvantoanajc	2011-11-28 20:06:13	taken	Category:Ho Chi Minh Mausoleum
26363633	File:HO CHI MINH MAUSOLEUM HANOI VIETNAM FEB 2012 (6911628746).jpg	calflier001	2012-02-06 08:46	taken	Category:Ho Chi Minh Mausoleum
26364431	File:HO CHI MINH MAUSOLEUM HA NOI VIETNAM FEB 2012 (6979089169).jpg	calflier001	2012-02-06 08:29	taken	Category:Ho Chi Minh Mausoleum
27401210	File:Lăng Chủ tịch Hồ Chí Minh.jpg	https://www.flickr.com/photos/jlascar/4550322359/sizes/o/in/set-72157625235274706/ Jorge Láscar	2013-07-23 18:30:12	taken	Category:Ho Chi Minh Mausoleum
28861205	File:Ho Chi Minh Mausoleum Hanoi Vietnam.JPG	Grossbildjaeger	2006-02-18 09:34:29	taken	Category:Ho Chi Minh Mausoleum
30103264	File:Visita y ofrenda floral en el Mausuleo del Presidente Ho Chi Minh (9112557021).jpg	Cancillería Ecuador from Ecuador	2013-06-22 20:58	taken	Category:Ho Chi Minh Mausoleum
30103268	File:Visita y ofrenda floral en el Mausuleo del Presidente Ho Chi Minh (9114782456).jpg	Cancillería Ecuador from Ecuador	2013-06-22 20:59	taken	Category:Ho Chi Minh Mausoleum
30103269	File:Visita y ofrenda floral en el Mausuleo del Presidente Ho Chi Minh (9114784438).jpg	Cancillería Ecuador from Ecuador	2013-06-22 21:01	taken	Category:Ho Chi Minh Mausoleum
30103270	File:Visita y ofrenda floral en el Mausuleo del Presidente Ho Chi Minh (9114781968).jpg	Cancillería Ecuador from Ecuador	2013-06-22 20:58	taken	Category:Ho Chi Minh Mausoleum
30103271	File:Visita y ofrenda floral en el Mausuleo del Presidente Ho Chi Minh (9112559893).jpg	Cancillería Ecuador from Ecuador	2013-06-22 21:00	taken	Category:Ho Chi Minh Mausoleum
30103274	File:Visita y ofrenda floral en el Mausuleo del Presidente Ho Chi Minh (9112561519).jpg	Cancillería Ecuador from Ecuador	2013-06-22 21:02	taken	Category:Ho Chi Minh Mausoleum
30103275	File:Visita y ofrenda floral en el Mausuleo del Presidente Ho Chi Minh (9112563135).jpg	Cancillería Ecuador from Ecuador	2013-06-22 21:09	taken	Category:Ho Chi Minh Mausoleum
30103276	File:Visita y ofrenda floral en el Mausuleo del Presidente Ho Chi Minh (9112562767).jpg	Cancillería Ecuador from Ecuador	2013-06-22 21:08	taken	Category:Ho Chi Minh Mausoleum
30103277	File:Visita y ofrenda floral en el Mausuleo del Presidente Ho Chi Minh (9114785784).jpg	Cancillería Ecuador from Ecuador	2013-06-22 21:02	taken	Category:Ho Chi Minh Mausoleum
30103280	File:Visita y ofrenda floral en el Mausuleo del Presidente Ho Chi Minh (9112564803).jpg	Cancillería Ecuador from Ecuador	2013-06-22 21:10	taken	Category:Ho Chi Minh Mausoleum
30103281	File:Visita y ofrenda floral en el Mausuleo del Presidente Ho Chi Minh (9114787950).jpg	Cancillería Ecuador from Ecuador	2013-06-22 21:10	taken	Category:Ho Chi Minh Mausoleum
30103283	File:Visita y ofrenda floral en el Mausuleo del Presidente Ho Chi Minh (9114787568).jpg	Cancillería Ecuador from Ecuador	2013-06-22 21:09	taken	Category:Ho Chi Minh Mausoleum
30103284	File:Visita y ofrenda floral en el Mausuleo del Presidente Ho Chi Minh (9114788648).jpg	Cancillería Ecuador from Ecuador	2013-06-22 21:10	taken	Category:Ho Chi Minh Mausoleum
30103286	File:Visita y ofrenda floral en el Mausuleo del Presidente Ho Chi Minh (9114780576).jpg	Cancillería Ecuador from Ecuador	2013-06-22 21:14	taken	Category:Ho Chi Minh Mausoleum
30103287	File:Visita y ofrenda floral en el Mausuleo del Presidente Ho Chi Minh (9114779184).jpg	Cancillería Ecuador from Ecuador	2013-06-22 21:16	taken	Category:Ho Chi Minh Mausoleum
30103288	File:Visita y ofrenda floral en el Mausuleo del Presidente Ho Chi Minh (9112555737).jpg	Cancillería Ecuador from Ecuador	2013-06-22 21:14	taken	Category:Ho Chi Minh Mausoleum
31409444	File:2012 Ho Chi Minh Mausoleum.jpg	Kjetil Ree	2012-12	taken	Category:Ho Chi Minh Mausoleum
36198833	File:Ho Chi Minh mausoleum (368972063).jpg	Hector Garcia from Barcelona, Catalonia, Spain	2007-01-20 10:04	taken	Category:Ho Chi Minh Mausoleum
36198836	File:National flag (368974792).jpg	Hector Garcia from Barcelona, Catalonia, Spain	2007-01-20 10:05	taken	Category:Ho Chi Minh Mausoleum
39738724	File:Ho Chi Minh Mausoleum from the front.JPG	Lars Curfs (Grashoofd)	2012-07-08	taken	Category:Ho Chi Minh Mausoleum
42709281	File:Mausoleo de Ho Chi Minh.JPG	Cvbr	2009-08-22	taken	Category:Ho Chi Minh Mausoleum
47036240	File:Ho Chi Minh Mausoleum, Hanoi Vietnam.jpg	EurovisionNim	2015-12-31 14:47:23	taken	Category:Ho Chi Minh Mausoleum
48699854	File:Lăng CT Hồ Chí Minh.jpg	Bùi Thụy Đào Nguyên	2016-04-12 05:22:58	taken	Category:Ho Chi Minh Mausoleum
50247267	File:Gifts displayed in the Ho Chi Minh Museum that Ho Chi Minh received from the Ha Tay province.jpg	Cookie Nguyen	2016-06-02 14:55:56	taken	Category:Ho Chi Minh Mausoleum
54689760	File:Ho Chi minh mausoleum.jpg	RandiJohn	30 December 2016 (according to <span lan	taken	Category:Ho Chi Minh Mausoleum
54689775	File:Ho Chi minh mausoleum 2.jpg	RandiJohn	30 December 2016 (according to <span lan	taken	Category:Ho Chi Minh Mausoleum
54689827	File:Ho Chi minh mausoleum 3.jpg	RandiJohn	30 December 2016 (according to <span lan	taken	Category:Ho Chi Minh Mausoleum
54689836	File:Ho Chi minh mausoleum 4.jpg	RandiJohn	30 December 2016 (according to <span lan	taken	Category:Ho Chi Minh Mausoleum
54689841	File:Ho Chi minh mausoleum 5.jpg	RandiJohn	30 December 2016 (according to <span lan	taken	Category:Ho Chi Minh Mausoleum
61636437	File:ICHanoi01.jpg	Ziegler175	2000-11	taken	Category:Ho Chi Minh Mausoleum
61636442	File:ICHanoi02.jpg	Ziegler175	2000-11	taken	Category:Ho Chi Minh Mausoleum
61636449	File:ICHanoi03.jpg	Ziegler175	2000-11	taken	Category:Ho Chi Minh Mausoleum
64218177	File:Ho Chi Minh Mausoleum, Hanoi (2) (37779696144).jpg	Richard Mortel from Riyadh, Saudi Arabia	Taken on 4 November 2017, 09:29	taken	Category:Ho Chi Minh Mausoleum
64218180	File:Ho Chi Minh Mausoleum, Hanoi (3) (24622750848).jpg	Richard Mortel from Riyadh, Saudi Arabia	Taken on 4 November 2017, 09:29	taken	Category:Ho Chi Minh Mausoleum
64218188	File:Ho Chi Minh Mausoleum, Hanoi (1) (37608155945).jpg	Richard Mortel from Riyadh, Saudi Arabia	Taken on 4 November 2017, 09:29	taken	Category:Ho Chi Minh Mausoleum
64218191	File:Ho Chi Minh Mausoleum, Hanoi (7) (37608104815).jpg	Richard Mortel from Riyadh, Saudi Arabia	Taken on 4 November 2017, 09:41	taken	Category:Ho Chi Minh Mausoleum
64218196	File:Ho Chi Minh Mausoleum, Hanoi (6) (38494866801).jpg	Richard Mortel from Riyadh, Saudi Arabia	Taken on 4 November 2017, 09:39	taken	Category:Ho Chi Minh Mausoleum
64218202	File:Ho Chi Minh Mausoleum, Hanoi (4) (37608135225).jpg	Richard Mortel from Riyadh, Saudi Arabia	Taken on 4 November 2017, 09:38	taken	Category:Ho Chi Minh Mausoleum
64218205	File:Ho Chi Minh Mausoleum, Hanoi (5) (38494888101).jpg	Richard Mortel from Riyadh, Saudi Arabia	Taken on 4 November 2017, 09:38	taken	Category:Ho Chi Minh Mausoleum
66631794	File:HCM Mausoleum- closed as his preserved body wan't it (31454165115).jpg	shankar s. from Dubai, united arab emirates	2016-11-01 00:00	taken	Category:Ho Chi Minh Mausoleum
66995396	File:Ho Chi Minh Mausoleum (3492161368).jpg	Dennis G. Jarvis	2009-01-31 03:39	taken	Category:Ho Chi Minh Mausoleum
68131426	File:Ho Chi Minh Mausoleum 2018.jpg	Jp16103	2018-03-12 23:11:17	taken	Category:Ho Chi Minh Mausoleum
69181813	File:Ho Chi Minh's mausoleum (4856309286).jpg	Caitriana Nicholson from 北京 ~ Beijing, 中国 ~ China	2010-07-27 13:15	taken	Category:Ho Chi Minh Mausoleum
69181822	File:Ho Chi Minh's mausoleum (4856308670).jpg	Caitriana Nicholson from 北京 ~ Beijing, 中国 ~ China	2010-07-27 12:50	taken	Category:Ho Chi Minh Mausoleum
69181823	File:Ho Chi Minh's mausoleum (4855692589).jpg	Caitriana Nicholson from 北京 ~ Beijing, 中国 ~ China	2010-07-27 13:49	taken	Category:Ho Chi Minh Mausoleum
69181838	File:Ho Chi Minh's mausoleum (4856310156).jpg	Caitriana Nicholson from 北京 ~ Beijing, 中国 ~ China	2010-07-27 13:49	taken	Category:Ho Chi Minh Mausoleum
69498949	File:Rear view of Ho Chi Minh Mausoleum.jpg	Clément Chevallier	2018-05-23 10:03:29	taken	Category:Ho Chi Minh Mausoleum
71628139	File:The President, Smt. Pratibha Devisingh Patil at the Ho Chi Minh Mausoleum to lay wreath, in Hanoi, Vietnam on November 28, 2008.jpg	President's Secretariat	2008-11-28 08:43:56	taken	Category:Ho Chi Minh Mausoleum
71628140	File:The President, Smt. Pratibha Devisingh Patil laying wreath at the Ho Chi Minh Mausoleum, in Hanoi, Vietnam on November 28, 2008.jpg	President's Secretariat	2008-11-28 08:46:06	taken	Category:Ho Chi Minh Mausoleum
76953192	File:President Trump's Trip to Vietnam (47228688011).jpg	The White House from Washington, DC	Taken on 27 February 2019	taken	Category:Ho Chi Minh Mausoleum
77915874	File:Ho Chi Minh Mausoleum (1).jpg	Przemek P	2010-04-10 06:47:28	taken	Category:Ho Chi Minh Mausoleum
81178351	File:Faurie - Ofrenda floral a Ho Chi Minh.jpg	Cancillería Argentina	2018-07-31 09:43:34	taken	Category:Ho Chi Minh Mausoleum
86305155	File:Hanoi, Vietnam, Ba Dinh Square.jpg	Vyacheslav Argenberg	2008-03-13 15:53:25	taken	Category:Ho Chi Minh Mausoleum
86305156	File:Hanoi, Vietnam, The Ho Chi Minh Mausoleum.jpg	Vyacheslav Argenberg	2008-03-13 15:44:55	taken	Category:Ho Chi Minh Mausoleum
86305157	File:Hanoi, Vietnam, Ba Dinh Square and Ho Chi Minh Mausoleum.jpg	Vyacheslav Argenberg	2008-03-13 12:11:42	taken	Category:Ho Chi Minh Mausoleum
86305159	File:Hanoi, Vietnam, Ho Chi Minh Mausoleum on Ba Dinh Square.jpg	Vyacheslav Argenberg	2008-03-13 15:53:55	taken	Category:Ho Chi Minh Mausoleum
88564363	File:Ho Chi Minh Mausoleum in Hanoi front left.jpg	User:ElectricLemon	4 December 2007 (original upload date)	taken	Category:Ho Chi Minh Mausoleum
93787305	File:Gardeners in the Ho Chi Minh Mausoleum - Vietnam (15860257192).jpg	Esin Üstün from Istanbul, Turkey	2014-10-31 04:47	taken	Category:Ho Chi Minh Mausoleum
94065725	File:LangchutichHoChiMinh2015.jpg	vi:User:Bdanh	2017-11-21T03:56:31Z	uploaded	Category:Ho Chi Minh Mausoleum
105753353	File:Hanoi (2824000229).jpg	Nam-ho Park from Seoul, Korea	2008-08-29 19:58	taken	Category:Ho Chi Minh Mausoleum
105753463	File:Hanoi (2824836328).jpg	Nam-ho Park from Seoul, Korea	2008-08-29 18:54	taken	Category:Ho Chi Minh Mausoleum
105755591	File:Ho Chi Minh Mausoleum, Hanoi (44478563260).jpg	Isabell Schulz	Taken on 11 December 2018, 16:06	taken	Category:Ho Chi Minh Mausoleum
105755601	File:Ho Chi Minh Mausoleum, Hanoi (44478563270).jpg	Isabell Schulz	Taken on 11 December 2018, 16:02	taken	Category:Ho Chi Minh Mausoleum
105770452	File:Ho Chi Minh-Mausoleum (6922856964).jpg	Cornelius Kibelka from Berlin, Germany	2011-03-24 02:54	taken	Category:Ho Chi Minh Mausoleum
105770459	File:Ho Chi Minh ohne Kinder (7068937045).jpg	Cornelius Kibelka from Berlin, Germany	2011-03-24 02:42	taken	Category:Ho Chi Minh Mausoleum
105770462	File:Ho-Chi-Minh-Museum (7068924485).jpg	Cornelius Kibelka from Berlin, Germany	2011-03-24 02:07	taken	Category:Ho Chi Minh Mausoleum
108169366	File:Ho Chi Minh Mausoleum (26040058740).jpg	katiebordner	2015-12-27 05:01	taken	Category:Ho Chi Minh Mausoleum
109276473	File:Hanoi day 2-2 (42633364232).jpg	rhjpage	2018-03-08 12:28	taken	Category:Ho Chi Minh Mausoleum
109276476	File:Hanoi day 2 (42633365842).jpg	rhjpage	2018-03-08 12:23	taken	Category:Ho Chi Minh Mausoleum
110750666	File:Hanoi, Vietnam (49538745516).jpg	flowcomm	2020-02-15 07:00	taken	Category:Ho Chi Minh Mausoleum
110750680	File:Hanoi, Vietnam (49538245913).jpg	flowcomm	2020-02-15 07:01	taken	Category:Ho Chi Minh Mausoleum
110750727	File:Hanoi, Vietnam (49538209258).jpg	flowcomm	2020-02-15 05:48	taken	Category:Ho Chi Minh Mausoleum
110750740	File:Hanoi, Vietnam (49538909257).jpg	flowcomm	2020-02-15 05:48	taken	Category:Ho Chi Minh Mausoleum
110750745	File:Hanoi, Vietnam (49538633016).jpg	flowcomm	2020-02-15 05:25	taken	Category:Ho Chi Minh Mausoleum
110763910	File:Ho Chi Minh mausoleum (39406729845).jpg	Mig Gilbert from Brighton	2018-01-30 10:12	taken	Category:Ho Chi Minh Mausoleum
110763915	File:Ho Chi Minh Mausoleum (39406723295).jpg	Mig Gilbert from Brighton	2018-01-30 10:15	taken	Category:Ho Chi Minh Mausoleum
110763917	File:Ho Chi Minh mausoleum (39406726315).jpg	Mig Gilbert from Brighton	2018-01-30 10:14	taken	Category:Ho Chi Minh Mausoleum
110763919	File:Ho Chi Minh mausoleum (39406720315).jpg	Mig Gilbert from Brighton	2018-01-30 10:15	taken	Category:Ho Chi Minh Mausoleum
112436656	File:Ho Chi Minh mausoleum in 2003.jpg	Syced	3 September 2003 (according to <span lan	taken	Category:Ho Chi Minh Mausoleum
112436661	File:Ho Chi Minh mausoleum in 2003 2.jpg	Syced	3 September 2003 (according to <span lan	taken	Category:Ho Chi Minh Mausoleum
113101476	File:Ho Chi Minh mausoleum, July 2003, Hanoi.jpg	Syced	"26 July 2003 (according to <span lang=""e"	taken	Category:Ho Chi Minh Mausoleum
113101479	File:Ho Chi Minh mausoleum, July 2003, Hanoi 2.jpg	Syced	"26 July 2003 (according to <span lang=""e"	taken	Category:Ho Chi Minh Mausoleum
113101483	File:Ho Chi Minh mausoleum, July 2003, Hanoi 3.jpg	Syced	"26 July 2003 (according to <span lang=""e"	taken	Category:Ho Chi Minh Mausoleum
113101486	File:Ho Chi Minh mausoleum, July 2003, Hanoi 4.jpg	Syced	"26 July 2003 (according to <span lang=""e"	taken	Category:Ho Chi Minh Mausoleum
113101492	File:Ho Chi Minh mausoleum, July 2003, Hanoi 5.jpg	Syced	"26 July 2003 (according to <span lang=""e"	taken	Category:Ho Chi Minh Mausoleum
113101495	File:Ho Chi Minh mausoleum, July 2003, Hanoi 6.jpg	Syced	"26 July 2003 (according to <span lang=""e"	taken	Category:Ho Chi Minh Mausoleum
113101500	File:Ho Chi Minh mausoleum, July 2003, Hanoi 7.jpg	Syced	"26 July 2003 (according to <span lang=""e"	taken	Category:Ho Chi Minh Mausoleum
113101504	File:Ho Chi Minh mausoleum, July 2003, Hanoi 8.jpg	Syced	"26 July 2003 (according to <span lang=""e"	taken	Category:Ho Chi Minh Mausoleum
113101508	File:Ho Chi Minh mausoleum, July 2003, Hanoi 9.jpg	Syced	"26 July 2003 (according to <span lang=""e"	taken	Category:Ho Chi Minh Mausoleum
113101513	File:Ho Chi Minh mausoleum, July 2003, Hanoi 10.jpg	Syced	"26 July 2003 (according to <span lang=""e"	taken	Category:Ho Chi Minh Mausoleum
113101521	File:Ho Chi Minh mausoleum, July 2003, Hanoi 11.jpg	Syced	"26 July 2003 (according to <span lang=""e"	taken	Category:Ho Chi Minh Mausoleum
113101526	File:Ho Chi Minh mausoleum, July 2003, Hanoi 12.jpg	Syced	"26 July 2003 (according to <span lang=""e"	taken	Category:Ho Chi Minh Mausoleum
113101534	File:Ho Chi Minh mausoleum, July 2003, Hanoi 13.jpg	Syced	"26 July 2003 (according to <span lang=""e"	taken	Category:Ho Chi Minh Mausoleum
113101539	File:Ho Chi Minh mausoleum, July 2003, Hanoi 14.jpg	Syced	"26 July 2003 (according to <span lang=""e"	taken	Category:Ho Chi Minh Mausoleum
113101548	File:Ho Chi Minh mausoleum, July 2003, Hanoi 15.jpg	Syced	"26 July 2003 (according to <span lang=""e"	taken	Category:Ho Chi Minh Mausoleum
113101551	File:Ho Chi Minh mausoleum, July 2003, Hanoi 16.jpg	Syced	"26 July 2003 (according to <span lang=""e"	taken	Category:Ho Chi Minh Mausoleum
113101554	File:Ho Chi Minh mausoleum, July 2003, Hanoi 17.jpg	Syced	"26 July 2003 (according to <span lang=""e"	taken	Category:Ho Chi Minh Mausoleum
113101561	File:Ho Chi Minh mausoleum, July 2003, Hanoi 18.jpg	Syced	"26 July 2003 (according to <span lang=""e"	taken	Category:Ho Chi Minh Mausoleum
113101564	File:Ho Chi Minh mausoleum, July 2003, Hanoi 19.jpg	Syced	"26 July 2003 (according to <span lang=""e"	taken	Category:Ho Chi Minh Mausoleum
113101570	File:Ho Chi Minh mausoleum, July 2003, Hanoi 20.jpg	Syced	"26 July 2003 (according to <span lang=""e"	taken	Category:Ho Chi Minh Mausoleum
113101577	File:Ho Chi Minh mausoleum, July 2003, Hanoi 21.jpg	Syced	"26 July 2003 (according to <span lang=""e"	taken	Category:Ho Chi Minh Mausoleum
113101582	File:Ho Chi Minh mausoleum, July 2003, Hanoi 22.jpg	Syced	"26 July 2003 (according to <span lang=""e"	taken	Category:Ho Chi Minh Mausoleum
113101589	File:Ho Chi Minh mausoleum, July 2003, Hanoi 23.jpg	Syced	"26 July 2003 (according to <span lang=""e"	taken	Category:Ho Chi Minh Mausoleum
113101592	File:Ho Chi Minh mausoleum, July 2003, Hanoi 24.jpg	Syced	"26 July 2003 (according to <span lang=""e"	taken	Category:Ho Chi Minh Mausoleum
113101602	File:Ho Chi Minh mausoleum, July 2003, Hanoi 25.jpg	Syced	"26 July 2003 (according to <span lang=""e"	taken	Category:Ho Chi Minh Mausoleum
113101618	File:Ho Chi Minh mausoleum, July 2003, Hanoi 26.jpg	Syced	"26 July 2003 (according to <span lang=""e"	taken	Category:Ho Chi Minh Mausoleum
113101622	File:Ho Chi Minh mausoleum, July 2003, Hanoi 27.jpg	Syced	"26 July 2003 (according to <span lang=""e"	taken	Category:Ho Chi Minh Mausoleum
113101629	File:Ho Chi Minh mausoleum, July 2003, Hanoi 28.jpg	Syced	"26 July 2003 (according to <span lang=""e"	taken	Category:Ho Chi Minh Mausoleum
113101633	File:Ho Chi Minh mausoleum, July 2003, Hanoi 29.jpg	Syced	"26 July 2003 (according to <span lang=""e"	taken	Category:Ho Chi Minh Mausoleum
113101778	File:Ho Chi Minh mausoleum, July 2003, Hanoi 30.jpg	Syced	"26 July 2003 (according to <span lang=""e"	taken	Category:Ho Chi Minh Mausoleum
123867744	File:Quảng trường Ba Đình - NKS.jpg	NKSTTSSHNVN	2022-10-07	taken	Category:Ho Chi Minh Mausoleum
123867866	File:Lăng Bác - NKS.jpg	NKSTTSSHNVN	2022-10-07	taken	Category:Ho Chi Minh Mausoleum
126644469	File:VietnamHoChiMinh03.jpg	Jens Weckmann, Rainer Zenz	2004-08-13	taken	Category:Ho Chi Minh Mausoleum
126644486	File:VietnamHoChiMin2.jpg	Jens Weckmann	2004-08-13	taken	Category:Ho Chi Minh Mausoleum
126644552	File:VietnamHoChiMin.jpg	Jens Weckmann	2004-08-13	taken	Category:Ho Chi Minh Mausoleum
127164692	File:石大使瑞琦向越南胡志明主席陵寢獻花致意.jpg	駐越南台北經濟文化辦事處	2016-02-18	taken	Category:Ho Chi Minh Mausoleum
140016646	File:Ho Chi Minh Mausoleum (35326218683).jpg	Hòa Nguyễn	2017-07-23 13:39	taken	Category:Ho Chi Minh Mausoleum
140580028	File:Ho Chi Minh Mausoleum (26936780921).jpg	Bex Walton from London, England	2016-05-03 11:37	taken	Category:Ho Chi Minh Mausoleum
142952191	File:Hanoi (1345312302).jpg	thalling55	2007-08-25 19:52:24	taken	Category:Ho Chi Minh Mausoleum
145321192	File:Vietnam 1999.Hanoi.Mausolée d'Ho Chi Minh (15).jpg	Rc1959	1999	taken	Category:Ho Chi Minh Mausoleum
145321195	File:Vietnam 1999.Hanoi.Mausolée d'Ho Chi Minh (33).jpg	Rc1959	1999	taken	Category:Ho Chi Minh Mausoleum
162586494	File:Mausoleum of Ho Chi Minh, February 2025.jpg	SerChevalerie	22 February 2025 (according to <span lan	taken	Category:Ho Chi Minh Mausoleum
190437990	File:Couple posing for the Ho Chi Minh Mausoleum (1).jpg	Hardscarf	2024-12-07 09:23:31	taken	Category:Ho Chi Minh Mausoleum
3101941	File:Cung văn hóa Hữu nghị Việt-Xô.jpg	thalling55	2007-08-28 20:47	taken	Category:Vietnam-Soviet Friendship Labor Cultural Palace
450205	File:Hanoi banque.jpg	No machine-readable author provided. Mammique assumed (based on copyright claims).	18 August 2003 (according to <span lang=	taken	Category:Banks in Hanoi
62661094	File:Ngan Hang Phuong Dong office in Hoan Kiem.jpg	Donald Trung	Taken on 6 September 2017, 08:44:47	taken	Category:Banks in Hanoi
62738260	File:Techcombank Hùng Vương (2017).jpg	Donald Trung	Taken on 10 September 2017, 17:00:37	taken	Category:Banks in Hanoi
62738261	File:Vietcombank Hùng Vương (2017).jpg	Donald Trung	Taken on 10 September 2017, 17:01:23	taken	Category:Banks in Hanoi
10419900	File:Hanoi Citadel 0337.JPG	Gryffindor	2008	taken	Category:Citadel of Hanoi
10419998	File:Hanoi Citadel 0342.JPG	Gryffindor	2008	taken	Category:Citadel of Hanoi
10420029	File:Hanoi Citadel 0343.JPG	Gryffindor	2008	taken	Category:Citadel of Hanoi
10420035	File:Hanoi Citadel 0344.JPG	Gryffindor	2008	taken	Category:Citadel of Hanoi
10420047	File:Hanoi Citadel 0345.JPG	Gryffindor	2008	taken	Category:Citadel of Hanoi
10420109	File:Hanoi Citadel 0346.JPG	Gryffindor	2008	taken	Category:Citadel of Hanoi
10420124	File:Hanoi Citadel 0347.JPG	Gryffindor	2008	taken	Category:Citadel of Hanoi
10422535	File:Hanoi Citadel 0350.JPG	Gryffindor	2008	taken	Category:Citadel of Hanoi
10422541	File:Hanoi Citadel 0351.JPG	Gryffindor	2008	taken	Category:Citadel of Hanoi
10422548	File:Hanoi Citadel 0352.JPG	Gryffindor	2008	taken	Category:Citadel of Hanoi
10432489	File:Hanoi Citadel 0356.JPG	Gryffindor	2008	taken	Category:Citadel of Hanoi
10432495	File:Hanoi Citadel 0358.JPG	Gryffindor	2008	taken	Category:Citadel of Hanoi
10432507	File:Hanoi Citadel 0360.JPG	Gryffindor	2008	taken	Category:Citadel of Hanoi
10432525	File:Hanoi Citadel 0362.JPG	Gryffindor	2008	taken	Category:Citadel of Hanoi
10432546	File:Hanoi Citadel 0365.JPG	Gryffindor	2008	taken	Category:Citadel of Hanoi
11233574	File:Hanoi Citadel2.jpg	Gryffindor	2008	taken	Category:Citadel of Hanoi
11516213	File:Hanoi Citadel3.jpg	"Hanoi_Citadel_0344.JPG: Gryffindor
Hanoi_Citadel_0345.JPG: Gryffindor
Hanoi_Citadel_0346.JPG: Gryffindor
Hanoi_Citadel_0"	2010-09-17 17:54	taken	Category:Citadel of Hanoi
16922983	File:Den Bach Ma.jpg	Viethavvh at vi.wikipedia	12 November 2007 (original upload date)	taken	Category:Citadel of Hanoi
18155968	File:Citadelle Hanoi un coin enceinte.jpg	Hocquard	2012-01-25	taken	Category:Citadel of Hanoi
18155971	File:Hanoi reduit de la citadelle.jpg	Hocquard	2012-01-25	taken	Category:Citadel of Hanoi
18155972	File:Hanoi une porte dela ville.jpg	Hocquard	2012-01-25	taken	Category:Citadel of Hanoi
18155979	File:Vue dela citadelle de Hanoi.jpg	Hocquard	2012-01-25	taken	Category:Citadel of Hanoi
18177716	File:Citadelle de Hanoï (Plan de Hanoï et de ses Environs).png	"Halais, Charles (1846-1918). Cartographe
Enguéhard, Raphaël (18..-....). Dessinateur
Simon, A. (18..-19.. ; graveur). Gr"	1891	taken	Category:Citadel of Hanoi
22042785	File:MapThangLong.png	Ori~	2012-10-13	taken	Category:Citadel of Hanoi
50486798	File:Citadelle de Hanoï (4).jpg	Guerinf	2016-04-22 23:31:26	taken	Category:Citadel of Hanoi
50486799	File:Citadelle de Hanoï (1).jpg	Guerinf	2016-04-23 00:20:12	taken	Category:Citadel of Hanoi
77883101	File:Ngói lưu ly ( ngói ống, ngói lòng máng, ngói âm dương) Việt Nam khai quật tại Hoàng Thành Thăng Long.jpg	Nguyenkhanh159	2019-04-09	taken	Category:Citadel of Hanoi
93712253	File:Bên trong thành Bắc Ninh.jpg	Bác Sĩ Hocquard (1853-1911)[2]	Hình chụp vào những năm 1884-1885.	taken	Category:Citadel of Hanoi
93823733	File:Đoan Môn.JPG	Duyphuong (thảo luận)	2 - 10 - 2010	taken	Category:Citadel of Hanoi
94043435	File:Dien Kinh Thien.jpg	Không rõ	2010-10-11T13:09:26Z	uploaded	Category:Citadel of Hanoi
95431745	File:Thăng Long Citadel Ruin.jpg	Smarthistory	2020-10-25	taken	Category:Citadel of Hanoi
97231120	File:Thanglong.jpg	Giakhanh2108	2020-12-03	taken	Category:Citadel of Hanoi
98130200	File:CitadelleHanoi1.jpg	A. Fernandinus (??-1888)	1877	taken	Category:Citadel of Hanoi
100922477	File:Decauville - Tonkin - Hà Nội, 1888-1891 - Porte Est de la Citadelle.jpg	Unknown photographer	"between 1888 and 1891<div style=""display"	taken	Category:Citadel of Hanoi
100923135	File:Tonkin - Hanoï - Escalier de l'ancienne Pagode Royale, Réduits de la Citadelle.jpg	Unknown photographer	"circa 1900<div style=""display: none;"">da"	taken	Category:Citadel of Hanoi
105754626	File:Hoang Thanh Historical Site (44506687740).jpg	Isabell Schulz	Taken on 14 December 2018, 14:49	taken	Category:Citadel of Hanoi
105754664	File:Thăng Long Imperial Citadel, Hanoi (45410691305).jpg	Isabell Schulz	Taken on 14 December 2018, 14:08	taken	Category:Citadel of Hanoi
105754668	File:Hoang Thanh Historical Site (46323170401).jpg	Isabell Schulz	Taken on 14 December 2018, 14:40	taken	Category:Citadel of Hanoi
105754682	File:Thăng Long Imperial Citadel, Hanoi (45410689965).jpg	Isabell Schulz	Taken on 14 December 2018, 14:05	taken	Category:Citadel of Hanoi
105754818	File:Thăng Long Imperial Citadel (32451244358).jpg	Isabell Schulz	Taken on 14 December 2018, 12:56	taken	Category:Citadel of Hanoi
106225217	File:Central Sector of the Imperial Citadel of Thang Long - Hanoi.jpg	katiebordner	2015-12-30 00:46:35	taken	Category:Citadel of Hanoi
108169376	File:Central Sector of the Imperial Citadel of Thang Long - Hanoi (26246667851).jpg	katiebordner	2015-12-30 00:38	taken	Category:Citadel of Hanoi
117957772	File:Bản vẽ thành Hà Nội.jpg	"Bản vẽ thành Nam Định 1912., www.hinhanhlichsu.org.
Bản vẽ thành Ninh Bình., www.hinhanhlichsu.org.
Bản vẽ thành Phú Yên"	"before 1926<div style=""display: none;"">d"	taken	Category:Citadel of Hanoi
117957777	File:Bản vẽ thành Hà Nội năm 1897.jpg	"Bản vẽ thành Nam Định 1912., www.hinhanhlichsu.org.
Bản vẽ thành Ninh Bình., www.hinhanhlichsu.org.
Bản vẽ thành Phú Yên"	"before 1926<div style=""display: none;"">d"	taken	Category:Citadel of Hanoi
117957778	File:Bản vẽ quy hoạch thành Hà Nội sau khi bị phá hủy, ngày 8 tháng 6 năm 1894.jpg	"Bản vẽ thành Nam Định 1912., www.hinhanhlichsu.org.
Bản vẽ thành Ninh Bình., www.hinhanhlichsu.org.
Bản vẽ thành Phú Yên"	"before 1926<div style=""display: none;"">d"	taken	Category:Citadel of Hanoi
118168426	File:Hanoi, Vietnam (51251495271).jpg	Just a Brazilian man from Brazil	2021-06-16 16:47	taken	Category:Citadel of Hanoi
127860130	File:Bản vẽ thành Hà Nội chỉ dẫn các tuyến phố và công trình chính xây theo phong cách hiện đại lập năm 1942.jpg	Uncredited authorship.	2022-12-19 21:57:15	taken	Category:Citadel of Hanoi
127860131	File:Thành Hà Nội - Cục Văn thư và Lưu trữ nhà nước.jpg	Uncredited authorship.	2022-12-19 21:57:15	taken	Category:Citadel of Hanoi
140580087	File:Imperial Citadel of Thang Long (26910835332).jpg	Bex Walton from London, England	2016-05-03 14:54	taken	Category:Citadel of Hanoi
140619272	File:Facing south from rampart of Doan Gate of Thang Long Citadel, Hanoi (27319491252).jpg	Ahia	2016-06-02 12:07	taken	Category:Citadel of Hanoi
148229196	File:Tonkin - Hanoï - Escalier de l'ancienne Pagode Royale, Réduits de la Citadelle (without stamp).jpg	Unknown photographer	"circa 1900<div style=""display: none;"">da"	taken	Category:Citadel of Hanoi
64218692	File:Old merchant's house, Hanoi, 19th century (4) (38440281606).jpg	Richard Mortel from Riyadh, Saudi Arabia	Taken on 6 November 2017, 13:05	taken	Category:Museums in Hanoi
64218694	File:Old merchant's house, Hanoi, 19th century (5) (37609298315).jpg	Richard Mortel from Riyadh, Saudi Arabia	Taken on 6 November 2017, 13:06	taken	Category:Museums in Hanoi
64218696	File:Old merchant's house, Hanoi, 19th century (6) (38496038351).jpg	Richard Mortel from Riyadh, Saudi Arabia	Taken on 6 November 2017, 13:07	taken	Category:Museums in Hanoi
64218699	File:Old merchant's house, Hanoi, 19th century (9) (38440241176).jpg	Richard Mortel from Riyadh, Saudi Arabia	Taken on 6 November 2017, 13:07	taken	Category:Museums in Hanoi
64218700	File:Old merchant's house, Hanoi, 19th century (10) (38495999401).jpg	Richard Mortel from Riyadh, Saudi Arabia	Taken on 6 November 2017, 13:08	taken	Category:Museums in Hanoi
64218702	File:Old merchant's house, Hanoi, 19th century (7) (38440264556).jpg	Richard Mortel from Riyadh, Saudi Arabia	Taken on 6 November 2017, 13:07	taken	Category:Museums in Hanoi
64218703	File:Old merchant's house, Hanoi, 19th century (11) (38495985791).jpg	Richard Mortel from Riyadh, Saudi Arabia	Taken on 6 November 2017, 13:08	taken	Category:Museums in Hanoi
64218704	File:Old merchant's house, Hanoi, 19th century (14) (37780663694).jpg	Richard Mortel from Riyadh, Saudi Arabia	Taken on 6 November 2017, 13:10	taken	Category:Museums in Hanoi
64218705	File:Old merchant's house, Hanoi, 19th century (1) (24623796178).jpg	Richard Mortel from Riyadh, Saudi Arabia	Taken on 6 November 2017, 13:11	taken	Category:Museums in Hanoi
64218707	File:Old merchant's house, Hanoi, 19th century (2) (26720238659).jpg	Richard Mortel from Riyadh, Saudi Arabia	Taken on 6 November 2017, 13:03	taken	Category:Museums in Hanoi
64218713	File:Old merchant's house, Hanoi, 19th century (3) (37780784234).jpg	Richard Mortel from Riyadh, Saudi Arabia	Taken on 6 November 2017, 13:05	taken	Category:Museums in Hanoi
64218715	File:Old merchant's house, Hanoi, 19th century (13) (38463920972).jpg	Richard Mortel from Riyadh, Saudi Arabia	Taken on 6 November 2017, 13:10	taken	Category:Museums in Hanoi
64218716	File:Old merchant's house, Hanoi, 19th century (12) (38463926322).jpg	Richard Mortel from Riyadh, Saudi Arabia	Taken on 6 November 2017, 13:09	taken	Category:Museums in Hanoi
64218732	File:Old merchant's house, Hanoi, 19th century (8) (37780742024).jpg	Richard Mortel from Riyadh, Saudi Arabia	Taken on 6 November 2017, 13:07	taken	Category:Museums in Hanoi
30103254	File:Visita a la Casa de madera del Presidente Ho Chi Minh (9112611397).jpg	Cancillería Ecuador from Ecuador	2013-06-22 21:38	taken	Category:Ho Chi Minh Memorial complex at the Presidential Palace
113138365	File:2003, Ho Chi Minh's house on a rainy day 3.jpg	Syced	"27 July 2003 (according to <span lang=""e"	taken	Category:Ho Chi Minh Memorial complex at the Presidential Palace
113138376	File:2003, Ho Chi Minh's house on a rainy day 5.jpg	Syced	"27 July 2003 (according to <span lang=""e"	taken	Category:Ho Chi Minh Memorial complex at the Presidential Palace
113138383	File:2003, Ho Chi Minh's house on a rainy day 6.jpg	Syced	"27 July 2003 (according to <span lang=""e"	taken	Category:Ho Chi Minh Memorial complex at the Presidential Palace
113138398	File:2003, Ho Chi Minh's house on a rainy day 7.jpg	Syced	"27 July 2003 (according to <span lang=""e"	taken	Category:Ho Chi Minh Memorial complex at the Presidential Palace
113138413	File:2003, Ho Chi Minh's house on a rainy day 8.jpg	Syced	"27 July 2003 (according to <span lang=""e"	taken	Category:Ho Chi Minh Memorial complex at the Presidential Palace
113138421	File:2003, Ho Chi Minh's house on a rainy day 9.jpg	Syced	"27 July 2003 (according to <span lang=""e"	taken	Category:Ho Chi Minh Memorial complex at the Presidential Palace
129129828	File:Vietnam-Hanoi-Ho Chi Minh’s house-P1070164.jpg	[email removed]	2018-01-09 10:31:35	taken	Category:Ho Chi Minh Memorial complex at the Presidential Palace
129129829	File:Vietnam-Hanoi-Ho Chi Minh’s house-P1070162.jpg	[email removed]	2018-01-09 10:30:25	taken	Category:Ho Chi Minh Memorial complex at the Presidential Palace
142952481	File:Just in case your life's desire is to see Uncle Ho's used cars. (1344753510).jpg	thalling55	2007-08-25 19:26:44	taken	Category:Ho Chi Minh Memorial complex at the Presidential Palace
142952560	File:Part of the Ho complex. (1344754234).jpg	thalling55	2007-08-25 19:29:26	taken	Category:Ho Chi Minh Memorial complex at the Presidential Palace
142952646	File:Hanoi (1344420427).jpg	thalling55	2007-08-25 19:33:13	taken	Category:Ho Chi Minh Memorial complex at the Presidential Palace
142952652	File:Hanoi (1344420743).jpg	thalling55	2007-08-25 19:36:00	taken	Category:Ho Chi Minh Memorial complex at the Presidential Palace
5553136	File:Khán đài A - Sân vận động Quốc gia Mỹ Đình.jpg	NamHyHoangPhong đưa vào phạm vi công cộng	2008-12-23 00:41	taken	Category:My Dinh National Stadium
5553421	File:Khán đài B - Sân vận động Quốc gia Mỹ Đình.jpg	NamHyHoangPhong đã đưa vào phạm vi công cộng	"<a href=""//commons.wikimedia.org/wiki/Us"	taken	Category:My Dinh National Stadium
5605211	File:My dinh stadium.jpg	Mr Vinx	2008-12-31T01:20:50Z	uploaded	Category:My Dinh National Stadium
5771710	File:Vietnam football team My Dinh AFF Cup 2008.jpg	Đinh Minh Hùng	2008-12-28 20:52:38	taken	Category:My Dinh National Stadium
8332018	File:AIG 2009 opening ceremony.JPG	Nguyễn Thanh Quang	2009-10-30 20:27:20	taken	Category:My Dinh National Stadium
10971579	File:SVĐ Mỹ Đình.JPG	Nguyễn Thanh Quang	2009-10-30	taken	Category:My Dinh National Stadium
16902856	File:My Dinh 1.jpg	Rungbachduong at vi.wikipedia	10 June 2007 (original upload date)	taken	Category:My Dinh National Stadium
44815127	File:A massive crowd of fans are thrilled at the MTV EXIT.jpg	USAID Vietnam	2011-05-27 21:57:21	taken	Category:My Dinh National Stadium
44815386	File:A massive crowd of fans are thrilled at the MTV EXIT 01.jpg	USAID Vietnam	2011-05-28 00:52:33	taken	Category:My Dinh National Stadium
44816639	File:Huge crowd turns out for MTV EXIT concert against human trafficking and exploitation.jpg	USAID Vietnam	2012-05-26 18:27:50	taken	Category:My Dinh National Stadium
44819415	File:Preparations under way for big MTV EXIT concert in Hanoi on May 26, 2012 (7266404634).jpg	USAID Vietnam	2012-05-25 12:25:41	taken	Category:My Dinh National Stadium
93924076	File:Sân vận động Quốc gia Mỹ Đình (mặt chính).jpg	vi:User:NHHP	21 tháng 12, 2008	taken	Category:My Dinh National Stadium
94030948	File:SVD My Dinh 1.jpg	Gkbank (thảo luận)	2009-01-04T10:21:51Z	uploaded	Category:My Dinh National Stadium
94030952	File:SVD My Dinh 2.JPG	Gkbank (thảo luận)	2009-01-04T10:24:35Z	uploaded	Category:My Dinh National Stadium
94058343	File:Cua chinh SVD My Dinh.JPG	Gkbank (thảo luận)	2009-01-04T10:18:28Z	uploaded	Category:My Dinh National Stadium
112498186	File:Hanoi's My Dinh National Stadium on 2003-08-22, ten days before official opening.jpg	Syced	20 August 2003 (according to <span lang=	taken	Category:My Dinh National Stadium
112498190	File:Hanoi's My Dinh National Stadium on 2003-08-22, ten days before official opening 2.jpg	Syced	20 August 2003 (according to <span lang=	taken	Category:My Dinh National Stadium
112498194	File:Hanoi's My Dinh National Stadium on 2003-08-22, ten days before official opening 3.jpg	Syced	20 August 2003 (according to <span lang=	taken	Category:My Dinh National Stadium
112498199	File:Hanoi's My Dinh National Stadium on 2003-08-22, ten days before official opening 4.jpg	Syced	20 August 2003 (according to <span lang=	taken	Category:My Dinh National Stadium
112498205	File:Hanoi's My Dinh National Stadium on 2003-08-22, ten days before official opening 5.jpg	Syced	20 August 2003 (according to <span lang=	taken	Category:My Dinh National Stadium
112498209	File:Hanoi's My Dinh National Stadium on 2003-08-22, ten days before official opening 6.jpg	Syced	20 August 2003 (according to <span lang=	taken	Category:My Dinh National Stadium
112498214	File:Hanoi's My Dinh National Stadium on 2003-08-22, ten days before official opening 7.jpg	Syced	20 August 2003 (according to <span lang=	taken	Category:My Dinh National Stadium
112498226	File:Hanoi's My Dinh National Stadium on 2003-08-22, ten days before official opening 8.jpg	Syced	20 August 2003 (according to <span lang=	taken	Category:My Dinh National Stadium
112498234	File:Hanoi's My Dinh National Stadium on 2003-08-22, ten days before official opening 9.jpg	Syced	20 August 2003 (according to <span lang=	taken	Category:My Dinh National Stadium
112498240	File:Hanoi's My Dinh National Stadium on 2003-08-22, ten days before official opening 10.jpg	Syced	20 August 2003 (according to <span lang=	taken	Category:My Dinh National Stadium
112498245	File:Hanoi's My Dinh National Stadium on 2003-08-22, ten days before official opening 11.jpg	Syced	20 August 2003 (according to <span lang=	taken	Category:My Dinh National Stadium
112498248	File:Hanoi's My Dinh National Stadium on 2003-08-22, ten days before official opening 12.jpg	Syced	20 August 2003 (according to <span lang=	taken	Category:My Dinh National Stadium
112498260	File:Hanoi's My Dinh National Stadium on 2003-08-22, ten days before official opening 13.jpg	Syced	20 August 2003 (according to <span lang=	taken	Category:My Dinh National Stadium
112498263	File:Hanoi's My Dinh National Stadium on 2003-08-22, ten days before official opening 14.jpg	Syced	20 August 2003 (according to <span lang=	taken	Category:My Dinh National Stadium
118283385	File:My Dinh National Stadium - 31st SEA Games Men's Football Final.jpg	Louis Anderson	2022-05-22 20:27:48	taken	Category:My Dinh National Stadium
127503930	File:My Dinh National Stadium in state of disrepair.jpg	Mongrangvebet	2023-01-07	taken	Category:My Dinh National Stadium
128101420	File:Mỹ Đình Aquatics Center 2022.jpg	AxitTDTbenzoic	2022-05-09	taken	Category:My Dinh National Stadium
128101573	File:Mỹ Đình National Stadium 2022.jpg	AxitTDTbenzoic	2022-05-15	taken	Category:My Dinh National Stadium
128332194	File:Vietnam Youth Football Training Center 2022.jpg	AxitTDTbenzoic	2022-08-21	taken	Category:My Dinh National Stadium
2821755	File:DogMeat-Hanoi1.jpg	Liooneel	2007-03-20	taken	Category:Shops in Hanoi
5718932	File:Vănphòngphẩm-OutsideStationeryShop11122008454.jpg	Newone	2008-12-11	taken	Category:Shops in Hanoi
5968012	File:Vietnamese ceramics2.JPG	Gryffindor	2008-12	taken	Category:Shops in Hanoi
7324034	File:Hanoi shoe shop.JPG	Northboer	2008-08-09	taken	Category:Shops in Hanoi
14649013	File:Shops in Old Quarter Hanoi.JPG	Arabsalam	2011-02-23	taken	Category:Shops in Hanoi
17515052	File:Art gallery in Hanoi 1.jpg	Nam-ho Park	2008-08-28 17:26:03	taken	Category:Shops in Hanoi
22549143	File:Sakura Hotel Hanoi.JPG	User: (WT-shared) Shoestring at  wts wikivoyage	2007-05	taken	Category:Shops in Hanoi
23297434	File:HanoiOldQuarters.JPG	User: (WT-shared) Daniel6651 at  wts wikivoyage	17 September 2006 (original upload date)	taken	Category:Shops in Hanoi
31076015	File:Dogmeatvn.JPG	Eric.	2014-01-28 12:56:49	taken	Category:Shops in Hanoi
33372969	File:Vendejo de rusa vodko en Hanojo.jpg	RG72	2013-11-10 13:42:50	taken	Category:Shops in Hanoi
33383472	File:Propagando-Hanojo.JPG	RG72	2013-11-10 13:02:27	taken	Category:Shops in Hanoi
33383690	File:Matrjoŝkoj en Hanojo.jpg	RG72	2013-11-10 12:37:31	taken	Category:Shops in Hanoi
34228280	File:Lucky computer store (14725991056).jpg	Erwin Verbruggen from Amsterdam, The Netherlands	2014-06-27 10:23	taken	Category:Shops in Hanoi
34228294	File:Presents (14564614217).jpg	Erwin Verbruggen from Amsterdam, The Netherlands	2014-06-29 09:25	taken	Category:Shops in Hanoi
34573756	File:ĐườngSắt@đườngPhố.jpg	Viêt Hoà DINH	2009-01-18	taken	Category:Shops in Hanoi
40536628	File:Hanoi Vietnam Shops-in-Hanoi-01.jpg	CEphoto, Uwe Aranas	2011-05-11	taken	Category:Shops in Hanoi
52523071	File:Photo canon maraton - panoramio.jpg	Phunghung	Taken on 11 October 2008	taken	Category:Shops in Hanoi
55585273	File:PhoHangBong-09122008451.jpg	Newone (talk)	9 December 2008, 11:37:37 (according to 	taken	Category:Shops in Hanoi
63460774	File:Hanoi city center September 2017 01.jpg	Amenoc	2017-09-10 11:53:21	taken	Category:Shops in Hanoi
67249569	File:Fleuriste à Hanoi.jpg	Ji-Elle	2017-11-06 06:07:15	taken	Category:Shops in Hanoi
67250099	File:Bazar à Hanoi.jpg	Ji-Elle	2017-11-06 10:34:46	taken	Category:Shops in Hanoi
71684692	File:Phuc-nguyen-duong-cua-hang.jpg	Phucnguyenduong123	2018-08-17	taken	Category:Shops in Hanoi
75979516	File:BoBaPop, 6 Ho Tung Mau Road, Cau Giay District, Hanoi, Vietnam (2).jpg	TaiwaneseWaveVN	2019-01-20 19:08:21	taken	Category:Shops in Hanoi
76030622	File:BoBaPop, 6 Ho Tung Mau Road, Cau Giay District, Hanoi, Vietnam (1).jpg	TaiwaneseWaveVN	2019-01-22 11:21:01	taken	Category:Shops in Hanoi
77686902	File:Ding Tea, 69 Quang Trung Street, Hai Ba Trung District, Hanoi, Vietnam (01).jpg	TaiwaneseWaveVN	2019-03-31 17:52:23	taken	Category:Shops in Hanoi
77689655	File:Ding Tea, 103 Cau Dien Road, Bac Tu Liem District, Hanoi, Vietnam (02).jpg	TaiwaneseWaveVN	2019-03-31 20:10:40	taken	Category:Shops in Hanoi
77772989	File:BoBaPop, 56 Nguyen Phong Sac Road, Cau Giay District, Hanoi, Vietnam (1).jpg	TaiwaneseWaveVN	2019-04-04 14:15:51	taken	Category:Shops in Hanoi
77773341	File:Gong Cha, 56 Ly Thuong Kiet Street, Hoan Kiem District, Hanoi, Vietnam (1).jpg	TaiwaneseWaveVN	2019-04-04 15:09:14	taken	Category:Shops in Hanoi
77773604	File:Yu Tang Tea House, 60 Ly Thuong Kiet Street, Hoan Kiem District, Hanoi, Vietnam (1).jpg	TaiwaneseWaveVN	2019-04-04 15:11:26	taken	Category:Shops in Hanoi
77777479	File:Bubble tea by Bumba (44 Ho Tung Mau Road, Cau Giay District, Hanoi, Vietnam).jpg	TaiwaneseWaveVN	2018-08-24 17:21:31	taken	Category:Shops in Hanoi
77845697	File:Uncle Tea, 82 Ho Tung Mau Road, Cau Giay District, Hanoi, Vietnam (3).jpg	TaiwaneseWaveVN	2019-04-07 12:32:36	taken	Category:Shops in Hanoi
77845847	File:Royaltea (Guangdong), 144 Xuan Thuy Road, Cau Giay District, Hanoi, Vietnam (3).jpg	TaiwaneseWaveVN	2019-04-07 12:30:03	taken	Category:Shops in Hanoi
77845962	File:Tw Bubble Tea, 136 Xuan Thuy Road, Cau Giay District, Hanoi, Vietnam (1).jpg	TaiwaneseWaveVN	2019-04-07 12:28:59	taken	Category:Shops in Hanoi
77846147	File:Sạp báo 110A1 đường Giảng Võ, quận Ba Đình, Hà Nội (A newspaper kiosk at 110A1 Giang Vo Road, Ba Dinh District, Hanoi, Vietnam).jpg	TaiwaneseWaveVN	2019-04-07 11:13:48	taken	Category:Shops in Hanoi
78105845	File:Royaltea (Guangdong), 44 Xuan Thuy Road, Cau Giay District, Hanoi, Vietnam (02).jpg	TaiwaneseWaveVN	2019-04-16 21:43:47	taken	Category:Shops in Hanoi
78106233	File:Tw Bubble Tea, 136 Xuan Thuy Road, Cau Giay District, Hanoi, Vietnam (2).jpg	TaiwaneseWaveVN	2019-04-16 21:51:24	taken	Category:Shops in Hanoi
78106329	File:Royaltea (Guangdong), 144 Xuan Thuy Road, Cau Giay District, Hanoi, Vietnam (2).jpg	TaiwaneseWaveVN	2019-04-16 21:52:11	taken	Category:Shops in Hanoi
78106493	File:Bumba, 44 Ho Tung Mau Road, Cau Giay District, Hanoi, Vietnam (02).jpg	TaiwaneseWaveVN	2019-04-16 21:54:33	taken	Category:Shops in Hanoi
78106759	File:Royaltea (Guangdong), 300-302 Nguyen Trai Road, Thanh Xuan District, Hanoi, Vietnam (01).jpg	TaiwaneseWaveVN	2019-04-17 14:57:15	taken	Category:Shops in Hanoi
78106925	File:A bubble tea shop, 304 Nguyen Trai, Thanh Xuan District, Hanoi, Vietnam.jpg	TaiwaneseWaveVN	2019-04-17 14:57:15	taken	Category:Shops in Hanoi
78107061	File:Ding Tea, 306 Nguyen Trai, Thanh Xuan District, Hanoi, Vietnam (01).jpg	TaiwaneseWaveVN	2019-04-17 14:56:30	taken	Category:Shops in Hanoi
78107670	File:Uncle Tea, 82 Ho Tung Mau Road, Cau Giay District, Hanoi, Vietnam (4).jpg	TaiwaneseWaveVN	2019-04-16 21:55:42	taken	Category:Shops in Hanoi
78385390	File:LiHo Tea (Singapore), 43 Hang Dau Street, Hoan Kiem District, Hanoi, Vietnam (02).jpg	TaiwaneseWaveVN	2019-04-26 18:56:45	taken	Category:Shops in Hanoi
78385716	File:Bubble tea by Goky (45 Nguyen Chi Thanh Road, Ba Dinh District, Hanoi, Vietnam).jpg	TaiwaneseWaveVN	2019-04-25 17:56:58	taken	Category:Shops in Hanoi
78385800	File:Goky, 45 Nguyen Chi Thanh Road, Ba Dinh District, Hanoi, Vietnam (02).jpg	TaiwaneseWaveVN	2019-04-25 18:58:44	taken	Category:Shops in Hanoi
78386163	File:GONG CHA DingYu, 67A Hang Bong, Hoan Kiem District, Hanoi, Vietnam (02).jpg	TaiwaneseWaveVN	2019-04-26 19:08:37	taken	Category:Shops in Hanoi
78774581	File:Meet and More (South Korea), 275 Tran Quoc Hoan Road, Cau Giay District, Hanoi, Vietnam (02).jpg	TaiwaneseWaveVN	2019-05-06 20:02:24	taken	Category:Shops in Hanoi
78794039	File:Sạp báo trước cổng trụ sở Công đoàn Giáo dục Việt Nam (A newsstand in front of the office of the National Education Union of Vietnam) (01).jpg	TaiwaneseWaveVN	2018-11-29 16:15:48	taken	Category:Shops in Hanoi
79684157	File:Meet and More (South Korea), 275 Tran Quoc Hoan Road, Cau Giay District, Hanoi, Vietnam (01).jpg	TaiwaneseWaveVN	2019-06-14 09:24:44	taken	Category:Shops in Hanoi
79684243	File:Meet and More (South Korea), 275 Tran Quoc Hoan Road, Cau Giay District, Hanoi, Vietnam (03).jpg	TaiwaneseWaveVN	2019-06-14 09:24:44	taken	Category:Shops in Hanoi
79684578	File:Cửa hàng băng đĩa ở 161A phố Vọng, quận Hai Bà Trưng, Hà Nội (A record shop at 161A Vong Street, Hai Ba Trung District, Hanoi, Vietnam) (01).jpg	TaiwaneseWaveVN	2019-06-14 10:51:33	taken	Category:Shops in Hanoi
79684785	File:Cửa hàng băng đĩa ở 161A phố Vọng, quận Hai Bà Trưng, Hà Nội (A record shop at 161A Vong Street, Hai Ba Trung District, Hanoi, Vietnam) (02).jpg	TaiwaneseWaveVN	2019-06-14 10:51:33	taken	Category:Shops in Hanoi
80686515	File:Royaltea (Guangdong), 181 Tran Dai Nghia Street, Hai Ba Trung District, Hanoi, Vietnam (01).jpg	TaiwaneseWaveVN	2019-07-22 09:05:26	taken	Category:Shops in Hanoi
80687556	File:MIXUE (Hong Kong), 179 Tran Dai Nghia Street, Hai Ba Trung District, Hanoi, Vietnam (01).jpg	TaiwaneseWaveVN	2019-07-22 09:05:24	taken	Category:Shops in Hanoi
80817975	File:LiHo Tea (Singapore), 16 Pham Ngoc Thach Street, Dong Da District, Hanoi, Vietnam (01).jpg	TaiwaneseWaveVN	2019-07-27 10:49:26	taken	Category:Shops in Hanoi
83899845	File:Charles Boilon Garage Hanoi.jpg	Albert Khan	1915-10-13	taken	Category:Shops in Hanoi
94087926	File:Hang ban dau pho To Tich.jpg	GV (thảo luận)	2009-01-10T11:00:47Z	uploaded	Category:Shops in Hanoi
98642344	File:Butiko en Hanojo.jpg	RG72	2012-08-04 17:23:45	taken	Category:Shops in Hanoi
98772977	File:Butiko en Hanojo kun hieroglifoj sur frontono.jpg	RG72	2013-11-10 12:04:34	taken	Category:Shops in Hanoi
99300762	File:TocoToco, 47 Nui Truc Street, Ba Dinh District, Hanoi, Vietnam 001.jpg	TaiwaneseWaveVN	2021-01-24 18:53:01	taken	Category:Shops in Hanoi
99300836	File:TocoToco, 47 Nui Truc Street, Ba Dinh District, Hanoi, Vietnam 002.jpg	TaiwaneseWaveVN	2021-01-24 18:53:29	taken	Category:Shops in Hanoi
112826416	File:Hoanghapc.jpg	Hoàng Hà PC	2021-11-26	taken	Category:Shops in Hanoi
113106160	File:Épicerie à Hanoi 4.jpg	Syced	"4 July 2003 (according to <span lang=""en"	taken	Category:Shops in Hanoi
122588659	File:Trung tâm xuất bản Văn hóa, Thông tin và Âm nhạc - 2022-09-02 01.jpg	The Hanoian	2022-09-02 11:58:30	taken	Category:Shops in Hanoi
145245682	File:Vietnam vers 1999. Un magasin.jpg	Rc1959	1999	taken	Category:Shops in Hanoi
193172808	"File:Un étalage de jouets en papier huilé devant une boutique, dans la "" rue du Chanvre "" - A7372S.jpg"	Busy Léon	between 1 September 1915 and 30 November	taken	Category:Shops in Hanoi
193173024	"File:Une boutique de cercueils et de mobilier en bois, dans la "" rue des Cercueils "" - A7381.jpg"	Busy Léon	between 1 September 1915 and 30 November	taken	Category:Shops in Hanoi
193173340	"File:Une exposition d'objets votifs en papier à l'entrée d'un temple, dans la "" rue des Chapeaux "" - A6621.jpg"	Busy Léon	between 1 July 1915 and 31 August 1915<d	taken	Category:Shops in Hanoi
193185510	File:Un artisan au travail dans sa boutique d'images peintes, au n° 24 de la rue Jules Ferry - A9977.jpg	Busy Léon	June 1916	taken	Category:Shops in Hanoi
193202449	"File:Une boutique d'objets en cuivre, dans la "" rue du Cuivre "" - A6655S.jpg"	Busy Léon	July 1915	taken	Category:Shops in Hanoi
193204274	"File:Une boutique de cercueils, dans la "" rue des Cercueils "" - A7379.jpg"	Busy Léon	between 1 September 1915 and 30 November	taken	Category:Shops in Hanoi
193233825	"File:Un étalage de jouets en papier huilé devant une boutique, dans la "" rue du Chanvre "" - A7373.jpg"	Busy Léon	between 1 September 1915 and 30 November	taken	Category:Shops in Hanoi
193241209	"File:Un étalage d'objets en cuivre (trépieds, vases...), à l'intérieur d'une boutique, dans la "" rue du Cuivre "" - A7384.jpg"	Busy Léon	between 1 September 1915 and 30 November	taken	Category:Shops in Hanoi
193254228	"File:Une boutique de cercueils, dans la "" rue des Cercueils "" - A7380.jpg"	Busy Léon	between 1 September 1915 and 30 November	taken	Category:Shops in Hanoi
193261900	"File:Une boutique d'objets en cuivre (ustensiles de cuisine, plateaux...), au numéro 12 de la "" rue du Cuivre "" - A35954.jpg"	Busy Léon	"1921<div style=""display: none;"">date QS:"	taken	Category:Shops in Hanoi
193262165	"File:Un étalage d'objets en cuivre (trépieds, vases...), à l'intérieur d'une boutique, dans la "" rue du Cuivre "" - A7383.jpg"	Busy Léon	between 1 September 1915 and 30 November	taken	Category:Shops in Hanoi
193314270	File:Chinois vendant des pétards à l'époque de la fête du Têt, dans le quartier sino-annamite - A5538.jpg	Busy Léon	February 1915	taken	Category:Shops in Hanoi
193321118	"File:Une boutique d'objets en cuivre, dans la "" rue du Cuivre "" - A7382S.jpg"	Busy Léon	between 1 September 1915 and 30 November	taken	Category:Shops in Hanoi
193332119	"File:Un étalage de jouets en papier huilé devant une boutique, dans la "" rue du Chanvre "" - A7371S.jpg"	Busy Léon	between 1 September 1915 and 30 November	taken	Category:Shops in Hanoi
193333211	"File:Une exposition d'objets votifs en papier à l'entrée d'un temple, dans la "" rue des Chapeaux "" - A6622.jpg"	Busy Léon	between 1 July 1915 and 31 August 1915<d	taken	Category:Shops in Hanoi
193342037	"File:Un étalage de jouets en papier huilé devant une boutique, dans la "" rue du Chanvre "" - A7375.jpg"	Busy Léon	between 1 September 1915 and 30 November	taken	Category:Shops in Hanoi
193344197	"File:Un étalage de jouets en papier huilé devant une boutique, dans la "" rue du Chanvre "" - A7370.jpg"	Busy Léon	between 1 September 1915 and 30 November	taken	Category:Shops in Hanoi
193346806	"File:Un étalage de jouets en papier huilé devant une boutique, dans la "" rue du Chanvre "" - A7374.jpg"	Busy Léon	between 1 September 1915 and 30 November	taken	Category:Shops in Hanoi
50473715	File:Campus universitaire.jpg	Guerinf	2016-04-21 17:49:19	taken	Category:Universities and colleges in Hanoi
94168617	File:Dhgtvt khuonvien3.jpg	*khi người ta trẻ* (thảo luận)	12-11-2006	taken	Category:Universities and colleges in Hanoi
94404611	File:Truong hoc vien tai chinh.jpg	vi:User:Bdanh	ngày 27 tháng 10 năm 2009	taken	Category:Universities and colleges in Hanoi
28020934	File:Times City 31-8-2013 Newone-IMG 0531.jpg	Newone	2013-08-31	taken	Category:Times City
41947709	File:Lounge Times City.jpg	Newone	2015-07-29	taken	Category:Times City
42422489	File:Tụ Linh am Times City IMG 5832.JPG	Newone	2015-08-17	taken	Category:Times City
50961539	File:VinMart Times City.jpg	Newone	2016-08-29 20:45:28	taken	Category:Times City
51043371	File:Sân chơi trẻ em Times City 02-09-2016.jpg	Newone	2016-09-02 07:22:03	taken	Category:Times City
51050201	File:Đèn lồng thỏ Trung Thu khổng lồ Times City.jpg	Newone	2016-09-02 16:24:22	taken	Category:Times City
54059326	File:Timescity evening 1.jpg	Nguyen Nhu Toan	2016-12-14	taken	Category:Times City
54059327	File:Timescity sunset.jpg	Nguyen Nhu Toan	2016-12-14	taken	Category:Times City
54059328	File:Timescity evening 2.jpg	Nguyen Nhu Toan	2016-12-14	taken	Category:Times City
54060177	File:Timecity morning.jpg	Nguyen Nhu Toan	2016-12-14	taken	Category:Times City
54060289	File:Timecity super moon.jpg	Nguyen Nhu Toan	2016-12-14	taken	Category:Times City
54227301	File:Newone-Vinmart+ Times City T4.jpg	Newone	2016-12-18 19:19:57	taken	Category:Times City
65470964	File:Newone - VinCity.jpg	Newone	2018-01-13	taken	Category:Times City
67210629	File:Newone - phá dỡ nhà Minh Khai 2018.jpg	Newone	2018-03-10	taken	Category:Times City
68338700	File:Newone - Vinh Tuy bridge 2018.jpg	Newone	2018-04-15	taken	Category:Times City
68338870	File:Newone - Thanh Tri bridge.jpg	Newone	2018-04-15	taken	Category:Times City
74760668	File:Newone - IRC tire for VinFast Klara.jpg	Newone	2018-11-25	taken	Category:Times City
74984074	File:Newone - Gold Dragon Rolls-Royce Phantom at Times City.jpg	Newone	2018-12-11	taken	Category:Times City
75629696	File:Newone - lẩu gà, sườn và rượu đinh lăng.jpg	Newone	2019-01-06	taken	Category:Times City
76275488	File:Newone - ô ăn quan.jpg	Newone	2019-02-02	taken	Category:Times City
80102832	File:Newone - VinFast logo in sign.jpg	Newone	2019-06-22	taken	Category:Times City
82514183	File:Newone - Red Fadil.jpg	Newone	2019-09-25	taken	Category:Times City
83777064	File:Newone-Black VinFast SA2.0.jpg	Newone	2019-11-08	taken	Category:Times City
83777065	File:Newone-Black VinFast SA2.1.jpg	Newone	2019-11-08	taken	Category:Times City
83777068	File:Newone-Black VinFast SA2.4.jpg	Newone	2019-11-08	taken	Category:Times City
83777074	File:Newone-Black VinFast SA2.8.jpg	Newone	2019-11-08	taken	Category:Times City
83777076	File:Newone-Black VinFast SA2.9.jpg	Newone	2019-11-08	taken	Category:Times City
83777077	File:Newone-Black VinFast SA2.10.jpg	Newone	2019-11-08	taken	Category:Times City
86376368	File:Newone - Bulgari (Bvlgari) abc VinFast cars at Times City.jpg	Newone	2020-01-28	taken	Category:Times City
86808946	File:Newone - Fadil petrol standard.jpg	Newone	2019-07-15	taken	Category:Times City
87822873	File:Newone - Black VinFast Lux A2.0.jpg	Newone	2020-03-08	taken	Category:Times City
90511865	File:VinGroup Times City.jpg	Nguyen QuocTrung	2018-04-26 12:52:54	taken	Category:Times City
94957014	File:Newone - Century Tower at Times City.jpg	Newone	2020-10-11	taken	Category:Times City
94958405	File:Newone - cầu vượt Park Hill, Tỉmes City.jpg	Newone	2020-10-11	taken	Category:Times City
100138166	File:Newone - Red Fadil (cropped).jpg	Newone	2019-09-25	taken	Category:Times City
115223717	File:Newone-VinFast Tempest 02.jpg	Newone	2022-02-13 17:20:52	taken	Category:Times City
115223718	File:Newone-VinFast Tempest 01.jpg	Newone	2022-02-13 17:20:52	taken	Category:Times City
115223719	File:Newone-VinFast Tempest 03.jpg	Newone	2022-02-13 17:20:52	taken	Category:Times City
115223722	File:Newone-VinFast Tempest 04.jpg	Newone	2022-02-13 17:20:52	taken	Category:Times City
115223724	File:Newone-VinFast Tempest 06.jpg	Newone	2022-02-13 17:20:52	taken	Category:Times City
115223725	File:Newone-VinFast Tempest 05.jpg	Newone	2022-02-13 17:20:52	taken	Category:Times City
115223732	File:Newone-VinFast Tempest 07.jpg	Newone	2022-02-13 17:20:52	taken	Category:Times City
115223734	File:Newone-VinFast Tempest 08.jpg	Newone	2022-02-13 17:20:52	taken	Category:Times City
115223735	File:Newone-VinFast Tempest 09.jpg	Newone	2022-02-13 17:20:52	taken	Category:Times City
115223747	File:Newone-VinFast Tempest 10.jpg	Newone	2022-02-13 17:20:52	taken	Category:Times City
115223749	File:Newone-VinFast Tempest 12.jpg	Newone	2022-02-13 17:20:52	taken	Category:Times City
115223750	File:Newone-VinFast Tempest 11.jpg	Newone	2022-02-13 17:20:52	taken	Category:Times City
115223752	File:Newone-VinFast Tempest 13.jpg	Newone	2022-02-13 17:20:52	taken	Category:Times City
132683008	File:Newone-White electric SUV VinFast VF 8 Plus 03.jpg	Newone	2023-06-05 18:38:40	taken	Category:Times City
132683009	File:Newone-White electric SUV VinFast VF 8 Plus 02.jpg	Newone	2023-06-05 18:38:40	taken	Category:Times City
132683010	File:Newone-White electric SUV VinFast VF 8 Plus 01.jpg	Newone	2023-06-05 18:38:40	taken	Category:Times City
132683016	File:Newone-White electric SUV VinFast VF 8 Plus 04.jpg	Newone	2023-06-05 18:38:40	taken	Category:Times City
132683019	File:Newone-White electric SUV VinFast VF 8 Plus 06.jpg	Newone	2023-06-05 18:38:40	taken	Category:Times City
132683020	File:Newone-White electric SUV VinFast VF 8 Plus 05.jpg	Newone	2023-06-05 18:38:40	taken	Category:Times City
132683022	File:Newone-White electric SUV VinFast VF 8 Plus 07.jpg	Newone	2023-06-05 18:38:40	taken	Category:Times City
132683023	File:Newone-White electric SUV VinFast VF 8 Plus 08.jpg	Newone	2023-06-05 18:38:40	taken	Category:Times City
132683024	File:Newone-White electric SUV VinFast VF 8 Plus 09.jpg	Newone	2023-06-05 18:38:40	taken	Category:Times City
132683025	File:Newone-White electric SUV VinFast VF 8 Plus 10.jpg	Newone	2023-06-05 18:38:40	taken	Category:Times City
132683028	File:Newone-White electric SUV VinFast VF 8 Plus 11.jpg	Newone	2023-06-05 18:38:40	taken	Category:Times City
34228277	File:Hanoi Cinémathèque (14562513759).jpg	Erwin Verbruggen from Amsterdam, The Netherlands	2014-06-27 11:54	taken	Category:Cinemas in Hanoi
7582507	File:NhaHatCheoHN15NDC-120820091532.jpg	Newone	2009-08-12	taken	Category:Theaters in Hanoi
7759265	File:Nhà hát chèo Trung ương.JPG	Nguyễn Thanh Quang	2009-06-04 11:29:58	taken	Category:Theaters in Hanoi
136526847	File:Thăng Long 1212-0754.jpg	Mozzihh	2012-12-21	taken	Category:Theaters in Hanoi
4091290	File:Vietnam national convention center1.JPG	Lưu Ly	2008-05-22 16:12	taken	Category:Vietnam National Convention Center
4091303	File:Vietnam national convention center2.JPG	Lưu Ly	2008-05-22 16:17	taken	Category:Vietnam National Convention Center
4119685	File:Vietnam national convention center.jpg	Ngokhong at Vietnamese Wikipedia	22 October 2007 (original upload date)	taken	Category:Vietnam National Convention Center
16902620	File:TTHNQG.jpg	Casablanca1911 at vi.wikipedia	23 April 2007 (original upload date)	taken	Category:Vietnam National Convention Center
36201583	File:TTHNQG2.JPG	Lưu Ly at Vietnamese Wikipedia	22 May 2008 (original upload date)	taken	Category:Vietnam National Convention Center
36201688	File:TTHNQG5.JPG	Lưu Ly at Vietnamese Wikipedia	22 May 2008 (original upload date)	taken	Category:Vietnam National Convention Center
36201742	File:TTHNQG3.JPG	Lưu Ly at Vietnamese Wikipedia	5 September 2008 (original upload date)	taken	Category:Vietnam National Convention Center
76884619	File:Outside Vietnam National Convention Center.jpg	Nguyen QuocTrung	2018-12-23 14:18:41	taken	Category:Vietnam National Convention Center
76884621	File:Inside Vietnam National Convention Center.jpg	Nguyen QuocTrung	2018-12-23 14:20:51	taken	Category:Vietnam National Convention Center
39116326	File:Trung-cap-cong-nghe-bach-khoa-ha-noi.png	Congnghebachkhoahanoi	2015-03-21T01:29:14Z	uploaded	Category:Schools in Hanoi
49490731	File:Dichvu THPTFPT.jpg	Ducpham732002	2016-06-16	taken	Category:Schools in Hanoi
62661259	File:Trường Tiểu Học Tràng An (2017).jpg	Donald Trung	Taken on 6 September 2017, 09:13:53	taken	Category:Schools in Hanoi
62661377	File:Tran Quoc Toan school in Hanoi (2017).jpg	Donald Trung	Taken on 6 September 2017, 09:11:28	taken	Category:Schools in Hanoi
64219048	File:French colonial building, Hanoi (37608455455).jpg	Richard Mortel from Riyadh, Saudi Arabia	Taken on 8 November 2017, 13:03	taken	Category:Schools in Hanoi
69523929	File:Trường quốc tế liên cấp Việt-Úc Hà Nội.jpg	Dzung.trinh	2018-05-29	taken	Category:Schools in Hanoi
69523977	File:Cơ sở vật chất VAS Hanoi.jpg	Dzung.trinh	2018-05-29	taken	Category:Schools in Hanoi
69524847	File:Cambridge School.jpg	Dzung.trinh	2018-05-29	taken	Category:Schools in Hanoi
74055291	File:Trường HSGS ở Lương Thế Vinh.png	Hanhi20	2 November 2018 (according to <span lang	taken	Category:Schools in Hanoi
75611117	File:4-truong nu.png	unknown, published with the 1924 book	1924-01-01	taken	Category:Schools in Hanoi
75611122	File:4-truong y.png	unknown, published with the 1924 book	1924-01-01	taken	Category:Schools in Hanoi
77352058	File:VAS Hanoi full view.jpg	Dzung.trinh	2019-02-25	taken	Category:Schools in Hanoi
96178047	File:Trường TH Vietschool.jpg	Xuyên2808	2020-11-02	taken	Category:Schools in Hanoi
96966848	File:Jill Biden and Ted Osius in Hanoi - 2015.jpg	David Lienemann	2015-07-20	taken	Category:Schools in Hanoi
105314690	File:Philippe LFAY 2018.jpg	DangTungDuong (thảo luận)	3 tháng 11 năm 2018	taken	Category:Schools in Hanoi
112446953	File:Buildings in Hanoi in 2003 4.jpg	Syced	2 September 2003 (according to <span lan	taken	Category:Schools in Hanoi
112446958	File:Buildings in Hanoi in 2003 5.jpg	Syced	2 September 2003 (according to <span lan	taken	Category:Schools in Hanoi
112446963	File:Buildings in Hanoi in 2003 6.jpg	Syced	2 September 2003 (according to <span lan	taken	Category:Schools in Hanoi
116264720	File:NBK High School Logo.png	Đàm Tiến Nam, Nguyễn Văn Hòa	1998	taken	Category:Schools in Hanoi
119097971	File:Ecole professionnelle de sculpture, Hanoi.jpg	Uncredited photographer.	"1900s<div style=""display: none;"">date QS"	taken	Category:Schools in Hanoi
135767704	File:ConcordiaHanoiCampusImage.jpg	Richardlongstaffe82	2019-07-09	taken	Category:Schools in Hanoi
10822784	File:Tháp nước Hàng Đậu.JPG	Nguyễn Thanh Quang	2010-01-25 12:13:56	taken	Category:Water towers in Hanoi
27745591	File:Hanoi - Le Château d'Eau (Rue des Graines).jpg	Unknown authorUnknown author	early 20<sup>th</sup> century<div style=	taken	Category:Water towers in Hanoi
42656790	File:Tháp nước phố Hàng Đậu, Hà Nội.jpg	Hoangkid at Vietnamese Wikipedia	7 July 2012 (original upload date)	taken	Category:Water towers in Hanoi
66631792	File:Far view of the Hang Dau water tower (31417128596).jpg	shankar s. from Dubai, united arab emirates	2016-11-01 00:00	taken	Category:Water towers in Hanoi
66631821	File:Hang Dau water tower- a funky looking building in Hanoi (30646030003).jpg	shankar s. from Dubai, united arab emirates	2016-11-01 00:00	taken	Category:Water towers in Hanoi
89177257	File:Chateau-eau-hang-dau-hanoi.jpg	Alex 69200 vx	2017-11-28 09:25:19	taken	Category:Water towers in Hanoi
118066663	File:Hà Nội – Tháp nước khu vực Đồn Thuỷ (khu nhượng địa).jpg	Pierre Dieulefils	2021-09-16 15:54:47	taken	Category:Water towers in Hanoi
11920018	File:Trang Tien Plaza.JPG	Daaé	2010-10-30	taken	Category:Tràng Tiền Plaza
18176281	File:Hanoï - Boulevard Dong Khanh.jpg	Unknown authorUnknown author	early 20<sup>th</sup> century<div style=	taken	Category:Tràng Tiền Plaza
27720594	File:Trang Tien Plaza.jpg	blue_quartz	2013-07-19 17:01:16	taken	Category:Tràng Tiền Plaza
66864338	File:Festive Tết decorations, Tràng Tiền Plaza.jpg	Donald Trung	2018-02-27 16:09:39	taken	Category:Tràng Tiền Plaza
66865133	File:Tràng Tiền Plaza Vietnamese numismatic Tết decorations, Hanoi (2018) 01.jpg	Donald Trung	2018-02-27 16:08:11	taken	Category:Tràng Tiền Plaza
109543605	File:Trang Tien Plaza (25397138837).jpg	Mig Gilbert from Brighton	2018-01-26 11:15	taken	Category:Tràng Tiền Plaza
122588729	File:Tràng Tiền Plaza - 2022-09-02 01.jpg	The Hanoian	2022-09-02 12:58:17	taken	Category:Tràng Tiền Plaza
122588731	File:Tràng Tiền Plaza - 2022-09-02 02.jpg	The Hanoian	2022-09-02 12:58:25	taken	Category:Tràng Tiền Plaza
122918785	File:Anh chup Trang Tien Plaza.jpg	CookieGMVN	2022-06-15	taken	Category:Tràng Tiền Plaza
106658385	File:Bên trong một công ty giải trí ở Hà Nội (Inside a talent agency in Hanoi, Vietnam) 001.jpg	TaiwaneseWaveVN	2021-06-16 10:25:11	taken	Category:Building interiors in Hanoi
106658430	File:Bên trong một công ty giải trí ở Hà Nội (Inside a talent agency in Hanoi, Vietnam) 002.jpg	TaiwaneseWaveVN	2021-06-16 10:25:08	taken	Category:Building interiors in Hanoi
77133769	File:Nguyễn Văn Tín.jpg	Hieumylove090996	2018-12-14 09:41:02	taken	Category:Viet Nam Cultural Arts Exhibition Center
126462572	File:Vincom Nguyễn Chí Thanh 12-2022.jpg	GDAE	2022-12-09	taken	Category:Vincom Nguyễn Chí Thanh
48861002	File:Phong-kham-thai-ha.jpg	Phongkhamthientam	2015-09-24	taken	Category:Hospitals in Hanoi
59349641	File:A Police Hospital in Hanoi city 2017.jpg	Donald Trung	2017-04-19 08:47:16	taken	Category:Hospitals in Hanoi
89263310	File:Bệnh viện thể thao.jpg	Đặng Thái Hoàng	2012-08	taken	Category:Hospitals in Hanoi
138298462	File:Đại học Y Dược.png	Umpvnu	2020-11-18	taken	Category:Hospitals in Hanoi
138354194	File:UMPKHM.jpg	Vietanh04	2022-12-23	taken	Category:Hospitals in Hanoi
138481800	File:Khoa Điều Trị Theo Yêu Cầu, Hà Nội - Sep 5, 2023.jpg	nakashi	2023-09-05 08:33:14	taken	Category:Hospitals in Hanoi
139186387	File:Bệnh viện Đại học Y Dược, Đại học Quốc gia Hà Nội.jpg	Vietanh04	2023-10-19	taken	Category:Hospitals in Hanoi
139187164	File:Bệnh viện Đại học Y Dược, Đại học Quốc gia Hà Nội IMG.jpg	Vietanh04	2023-05-25	taken	Category:Hospitals in Hanoi
143129854	File:Y1 Building.jpg	Vietanh04	2023-12-28 23:49:12	taken	Category:Hospitals in Hanoi
146204842	File:Phòng khám Răng Hàm Mặt chất lượng cao.jpg	Ngọc Linh - VNU Media	2023-07-08 07:45:10	taken	Category:Hospitals in Hanoi
146204919	File:Phòng Khám Đa Khoa 182 Lương Thế Vinh – Bệnh Viện Đại Học Quốc Gia Hà Nội.jpg	Unknown authorUnknown author	2021-03-18	taken	Category:Hospitals in Hanoi
64218690	File:Hanoi Stock Exchange (38463022252).jpg	Richard Mortel from Riyadh, Saudi Arabia	Taken on 6 November 2017, 12:09	taken	Category:Hanoi Stock Exchange
2588236	File:ThapRua1.jpg	Truong Tuan Nghia	2007-08-20	taken	Category:Hanoi Post Office
104923863	File:VinaPhone Hà Nội.jpg	Hydrogen1987	2018-10-09	taken	Category:Hanoi Post Office
109543613	File:Lights reflecting in Hoan Kiem Lake (38457936020).jpg	Mig Gilbert from Brighton	2018-01-26 11:17	taken	Category:Hanoi Post Office
121398398	File:Tòa nhà bưu điện trung tâm nhìn từ bên kia hồ Hoàn Kiếm.jpg	Nguyenmy2302	2022-08-04	taken	Category:Hanoi Post Office
121400079	File:Bưu điện trên đường Đinh Tiên Hoàng giáp phố Đinh Lễ xưa.jpg	Không rõ	1940	taken	Category:Hanoi Post Office
122588557	File:Bưu điện Hà Nội - 2022-09-02 01.jpg	The Hanoian	2022-09-02 12:53:16	taken	Category:Hanoi Post Office
125622722	File:Bưu điện Hà Nội - NKS.jpg	NKSTTSSHNVN	2022-11-17	taken	Category:Hanoi Post Office
175545291	File:Hanoi, 05-06-2010 (11723600064).jpg	peledisse_000	2010-05-06 18:55:52	taken	Category:Hanoi Post Office
196203601	File:Hanoi - Turtle Tower (Tháp Rùa), Hoàn Kiếm Lake.jpg	P. Hughes	2014	taken	Category:Hanoi Post Office
64218738	File:Al-Noor Mosque, Hanoi, early 20th century (1) (37780589644).jpg	Richard Mortel from Riyadh, Saudi Arabia	Taken on 6 November 2017, 15:58	taken	Category:Building signs in Hanoi
98772969	File:Motorciklistoj surstrate en Hanojo.jpg	RG72	2013-11-10 11:54:11	taken	Category:Building signs in Hanoi
98772973	File:Fruktovendistino en Hanojo.jpg	RG72	2013-11-10 12:00:18	taken	Category:Building signs in Hanoi
98773035	File:Ruĝa-blanka tendo en Hanojo.jpg	RG72	2013-11-10 13:20:24	taken	Category:Building signs in Hanoi
98773047	File:Strato Trung Yen en Hanojo.jpg	RG72	2013-11-10 13:25:59	taken	Category:Building signs in Hanoi
98773050	File:Virino lavas bovlojn sur trotuaro antau juvelvendejo en strato Hàng Bạc en Hanojo.jpg	RG72	2013-11-10 13:29:50	taken	Category:Building signs in Hanoi
52343680	File:Vnihn.jpg	w:User:Biodin	2010-07-03	taken	Category:Vinhomes Royal City
110026248	File:Tanks on the streets of Hanoi - video (40501590402).jpg	Mig Gilbert from Brighton	2018-02-28 15:02	taken	Category:91 Đinh Tiên Hoàng Building
121403573	File:Bưu điện Hà Nội đối diện với tháp Hòa Phong.jpg	Nguyenmy2302	2022-08-04	taken	Category:91 Đinh Tiên Hoàng Building
5825097	File:Buýt 33 Hà Nội.jpg	Michelle	2008-04-23 15:19:30	taken	Category:61 Trần Phú Building
145245683	File:Vietnam vers 1999. Une motocyclette.jpg	Rc1959	1999	taken	Category:61 Trần Phú Building
145321181	File:Vietnam 1999.Hanoi (33).jpg	Rc1959	1999	taken	Category:61 Trần Phú Building
145321196	File:Vietnam 1999.Hanoi.Motocyclettes (8).jpg	Rc1959	1999	taken	Category:61 Trần Phú Building
160619062	File:Tonkin. Hanoi. Marchands de porcelaine, rue des Tasses - (photogr.) A. S(alles) - btv1b531722020 (1 of 3).jpg	Salles, André (1860-1929). Photographe	"1896<div style=""display: none;"">date QS:"	taken	Category:Tonkin. Hanoi. Marchands de porcelaine, rue des Tasses - (photogr.) A. S(alles) - btv1b531722020
160619080	File:Tonkin. Hanoi. Marchands de porcelaine, rue des Tasses - (photogr.) A. S(alles) - btv1b531722020 (2 of 3).jpg	Salles, André (1860-1929). Photographe	"1896<div style=""display: none;"">date QS:"	taken	Category:Tonkin. Hanoi. Marchands de porcelaine, rue des Tasses - (photogr.) A. S(alles) - btv1b531722020
160619089	File:Tonkin. Hanoi. Marchands de porcelaine, rue des Tasses - (photogr.) A. S(alles) - btv1b531722020 (3 of 3).jpg	Salles, André (1860-1929). Photographe	"1896<div style=""display: none;"">date QS:"	taken	Category:Tonkin. Hanoi. Marchands de porcelaine, rue des Tasses - (photogr.) A. S(alles) - btv1b531722020
160849288	File:Tonkin. Hanoi. Marchand de cuivres, rue des Tasses - (photogr.) A. S(alles) - btv1b53172203f (1 of 3).jpg	Salles, André (1860-1929). Photographe	"1896<div style=""display: none;"">date QS:"	taken	Category:Tonkin. Hanoi. Marchand de cuivres, rue des Tasses - (photogr.) A. S(alles) - btv1b53172203f
160849296	File:Tonkin. Hanoi. Marchand de cuivres, rue des Tasses - (photogr.) A. S(alles) - btv1b53172203f (2 of 3).jpg	Salles, André (1860-1929). Photographe	"1896<div style=""display: none;"">date QS:"	taken	Category:Tonkin. Hanoi. Marchand de cuivres, rue des Tasses - (photogr.) A. S(alles) - btv1b53172203f
160849307	File:Tonkin. Hanoi. Marchand de cuivres, rue des Tasses - (photogr.) A. S(alles) - btv1b53172203f (3 of 3).jpg	Salles, André (1860-1929). Photographe	"1896<div style=""display: none;"">date QS:"	taken	Category:Tonkin. Hanoi. Marchand de cuivres, rue des Tasses - (photogr.) A. S(alles) - btv1b53172203f
184810766	File:Warm morning of Pháo Đài Láng Street 02-02-2026. Alleyway.jpg	Gispenni	2026-02-03 10:13:13	taken	Category:Alleys in Hanoi
185480793	File:On Pháo Đài Láng Street 02-03-2026. Cars in the alleyway.jpg	Baophucminh53G	2026-03-02 11:17:36	taken	Category:Alleys in Hanoi
185834979	File:Déjà-vu at Trung Kính Hạ Village 10-03-2026.jpg	Baophucminh53G	2026-03-10 04:15:46	taken	Category:Alleys in Hanoi
1048664	File:Le Loi statue.JPG	Nguyễn Thanh Quang	"25 July 2006 (according to <span lang=""e"	taken	Category:Lê Lợi
3929180	File:Le Loi statue1.jpg	Mai Trung Dung	2008-04-19	taken	Category:Lê Lợi
5596125	File:Statue of Lê Lợi.jpg	Bùi Thụy Đào Nguyên	xem dưới	taken	Category:Lê Lợi
5773182	File:Water puppets 329481647 7decc2a6e4 o.jpg	https://www.flickr.com/photos/stefan77dd/	2006-12-21	taken	Category:Lê Lợi
16923610	File:Tuong dai chien thang Chi Lang.JPG	Viethavvh at vi.wikipedia	23 December 2007 (original upload date)	taken	Category:Lê Lợi
19134373	File:JUSPAO Leaflet Depicting Le Loi.JPG	Joint United States Public Affairs Office	2012-04-18	taken	Category:Lê Lợi
40722821	File:Lê Lợi's victory over 100,000 Ming invaders from China in 1427 AD - Chi Lang Pass (Ải Chi Lăng) - Museum of Vietnamese History - Ho Chi Minh City - DSC06005.JPG	Daderot	2014-08-07 03:27:49	taken	Category:Lê Lợi
43297670	File:Images757084 IMG 2236.jpg	Bienkhachthanhchu	2015-09-16	taken	Category:Lê Lợi
88723339	File:Vinh tomb temple.jpg	Zhu Zi Ling	2020-03-27	taken	Category:Lê Lợi
157612804	File:還劍湖傳說傀儡戲偶（黎朝皇帝）.jpg	氏子	2025-01-05 14:11:30	taken	Category:Lê Lợi
179307920	File:A painting depicting Lê Lợi's victory over Liễu Thăng.jpg	unknown author, collected by the Institute of Social Sciences Information, Vietnam (see [1])	"before 1945<div style=""display: none;"">d"	taken	Category:Lê Lợi
9098165	File:Vu Khoan.jpg	State of Washington	2010-01-28T03:27:13Z	uploaded	Category:Vũ Khoan
9098309	File:Vu Khoan 2005.jpg	Department of Commerce	2005-06-21	taken	Category:Vũ Khoan
11234718	File:Ngo Bau Chau MFO.jpg	Oberwolfach Photo Collection	2007	taken	Category:Ngô Bảo Châu
62470847	File:Ngô Bảo Châu.jpg	Vũ Tiến Lâm	2017-09-16	taken	Category:Ngô Bảo Châu
18548719	File:Nguyễn Vũ Hà Anh 1.jpg	yunguyen666	2009-08-10 16:55:47	taken	Category:Vũ Nguyễn Hà Anh
18548737	File:Nguyễn Vũ Hà Anh 2.jpg	yunguyen666	2009-08-10 16:59:48	taken	Category:Vũ Nguyễn Hà Anh
18548760	File:Vũ Nguyễn Hà Anh 3.jpg	yunguyen666	2009-08-25 09:36:07	taken	Category:Vũ Nguyễn Hà Anh
18548776	File:Nguyễn Vũ Hà Anh 3.jpg	yunguyen666	2009-08-10 16:47:03	taken	Category:Vũ Nguyễn Hà Anh
18548787	File:Vũ Nguyễn Hà Anh 1.jpg	yunguyen666	2009-08-25 09:25:04	taken	Category:Vũ Nguyễn Hà Anh
18548795	File:Vũ Nguyễn Hà Anh 2.jpg	yunguyen666	2009-09-12 13:53:39	taken	Category:Vũ Nguyễn Hà Anh
18548805	File:Hà Anh & Elizabeth.jpg	yunguyen666	2009-09-12 13:13:48	taken	Category:Vũ Nguyễn Hà Anh
18548811	File:Nguyễn Vũ Hà Anh 4.jpg	yunguyen666	2009-08-10 18:53:08	taken	Category:Vũ Nguyễn Hà Anh
18548827	File:Nguyễn Vũ Hà Anh 5.jpg	yunguyen666	2009-08-10 18:07:53	taken	Category:Vũ Nguyễn Hà Anh
18548911	File:Vũ Nguyễn Hà Anh 4.jpg	yunguyen666	2009-09-12 13:53:39	taken	Category:Vũ Nguyễn Hà Anh
18579913	File:Nguyễn Vũ Hà Anh 2 - FIXED.jpg	yunguyen666	2009-08-10 16:59	taken	Category:Vũ Nguyễn Hà Anh
19076540	File:HaAnhsigning.JPG	CUR	2012-04-05	taken	Category:Vũ Nguyễn Hà Anh
59919016	File:Nguyễn Vũ Hà Anh 3 (cropped).jpg	yunguyen666	2009-08-10 16:47:03	taken	Category:Vũ Nguyễn Hà Anh
168726864	File:Vũ Hà Anh.jpg	georgereyes	2006-11-16 10:31:27	taken	Category:Vũ Nguyễn Hà Anh
171455645	File:Vũ Hà Anh 2010.jpg	yunguyen666	2010-05-21 12:23:34	taken	Category:Vũ Nguyễn Hà Anh
5116460	File:GYO 1301.jpg	Nguyen Hung Vu	2008-09-20 13:54:23	taken	Category:Mai Phương Thúy
5125841	File:Mai Phuong Thuy Vietnam Festival 2008 in Japan.jpg	Nguyen.Vu.Hung	2008-09-21	taken	Category:Mai Phương Thúy
11235807	File:Missvietnam2006.jpg	hqhuyanh	2009-03-01	taken	Category:Mai Phương Thúy
11735569	File:3 Miss Vietnam.jpg	By hqhuyanh	This photo was taken on March 1, 2009 us	taken	Category:Mai Phương Thúy
21101846	File:Miss Vietnam 2006 Mai Phuong Thuy.jpg	Huy Anh	2009-03-01 17:11:01	taken	Category:Mai Phương Thúy
21121095	File:Miss Vietnam 2006 Thanh, Thuy and Thu.jpg	Huy Anh	2009-03-01 15:07:50	taken	Category:Mai Phương Thúy
21121180	File:Miss Vietnam - Phuong Thuy 2.jpg	Huy Anh	2009-03-01 15:52:38	taken	Category:Mai Phương Thúy
21121268	File:Mai Phuong Thuy Miss Vietnam 2006.jpg	Thang Nguyen	2006-05-20 08:52:48	taken	Category:Mai Phương Thúy
21121325	File:DSC01589 Miss Vietnam 2006 Mai Phuong Thuy.jpg	Thang Nguyen	2006-10-08 15:21:44	taken	Category:Mai Phương Thúy
21121357	File:Miss Vietnam 2006 Mai Phuong Thuy 70025.jpg	Thang Nguyen	2006-10-08 15:19:35	taken	Category:Mai Phương Thúy
21121410	File:Miss Vietnam Mai Phuong Thuy and BeGiang104.jpg	Thang Nguyen	Taken on 24 May 2006, 12:05:56	taken	Category:Mai Phương Thúy
21126943	File:Miss Vietnam 2006 - Mai Phuong Thuy.jpg	Huy Anh	2009-03-01 16:24:17	taken	Category:Mai Phương Thúy
29661874	File:Mai Phuong Thuy 16 November 2013.jpg	Banhtrung1	Taken on 16 November 2013, 15:34:41	taken	Category:Mai Phương Thúy
124235190	File:20090626 Thiên Lý, Mai Phương Thúy.jpg	yunguyen666	2009-06-26 17:49:15	taken	Category:Mai Phương Thúy
131569662	File:Mai Phuong Thuy Vietnam Festival 2008 in Japan (cropped).jpg	Nguyen.Vu.Hung	2008-09-21	taken	Category:Mai Phương Thúy
131569686	File:Missvietnam2006 (cropped).jpg	hqhuyanh	2009-03-01	taken	Category:Mai Phương Thúy
153286665	File:Mai Phương Thúy trong áo hồng.jpg	Thang Nguyen	2006-10-08 15:19:35	taken	Category:Mai Phương Thúy
154005062	File:MAI PHƯƠNG THÚY.jpg	CereWhite	2020-09-16	taken	Category:Mai Phương Thúy
64088101	File:Lâm-thời Liên-hiệp Chính-phủ Việt-nam Dân-chủ Cộng-hòa ra mắt Quốc-hội ngày 02 tháng 03 năm 1946.jpg	Musée Annam	1946-03-02	taken	Category:Nhất Linh
106456769	File:Ký trình (Lý Đông A) t2.png	Thái-dịch Lý Đông-a	2021-06-01	taken	Category:Nhất Linh
106456770	File:Ký trình (Lý Đông A) t1.png	Thái-dịch Lý Đông-a	2021-06-01	taken	Category:Nhất Linh
120457870	File:Các chính khách Việt Nam tham dự Hội nghị Hương Cảng, chụp hình tại Văn phòng Bảo Đại.jpg	Nguyễn Khắc Ngữ	1947	taken	Category:Nhất Linh
120459258	File:AP0853-Sogny-Marien - Hong Kong, 1947 – Bao Dai reçoit les délégués du Viêt Nam Cựu hoàng Bảo Đại và Nam Phương Hoàng hậu cùng các chính khách tại Hội nghị Hương Cảng 1947.jpg	Sogny-Marien	1947	taken	Category:Nhất Linh
120492701	File:Hội Nghị Đà Lạt.jpg	unknown	1946	taken	Category:Nhất Linh
120492824	File:Hội Nghị Đà Lạt (cropped).jpg	unknown	1946	taken	Category:Nhất Linh
123077603	File:Nhất Linh Nguyễn Tường Tam in Shanghai, 1942.jpg	Nhất Linh Nguyễn Tường Tam	1942-04-20	taken	Category:Nhất Linh
125479716	File:Vietnamese politicians in Shanghai, 1947.jpg	Nguyễn Tường Thiết	1947	taken	Category:Nhất Linh
125485421	File:Các chính khách Việt Nam lưu vong chụp hình chung với cựu hoàng Bảo Đại và Nam Phương hoàng hậu tại Hồng Kông năm 1947.jpg	Unknown authorUnknown author	1947	taken	Category:Nhất Linh
125600441	File:Portrait of Nhất Linh Nguyễn Tường Tam.jpg	Atelier	"between 1942 and 1945<div style=""display"	taken	Category:Nhất Linh
125600450	File:Portrait of Nhất Linh Nguyễn Tường Tam (cropped).jpg	Atelier	"between 1942 and 1945<div style=""display"	taken	Category:Nhất Linh
138550417	File:Montpellier, 1928. Nguyễn Văn Huyên avec Nguyễn Mạnh Tường, Nguyễn Tường Tam, Nguyễn Văn Hưởng et Phạm Trinh Mẫn.jpg	Unknown photographer	Taken in 1928	taken	Category:Nhất Linh
165838014	File:Các nhà cách mạng quốc gia, Thượng Hải 1947.jpg	Unknown authorUnknown author	1947	taken	Category:Nhất Linh
7173640	File:Sakurai Yoshiko.jpg	Joi Ito	2003-08-22	taken	Category:Yoshiko Sakurai
24360012	File:Kanae Doi and Yoshiko Sakurai.jpg	Joi	2008-01-23 18:41:34	taken	Category:Yoshiko Sakurai
43159123	File:Yoshiko Sakurai 20150710 3.jpg	Joi Ito	2015-07-10	taken	Category:Yoshiko Sakurai
43159271	File:Yoshiko Sakurai 20150710 2.jpg	Joi Ito	2015-07-10	taken	Category:Yoshiko Sakurai
43159367	File:Yoshiko Sakurai 20150710 1.jpg	Joi Ito	2015-07-10	taken	Category:Yoshiko Sakurai
43159424	File:Yoshiko Sakurai cropped 1 Yoshiko Sakurai 20150710 1.jpg	Joi Ito	2015-07-10	taken	Category:Yoshiko Sakurai
43159437	File:Yoshiko Sakurai cropped 2 Yoshiko Sakurai 20150710 1.jpg	Joi Ito	2015-07-10	taken	Category:Yoshiko Sakurai
43159447	File:Yoshiko Sakurai cropped 3 Yoshiko Sakurai 20150710 1.jpg	Joi Ito	2015-07-10	taken	Category:Yoshiko Sakurai
169310370	File:Yoshiko Sakurai 20190611 JMSDF Staff College.jpg	海上自衛隊幹部学校	2019-06-11	taken	Category:Yoshiko Sakurai
30272833	File:Nha tho Duong Quan.jpg	民爲貴	2013-12-12 21:02:43	taken	Category:Bùi Xuân Phái
64692653	File:Hanoï 1946, Bui-xuan-Phai.jpg	Musée Annam	2017-12-09	taken	Category:Bùi Xuân Phái
185926475	File:Walk along Trần Duy Hưng Street 11-03-2026 E03.jpg	Baophucminh53G	2026-03-11 17:31:41	taken	Category:Bùi Xuân Phái
33033396	File:Đặng Thị Huệ và Trịnh Cán.png	Trịnh Như Tấu	1933	taken	Category:Đặng Thị Huệ
44706375	File:Dao Si Chu's portrait.JPG	Vietcuongdao	2015-11-02 13:36:53	taken	Category:Đào Sĩ Chu
44707849	File:Mme DSChu oil canvas 46x38.JPG	Vietcuongdao	2015-07-28 10:46:41	taken	Category:Đào Sĩ Chu
44812021	File:Thủ Đức landscape oil copy of USIS Calendar 1959.JPG	Vietcuongdao	2015-11-06 08:12:05	taken	Category:Đào Sĩ Chu
45413714	File:Đào Sĩ Chu Sàigòn 1955.JPG	Vietcuongdao	2015-12-03 15:19:35	taken	Category:Đào Sĩ Chu
45413715	File:Ngã Sáu Sàigòn màu nước trên bìa cứng 24x32 1955.JPG	Vietcuongdao	2015-07-30 16:12:58	taken	Category:Đào Sĩ Chu
45413716	File:Chân dung người mẫu Phấn sơn dầu trên ván ép 46x38.JPG	Vietcuongdao	2015-12-04	taken	Category:Đào Sĩ Chu
45413717	File:Chân dung người mẫu Dung đang buồn khóc sơn dầu trên ván ép 46x38.JPG	Vietcuongdao	2015-12-04	taken	Category:Đào Sĩ Chu
45578736	File:Jeune fille souriante.JPG	Vietcuongdao	dans l'année 1973	taken	Category:Đào Sĩ Chu
45578737	File:Jeune fille et bouquet de fleurs.JPG	Vietcuongdao	années 1960s	taken	Category:Đào Sĩ Chu
46646731	File:Fm left to right Á Nam Trần Tuấn Khải (famous poet), Tú Duyên, Đào Sĩ Chu. Photo from ĐSChu's family collection.JPG	Vietcuongdao	2016-01-17 10:55:49	taken	Category:Đào Sĩ Chu
46664247	File:Mme Đào Sĩ Chu Photo from the original painting of family's collection.JPG	Vietcuongdao	2015-12-24 13:28:30	taken	Category:Đào Sĩ Chu
46673139	File:Sketch of Young girl feeding chicken pencil paper 16x21.JPG	Vietcuongdao	2015-12-24 13:35:42	taken	Category:Đào Sĩ Chu
46673149	File:Sketch of niece Mai pencil paper 16x21.JPG	Vietcuongdao	2015-12-24 13:33:44	taken	Category:Đào Sĩ Chu
48614792	File:Đào Sĩ Chu, 1952.JPG	Vietcuongdao	2016-05-07 15:15:10	taken	Category:Đào Sĩ Chu
48654802	File:Bé gái cho gà ăn, 46x38.JPG	Vietcuongdao	2016-05-07 15:28:04	taken	Category:Đào Sĩ Chu
48654997	File:Trẻ em 46x58.JPG	Vietcuongdao	2015-07-29 15:04:51	taken	Category:Đào Sĩ Chu
48984869	File:Lịch triều hiến chương (bìa 1972).jpg	Vietcuongdao	2015-05-24 15:30:36	taken	Category:Đào Sĩ Chu
48984889	File:Lich triều hiến chương 1972.jpg	Vietcuongdao	2015-05-24 15:30:59	taken	Category:Đào Sĩ Chu
48984912	File:Lịch triều hiến chương 1973.jpg	Vietcuongdao	2015-05-24 15:32:28	taken	Category:Đào Sĩ Chu
49437310	File:Chọi gà, dầu trên lụa 46x38, 1968.jpg	Vietcuongdao	2016-05-07 15:32:14	taken	Category:Đào Sĩ Chu
49437556	File:Twilight landscape.jpg	Vietcuongdao	2016-06-12 10:34:38	taken	Category:Đào Sĩ Chu
53788141	File:Pathe PA2856 Phụ Nữ Việt Nam.jpg	Vietcuongdao	2016-04-12 10:01:33	taken	Category:Đào Sĩ Chu
55269203	File:Tableau Hà et l'Écriture Luo.jpg	Vietcuongdao	2016-01-23 16:14:50	taken	Category:Đào Sĩ Chu
55292656	File:Ancient Pre Ba Gua de Fuxi et Post Ba Gua de Wu Wang.jpg	Vietcuongdao	2016-01-24 07:53:59	taken	Category:Đào Sĩ Chu
55293123	File:Pre Ba Gua de Fuxi et Post Ba Gua de Wu Wang (améliorés par Đảo Sĩ Chu).png	Vietcuongdao	1971-10-10	taken	Category:Đào Sĩ Chu
55295338	File:Tableau des signes Ba Gua.jpg	Vietcuongdao	2016-01-24 09:54:59	taken	Category:Đào Sĩ Chu
55301395	File:Extract du manuscrit des Études d'Horoscope et Yi King.png	Vietcuongdao	2017-01-24	taken	Category:Đào Sĩ Chu
83411972	File:Xich lô Saigon55.jpg	Vietcuongdao	2019-10-26 16:32:58	taken	Category:Đào Sĩ Chu
86431768	File:Áo bà ba 1955.jpg	Vietcuongdao	2020-01-30 13:09:44	taken	Category:Đào Sĩ Chu
86431793	File:Áo bà ba.png	Vietcuongdao	2020-01-30	taken	Category:Đào Sĩ Chu
86431805	File:Áo dài 1950.jpg	Vietcuongdao	2020-01-30 10:09:28	taken	Category:Đào Sĩ Chu
86451477	File:Áo dài Saigon 1960.jpg	Vietcuongdao	2020-01-31 08:39:52	taken	Category:Đào Sĩ Chu
86451499	File:Áo dài, Saigonese fashion 1960.jpg	Vietcuongdao	2020-01-31 08:39:15	taken	Category:Đào Sĩ Chu
86461463	File:Nón lá & Áo dài.png	Vietcuongdao	2020-01-31	taken	Category:Đào Sĩ Chu
100852787	File:Thac Pongour.jpg	Vietcuongdao	2021-03-03	taken	Category:Đào Sĩ Chu
100853186	File:Lake of Sighs (Hô Than Thở).jpg	Vietcuongdao	2021-03-03	taken	Category:Đào Sĩ Chu
100853457	File:Dam of Suối Vàng.jpg	Vietcuongdao	2021-03-03	taken	Category:Đào Sĩ Chu
100856645	File:Bút tích thơ nữ sỉ.jpg	Vietcuongdao	2021-03-03	taken	Category:Đào Sĩ Chu
187855658	File:Floraison d'abrasins (fleurs femelles) (Centre de recherches scientifiques et techniques, station de Xiengkhouang, Laos) - Vo An Ninh ; René Schneyder - btv1b101199033 (1 of 2).jpg	Vo An Ninh. Photographe	"20<sup>th</sup> century<div style=""displ"	taken	Category:Võ An Ninh
187855682	File:Floraison d'abrasins (fleurs femelles) (Centre de recherches scientifiques et techniques, station de Xiengkhouang, Laos) - Vo An Ninh ; René Schneyder - btv1b101199033 (2 of 2).jpg	Vo An Ninh. Photographe	"20<sup>th</sup> century<div style=""displ"	taken	Category:Võ An Ninh
187897885	File:Jeune plantation d'abrasins avec couverture de Tithonia sp. (Centre de recherches scientifiques et techniques, station de Blao, Haut Donnaï (Annam)) - Vo An Ninh ; René Schneyder - btv1b101201646 (1 of 2).jpg	Vo An Ninh. Photographe	"20<sup>th</sup> century<div style=""displ"	taken	Category:Võ An Ninh
187897906	File:Jeune plantation d'abrasins avec couverture de Tithonia sp. (Centre de recherches scientifiques et techniques, station de Blao, Haut Donnaï (Annam)) - Vo An Ninh ; René Schneyder - btv1b101201646 (2 of 2).jpg	Vo An Ninh. Photographe	"20<sup>th</sup> century<div style=""displ"	taken	Category:Võ An Ninh
187899095	File:Elevage de chevaux (Centre de recherches scientifiques et techniques, station de Blao, Haut Donnaï (Annam)) - Vo An Ninh ; René Schneyder - btv1b101201663 (1 of 2).jpg	Vo An Ninh. Photographe	"20<sup>th</sup> century<div style=""displ"	taken	Category:Võ An Ninh
187899113	File:Elevage de chevaux (Centre de recherches scientifiques et techniques, station de Blao, Haut Donnaï (Annam)) - Vo An Ninh ; René Schneyder - btv1b101201663 (2 of 2).jpg	Vo An Ninh. Photographe	"20<sup>th</sup> century<div style=""displ"	taken	Category:Võ An Ninh
187920073	File:Poivriers. Plantation sous mûrier avec mulch de Tithonia (Centre de recherches scientifiques et techniques, station de Blao, Haut Donnaï (Annam)) - Vo An Ninh ; René Schneyder - btv1b101198475 (1 of 2).jpg	Vo An Ninh. Photographe	"20<sup>th</sup> century<div style=""displ"	taken	Category:Võ An Ninh
187924212	File:Blé de Chine (Centre de recherches scientifiques et techniques, station de Xiengkhouang, Laos) - Vo An Ninh ; René Schneyder - btv1b10119947j (1 of 2).jpg	Vo An Ninh. Photographe	"20<sup>th</sup> century<div style=""displ"	taken	Category:Võ An Ninh
187924229	File:Blé de Chine (Centre de recherches scientifiques et techniques, station de Xiengkhouang, Laos) - Vo An Ninh ; René Schneyder - btv1b10119947j (2 of 2).jpg	Vo An Ninh. Photographe	"20<sup>th</sup> century<div style=""displ"	taken	Category:Võ An Ninh
187973850	File:Abrasins. Fructification en grappe caractéristique (Centre de recherches scientifiques et techniques, station de Blao, Haut Donnaï (Annam)) - Vo An Ninh ; René Schneyder - btv1b10120163r (1 of 2).jpg	Vo An Ninh. Photographe	"20<sup>th</sup> century<div style=""displ"	taken	Category:Võ An Ninh
187973873	File:Abrasins. Fructification en grappe caractéristique (Centre de recherches scientifiques et techniques, station de Blao, Haut Donnaï (Annam)) - Vo An Ninh ; René Schneyder - btv1b10120163r (2 of 2).jpg	Vo An Ninh. Photographe	"20<sup>th</sup> century<div style=""displ"	taken	Category:Võ An Ninh
187973921	File:Maison des employés indochinois (Centre de recherches scientifiques et techniques, station de Blao, Haut Donnaï (Annam)) - Vo An Ninh ; René Schneyder - btv1b10120170t (1 of 2).jpg	Vo An Ninh. Photographe	"20<sup>th</sup> century<div style=""displ"	taken	Category:Võ An Ninh
187973942	File:Maison des employés indochinois (Centre de recherches scientifiques et techniques, station de Blao, Haut Donnaï (Annam)) - Vo An Ninh ; René Schneyder - btv1b10120170t (2 of 2).jpg	Vo An Ninh. Photographe	"20<sup>th</sup> century<div style=""displ"	taken	Category:Võ An Ninh
187992182	File:Theiers grainiers de race Shan Pakha (Centre de recherches scientifiques et techniques, station de Blao, Haut Donnaï (Annam)) - Vo An Ninh ; René Schneyder - btv1b10120167j (1 of 2).jpg	Vo An Ninh. Photographe	"20<sup>th</sup> century<div style=""displ"	taken	Category:Võ An Ninh
187992203	File:Theiers grainiers de race Shan Pakha (Centre de recherches scientifiques et techniques, station de Blao, Haut Donnaï (Annam)) - Vo An Ninh ; René Schneyder - btv1b10120167j (2 of 2).jpg	Vo An Ninh. Photographe	"20<sup>th</sup> century<div style=""displ"	taken	Category:Võ An Ninh
188026375	File:Ramie de Bauméthuot (Centre de recherches scientifiques et techniques, station de Blao, Haut Donnaï (Annam)) - Vo An Ninh ; René Schneyder - btv1b101201752 (1 of 2).jpg	Vo An Ninh. Photographe	"20<sup>th</sup> century<div style=""displ"	taken	Category:Võ An Ninh
188026390	File:Ramie de Bauméthuot (Centre de recherches scientifiques et techniques, station de Blao, Haut Donnaï (Annam)) - Vo An Ninh ; René Schneyder - btv1b101201752 (2 of 2).jpg	Vo An Ninh. Photographe	"20<sup>th</sup> century<div style=""displ"	taken	Category:Võ An Ninh
188026406	File:Maison du chef de station et pêchers (Centre de recherches scientifiques et techniques, station de Xiengkhouang, Laos) - Vo An Ninh ; René Schneyder - btv1b10120172q (1 of 2).jpg	Vo An Ninh. Photographe	"20<sup>th</sup> century<div style=""displ"	taken	Category:Võ An Ninh
188026425	File:Maison du chef de station et pêchers (Centre de recherches scientifiques et techniques, station de Xiengkhouang, Laos) - Vo An Ninh ; René Schneyder - btv1b10120172q (2 of 2).jpg	Vo An Ninh. Photographe	"20<sup>th</sup> century<div style=""displ"	taken	Category:Võ An Ninh
188045130	File:Culture en haie. Theiers issus de semis (2 ans) (Centre de recherches scientifiques et techniques, station de Blao, Haut Donnaï (Annam)) - Vo An Ninh ; René Schneyder - btv1b101201680 (1 of 2).jpg	Vo An Ninh. Photographe	"20<sup>th</sup> century<div style=""displ"	taken	Category:Võ An Ninh
188045155	File:Culture en haie. Theiers issus de semis (2 ans) (Centre de recherches scientifiques et techniques, station de Blao, Haut Donnaï (Annam)) - Vo An Ninh ; René Schneyder - btv1b101201680 (2 of 2).jpg	Vo An Ninh. Photographe	"20<sup>th</sup> century<div style=""displ"	taken	Category:Võ An Ninh
188097379	File:Pépinière de boutures de feuilles de théier (Centre de recherches scientifiques et techniques, station de Blao, Haut Donnaï (Annam)) - Vo An Ninh ; René Schneyder - btv1b10120169f (1 of 2).jpg	Vo An Ninh. Photographe	"20<sup>th</sup> century<div style=""displ"	taken	Category:Võ An Ninh
188097402	File:Pépinière de boutures de feuilles de théier (Centre de recherches scientifiques et techniques, station de Blao, Haut Donnaï (Annam)) - Vo An Ninh ; René Schneyder - btv1b10120169f (2 of 2).jpg	Vo An Ninh. Photographe	"20<sup>th</sup> century<div style=""displ"	taken	Category:Võ An Ninh
188097419	File:Orangers. Plantation de plateau (Centre de recherches scientifiques et techniques, station de Blao, Haut Donnaï (Annam)) - Vo An Ninh ; René Schneyder - btv1b10120176h (1 of 2).jpg	Vo An Ninh. Photographe	"20<sup>th</sup> century<div style=""displ"	taken	Category:Võ An Ninh
188097438	File:Orangers. Plantation de plateau (Centre de recherches scientifiques et techniques, station de Blao, Haut Donnaï (Annam)) - Vo An Ninh ; René Schneyder - btv1b10120176h (2 of 2).jpg	Vo An Ninh. Photographe	"20<sup>th</sup> century<div style=""displ"	taken	Category:Võ An Ninh
188119117	File:Jeune plantation d'abrasins sur ray avec bâtiments de l'huilerie (Centre de recherches scientifiques et techniques, station de Xiengkhouang, Laos) - Vo An Ninh ; René Schneyder - btv1b10120165n (1 of 2).jpg	Vo An Ninh. Photographe	"20<sup>th</sup> century<div style=""displ"	taken	Category:Võ An Ninh
188119158	File:Jeune plantation d'abrasins sur ray avec bâtiments de l'huilerie (Centre de recherches scientifiques et techniques, station de Xiengkhouang, Laos) - Vo An Ninh ; René Schneyder - btv1b10120165n (2 of 2).jpg	Vo An Ninh. Photographe	"20<sup>th</sup> century<div style=""displ"	taken	Category:Võ An Ninh
188162335	File:Floraison d'abrasins (fleurs mâles) (Centre de recherches scientifiques et techniques, station de Xiengkhouang, Laos) - Vo An Ninh ; René Schneyder - btv1b10119902n (1 of 2).jpg	Vo An Ninh. Photographe	"20<sup>th</sup> century<div style=""displ"	taken	Category:Võ An Ninh
188162366	File:Floraison d'abrasins (fleurs mâles) (Centre de recherches scientifiques et techniques, station de Xiengkhouang, Laos) - Vo An Ninh ; René Schneyder - btv1b10119902n (2 of 2).jpg	Vo An Ninh. Photographe	"20<sup>th</sup> century<div style=""displ"	taken	Category:Võ An Ninh
188164517	File:Maison des passagers (Centre de recherches scientifiques et techniques, station de Blao, Haut Donnaï (Annam)) - Vo An Ninh ; René Schneyder - btv1b101201718 (1 of 2).jpg	Vo An Ninh. Photographe	"20<sup>th</sup> century<div style=""displ"	taken	Category:Võ An Ninh
188164529	File:Maison des passagers (Centre de recherches scientifiques et techniques, station de Blao, Haut Donnaï (Annam)) - Vo An Ninh ; René Schneyder - btv1b101201718 (2 of 2).jpg	Vo An Ninh. Photographe	"20<sup>th</sup> century<div style=""displ"	taken	Category:Võ An Ninh
20866111	File:VanTienDung1954.jpg	Unknown authorUnknown author	1954-05-19	taken	Category:Văn Tiến Dũng
46353729	File:Hinh ong 2.jpg	Xuân Dũng Bùi	2016-01-05 11:16:41	taken	Category:Văn Tiến Dũng
50670898	File:Van Tien Dung 1954.jpg	Unknown author from LIFE	1954	taken	Category:Văn Tiến Dũng
44735606	File:Tượng Đại thi hào Nguyễn Du.jpg	Long Phan ZZZ	2015-10-28	taken	Category:Nguyễn Du
45193019	File:Tượng đài cụ Nguyễn Du.jpg	Vienvo03	2015-11-23	taken	Category:Nguyễn Du
110034056	File:Seal of Nguyễn Du (阮攸) from a book cover - Nhân Dân.png	Nguyễn Du (阮攸).	Sometime between 3 January 1766 – 16 Sep	taken	Category:Nguyễn Du
120488591	File:Từ đường cụ Nguyễn Du.jpg	Nam Phong Tạp Chí	1929	taken	Category:Nguyễn Du
125684256	File:Map of Mr. Nguyễn Du's native place.jpg	"Lê Thước (author of the book)
Phan Sĩ Bàng (author of the book)"	2022-11-19 23:19:06	taken	Category:Nguyễn Du
125684325	File:Tomb of Nguyễn Du and students from Vinh Middle School.jpg	"Lê Thước (author of the book)
Phan Sĩ Bàng (author of the book)"	1924	taken	Category:Nguyễn Du
125684467	File:Nhà thờ cụ Nguyễn Du.jpg	"Lê Thước (author of the book)
Phan Sĩ Bàng (author of the book)"	1924	taken	Category:Nguyễn Du
11231027	File:Hoa hau VN 2010.jpg	hqhuyanh	2008-08-28	taken	Category:Đặng Thị Ngọc Hân
21041634	File:Ngoc Han.jpg	Huy Anh	2008-08-28 13:55:14	taken	Category:Đặng Thị Ngọc Hân
57026135	File:Hoa hau VN 2010 (cropped).jpg	hqhuyanh	2008-08-28	taken	Category:Đặng Thị Ngọc Hân
6823817	File:Phamduy.jpg	Xiaoao	2008-11	taken	Category:Phạm Duy
6824107	File:Phamduydan.jpg	Xiaoao	2009-05-20T11:59:24Z	uploaded	Category:Phạm Duy
119316067	File:Vietnamese folk singer Pham Duy performing at the 1966 Florida Folk Festival - White Springs, Florida.jpg	the 1966 Florida Folk Festival	1966-05-06	taken	Category:Phạm Duy
121254287	File:Pham Duy 1937.jpg	Pham Duy	1937	taken	Category:Phạm Duy
121254343	File:Nhạc sĩ Phạm Duy tại Bình Trị Thiên năm 1948.jpg	Pham Duy	1948	taken	Category:Phạm Duy
121254573	File:Pham Duy as a teenager.jpg	Pham Duy	Unknown, probably 1930s or early 1940s	taken	Category:Phạm Duy
131442432	File:VA066424 Photograph Singing at Lansdale Villa, 1965.jpg	Rufus Phillips	Taken in 1965	taken	Category:Phạm Duy
132061198	File:Portrait of Pham Duy.jpg	U.S. Army Language School	2023-05-18T07:33:58Z	uploaded	Category:Phạm Duy
140720412	File:Musician Phạm Duy and singer Thái Hằng, 1949.jpg	Unknown photographer	Taken in 1949	taken	Category:Phạm Duy
144500617	File:Bùi Công Kỳ and Phạm Duy, 1946.jpg	Unknown photographer	Taken in 1946	taken	Category:Phạm Duy
168079885	File:Musician Phạm Duy and singer Thái Hằng, Thanh Hóa 1949.jpg	Unknown authorUnknown author	1949	taken	Category:Phạm Duy
148593548	File:Mr Văn Cao at 23 or 24 years old.jpg	Unknown photographer	circa 1946-1947	taken	Category:Văn Cao
148593701	File:Musician Văn Cao.jpg	Unknown photographer	circa 1946-1947	taken	Category:Văn Cao
13469920	File:Signature of 1883 Treaty of Hue.jpg	Unknown authorUnknown author	1887	taken	Category:Nguyễn Tuyên
25736763	File:Annamese officer Nguyen Van Tuyen.png	Revolution will	before 1902	taken	Category:Nguyễn Tuyên
32943138	File:Annamese officer Nguyen Trong Hiep.jpg	Paul Dujardin	published in 1903	taken	Category:Nguyễn Tuyên
56774431	File:Official Nguyen-Tuyen.jpg	Unserefahne	2011-01-13 14:39:10	taken	Category:Nguyễn Tuyên
82815564	File:Tonkin – résidence de France 1897.jpg	André Salles	1897	taken	Category:Nguyễn Tuyên
108085969	File:Collected Essays from the Palace Exam (Hội đình văn tuyển - 會庭文選) - Phạm Quang Sán (1909) 01.jpg	Phạm Quang Sán.	2016-11-03 06:18:15	taken	Category:Nguyễn Tuyên
124696239	File:Annamese officer Nguyen Trong Hiep (cropped).jpg	Paul Dujardin	published in 1903	taken	Category:Nguyễn Tuyên
125569729	File:Portrait of Mr. Nguyễn Trọng Hiệp.jpg	Amis du Vieux Hué	1939	taken	Category:Nguyễn Tuyên
132322386	File:Resident Lenormand and Nguyễn Trọng Hiệp.jpg	André Salles	1897	taken	Category:Nguyễn Tuyên
132322990	File:Nguyen-Trong-Hiep, membre du Comat, ancien gouverneur de Hanoï.jpg	Rigal	1892	taken	Category:Nguyễn Tuyên
132323302	File:(Vietnam - Tonkin) S. E. le Kinh Luoc, vice-roi du Tonkin.jpg	Unknown photographer	1880s - 1890s	taken	Category:Nguyễn Tuyên
138128252	File:S. E. Nguyen-Trong-Hiep.jpg	Paul Doumer	"Published in <a href=""https://en.wikiped"	taken	Category:Nguyễn Tuyên
142206538	File:Tonkin Nam-Dinh concours triennal - zoom.jpg	André Salles	1897	taken	Category:Nguyễn Tuyên
143062661	File:Tonkin. Nam-Dinh. S. E. Nguyen-trong-Hiep, ancien régent, venant d'assister au laï à la Pagode royale, des lauréats du concours triennal.jpg	André Salles	Taken in 1897	taken	Category:Nguyễn Tuyên
143187390	File:Tonkin. Nam-Dinh. Concours triennal, salutations des lauréats à la Pagode Royale, groupe de droite, 2e position.jpg	André Salles	Taken in 1897	taken	Category:Nguyễn Tuyên
143187751	File:Tonkin. Nam-Dinh, concours triennal, laïs à la pagode royale, en présence des examinateurs, de S. E. Nguyen-trong-Hiep, du résident de France, Lenormand.jpg	André Salles	Taken in 1897	taken	Category:Nguyễn Tuyên
143188146	File:Tonkin. Nam-Dinh. Concours triennal. Salutations des lauréats à la Pagode Royale. Groupe de droite, 3e position, le tong-doc et les mandarins provinciaux en tête (en présence du résident Lenormand et de S. E. Nguyen-trong-hiep).jpg	André Salles	Taken in 1897	taken	Category:Nguyễn Tuyên
152815000	File:Tonquin, Hanoï, grand mandarin en priomenade, costume de cérémonie.jpg	Pierre Dieulefils	"Published in <a href=""https://en.wikiped"	taken	Category:Nguyễn Tuyên
152815508	File:S. E. Nguyen-Trong-Hiep, actuellement régent.jpg	Publisher: Paris Quantin	"Published in <a href=""https://en.wikiped"	taken	Category:Nguyễn Tuyên
153605970	File:Indo-Chine française, 1888-1891：An-Nam, Tong-King, région des sauvages de la rive gauche du Mé-Kong - btv1b52520486g (31 of 56).jpg	Gustave Trumelet-Faber	"between 1888 and 1891<div style=""display"	taken	Category:Nguyễn Tuyên
153606926	File:Indo-Chine française, 1888-1891：An-Nam, Tong-King, région des sauvages de la rive gauche du Mé-Kong - btv1b52520486g (33 of 56).jpg	Gustave Trumelet-Faber	"between 1888 and 1891<div style=""display"	taken	Category:Nguyễn Tuyên
153608023	File:HUÉ - LES 3, 4 et 5 RÉGENTS.jpg	Gustave Trumelet-Faber	"between 1888 and 1891<div style=""display"	taken	Category:Nguyễn Tuyên
155044336	File:PP0021906 S.E. Nguyen Hiep, Premier Régent de l'Empire.jpg	Sylvain Raffegaud	Taken in 1889	taken	Category:Nguyễn Tuyên
10403001	File:Đền thờ Tô Hiến Thành.jpg	Bùi Thụy Đào Nguyên	Xem bên dưới	taken	Category:Tô Hiến Thành
10403040	File:Cổng dẫn vào đền thờ Tô Hiến Thành.jpg	Bùi Thụy Đào Nguyên	xem bên dưới	taken	Category:Tô Hiến Thành
45231652	File:Mr Nguyen Quy Kinh (1693-1766), Dai Duong teacher of the crown prince, Worshipping house of the Nguyen Kinh family, Tu Liem, Hanoi, 1766 AD, gouache - Vietnam National Museum of Fine Arts - Hanoi, Vietnam - DSC05090.JPG	Daderot	2014-08-05 23:19:20	taken	Category:Thiên-mỗ Nguyễn-quý clan
46201010	File:Nguyễn Quý Kính (1693 - 1766).jpg	Không rõ (Unknown)	1766	taken	Category:Thiên-mỗ Nguyễn-quý clan
5264372	File:Lang Vu Pham Ham.jpg	Phạm Vũ Lộc	2008-08-30	taken	Category:Vũ Phạm Hàm
48486836	File:Danh sách thi đậu, trường thi Hà Nội, khoa thi năm 1964.png	蓮池	2016-05-01	taken	Category:Vũ Phạm Hàm
57118352	File:武範諴.jpg	Tarchivum	2006-09-13 06:24:02	taken	Category:Vũ Phạm Hàm
127906584	File:Tờ trình Thành Thái thứ 2 (1890) của Thị giảng học sĩ sung Hải Phòng Hải Dương sứ Đặng Trần Hanh gửi Kinh lược Bắc kì Hoàng Cao Khải về việc xin thăng hàm Tu soạn cho Vũ Phạm Hàm.jpg	The imperial government of the Nguyễn Dynasty, French Indo-China.	2022-11-25 04:44:22	taken	Category:Vũ Phạm Hàm
40073288	File:Confucian scholar Nguyen Sieu giving lecture, Hanoi City, 1853 AD, gouache on paper - Vietnam National Museum of Fine Arts - Hanoi, Vietnam - DSC05087.JPG	Daderot	2014-08-05 23:18:58	taken	Category:Nguyễn Văn Siêu
45527347	File:Nguyễn Văn Siêu (1799 - 1872).jpg	Không rõ (Unknown)	Thế kỷ 19 - 20 (19th - 20th century)	taken	Category:Nguyễn Văn Siêu
4929828	File:Olof Plame demonstration mot Vitenamn kriget.JPG	Olof Palme	1968-02	taken	Category:Nguyen Tho Chan
7511413	File:Palme Vietnam.jpg	Sven-Eric Sjöberg	1968-02	taken	Category:Nguyen Tho Chan
16964361	File:Olof Palme marching against the Vietnam War 1968.jpg	Scanpix	1968-02	taken	Category:Nguyen Tho Chan
94457008	File:Lê Quốc Quân.JPG	ASM (thảo luận)	2013-06-09T17:23:50Z	uploaded	Category:Lê Quốc Quân
8027884	File:Mo Tham Hoa Giang Van Minh.jpg	Thiengd	2009-10-10T13:55:57Z	uploaded	Category:Giang Văn Minh
40919195	File:Statue of Emperor Mạc Mậu Hợp.jpg	大南曆大龍飛圖	2015-06-12	taken	Category:Mạc Mậu Hợp
62431579	File:Thi hào Nguyễn Khuyến - Đời và thơ, Nguyễn Huệ Chi chủ biên, 1994.jpg	Le Bleu de France	2017-09-14	taken	Category:Nguyễn Huệ Chi
62432693	File:Portrait of professor Nguyễn Đổng Chi in 1958.jpg	Le Bleu de France	2010-01-10 16:51:39	taken	Category:Nguyễn Đổng Chi
125014690	File:Portrait of Trần Tuấn Khải.png	Thiếu Sơn	1933	taken	Category:Trần Tuấn Khải
125674616	File:Portrait of Trần Tuấn Khải.jpg	Vũ Ngọc Phan / 武玉璠 (author of the book)	1942-1945	taken	Category:Trần Tuấn Khải
119686006	File:Nguyenkimson.jpg	USAID Vietnam	2022-09-09 17:00:23	taken	Category:Nguyễn Kim Sơn
64038131	File:Vietnamese government delegation and British, American, Chinese delegation confering for the evacuation of Hanoian commons in 1947.jpg	Musée Annam	1947	taken	Category:Hoàng Minh Giám
131766350	File:Minister of Foreign Affairs Hoàng Minh Giám and cadres of Ministry of Foreign Affairs in Việt Bắc (1947).jpg	Unknown photographer	Taken in 1947	taken	Category:Hoàng Minh Giám
131766570	File:Ho–Sainteny agreement, March 6, 1946.jpg	Unknown photographer	Taken on 6 March 1946	taken	Category:Hoàng Minh Giám
31562681	File:Tượng bán thân Phạm Hùng.jpg	Bùi Thụy Đào Nguyên	2014-03-03 09:07:39	taken	Category:Phạm Hùng
84672778	File:Chính phủ 1976.jpg	Phuongminhminh	2019-12-06 09:40:30	taken	Category:Phạm Hùng
93190010	File:Pham Hung's grave.jpg	Lee Gok Da	2013-06-25	taken	Category:Phạm Hùng
128397450	File:Pham Hung.jpg	Unknown author	between circa 1940 and circa 1950<div st	taken	Category:Phạm Hùng
130426678	File:Phạm Hùng năm 1932.jpg	Không rõ	1932-12-19	taken	Category:Phạm Hùng
147524766	File:Phạm Hùng.jpg	Unknown authorUnknown author	Circa 1960~70	taken	Category:Phạm Hùng
17682893	File:Rutte and Nguyen Tan Dung 3.jpg	Minister-president Rutte from Nederland (+31)	2011-09-28 09:02	taken	Category:Trần Thanh Kiệm
21014651	File:Thu-Tuong.jpg	Unghoangphuc	2012-09-02	taken	Category:Trần Thanh Kiệm
26121300	File:นาง เจิ่น ทันห์ เกียม ภริยานายกรัฐมนตรีเวียดนาม เป็นเจ - Flickr - Abhisit Vejjajiva (1).jpg	Government of Thailand	2010-10-29 13:30	taken	Category:Trần Thanh Kiệm
26121307	File:นาง เจิ่น ทันห์ เกียม ภริยานายกรัฐมนตรีเวียดนาม เป็นเจ - Flickr - Abhisit Vejjajiva (2).jpg	Government of Thailand	2010-10-29 13:29	taken	Category:Trần Thanh Kiệm
26121313	File:นาง เจิ่น ทันห์ เกียม ภริยานายกรัฐมนตรีเวียดนาม เป็นเจ - Flickr - Abhisit Vejjajiva (3).jpg	Government of Thailand	2010-10-29 13:26	taken	Category:Trần Thanh Kiệm
26121374	File:นาง เจิ่น ทันห์ เกียม ภริยานายกรัฐมนตรีเวียดนาม เป็นเจ - Flickr - Abhisit Vejjajiva (15).jpg	Government of Thailand	2010-10-29 11:47	taken	Category:Trần Thanh Kiệm
71582555	File:The Prime Minister, Dr Manmohan Singh shaking hand with the Prime Minister of Socialist Republic of Vietnam, Mr. Nguyen Tan Dung at the ceremonial reception at Rashtrapati Bhavan, in New Delhi on July 06, 2007.jpg	Prime Minister's Office	2007-07-06 09:04:56	taken	Category:Trần Thanh Kiệm
71582603	File:The Prime Minister of Socialist Republic of Vietnam, Mr. Nguyen Tan Dung paying floral tributes at the Samadhi of Mahatma Gandhi at Raj Ghat, in Delhi on July 06, 2007.jpg	Ministry of External Affairs	2007-07-06 09:39:51	taken	Category:Trần Thanh Kiệm
71719486	File:Manmohan Singh and his wife Smt. Gursharan Kaur with the Vietnamese Prime Minister, Mr. Nguyen Tan Dung and his wife, at the National Convention Center for Gala dinner, during the ASEAN Summit, in Hanoi, Vietnam.jpg	Prime Minister's Office	2010-10-29 18:47:28	taken	Category:Trần Thanh Kiệm
71978413	File:Narendra Modi welcoming the Prime Minister of Socialist Republic of Vietnam, Mr. Nguyen Tan Dung and Madame Tran Thanh Kiem, at the Ceremonial Reception, at Rashtrapati Bhavan, in New Delhi on October 28, 2014.jpg	Prime Minister's Office	2014-10-28 08:30:04	taken	Category:Trần Thanh Kiệm
71978423	File:Narendra Modi welcoming the Prime Minister of Socialist Republic of Vietnam, Mr. Nguyen Tan Dung and Madame Tran Thanh Kiem, at the Ceremonial Reception, at Rashtrapati Bhavan, in New Delhi on October 28, 2014 (1).jpg	Prime Minister's Office	2014-10-28 08:30:16	taken	Category:Trần Thanh Kiệm
71978484	File:The Prime Minister of Socialist Republic of Vietnam, Mr. Nguyen Tan Dung and Madame Tran Thanh Kiem paying floral tributes at the Samadhi of Mahatma Gandhi, at Rajghat, in Delhi on October 28, 2014.jpg	Ministry of External Affairs	2014-10-28 09:24:09	taken	Category:Trần Thanh Kiệm
71978925	File:The Prime Minister of Socialist Republic of Vietnam, Mr. Nguyen Tan Dung being seen off by the Minister of State for Agriculture and Food Processing Industries, Dr. Sanjeev Kumar Balyan, in New Delhi on October 28, 2014.jpg	Ministry of Agriculture and Farmers' Welfare	2014-10-28 18:27:46	taken	Category:Trần Thanh Kiệm
19849967	File:Truong Chinh, Le Duan, Nicolae og Elena Ceausescu.jpeg	image comes from the Romanian National Archives	<ul><li>Photo published: 23-26 May 1978<	taken	Category:Lê Duẩn
19850225	File:Le Duan.png	image comes from the Romanian National Archives	<ul><li>Photo published: 23-26 May 1978<	taken	Category:Lê Duẩn
67996692	File:Le Duan(cropped).jpg	Unknown authorUnknown author	1978-05-26	taken	Category:Lê Duẩn
93190009	File:Le Duan's grave.jpg	Lee Gok Da	2013-06-25	taken	Category:Lê Duẩn
107649302	File:Le-Duan & Mao.jpg	unknown author	1964-08	taken	Category:Lê Duẩn
107948011	File:Le duan.jpg	Ảnh tư liệu TTO.vn	"1940s<div style=""display: none;"">date QS"	taken	Category:Lê Duẩn
107961320	File:Le duan (cropped).jpg	Ảnh tư liệu TTO.vn	"1940s<div style=""display: none;"">date QS"	taken	Category:Lê Duẩn
107962404	File:Le Duan.jpg	Unknown author	1951	taken	Category:Lê Duẩn
112449334	File:Le duan.png	Unknown authorUnknown author	1978	taken	Category:Lê Duẩn
132703959	File:Ceaușescu in North Vietnam (1971).jpg	Not credited	1971-06	taken	Category:Lê Duẩn
132703981	File:Ceaușescu in North Vietnam (1971) (2).jpg	Not credited	1971-06	taken	Category:Lê Duẩn
132704062	File:Vizita-in-Vietnam.-Convorbiri-oficiale (1971).jpg	Not credited	1971	taken	Category:Lê Duẩn
132704065	File:Le Duan and Nicolae Ceausescu.jpg	Not credited	1971	taken	Category:Lê Duẩn
147039396	File:Le Duan (1).png	Unknown authorUnknown author	1978	taken	Category:Lê Duẩn
150190257	File:Lê Duẩn 1928.jpg	Unknown photographer	Taken in 1928	taken	Category:Lê Duẩn
150190366	File:4è Conférence centrale des cadres, à Viet Bac, le 20 mai 1948.jpg	Unknown photographer	Taken on 20 May 1948	taken	Category:Lê Duẩn
150190388	File:3è Plénum du comité de circonscription du Parti, le 24 janvier 1949.jpg	Unknown photographer	Taken on 24 January 1949	taken	Category:Lê Duẩn
165790611	File:Le Duan's Cambodian Travel Document.jpg	UnknownUnknown	1956-12-22	taken	Category:Lê Duẩn
165791074	File:Le Duan's mugshot (1940).jpg	Sở Mật thám Đông Dương (Sûreté général indochinoise)	1940	taken	Category:Lê Duẩn
168592970	File:Le Duan & Le Duc Tho 1949.jpg	Unknown authorUnknown author	1949-01-24	taken	Category:Lê Duẩn
168595983	File:Huynh Van Nghe va cac dong nghiep.png	Unknown authorUnknown author	late 1940s	taken	Category:Lê Duẩn
169124108	File:Le Duan and Nguyen Thuy Nga.jpg	UnknownUnknown	1950	taken	Category:Lê Duẩn
52047214	File:Ông Trịnh Văn Bô (1914 - 1988) và vợ Hoàng Thị Minh Hồ.jpg	Unknown authorUnknown author	Đầu thế kỷ 20 (Early 20th century)	taken	Category:Trịnh Văn Bô
52047285	File:Trịnh Văn Bô (1914 - 1988).jpg	Unknown authorUnknown author	Đầu thế kỷ 20 (Early 20th century)	taken	Category:Trịnh Văn Bô
66631791	File:Memorial in honour of Ho Chi Minh in the Hanoi old quarter (30645905113).jpg	shankar s. from Dubai, united arab emirates	2016-11-01 00:00	taken	Category:Trịnh Văn Bô
64147300	File:Jeunes filles à Hanoï en 1950s.jpg	Musée Annam	2017-11-15	taken	Category:Nguyễn Cao Đàm
123916218	File:Students of Indochina Fine Arts College go on a field trip to the countryside.jpg	Unknown authorUnknown author	in or before 1930	taken	Category:Lê Phổ
141636191	File:Prince Bửu Lộc and Lê Phổ in Nice in 1940s.jpg	Unknown photographer	early 1940s	taken	Category:Lê Phổ
148498069	File:Professor Victor Tardieu and beginning of the course students of Arts College of Indochina.jpg	Unknown photographer	"before 1937<div style=""display: none;"">d"	taken	Category:Lê Phổ
155859006	File:Vu Cao Dam flanked by Mai-Thu and Lê Phô.jpg	Unknown photographer	Taken in 1946	taken	Category:Lê Phổ
64286700	File:Bà luật-sư Nguyễn-thị-Hậu mặc y-phục tân-thời kiểu Lemur, 1936.jpg	Musée Annam	2017-11-22	taken	Category:Nguyễn Thị Hậu
64287077	File:Cô Nguyễn-thị-Hậu, người thiếu-nữ đầu-tiên mặc quần-áo lối mới kiểu Lemur.jpg	Musée Annam	1935-01-30	taken	Category:Nguyễn Thị Hậu
37173568	File:Vietnam War US Propaganda Leaflet No.2448.jpg	Joint United States Public Affairs Office	1968	taken	Category:Trần Độ
37738258	File:Trần Độ.jpg	Joint United States Public Affairs Office	"circa 1967<div style=""display: none;"">da"	taken	Category:Trần Độ
45416954	File:Chữ kí Chi Pu.jpg	Chi Pu	2015-12-03 17:34:25	taken	Category:Chi Pu
89467160	File:Chi Pu.png	Vietnam International Fashion Week	5 tháng 11 năm 2016 (5 Nov 2016)	taken	Category:Chi Pu
99320643	File:Nguyenthuychi.png	SỰ THẬT THẬT SỰ (https://www.youtube.com/channel/UCKRPR1dxdojo_6v8Ca4zCiA)	2019-02-10	taken	Category:Chi Pu
108072563	File:Chi Pu as Hạ Linh in She Was Pretty (Mối tình đầu của tôi).jpg	TV HUB - Giải Trí	2019-01-15	taken	Category:Chi Pu
167402594	File:Chi Pu 2016.png	pxhere.com	2016-12-27	taken	Category:Chi Pu
168006834	File:Chi Pu 2019.png	FoodHub	2019-01-07	taken	Category:Chi Pu
132608081	File:Cgs dangdinhthuy.jpg	The United States Army Command and General Staff College	"circa 1960<div style=""display: none;"">da"	taken	Category:Births in Hanoi
132610162	File:Cgs leminhluan.jpg	The United States Army Command and General Staff College	"circa 1962<div style=""display: none;"">da"	taken	Category:Births in Hanoi
132620800	File:Cgs caokhacnhat.jpg	The United States Army Command and General Staff College	"circa 1965<div style=""display: none;"">da"	taken	Category:Births in Hanoi
146284527	File:Nguyen Van Tung.png	Tuấn Hữu	2022-05-10	taken	Category:Births in Hanoi
7862311	File:Phan Ke Binh.jpg	Unknown, but published over 70 years ago	1933	taken	Category:Phan Kế Bính
79127139	File:Hung Dao Vuong cover image.jpg	Unknown, but was published in 1914 book.	1914	taken	Category:Phan Kế Bính
99841641	File:Phan Ke Binh 2.jpg	unknown, but was published in 1938 book	1938	taken	Category:Phan Kế Bính
125674764	File:Portrait of Phan Kế Bính.jpg	Vũ Ngọc Phan / 武玉璠 (author of the book)	1942-1945	taken	Category:Phan Kế Bính
128672810	File:Portrait of Phan Kế Bính (cropped).jpg	Vũ Ngọc Phan / 武玉璠 (author of the book)	"between 1942 and 1945<div style=""display"	taken	Category:Phan Kế Bính
140713772	File:Ban Biên tập báo Trung Bắc Tân Văn 1919.jpg	Thuy-Ky	Taken in 1919	taken	Category:Phan Kế Bính
9077282	File:Khaihung.jpg	Unknown authorUnknown author	"Publised in ""Tiêu sơn tráng sĩ"" novel, 1"	taken	Category:Khái Hưng
125599885	File:Portrait of Khái Hưng.jpg	Atelier	"between 1942 and 1945<div style=""display"	taken	Category:Khái Hưng
15257496	File:National Museum Vietnamese History 49.jpg	Daderot	2014-08-06 03:09:40	taken	Category:Lý Thường Kiệt
40549693	File:Stele commemorating the founding of Linh Xung pagoda by Ly Thuong Kiet, Thanh Hoa province, 7th year of the Thien Phu Due Vo reign (1126 AD), stone - National Museum of Vietnamese History - Hanoi, Vietnam - DSC05540.JPG	Daderot	2014-08-06 03:09:40	taken	Category:Lý Thường Kiệt
62523906	File:李常傑像圖.png	Hoàng Xuân Hãn	2017-09-18	taken	Category:Lý Thường Kiệt
103768457	File:Tuong Ly Thuong Kiet, DNQT.jpg	Tân  (trả lời)	xem metadata ở cuối trang	taken	Category:Lý Thường Kiệt
131322696	File:Viet Tu 4 (cropped).jpg	DangTungDuong at Vietnamese Wikipedia	18 September 2018 (original upload date)	taken	Category:Việt Tú
131322744	File:Viet Tu 3 (cropped).jpg	DangTungDuong at Vietnamese Wikipedia	14 September 2018 (original upload date)	taken	Category:Việt Tú
131322757	File:Viet Tu 2 (cropped).JPG	DangTungDuong at Vietnamese Wikipedia	14 September 2018 (original upload date)	taken	Category:Việt Tú
131322789	File:VietTu Tuphu 2017 (cropped).jpg	DangTungDuong (thảo luận)	20 tháng 5 năm 2017	taken	Category:Việt Tú
43600821	File:Statue of Emperor Mạc Tuyên Tông.jpg	昭文館	2013-03-31 11:31:25	taken	Category:Mạc Tuyên Tông
51562164	File:Minister Phan Anh.jpg	Ministry of Defence of Vietnam	1946-01-10	taken	Category:Phan Anh
64070360	File:Portrait of Minister Phan-Anh.jpg	Musée Annam	2013-09-01 18:52:58	taken	Category:Phan Anh
112225804	File:Trung Bắc Chủ nhật số 249.jpg	Tòa soạn báo Trung Bắc và Võ An Ninh	1945-06-17	taken	Category:Phan Anh
112226482	File:ĐQVN, Nội các Trần Trọng Kim.jpg	Unknown authorUnknown author	Taken on 8 May 1945	taken	Category:Phan Anh
124453400	File:Nội-Các Đầu Tiên Của Nước Việt-Nam Độc-Lập (The First Cabinet of Independent Vietnam).png	"Trung Bắc Chủ nhật
Hương Ký
Võ An Ninh"	1945-05-06	taken	Category:Phan Anh
139035274	File:President Ho Chi Minh with some members of the Resistance Government in Việt Bắc, 1948.jpg	Unknown photographer	Taken in 1948	taken	Category:Phan Anh
107960810	File:Hanoi Hannah.png	THIÊN ĐIỂU chụp lại	1966	taken	Category:Hanoi Hannah
107961013	File:Hanoi Hannah (2).jpg	unknown author	"1960s<div style=""display: none;"">date QS"	taken	Category:Hanoi Hannah
107961108	File:HanoiHannah.jpg	unknown photo	"1960s<div style=""display: none;"">date QS"	taken	Category:Hanoi Hannah
108099152	File:General Reader (普通讀本 - Phổ thông độc bản) - Phạm Quang Sán (范光璨) Duy Tân 4 (維新四年, 1911) 05.jpg	Phạm Quang Sán (范光璨).	2016-11-05 20:17:51	taken	Category:Phạm Quang Sán
115272530	File:Nam ngan chich cam cover 1 image.jpg	Unknown authorUnknown author	1918	taken	Category:Phạm Quang Sán
115272836	File:Nam ngan chich cam cover 2 image.jpg	Unknown authorUnknown author	1918	taken	Category:Phạm Quang Sán
109429472	File:Des journalistes tonkinois et cochinchinois au restaurant Colonie 1920.jpg	Photo Huong-Ky	"Published in <a href=""https://en.wikiped"	taken	Category:Nguyễn Văn Vĩnh
125013952	File:Portrait of Nguyễn Văn Vĩnh (Phê Bình và Cảo Luận, 1933).png	Thiếu Sơn	1933	taken	Category:Nguyễn Văn Vĩnh
125177702	File:Obituary for Mr. Nguyễn Văn Vĩnh.jpg	unknown	1936	taken	Category:Nguyễn Văn Vĩnh
125177769	File:Portrait of Mr. Nguyễn Văn Vĩnh in his twenties.jpg	Unknown authorUnknown author	<ul><li>taken in the early 1900s<br></li	taken	Category:Nguyễn Văn Vĩnh
125183923	File:Portrait of Nguyễn Văn Vĩnh.jpg	Unknown authorUnknown author	1936	taken	Category:Nguyễn Văn Vĩnh
125196771	File:PhamQuynhNgVanVinhPhamDuyTon.jpg	unknown	1922	taken	Category:Nguyễn Văn Vĩnh
125423791	File:Portrait of Mr. Nguyễn Văn Vĩnh, Phụ Nữ Tân Văn.png	Phụ Nữ Tân Văn	1929-05-23	taken	Category:Nguyễn Văn Vĩnh
125674744	File:Portrait of journalist Nguyễn Văn Vĩnh.jpg	Vũ Ngọc Phan / 武玉璠 (author of the book)	1942-1945	taken	Category:Nguyễn Văn Vĩnh
125686751	File:Một số nhân viên trong ban sáng lập Hội Bắc Kỳ Phật Giáo, chụp tại chùa Quán Sứ cũ năm 1936.jpg	unknown	1936	taken	Category:Nguyễn Văn Vĩnh
139457668	File:Nguyễn Văn Vĩnh, Nguyễn Văn Tố, Phạm Duy Tốn, Phạm Quỳnh and Bùi Duy Thành.jpg	Unknown photographer	"before 1945<div style=""display: none;"">d"	taken	Category:Nguyễn Văn Vĩnh
140713980	File:Mr. Nguyễn Văn Vĩnh, 1925.jpg	Unknown photographer	Taken in 1925	taken	Category:Nguyễn Văn Vĩnh
75483206	File:Hình ba.jpg	Trần Phương Bình	2003-05-20 16:01:35	taken	Category:Mường Mán & Trần Phương Bình
75483207	File:Hình hai.jpg	Trần Phương Bình	2008-04-19 15:17:23	taken	Category:Mường Mán & Trần Phương Bình
75483208	File:Hình sáu.jpg	Trần Phương Bình	2003-08-04 09:34:01	taken	Category:Mường Mán & Trần Phương Bình
75483209	File:Hình bảy.jpg	Trần Phương Bình	2011-09-13 18:06:18	taken	Category:Mường Mán & Trần Phương Bình
75483210	File:Hình tám.jpg	Trần Phương Bình	2000-01-01 07:36:09	taken	Category:Mường Mán & Trần Phương Bình
75483211	File:Hình chín.jpg	Trần Phương Bình	2000-01-01 07:38:44	taken	Category:Mường Mán & Trần Phương Bình
75483213	File:Hình muoi.jpg	Trần Phương Bình	2000-01-01 07:40:07	taken	Category:Mường Mán & Trần Phương Bình
75483214	File:Hinh mm.jpg	Trần Phương Bình	2000-01-01 08:40:31	taken	Category:Mường Mán & Trần Phương Bình
75483216	File:Hình mh.jpg	Trần Phương Bình	2003-05-20 16:05:40	taken	Category:Mường Mán & Trần Phương Bình
75483217	File:Muong man trang den.jpg	Trần Phương Bình	2037-10-16 01:21:48	taken	Category:Mường Mán & Trần Phương Bình
75483218	File:Hình mb.jpg	Trần Phương Bình	2003-08-04 09:34:32	taken	Category:Mường Mán & Trần Phương Bình
75483259	File:Hình bốn.jpg	Trần Phương Bình	2019-01-01	taken	Category:Mường Mán & Trần Phương Bình
75483261	File:Hình năm.jpg	Trần Phương Bình	2019-01-01	taken	Category:Mường Mán & Trần Phương Bình
76084307	File:Mường mán 1975.jpg	Trần Phương Bình	2013-07-26 03:03:38	taken	Category:Mường Mán & Trần Phương Bình
76084308	File:Mường mán 1989.jpg	Trần Phương Bình	2013-07-20 20:39:14	taken	Category:Mường Mán & Trần Phương Bình
76084309	File:Mường mán 1986.jpg	Trần Phương Bình	2013-07-26 03:21:25	taken	Category:Mường Mán & Trần Phương Bình
76084310	File:Mường mán 89.jpg	Trần Phương Bình	2019-01-25	taken	Category:Mường Mán & Trần Phương Bình
76084323	File:Mường mán 1972.jpg	Trần Phương Bình	2019-01-25	taken	Category:Mường Mán & Trần Phương Bình
76125129	File:Mường Mán 1990.jpg	Trần Phương Bình	2013-07-26 03:28:36	taken	Category:Mường Mán & Trần Phương Bình
124998194	File:Phạm Quỳnh and Phạm Duy Tốn in Paris, 1922.jpg	PHẠM QUỲNH	1922	taken	Category:Phạm Duy Tốn
125675033	File:Portrait of Phạm Duy Tốn.jpg	Vũ Ngọc Phan / 武玉璠 (author of the book)	1942-1945	taken	Category:Phạm Duy Tốn
125691091	File:Portrait of Phạm Duy Tốn (cropped).jpg	Vũ Ngọc Phan / 武玉璠 (author of the book)	1942-1945	taken	Category:Phạm Duy Tốn
156970154	File:Pham Duy Ton.JPG		2006-05-30T20:08:26Z	uploaded	Category:Phạm Duy Tốn
113075675	File:20190701g20 10.jpg	内閣官房内閣広報室	2019-07-01 11:50:02	taken	Category:Lê Hải An
113076674	File:Lê Hải An 20190701.jpg	内閣官房内閣広報室	2019-07-01 11:50:02	taken	Category:Lê Hải An
64064194	File:Arribo a Vietnam (38223234656).jpg	Presidencia de la República Mexicana	2017-11-08 22:32	taken	Category:Chu Ngọc Anh
64064201	File:Arribo a Vietnam (37566806214).jpg	Presidencia de la República Mexicana	2017-11-08 23:05	taken	Category:Chu Ngọc Anh
64064205	File:Arribo a Vietnam (38246058532).jpg	Presidencia de la República Mexicana	2017-11-08 23:06	taken	Category:Chu Ngọc Anh
64064210	File:Arribo a Vietnam (24407153508).jpg	Presidencia de la República Mexicana	2017-11-08 23:04	taken	Category:Chu Ngọc Anh
64064211	File:Arribo a Vietnam (38278076321).jpg	Presidencia de la República Mexicana	2017-11-08 23:04	taken	Category:Chu Ngọc Anh
64064216	File:Arribo a Vietnam (24407220148).jpg	Presidencia de la República Mexicana	2017-11-08 22:33	taken	Category:Chu Ngọc Anh
64064217	File:Arribo a Vietnam (26502080799).jpg	Presidencia de la República Mexicana	2017-11-08 23:05	taken	Category:Chu Ngọc Anh
64064221	File:Arribo a Vietnam (38223217556).jpg	Presidencia de la República Mexicana	2017-11-08 23:08	taken	Category:Chu Ngọc Anh
64064222	File:Arribo a Vietnam (26502106499).jpg	Presidencia de la República Mexicana	2017-11-08 23:07	taken	Category:Chu Ngọc Anh
64064228	File:Arribo a Vietnam (38278126511).jpg	Presidencia de la República Mexicana	2017-11-08 23:07	taken	Category:Chu Ngọc Anh
64064229	File:Arribo a Vietnam (37566862734).jpg	Presidencia de la República Mexicana	2017-11-08 14:42	taken	Category:Chu Ngọc Anh
113253543	File:Vladimir Putin and Nguyen Xuan Phuc 20190522.jpg	The Kremlin, Moscow	2019-05-22	taken	Category:Chu Ngọc Anh
113253620	File:Chu Ngọc Anh 20190522.jpg	The Kremlin, Moscow	2019-05-22	taken	Category:Chu Ngọc Anh
120482494	File:Chungocanh2021.jpg	BÁO ĐIỆN TỬ ĐẢNG CỘNG SẢN VIỆT NAM	1/2/2021	taken	Category:Chu Ngọc Anh
137163082	File:Chu Ngoc Anh, Chairman of the Hanoi People's Committee, with the microphone, Frans Timmermans, next to him, and at Hanoi Metro Line 3 in Hanoi, Vietnam.jpg	Photographer: Linh Pham	2022-02-19 09:57:42	taken	Category:Chu Ngọc Anh
70802225	File:Hanoi Conference on Illegal Wildlife Trade (31007966146).jpg	USAID Vietnam	2016-11-17 09:18	taken	Category:Nguyễn Xuân Cường
70802230	File:Hanoi Conference on Illegal Wildlife Trade (31007981356).jpg	USAID Vietnam	2016-11-17 09:42	taken	Category:Nguyễn Xuân Cường
70802232	File:Hanoi Conference on Illegal Wildlife Trade (31007997966).jpg	USAID Vietnam	2016-11-17 09:53	taken	Category:Nguyễn Xuân Cường
72583828	File:The Prime Minister, Shri Narendra Modi with the President of the Socialist Republic of Vietnam, Mr. Tran Dai Quang at the delegation level talks, at Hyderabad House, in New Delhi on March 03, 2018.jpg	Prime Minister's Office	2018-03-03 12:20:41	taken	Category:Nguyễn Xuân Cường
106947786	File:Mr. Nguyen Xuan Cuong.jpg	USAID Vietnam	2016-11-17 09:42	taken	Category:Nguyễn Xuân Cường
103520541	File:Cù Huy Hà Vũ in an interview with VOA.png	Voice of America	2015	taken	Category:Cù Huy Hà Vũ
112364249	File:2018 - Audiência com Vuong Dinh Hue - Vice-Primeiro-Ministro de Economia e Finanças do Vietnã - 42435065164.jpg	Ministério da Indústria, Comércio Exterior e Serviços	2018-07-02 10:13:51	taken	Category:Vũ Đại Thắng
112364333	File:Vu Dai Thang 20180702.jpg	Ministério da Indústria, Comércio Exterior e Serviços	2018-07-02 10:13:51	taken	Category:Vũ Đại Thắng
112364467	File:2018 - Audiência com Vuong Dinh Hue - Vice-Primeiro-Ministro de Economia e Finanças do Vietnã 2.jpg	Ministério da Indústria, Comércio Exterior e Serviços	2018-07-02 10:09:39	taken	Category:Vũ Đại Thắng
72566388	File:The Prime Minister, Shri Narendra Modi with the Prime Minister of the Socialist Republic of Vietnam, Mr. Nguyen Xuan Phuc witnessing the exchange of agreements, at Hyderabad House, in New Delhi on January 24, 2018.jpg	Prime Minister's Office	2018-01-24 20:59:53	taken	Category:Nguyễn Quốc Dũng
139862513	File:United States Institute of Peace Hosts talk about Reflections on the 50th Anniversary of the Vietnam Peace Settlement on 16 February 2023 02.jpg	U.S. Institute of Peace	2023-02-16 06:05:38	taken	Category:Nguyễn Quốc Dũng
154771434	File:2024 3rd Annual Dialogue on War Legacies and Peace in Vietnam, Laos & Cambodia - 54082847266.jpg	U.S. Institute of Peace	2024-10-15 11:50:59	taken	Category:Nguyễn Quốc Dũng
156098593	File:Nguyễn Quốc Dũng.png	United States Institute of Peace	2024-10-10	taken	Category:Nguyễn Quốc Dũng
107865783	File:Dang Minh Khoi.png	council.gov.ru	2021-07-22	taken	Category:Đặng Minh Khôi
127062137	File:Lethithuhang.jpg	council.gov.ru	27/9/2021	taken	Category:Lê Thị Thu Hằng
167880743	File:IAEA meeting with Lê Thị Thu Hằng, Vienna, May 2025 02.jpg	IAEA Imagebank	2025-05-19 10:00:47	taken	Category:Lê Thị Thu Hằng
167880744	File:IAEA meeting with Lê Thị Thu Hằng, Vienna, May 2025 03.jpg	IAEA Imagebank	2025-05-19 10:00:50	taken	Category:Lê Thị Thu Hằng
167880752	File:IAEA meeting with Lê Thị Thu Hằng, Vienna, May 2025 05.jpg	IAEA Imagebank	2025-05-19 10:04:07	taken	Category:Lê Thị Thu Hằng
167880753	File:IAEA meeting with Lê Thị Thu Hằng, Vienna, May 2025 04.jpg	IAEA Imagebank	2025-05-19 10:00:54	taken	Category:Lê Thị Thu Hằng
167880758	File:IAEA meeting with Lê Thị Thu Hằng, Vienna, May 2025 01.jpg	IAEA Imagebank	2025-05-19 10:00:45	taken	Category:Lê Thị Thu Hằng
167880761	File:IAEA meeting with Lê Thị Thu Hằng, Vienna, May 2025 06.jpg	IAEA Imagebank	2025-05-19 10:05:05	taken	Category:Lê Thị Thu Hằng
167880766	File:IAEA meeting with Lê Thị Thu Hằng, Vienna, May 2025 07.jpg	IAEA Imagebank	2025-05-19 10:05:13	taken	Category:Lê Thị Thu Hằng
167880777	File:IAEA meeting with Lê Thị Thu Hằng, Vienna, May 2025 09.jpg	IAEA Imagebank	2025-05-19 10:05:37	taken	Category:Lê Thị Thu Hằng
167880780	File:IAEA meeting with Lê Thị Thu Hằng, Vienna, May 2025 10.jpg	IAEA Imagebank	2025-05-19 10:04:32	taken	Category:Lê Thị Thu Hằng
167880782	File:IAEA meeting with Lê Thị Thu Hằng, Vienna, May 2025 08.jpg	IAEA Imagebank	2025-05-19 10:05:28	taken	Category:Lê Thị Thu Hằng
167880789	File:IAEA meeting with Lê Thị Thu Hằng, Vienna, May 2025 11.jpg	IAEA Imagebank	2025-05-19 10:04:35	taken	Category:Lê Thị Thu Hằng
171120694	File:Lê Thị Thu Hằng, Władysław Teofil Bartoszewski.jpg	Konrad Laskowski / MFA Poland	2025-07-08	taken	Category:Lê Thị Thu Hằng
171120695	File:Lê Thị Thu Hằng, Władysław Teofil Bartoszewski and others.jpg	Konrad Laskowski / MFA Poland	2025-07-08	taken	Category:Lê Thị Thu Hằng
171120696	File:Lê Thị Thu Hằng, Radosław Sikorski.jpg	Konrad Laskowski / MFA Poland	2025-07-08	taken	Category:Lê Thị Thu Hằng
188422590	File:Lê Thị Thu Hằng 2026 visit to Russia.jpg	Federation Council (Russia)	2026-03-23	taken	Category:Lê Thị Thu Hằng
120236208	File:Bà Nguyễn Thanh Hải.jpg	council.gov.ru	28/11/2017	taken	Category:Nguyễn Thanh Hải
117925916	File:Derek Chollet met with Vietnamese Vice FM Nguyễn Minh Vũ in Hanoi 2022.jpg	Office of the Counselor of the U.S. Department of State	2022-04-01	taken	Category:Nguyễn Minh Vũ
10592579	File:Hoang Van Phong.jpg	Grenouille vert	2010-06-09T16:15:49Z	uploaded	Category:Hoàng Văn Phong
71717875	File:The Union Minister for Overseas Indian Affairs, Shri Vayalar Ravi shaking hand with the Minister of Science and Technology of Vietnam, Mr. Hoang Van Phong, during his visit, in Hanoi, Vietnam on October 20, 2010.jpg	Ministry of Overseas Indian Affairs	2010-10-20 20:08:20	taken	Category:Hoàng Văn Phong
71911966	"File:The Union Minister for Commerce & Industry, Shri Anand Sharma at ""The Business Conclave Cambodia, Laos, Myanmar, Vietnam"", in New Delhi on October 22, 2013.jpg"	Ministry of Commerce and Industry (India)	2013-10-22 10:37:53	taken	Category:Nguyễn Thị Hồng
112364398	File:2018 - Audiência com Vuong Dinh Hue - Vice-Primeiro-Ministro de Economia e Finanças do Vietnã 1.jpg	Ministério da Indústria, Comércio Exterior e Serviços	2018-07-02 10:11:13	taken	Category:Nguyễn Thị Hồng
112364428	File:Nguyen Thi Hong 20180702.jpg	Ministério da Indústria, Comércio Exterior e Serviços	2018-07-02 10:11:13	taken	Category:Nguyễn Thị Hồng
121322744	File:Nguyenthihong.jpg	Press Service of the President of the Republic of Azerbaijan	2025-05-07	taken	Category:Nguyễn Thị Hồng
74490699	File:The Party Secretary of Da Nang, Mr. Truong Quang Nghia calling on the President, Shri Ram Nath Kovind, at Da Nang, in Vietnam on November 18, 2018.JPG	President's Secretariat	2018-11-18 17:51:16	taken	Category:Trương Quang Nghĩa
106879740	File:Mr. Truong Quang Nghia.jpg	President's Secretariat	2018-11-18 17:51:16	taken	Category:Trương Quang Nghĩa
71578468	File:A Vietnamese Parliamentary Delegation led by the Chairman of External Committee of the National Assembly of Vietnam, Mr. Vu Mao called on the Speaker, Lok Sabha, Shri Somnath Chatterjee, in New Delhi on May 08, 2007.jpg	Ministry of Parliamentary Affairs	2007-05-08 04:36:08	taken	Category:Vũ Mão
90788875	File:Vu-mao-1376050979.jpg	Harrybotboy kc	2013-08-11	taken	Category:Vũ Mão
97567913	File:Wojciech Gerwel, Phạm Khôi Nguyên.jpg	Ambasada RP w Hanoi	2020-09-25 20:56:33	taken	Category:Phạm Khôi Nguyên
163911598	File:Wojciech Gerwel, Phạm Khôi Nguyên (cropped).jpg	Ambasada RP w Hanoi	2020-09-25 20:56:33	taken	Category:Phạm Khôi Nguyên
117548883	File:KTS Nguyễn Duy-Đạt.webp	Unknown, published before 1945.	Likely 1930's.	taken	Category:Nguyễn Duy Đạt
117549053	File:Người nhà cầm huân chương Bắc Đẩu bội tinh của KTS Nguyễn-Duy Đạt trong đám tang.jpg	Unknown, published before 1945.	"1930s<div style=""display: none;"">date QS"	taken	Category:Nguyễn Duy Đạt
117549055	File:Đoàn đưa tang cụ Nguyễn Duy-Đạt đi qua phố Cửa Nam.webp	Unknown, published before 1945.	"1930s<div style=""display: none;"">date QS"	taken	Category:Nguyễn Duy Đạt
119544515	File:NH 79677 USS LOS ANGELES (CA-135).tif	Naval History and Heritage Command	October 1956	taken	Category:Trần Trung Dung
119544617	File:Trần Trung Dung.png	Naval History and Heritage Command	October 1956	taken	Category:Trần Trung Dung
119546665	File:NH 79669 USS LOS ANGELES (CA-135).tif	Naval History and Heritage Command	October 1956	taken	Category:Trần Trung Dung
119546856	File:VA066439 Photograph Visit to Dalat - Viet Army Officers Academy, 1955.jpg	Rufus Phillips	Taken in 1955	taken	Category:Trần Trung Dung
126544158	File:Mr. Trần Trung Dung, deputy Secretary of State for National Defense.jpg	Republic of Vietnam	"1950s<div style=""display: none;"">date QS"	taken	Category:Trần Trung Dung
131413950	File:VA066396 Photograph.jpg	Rufus Phillips	Unknown date	taken	Category:Trần Trung Dung
131843766	File:Assistant Defense Minister Tran Trung Dung.jpg	Paul Harwood	Unknown date	taken	Category:Trần Trung Dung
144077479	File:VA066440 Secretary of Defence Tran Toung Duong with Colonel Le Van Kim.jpg	Rufus Phillips	Taken in 1956	taken	Category:Trần Trung Dung
119840117	File:Mr Bùi Diễm.jpg	VOA	2019-03-06	taken	Category:Bùi Diễm
119840254	File:Va047482.jpg	Admiral Elmo R. Zumwalt, Jr.	Unknown date	taken	Category:Bùi Diễm
119840308	File:VA037708 Ambassador Bui Diem.jpg	Lee Baker	Unknown date	taken	Category:Bùi Diễm
119847367	File:Bùi Diễm 1940.jpg	Bui Diem	1940	taken	Category:Bùi Diễm
122958891	File:Ambassador Bùi Diễm.jpg	Embassy of the Republic of Vietnam in the United States of America	1967	taken	Category:Bùi Diễm
122958934	File:Ambassador Bùi Diễm (cropped).jpg	Embassy of the Republic of Vietnam in the United States of America	1967	taken	Category:Bùi Diễm
131474556	File:VA066430 Picture taken at Lansdale's Villa in Saigon, 1965.jpg	Rufus Phillips	1965-09	taken	Category:Bùi Diễm
131474605	File:VA066431 1965 Saigon - Lansdale House.jpg	Rufus Phillips	1965-09	taken	Category:Bùi Diễm
131514497	File:VA066269 Photograph.jpg	Rufus Phillips	Unknown date	taken	Category:Bùi Diễm
99389646	File:19600113武文牡.jpg	中央通訊社	1960-01-13	taken	Category:Vũ Văn Mẫu
122463394	File:中華民國駐越南使館暨僑團慶祝國慶活動 大使館總會越南外交部長武文畝代表吳廷琰總統致賀.jpg	何燕生	1959-10-10	taken	Category:Vũ Văn Mẫu
122493116	File:ROC Foreign Minister George Yeh met with Vietnamese Foreign Minister Vũng Văn Mẫu 02.jpg	秦炳炎	1958-04-22	taken	Category:Vũ Văn Mẫu
122493117	File:ROC Foreign Minister George Yeh met with Vietnamese Foreign Minister Vũng Văn Mẫu 03.jpg	秦炳炎	1958-04-22	taken	Category:Vũ Văn Mẫu
122493118	File:ROC Foreign Minister George Yeh met with Vietnamese Foreign Minister Vũng Văn Mẫu 01.jpg	秦炳炎	1958-04-22	taken	Category:Vũ Văn Mẫu
122493120	File:ROC Foreign Minister George Yeh met with Vietnamese Foreign Minister Vũng Văn Mẫu 04.jpg	秦炳炎	1958-04-22	taken	Category:Vũ Văn Mẫu
126544200	File:Mr. Vũ Văn Mẫu, Secretary of State for Foreign Affairs.jpg	Republic of Vietnam	"1950s<div style=""display: none;"">date QS"	taken	Category:Vũ Văn Mẫu
131364570	File:VA066360 Photograph Ngô Đình Diệm and other people.jpg	Rufus Phillips	Unknown date	taken	Category:Vũ Văn Mẫu
131382173	File:VA066376 Photograph.jpg	Rufus Phillips	Taken in 1955	taken	Category:Vũ Văn Mẫu
131416481	File:VA066398 Photograph.jpg	Rufus Phillips	Unknown date	taken	Category:Vũ Văn Mẫu
131416746	File:VA066403 Photograph.jpg	Rufus Phillips	Unknown date	taken	Category:Vũ Văn Mẫu
141376501	File:Cover of Lich-Triều Hiến-Chương Loại-Chí (1957).jpg	"Cao Nãi Quang
Nguyễn Sĩ Giác
Vũ Văn Mẫu"	"Published in <a href=""https://en.wikiped"	taken	Category:Vũ Văn Mẫu
194031230	File:19600113武文牡 (cropped).jpg	中央通訊社	1960-01-13	taken	Category:Vũ Văn Mẫu
121254399	File:1947 - Thái Hằng trong Ban Văn Nghệ Trung Ðoàn 9 Khu Tư, Thanh Hoá.jpg	Thái Hằng	1947	taken	Category:Thái Hằng
121254467	File:1947 - Thái Hằng trong Ban Văn Nghệ Trung Ðoàn 9 Khu Tư, Thanh Hoá (cropped).jpg	Thái Hằng	1947	taken	Category:Thái Hằng
121254473	File:1947 - Thái Hằng trong Ban Văn Nghệ Trung Ðoàn 9 Khu Tư, Thanh Hoá (cropped 2).jpg	Thái Hằng	1947	taken	Category:Thái Hằng
120120502	File:Dr Hoàng Cơ Bình.png	Gouvernement General de l'Indochine	1943	taken	Category:Hoàng Cơ Bình
120120554	File:Dr Hoàng Cơ Bình (cropped).png	Gouvernement General de l'Indochine	1943	taken	Category:Hoàng Cơ Bình
120289471	File:Hoàng Huân Trung Souverains et notabilites d'Indochine.jpg	Gouvernement General de l'Indochine	1943	taken	Category:Hoàng Huân Trung
120289491	File:Hoàng Huân Trung Souverains et notabilites d'Indochine (cropped).jpg	Gouvernement General de l'Indochine	1943	taken	Category:Hoàng Huân Trung
131726031	File:Family of Mr. Hoàng Huân Trung.jpg	Unknown photographer	"between 1942 and 1950<div style=""display"	taken	Category:Hoàng Huân Trung
121499939	File:臺灣省立博物館舉行華越同心照片展覽 01.jpg	中華民國攝影師	1969-05-28	taken	Category:Nguyễn Phú Đức
121499940	File:臺灣省立博物館舉行華越同心照片展覽 02.jpg	中華民國攝影師	1969-05-28	taken	Category:Nguyễn Phú Đức
121499941	File:臺灣省立博物館舉行華越同心照片展覽 03.jpg	中華民國攝影師	1969-05-28	taken	Category:Nguyễn Phú Đức
121499942	File:臺灣省立博物館舉行華越同心照片展覽 04.jpg	中華民國攝影師	1969-05-28	taken	Category:Nguyễn Phú Đức
121499969	File:臺灣省立博物館舉行華越同心照片展覽 02 (cropped).jpg	中華民國攝影師	1969-05-28	taken	Category:Nguyễn Phú Đức
110819508	File:Tổng đốc một số tỉnh.jpg	Vô danh	1902-01-12	taken	Category:Lê Hoan
124259154	File:Lê Hoan, khi đang làm tổng đốc Hải Dương.jpg	Lê Hoan	"between 1909 and 1915<div style=""display"	taken	Category:Lê Hoan
140045326	File:Portrait of Mr. Lê Hoan (黎讙).jpg	"Unknown photographer
shared by Olympia Le-Tan and posted by Quan phục Đại Nam on Facebook"	"before 1915<div style=""display: none;"">d"	taken	Category:Lê Hoan
148496972	File:Three Nguyen dynasty Mandarins 1902.jpg	Unknown authorUnknown author	1902	taken	Category:Lê Hoan
148497219	File:Portrait of Lê Hoan by Lê Phổ.jpg	Lê Phổ	"before 1945<div style=""display: none;"">d"	taken	Category:Lê Hoan
148497258	File:Portrait of Lê Hoan painted by Lương Minh Hiểu.jpg	Lương Minh Hiểu	"before 1945<div style=""display: none;"">d"	taken	Category:Lê Hoan
153275165	File:TONKIN - Hanoi - Mandarin et son cheval caparaçonné.jpg	Pierre Dieulefils	"before 1945<div style=""display: none;"">d"	taken	Category:Lê Hoan
153275274	File:693. TONKIN - Hanoi - Mandarin (Le-Hoan et son cheval caparaçonné (126036005892).jpg	Unknown photographer	"before 1905<div style=""display: none;"">d"	taken	Category:Lê Hoan
153983119	File:Portrait of Lê Hoan, from Phan Trần Chúc's book Lê Hoan.jpg	Unknown authorUnknown author	"Published in <a href=""https://en.wikiped"	taken	Category:Lê Hoan
153983155	File:Portrait of Lê Hoan as the cover for Phan Trần Chúc's book Lê Hoan.jpg	Unknown authorUnknown author	"Published in <a href=""https://en.wikiped"	taken	Category:Lê Hoan
125050853	File:Portrait of Mr. Ngô Vi Liễn.jpg	Unknown authorUnknown author	in or before 1945	taken	Category:Ngô Vi Liễn
125054095	File:Portrait of Mr. Ngô Vi Liễn (cropped).jpg	Unknown authorUnknown author	in or before 1945	taken	Category:Ngô Vi Liễn
52047888	File:Bạch Thái Bưởi (1874 - 1932).jpg	Unknown authorUnknown author	Đầu thế kỷ 20 (Early 20th century)	taken	Category:Bạch Thái Bưởi
125144063	File:Portrait of Mr. Bạch Thái Bưởi.jpg	Unknown authorUnknown author	1922-04	taken	Category:Bạch Thái Bưởi
175067428	File:Bach Thai Company logo.png	Unknown authorUnknown author	1909	taken	Category:Bạch Thái Bưởi
125185923	File:Chân dung Cao Đắc Minh (1887-1918).jpg	Unattributed photographer.	"before 1918<div style=""display: none;"">d"	taken	Category:Cao Đắc Minh
125186055	File:Nghị định của Thống sứ Bắc Kỳ v-v truy phong cho Cao Đắc Minh (Ngày 15 tháng 01 năm 1919).jpg	The government of the French protectorate of Tonkin, French Indo-China.	Ngày 15 tháng 01 năm 1919.	taken	Category:Cao Đắc Minh
125302925	File:Brevet of Tam-Hạng Kim-Khánh (三項金磬) of Mr. Mai Thanh Các (枚青閣).jpg	Ban Đại-Việt	1931	taken	Category:Mai Thanh Các
125303157	File:Mr. Mai Thanh Các (枚青閣) and Nguyễn Phúc Bửu Thạch (阮福寶石).jpg	Ban Đại-Việt	published in 1931	taken	Category:Mai Thanh Các
125303354	File:MAI-THANH-CÁC's Order of the Dragon of Annam certificate.jpg	Ban Đại-Việt	1931	taken	Category:Mai Thanh Các
125303546	File:Mr. Mai Thanh Các (枚青閣) and Mr. Hồ Đắc Trung (胡得忠).jpg	Ban Đại-Việt	1931	taken	Category:Mai Thanh Các
125303649	File:大南皇帝賞枚青閣正九品文階之敕.jpg	Ban Đại-Việt	1931	taken	Category:Mai Thanh Các
125303968	File:Bằng-cấp cho ông Mai-thanh-Các được thăng thưởng chức Hàn-Lâm-Viện cung-phụng.jpg	Ban Đại-Việt	1931	taken	Category:Mai Thanh Các
125304395	File:Portrait of Mr. Mai Thanh Các (枚青閣).jpg	Ban Đại-Việt	1931	taken	Category:Mai Thanh Các
125304557	File:Advertisement of Ban Đại Việt and a portrait of Mr. Mai Thanh Các.png	Tự Lực Văn Đoàn	1936-02-07	taken	Category:Mai Thanh Các
132543679	File:Hai ông Bác-sĩ Saa và Mai-Thanh-Các.jpg	Unknown photographer	Published on 30 May 1931	taken	Category:Mai Thanh Các
125614789	File:Portrait of Nam Hương Bùi Huy Cường.jpg	Vũ Ngọc Phan / 武玉璠 (author of the book)	1942-1945	taken	Category:Bùi Huy Cường
125614870	File:Portrait of Nam Hương Bùi Huy Cường (cropped).jpg	Vũ Ngọc Phan / 武玉璠 (author of the book)	1942-1945	taken	Category:Bùi Huy Cường
125925633	File:Portrait of Bùi Đình Tá, Souverains et notabilités d'Indochine.png	Gouvernement général de l'Indochine	1943	taken	Category:Bùi Đình Tá
125926459	File:Portrait of Bùi Đình Tá, Souverains et notabilités d'Indochine (cropped).png	Gouvernement général de l'Indochine	1943	taken	Category:Bùi Đình Tá
119343125	File:Signature of Phạm Văn Sơn.png	Phạm Văn Sơn	1969-04-20	taken	Category:Phạm Văn Sơn
124091359	File:Nguyễn Văn Bân, Souverains et notabilités d'Indochine.png	Gouvernement Général de L'Indochine	1943	taken	Category:Nguyễn Văn Bân
141100045	File:Nguyễn Văn Bân, Souverains et notabilités d'Indochine (cropped).png	Gouvernement Général de L'Indochine	1943	taken	Category:Nguyễn Văn Bân
126842891	File:Nghiêm Hoàn Luyến (1871-1923).jpg	Unknown authorUnknown author	"before 1923<div style=""display: none;"">d"	taken	Category:Nghiêm Hoàn Luyến
126844899	File:Nghiêm Thẩm's astrological sign, written down by his father.jpg	Nghiêm Hoàn Luyến	"circa 1918<div style=""display: none;"">da"	taken	Category:Nghiêm Hoàn Luyến
126844407	File:Nguyễn Thị Thanh and her children (1946).jpg	Unknown authorUnknown author	2013-08-14 15:31:10	taken	Category:Nghiêm Thẩm
126844740	File:The Nghiêm family in 1941.jpg	Unknown authorUnknown author	1941	taken	Category:Nghiêm Thẩm
126845016	File:Nghiêm Thẩm in 1952.jpg	Unknown photographer	1952	taken	Category:Nghiêm Thẩm
126845422	File:The Nghiêm family in 1943.jpg	Unknown photographer	1943	taken	Category:Nghiêm Thẩm
126845573	File:Nghiêm Thẩm in 1941.jpg	Unknown authorUnknown author	1941	taken	Category:Nghiêm Thẩm
132286783	File:Bronze crescent from a temple in Hue, Central Viet-Nam, unpacked for the Vietnamese cultural exhibit at the Smithsonian Institution.png	Press and Information Office, Embassy of the Republic of Viet-Nam	Published on 26 October 1960	taken	Category:Nghiêm Thẩm
127644239	File:Portrait of Dương Thiệu Tường, Souverains et notabilités d'Indochine.png	Gouvernement général de l'Indochine	1943	taken	Category:Dương Thiệu Tường
127644328	File:Portrait of Dương Thiệu Tường, Souverains et notabilités d'Indochine (cropped).png	Gouvernement général de l'Indochine	1943	taken	Category:Dương Thiệu Tường
141816320	File:Mai and members of her family at the mayor's official residence in Haiphong.jpg	Unknown photographer	"circa 1950<div style=""display: none;"">da"	taken	Category:Dương Thiệu Tường
143189582	File:Registration information of candidate Dương Thiệu Tường (楊紹祥).jpg	Government of French Indochina	1919	taken	Category:Dương Thiệu Tường
84466807	File:Н.НИГМАТУЛИН ЦЕНТР АБАЯ СТУДЕНТЫ ХАНОЙ.jpg	http://www.parlam.kz/	2019-11-14 12:56:05	taken	Category:Men of Hanoi
94231193	File:BiBi.jpeg	Gió Đông (thảo luận)	15 tháng 3 năm 2019	taken	Category:Men of Hanoi
98511374	File:Policanoj en Hanojo.jpg	RG72	2012-08-03 06:47:52	taken	Category:Men of Hanoi
98772972	File:Viroj ludas tabloludon surstrate en Hanojo.jpg	RG72	2013-11-10 11:54:35	taken	Category:Men of Hanoi
98773046	File:Motorciklo-taksiistoj ripozas sur siaj motorcikloj stratangule (Hanojo).jpg	RG72	2013-11-10 13:23:51	taken	Category:Men of Hanoi
131137781	File:Nghiêm Xuân Quảng, Souverains et notabilités d'Indochine.png	Gouvernement General de l'Indochine	"Published in <a href=""https://en.wikiped"	taken	Category:Nghiêm Xuân Quảng
131137880	File:Nghiêm Xuân Quảng, Souverains et notabilités d'Indochine (cropped).png	Gouvernement General de l'Indochine	"Published in <a href=""https://en.wikiped"	taken	Category:Nghiêm Xuân Quảng
132034604	File:AP0821-Hué, 1924 – Thé d’honneur offert aux mandarins supérieurs.jpg	Uncredited photographer	Taken in 1924	taken	Category:Nghiêm Xuân Quảng
144250908	File:Meeting at Hue – Resident Superior, P. Pasquier, and senior court officials, 1924.jpg	Tang-Vinh	Taken in 1924	taken	Category:Nghiêm Xuân Quảng
80522476	File:Man in Pith Helmet on Bike - Old Quarter - Hanoi - Vietnam (48071261636).jpg	Adam Jones from Kelowna, BC, Canada	Taken on 16 June 2019, 11:57	taken	Category:People in Hanoi
80522539	File:Locals at Roadside - Old Quarter - Hanoi - Vietnam (48078539943).jpg	Adam Jones from Kelowna, BC, Canada	Taken on 17 June 2019, 17:50	taken	Category:People in Hanoi
80542789	File:Girl in Market Stall - Old Quarter - Hanoi - Vietnam (48071365007).jpg	Adam Jones from Kelowna, BC, Canada	Taken on 16 June 2019, 12:14	taken	Category:People in Hanoi
97496903	File:Mdm Phạm Thị Hải Chuyền, Minister of Labour, War Invalids and Social Affairs speaks at the Social Work Day event in Hanoi (8168721418) cropped.jpg	USAID Vietnam	Taken on 9 November 2012, 09:42:14	taken	Category:People in Hanoi
97907543	File:The National Tuberculosis (TB) Program Partners with USAID to Implement a New Strategy to End TB in Vietnam.jpg	USAID Vietnam	Taken on 15 December 2020, 10:40:11	taken	Category:People in Hanoi
109889099	File:Graveyard Ha Noi Vietnam - Ven Dr Sumedh Thero.jpg	Ven Dr Sumedh Thero	"19 May 2019 (according to <span lang=""en"	taken	Category:People in Hanoi
109889100	File:Ha Noi- - Ven Dr Sumedh Thero.jpg	Ven Dr Sumedh Thero	"17 May 2019 (according to <span lang=""en"	taken	Category:People in Hanoi
109889102	File:Fume stick pot ha Noi- - Ven Dr Sumedh Thero.jpg	Ven Dr Sumedh Thero	Taken on 18 May 2019	taken	Category:People in Hanoi
109889130	File:Ha Noi- Airport- - Ven Dr Sumedh Thero.jpg	Ven Dr Sumedh Thero	"11 May 2019 (according to <span lang=""en"	taken	Category:People in Hanoi
109889134	File:Inside ha Noi old Quarters- - Ven Dr Sumedh Thero.jpg	Ven Dr Sumedh Thero	10 September 2021 (upload date)	taken	Category:People in Hanoi
109889139	File:Ha Noi Pagoda- - Ven Dr Sumedh Thero.jpg	Ven Dr Sumedh Thero	"19 May 2019 (according to <span lang=""en"	taken	Category:People in Hanoi
109889142	File:Vietnam cats- - Ven Dr Sumedh Thero.jpg	Ven Dr Sumedh Thero	2021-09-10	taken	Category:People in Hanoi
113259359	File:Hanoi, Vietnam (49534788251).jpg	flowcomm	Taken on 14 February 2020, 09:36	taken	Category:People in Hanoi
113259360	File:Hanoi, Vietnam (49534772476).jpg	flowcomm	Taken on 14 February 2020, 09:37	taken	Category:People in Hanoi
113259361	File:Hanoi, Vietnam (49535023247).jpg	flowcomm	Taken on 14 February 2020, 06:59	taken	Category:People in Hanoi
113259364	File:Hanoi, Vietnam (49534806426).jpg	flowcomm	Taken on 14 February 2020, 06:22	taken	Category:People in Hanoi
113259365	File:Hanoi, Vietnam (49534315733).jpg	flowcomm	Taken on 14 February 2020, 06:22	taken	Category:People in Hanoi
113259366	File:Hanoi, Vietnam (49535039097).jpg	flowcomm	Taken on 14 February 2020, 06:22	taken	Category:People in Hanoi
113259368	File:Hanoi, Vietnam (49534818251).jpg	flowcomm	Taken on 14 February 2020, 05:18	taken	Category:People in Hanoi
113259370	File:Hanoi, Vietnam (49534323183).jpg	flowcomm	Taken on 14 February 2020, 05:18	taken	Category:People in Hanoi
113259373	File:Hanoi, Vietnam (49534326443).jpg	flowcomm	Taken on 14 February 2020, 05:10	taken	Category:People in Hanoi
113259376	File:Hanoi, Vietnam (49538318903).jpg	flowcomm	Taken on 15 February 2020, 08:45	taken	Category:People in Hanoi
113259379	File:Hanoi, Vietnam (49539039142).jpg	flowcomm	Taken on 15 February 2020, 08:46	taken	Category:People in Hanoi
113259382	File:Hanoi, Vietnam (49538314523).jpg	flowcomm	Taken on 15 February 2020, 09:22	taken	Category:People in Hanoi
113259386	File:Hanoi, Vietnam (49538274153).jpg	flowcomm	Taken on 15 February 2020, 11:31	taken	Category:People in Hanoi
113259387	File:Hanoi, Vietnam (49538764046).jpg	flowcomm	Taken on 15 February 2020, 11:40	taken	Category:People in Hanoi
113259393	File:Hanoi, Vietnam (49538227118).jpg	flowcomm	2020-02-15 07:28	taken	Category:People in Hanoi
113259395	File:Hanoi, Vietnam (49538216993).jpg	flowcomm	Taken on 15 February 2020, 05:11	taken	Category:People in Hanoi
113259408	File:Hanoi, Vietnam (49538874407).jpg	flowcomm	Taken on 15 February 2020, 04:29	taken	Category:People in Hanoi
113561726	File:Dao Duy Tu & Ma May, Old Quarter, Hanoi (28456369447).jpg	Vinnie Cartabiano	Taken on 9 July 2018, 14:25	taken	Category:People in Hanoi
147016867	File:INDOCHINE - CHAPITRE 9 - Lot 71 - His Majesty Emperor Bao-Dai and Governor General Pasquier in Hanoi.jpg	Unknown photographer	"before 1934<div style=""display: none;"">d"	taken	Category:People in Hanoi
147017050	File:INDOCHINE - CHAPITRE 9 - Lot 71 - His Majesty Emperor Bao-Dai and Governor General Pasquier in Hanoi 02.jpg	Unknown photographer	"before 1934<div style=""display: none;"">d"	taken	Category:People in Hanoi
152815340	File:Tonquin, Hanoï, médecin annamite.jpg	Pierre Dieulefils	"Published in <a href=""https://en.wikiped"	taken	Category:People in Hanoi
76950640	File:Great Unity March.jpg	Bulbulangkor	2018-03	taken	Category:Children of Hanoi
131497622	File:Note of Nguyen Huu Chi to Gonzalo Facio to protest against the violation of the sovereignty of the Republic of Vietnam by the People's Republic of China 1974-01-18.jpg	Nguyen Huu Chi (Ambassador, Permanent Observer of the Republic of Viet-Nam to the United Nations)	1974-01-18	taken	Category:Nguyễn Hữu Chì
176776241	File:Letter by Ambassador Nguyen Huu Chi to Mr Charles Wiley, 1975.jpg	Office of the Permanent Observer of the Republic of Viet-Nam to the United Nations	1975-04-30	taken	Category:Nguyễn Hữu Chì
90174187	File:Nguyễn Mạnh Tường tại Áo.jpg	Thiết Khẩu Nhi	2020-05-14	taken	Category:Nguyễn Mạnh Tường
124062132	File:Portrait of Nguyễn Mạnh Tường, Souverains et notabilites d'Indochine.jpg	Gouvernement Général de L'Indochine	1943	taken	Category:Nguyễn Mạnh Tường
138550277	File:Dịp nghỉ hè GS Nguyễn Văn Huyên và người bạn thân Nguyễn Mạnh Tường hay về các vùng nông thôn tìm hiểu cuộc sống người dân.jpg	Unknown photographer	1920s-1930s	taken	Category:Nguyễn Mạnh Tường
138550468	File:Paris, 1931. Nguyễn Văn Huyên avec Nguyễn Mạnh Tường.jpg	Unknown photographer	Taken in 1931	taken	Category:Nguyễn Mạnh Tường
132061403	File:Portrait of Anh Ngọc.jpg	U.S. Army Language School	2023-05-18T07:39:36Z	uploaded	Category:Anh Ngọc
132061734	File:Portrait of Anh Ngọc (cropped).jpg	U.S. Army Language School	2023-05-18T07:51:12Z	uploaded	Category:Anh Ngọc
132158701	File:Dr. Hoàng Gia Hợp.jpg	Fkhuong	"1960s<div style=""display: none;"">date QS"	taken	Category:Hoàng Gia Hợp
122959147	File:President Thieu, Vice President Ky, Prime Minister Loc and members of the cabinet.jpg	Embassy of the Republic of Vietnam in the United States of America	January 1968	taken	Category:Nguyễn Tấn Hồng
122959187	File:President Thieu, Vice President Ky, Prime Minister Loc and members of the cabinet (cropped).jpg	Embassy of the Republic of Vietnam in the United States of America	January 1968	taken	Category:Nguyễn Tấn Hồng
69283144	File:Lang mo cu Nguyen Van Giap.jpg	Tất Thông	2018-05-20	taken	Category:Nguyễn Văn Giáp
103769645	File:Danh Nhan Nguyen Van Giap.jpeg	Nguyễn Tất Thông	18 tháng 5 năm 2018	taken	Category:Nguyễn Văn Giáp
138402696	File:Nguyễn Đình Khánh.jpg	Unknown photographer	"before 1946<div style=""display: none;"">d"	taken	Category:Khánh Ký
139373873	File:Mr. Nguyễn Đình Khánh with employees of Khánh Ký photo studio, 1924.jpg	Unknown photographer	Taken in 1924	taken	Category:Khánh Ký
139373932	File:Mr. Nguyễn Đình Khánh with employees of Khánh Ký photo studio, 1924 (2).jpg	Unknown photographer	Taken in 1924	taken	Category:Khánh Ký
125838354	File:Bùi Bằng Thuận, Bùi Bằng Phấn and Bùi Bằng Đoàn.jpg	Uncredited photographer.	"before 1947<div style=""display: none;"">d"	taken	Category:Bùi Bằng Phấn
138433176	File:Bùi Bằng Phấn, Souverains et notabilités d'Indochine.png	Gouvernement General de l'Indochine.	"Published in <a href=""https://en.wikiped"	taken	Category:Bùi Bằng Phấn
138433188	File:Bùi Bằng Phấn, Souverains et notabilités d'Indochine (cropped).png	Gouvernement General de l'Indochine.	"Published in <a href=""https://en.wikiped"	taken	Category:Bùi Bằng Phấn
108082067	File:New Writings in Classical Chinese on Elementary Learning (Ấu học hán tự tân thư - 幼學漢字新書) - Nguyễn Dynasty mandarins (1909).jpg	Nguyễn Dynasty mandarins.	1909	taken	Category:Dương Lâm
141805418	File:Portrait of Dương Lâm (楊琳).jpg	Unknown authorUnknown author	"Published in <a href=""https://en.wikiped"	taken	Category:Dương Lâm
154240017	File:Portrait of Dương Lâm.png	Unknown authorUnknown author	"before 1945<div style=""display: none;"">d"	taken	Category:Dương Lâm
154240095	File:Portrait of Dương Lâm (楊琳) (cropped).jpg	Unknown authorUnknown author	"Published in <a href=""https://en.wikiped"	taken	Category:Dương Lâm
138549834	File:Cụ bà Phạm Thị Tý (1876 - 1949), người mẹ giỏi giang của cố GS Nguyễn Văn Huyên.jpg	Unknown photographer	"before 1949<div style=""display: none;"">d"	taken	Category:Phạm Thị Tý
138549914	File:Cụ bà Phạm Thị Tý (1876 - 1949), người mẹ giỏi giang của cố GS Nguyễn Văn Huyên 02.jpg	Unknown photographer	"before 1949<div style=""display: none;"">d"	taken	Category:Phạm Thị Tý
138712274	File:Wedding of Phan Kế Toại and Nguyễn Thị Mão, 1935 01.jpg	Unknown photographer	Taken in 1935	taken	Category:Phạm Thị Tý
138712275	File:Wedding of Phan Kế Toại and Nguyễn Thị Mão, 1935 02.jpg	Unknown photographer	Taken in 1935	taken	Category:Phạm Thị Tý
153649612	File:Phạm Thị Tý and her family.jpg	Unknown photographer	"before 1949<div style=""display: none;"">d"	taken	Category:Phạm Thị Tý
138707981	File:Ảnh cô dâu Nguyễn Thị Mão.jpg	Unknown photographer	Taken in 1935	taken	Category:Nguyễn Thị Mão
138708105	File:Ảnh cô dâu Nguyễn Thị Mão cùng các bạn gái.jpg	Unknown photographer	Taken in 1935	taken	Category:Nguyễn Thị Mão
139092727	File:Portrait painting of Phan Huy Vịnh (潘輝泳).jpg	Unknown authorUnknown author	2023-10-17T13:48:30Z	uploaded	Category:Phan Huy Vịnh
15067751	File:Dong tac tien si Nguyen Van Ly.JPG	Theduong	2011-04-30T03:20:14Z	uploaded	Category:Nguyễn Văn Lý
52049071	File:Đỗ Đình Thiện (1904 - 1972).jpg	Unknown authorUnknown author	Đầu thế kỷ 20 (Early 20th century)	taken	Category:Đỗ Đình Thiện
140531153	File:Plantation Chinê of Family Đỗ Đình Thiện (1940).jpg	Unknown photographer	Taken in 1940	taken	Category:Đỗ Đình Thiện
111789219	File:Luong-ngoc-quyen.jpg	Vô danh	2021-10-26	taken	Category:Lương Ngọc Quyến
140626280	File:Portrait of Lê Thị Lễ (Mrs. Lương Văn Can).jpg	Unknown photographer	"before 1927<div style=""display: none;"">d"	taken	Category:Lê Thị Lễ
140626419	File:Cụ bà Lê Thị Lễ (1857-1927).jpg	Unknown photographer	"before 1927<div style=""display: none;"">d"	taken	Category:Lê Thị Lễ
140626501	File:Funeral of Lê Thị Lễ (1857-1927).jpg	Unknown photographer	"circa 1927<div style=""display: none;"">da"	taken	Category:Lê Thị Lễ
140702258	File:Portrait of Mr. Đoàn Triển.jpg	Unknown authorUnknown author	"before 1945<div style=""display: none;"">d"	taken	Category:Đoàn Triển
140711807	File:Portrait of Mr. Đoàn Triển (cropped).jpg	Unknown authorUnknown author	"before 1945<div style=""display: none;"">d"	taken	Category:Đoàn Triển
140712060	File:Portrait of Mr. Đoàn Triển 段展.jpg	Unknown photographer	"before 1919<div style=""display: none;"">d"	taken	Category:Đoàn Triển
140714428	File:Portrait of Nguyễn Nhược Pháp, 1936-06-17.jpg	Unknown photographer	Taken on 17 June 1936	taken	Category:Nguyễn Nhược Pháp
140714648	File:Nguyễn Nhược Pháp, 1924.jpg	Unknown photographer	Taken in 1924	taken	Category:Nguyễn Nhược Pháp
140714868	File:Family of Mr. Nguyễn Văn Vĩnh after his death.jpg	Unknown photographer	Taken in 1937	taken	Category:Nguyễn Nhược Pháp
141361699	File:Cụ Nguyễn Duy Nhiếp (1863 – 1904) - Cụ Cao Ngọc Anh (1878 – 1970).png	Unknown photographer	"before 1904<div style=""display: none;"">d"	taken	Category:Nguyễn Duy Nhiếp
141362237	File:Cụ Nguyễn Duy Nhiếp (1863 – 1904).png	Unknown photographer	"before 1904<div style=""display: none;"">d"	taken	Category:Nguyễn Duy Nhiếp
141375193	File:Mr. Nguyen Duy Lien inspects the U.S. Marine Honor Guard.jpg	Press and Information Office, Embassy of the Republic of Vietnam (Washington D. C.)	Taken on 23 November 1960, Published on 	taken	Category:Nguyễn Duy Liễn
141466054	File:Cung Đình Vận, Souverains et notabilités d'Indochine.jpg	Gouvernement Général de L'Indochine	"Published in <a href=""https://en.wikiped"	taken	Category:Cung Đình Vận
141466115	File:Cung Đình Vận, Souverains et notabilités d'Indochine (cropped).jpg	Gouvernement Général de L'Indochine	"Published in <a href=""https://en.wikiped"	taken	Category:Cung Đình Vận
141622682	File:Members of the new Supreme Court of the Republic of Vietnam.jpg	The Embassy of the Republic of Viet-Nam in the U.S.	Taken in 1969	taken	Category:Nguyễn Mộng Bích
141624766	File:The nine justices of South Vietnam's Supreme Court.jpg	Vietnam Council on Foreign Relations	1971	taken	Category:Nguyễn Mộng Bích
125236421	File:Chính phủ Bảo Đại đầu tiên.jpg	Republic of Vietnam Joint General Staff 5th office	1949; published in 1972	taken	Category:Đặng Trinh Kỳ
141805534	File:Portrait photograph of Duong Thieu Chi.jpg	Unknown photographer	"1930s<div style=""display: none;"">date QS"	taken	Category:Dương Thiệu Chi
141816036	File:Family of Duong Tu Phan.jpg	Unknown photographer	"circa 1923<div style=""display: none;"">da"	taken	Category:Dương Thiệu Chi
141816242	File:Mr. and Mrs. Dương Thiệu Chi at the Haiphong airport, welcoming Prime Minister Nguyễn Văn Xuân and his French wife.jpg	Unknown photographer	circa 1948-1949	taken	Category:Dương Thiệu Chi
141815864	File:Portrait of Duong Tu Phan.jpg	Unknown photographer	circa 1923	taken	Category:Dương Tự Phan
141816089	File:Portrait of Tran Tue Nam, wife of Mr. Dương Tự Phan (楊嗣璠).jpg	Unknown photographer	"circa 1923<div style=""display: none;"">da"	taken	Category:Dương Tự Phan
154239758	File:Portrait of Duong Tu Phan (cropped).jpg	Unknown photographer	"circa 1923<div style=""display: none;"">da"	taken	Category:Dương Tự Phan
94207145	File:Áo tấc bát bảo mãng bào.jpeg	Ptdtch (thảo luận)	unknown, probabaly 1930s or early 1940s	taken	Category:Phạm Gia Thụy
125385064	File:Prince Nguyễn Phúc Bửu Thạch and Lord Phạm Gia Thụy at the Altar of Heaven.jpg	Unknown authorUnknown author	unknown, probabaly 1930s or early 1940s	taken	Category:Phạm Gia Thụy
142489534	File:Phạm Gia Thụy, Souverains et notabilités d'Indochine.jpg	Gouvernement général de l'Indochine	"Published in <a href=""https://en.wikiped"	taken	Category:Phạm Gia Thụy
142489558	File:Phạm Gia Thụy, Souverains et notabilités d'Indochine (cropped).jpg	Gouvernement général de l'Indochine	"Published in <a href=""https://en.wikiped"	taken	Category:Phạm Gia Thụy
134955724	File:Tranh Đông Hồ vẽ Phù Đổng Thiên Vương.jpg	Vietnamese artist	19th century	taken	Category:Thánh Gióng
144253160	File:His excellency Từ Thiệp, former Tổng đốc of Quảng Nam.jpg	Tang-Vinh	Taken in 1924	taken	Category:Từ Thiệp
155548347	File:Đặng Trần Vĩ, 1924.jpg	Tang-Vinh	Taken in 1924	taken	Category:Đặng Trần Vĩ
132304805	File:Bùi Thiện Căn, Souverains et notabilités d'Indochine.png	Gouvernement général de l'Indochine	"Published in <a href=""https://en.wikiped"	taken	Category:Bùi Thiện Căn
132305023	File:Bùi Thiện Căn, Souverains et notabilités d'Indochine (cropped).png	Gouvernement général de l'Indochine	"Published in <a href=""https://en.wikiped"	taken	Category:Bùi Thiện Căn
144290755	File:Quan Tuần phủ Phú Thọ BÙI THỆN CĂN và phu nhân.jpg	Unknown photographer	"before 1945<div style=""display: none;"">d"	taken	Category:Bùi Thiện Căn
153649301	File:The Bùi Family.jpg	Unknown photographer	"before 1945<div style=""display: none;"">d"	taken	Category:Bùi Thiện Căn
144315545	File:Mừng ông Trần-gia-Du án sát tỉnh Yên-Bái (Dương Tự Nhu).jpg	Dương Tự Nhu (楊嗣瑈)	"before 1930<div style=""display: none;"">d"	taken	Category:Dương Tự Nhu
109371772	File:Cinq sœurs à Hanoï, 1950s.jpg	Unknown authorUnknown author	2021-09-02	taken	Category:Cao Bá Quát
145327907	File:Tình trong lá thiếp, Kim Vinh, 1960.jpg	Artiste féminine Trịnh Kim Vinh (1932-?), épouse du musicien Lưu Hữu Phước	2017-01-04	taken	Category:Trịnh Kim Vinh
148164043	File:Portrait of Nguyễn Phong Sắc (1902-1931).jpg	Unknown photographer	"before 1931<div style=""display: none;"">d"	taken	Category:Nguyễn Phong Sắc
108329440	File:Bùi Anh Tuấn.png	BAT Soy	2020-11-27	taken	Category:Bùi Anh Tuấn (singer)
153913157	File:Portrait of Nguyễn Khắc Cần (1875-1913).jpg	Unknown photographer	"before 1913<div style=""display: none;"">d"	taken	Category:Nguyễn Khắc Cần (1875-1913)
153913328	File:Mr Nguyễn Khắc Cần.jpg	Unknown photographer	"before 1913<div style=""display: none;"">d"	taken	Category:Nguyễn Khắc Cần (1875-1913)
153913531	File:Sắc phong của vua Minh Mạng phong Cụ Nguyễn Đăng Huân.jpg	Nguyễn dynasty	Minh Mạng period	taken	Category:Nguyễn Đăng Huân
155460151	File:Chân dung Trần Tán Bình.jpg	Unknown authorUnknown author	"before 1945<div style=""display: none;"">d"	taken	Category:Trần Tán Bình
161639355	File:LÊ BỐNG P3.jpg	OK! Lên Xe	2021-08-31	taken	Category:Lê Bống
161639357	File:LÊ BỐNG P1.jpg	OK! Lên Xe	2021-08-31	taken	Category:Lê Bống
161639359	File:LÊ BỐNG P2.jpg	OK! Lên Xe	2021-08-31	taken	Category:Lê Bống
121304388	File:Buithiminhhoai.jpg	Truyền hình Đà Nẵng I DaNangTV	14/7/2023	taken	Category:Bùi Thị Minh Hoài
156971137	File:Bui Thi Minh Hoai 03102024.jpg	Houses of the Oireachtas from Ireland	2024-10-03 12:18	taken	Category:Bùi Thị Minh Hoài
154771435	File:2024 3rd Annual Dialogue on War Legacies and Peace in Vietnam, Laos & Cambodia - 54081967402.jpg	U.S. Institute of Peace	2024-10-10 21:09:57	taken	Category:Phan Anh Sơn
162376676	File:2024 3rd Annual Dialogue on War Legacies and Peace in Vietnam, Laos & Cambodia - 1.jpg	U.S. Institute of Peace	2024-10-10 10:03:50	taken	Category:Phan Anh Sơn
185926495	File:Rush hour on Trần Duy Hưng Street 11-03-2026 E07.jpg	Baophucminh53G	2026-03-11 17:39:20	taken	Category:Đỗ Thị Thanh Thủy
10639641	File:Hang do.JPG	Dangthinh91 at Vietnamese Wikipedia	21 April 2010 (original upload date)	taken	Category:Festivals in Hanoi
93952869	File:Xích lô hoa-Phố hoa HN.JPG	Newone (thảo luận)	2009-01-02T09:20:37Z	uploaded	Category:Festivals in Hanoi
196655758	File:Bang Thao banner.jpg	Newone (thảo luận)	2026-08-02T03:37:37Z	uploaded	Category:Festivals in Hanoi
2670892	File:Dog meat.jpg	en:user:VietGrant	2006-11-21	taken	Category:Cuisine of Hanoi
3136520	File:Pho quay.JPG	Binh Giang	2007-11-24	taken	Category:Cuisine of Hanoi
5611773	File:Pho Ha Noi.jpg	snips	2009-01-01T04:18:48Z	uploaded	Category:Cuisine of Hanoi
6434948	File:Grilled fish @ Cha Ca La Vong.jpg	Yun Huang Yong	2008-11-20 19:56:02	taken	Category:Cuisine of Hanoi
7516925	File:Bun Moc Ha Noi.jpg	SauceSupreme	2009-07-29 08:09:16	taken	Category:Cuisine of Hanoi
7972445	File:CoTrungThu031020091810.jpg	Newone (talk) 14:59, 3 October 2009 (UTC)	3 October 2009, 20:41:22 (according to <	taken	Category:Cuisine of Hanoi
10824538	File:Nem chua nuong.JPG	Rungbachduong at Vietnamese Wikipedia	29 October 2007 (original upload date)	taken	Category:Cuisine of Hanoi
14619650	File:Dog meat in Hanoi.jpg	Benjamin Vander Steen	2009-12-11 10:25:26	taken	Category:Cuisine of Hanoi
16888837	File:Bánh cuốn.jpg	Casablanca1911 at vi.wikipedia	29 May 2006 (original upload date)	taken	Category:Cuisine of Hanoi
16888994	File:Snake wine in Lệ Mật.jpg	Casablanca1911 at vi.wikipedia	11 September 2006 (original upload date)	taken	Category:Cuisine of Hanoi
23216055	File:Phở xào bò.jpg	Codename5281	2012-04-04 13:22:07	taken	Category:Cuisine of Hanoi
23216056	File:Phở bò, Cầu Giấy, Hà Nội.jpg	Codename5281	2012-04-04 13:20:47	taken	Category:Cuisine of Hanoi
25463804	File:Bun Bo Nam Bo.jpg	fabulousfabs	2012-05-17 14:41:24	taken	Category:Cuisine of Hanoi
26364466	File:Dog meat for sale in a market in Hanoi, Vietnam (6827793370).jpg	calflier001	2012-02-08 05:16	taken	Category:Cuisine of Hanoi
32934937	File:Chicken in Hanoi.jpg	Rosa Cabecinhas, Alcino Cunha	2009-11-24 12:17:25	taken	Category:Cuisine of Hanoi
36724661	File:Bữa cơm.JPG	Banhtrung1 at Vietnamese Wikipedia	12 June 2010 (original upload date)	taken	Category:Cuisine of Hanoi
39920282	File:Lunch in Hanoi, Vietnam - DSC04517.JPG	Daderot	2014-08-05 01:07:18	taken	Category:Cuisine of Hanoi
39920287	File:Lunch in Hanoi, Vietnam - DSC04515.JPG	Daderot	2014-08-05 01:04:30	taken	Category:Cuisine of Hanoi
46044819	File:Hanoi dog meat2.jpg	Miran  Rijavec	2007-10-21 16:17	taken	Category:Cuisine of Hanoi
47408240	File:Lợn mán mẹt.jpg	Viethavvh at Vietnamese Wikipedia	8 March 2016 (original upload date)	taken	Category:Cuisine of Hanoi
66995652	File:DGJ 1844 - Breakfast.. (3528127008).jpg	Dennis G. Jarvis	2009-01-31 08:52	taken	Category:Cuisine of Hanoi
67249309	File:Fruits du jacquier-Hanoi (2).jpg	Ji-Elle	2017-11-06 07:30:08	taken	Category:Cuisine of Hanoi
67249310	File:Fruits du jacquier-Hanoi (1).jpg	Ji-Elle	2017-11-06 07:09:09	taken	Category:Cuisine of Hanoi
67249422	File:Soupe vietnamienne-Hanoi.jpg	Ji-Elle	2017-11-06 07:09:32	taken	Category:Cuisine of Hanoi
67251229	File:Cuisine vietnamienne à Hanoi (1).jpg	Ji-Elle	2017-11-06 13:47:04	taken	Category:Cuisine of Hanoi
67251230	File:Cuisine vietnamienne à Hanoi (2).jpg	Ji-Elle	2017-11-06 13:47:15	taken	Category:Cuisine of Hanoi
67251231	File:Cuisine vietnamienne à Hanoi (3).jpg	Ji-Elle	2017-11-06 14:05:42	taken	Category:Cuisine of Hanoi
67252133	File:Confection de rouleaux de printemps à Hanoi (2).jpg	Ji-Elle	2017-11-06 13:50:55	taken	Category:Cuisine of Hanoi
67252134	File:Confection de rouleaux de printemps à Hanoi (3).jpg	Ji-Elle	2017-11-06 13:53:14	taken	Category:Cuisine of Hanoi
67252135	File:Confection de rouleaux de printemps à Hanoi (1).jpg	Ji-Elle	2017-11-06 13:50:00	taken	Category:Cuisine of Hanoi
67252137	File:Confection de rouleaux de printemps à Hanoi (5).jpg	Ji-Elle	2017-11-06 13:53:44	taken	Category:Cuisine of Hanoi
67252138	File:Confection de rouleaux de printemps à Hanoi (4).jpg	Ji-Elle	2017-11-06 13:53:17	taken	Category:Cuisine of Hanoi
67252139	File:Confection de rouleaux de printemps à Hanoi (6).jpg	Ji-Elle	2017-11-06 13:54:03	taken	Category:Cuisine of Hanoi
67252140	File:Confection de rouleaux de printemps à Hanoi (7).jpg	Ji-Elle	2017-11-06 13:54:08	taken	Category:Cuisine of Hanoi
67252141	File:Confection de rouleaux de printemps à Hanoi (8).jpg	Ji-Elle	2017-11-06 13:54:22	taken	Category:Cuisine of Hanoi
67252142	File:Confection de rouleaux de printemps à Hanoi (9).jpg	Ji-Elle	2017-11-06 13:55:26	taken	Category:Cuisine of Hanoi
67252143	File:Confection de rouleaux de printemps à Hanoi (10).jpg	Ji-Elle	2017-11-06 13:55:32	taken	Category:Cuisine of Hanoi
80522555	File:Detail of Dried Fish in Market - Old Quarter - Hanoi - Vietnam (48084831601).jpg	Adam Jones from Kelowna, BC, Canada	Taken on 18 June 2019, 14:58	taken	Category:Cuisine of Hanoi
88430712	File:Street food in Hanoi.jpg	Christophe95	2018-08-03 15:02:29	taken	Category:Cuisine of Hanoi
88455204	File:Meal in Hanoi.jpg	Christophe95	2018-08-03 19:37:39	taken	Category:Cuisine of Hanoi
89313720	File:Cafe-oeuf-hanoi.jpg	Alex 69200 vx	2018-07-21	taken	Category:Cuisine of Hanoi
93921112	File:Tào phớ.jpg	vi:User:Casablanca1911	2006-06-09T06:32:48Z	uploaded	Category:Cuisine of Hanoi
94666534	File:Mien luon Hang Dieu.JPG	vi:User:Rungbachduong	ngày 6 tháng 9 năm 2007	taken	Category:Cuisine of Hanoi
101538776	File:Gebratene Pho Hanoi (3174099614).jpg	David Pursehouse from Kawasaki, Japan	2008-12-23 03:27	taken	Category:Cuisine of Hanoi
102056671	File:Pho quay (cropped).JPG	Binh Giang	2007-11-24	taken	Category:Cuisine of Hanoi
102207618	File:Teddy bear mousse.jpg	Ritujain95	2019-09-18 17:32:21	taken	Category:Cuisine of Hanoi
113561737	File:Guests adjust the spice before enjoying phở 15-07-2018.jpg	Vinnie Cartabiano	2018-07-15 13:31	taken	Category:Cuisine of Hanoi
119776103	File:Mì ly ăn đêm.jpg	GDAE	2022-06-26	taken	Category:Cuisine of Hanoi
125702438	File:Con rươi (tranh của Nguyễn Công Tiễu).png	Nguyễn Công Tiễu (1931).	1931	taken	Category:Cuisine of Hanoi
129129830	File:Vietnam-Hanoi-Egg coffee-P1280590.jpg	[email removed]	2018-01-09 06:10:00	taken	Category:Cuisine of Hanoi
129129831	File:Vietnam-Hanoi-IMG-20180107-WA0019.jpg	[email removed]	2018-02-11 19:16:46	taken	Category:Cuisine of Hanoi
129129832	File:Vietnam-Hanoi-IMG-20180107-WA0030.jpg	[email removed]	2018-02-11 19:16:51	taken	Category:Cuisine of Hanoi
129129833	File:Vietnam-Hanoi-IMG-20180107-WA0031.jpg	[email removed]	2018-02-11 19:16:51	taken	Category:Cuisine of Hanoi
129129835	File:Vietnam-Hanoi-IMG-20180107-WA0032.jpg	[email removed]	2018-02-11 19:16:52	taken	Category:Cuisine of Hanoi
129129836	File:Vietnam-Hanoi-IMG-20180107-WA0034.jpg	[email removed]	2018-02-11 19:16:53	taken	Category:Cuisine of Hanoi
129129837	File:Vietnam-Hanoi-IMG-20180107-WA0033.jpg	[email removed]	2018-02-11 19:16:52	taken	Category:Cuisine of Hanoi
129129840	File:Vietnam-Hanoi-IMG-20180107-WA0035.jpg	[email removed]	2018-02-11 19:16:53	taken	Category:Cuisine of Hanoi
129129842	File:Vietnam-Hanoi-IMG-20180109-WA0001.jpg	[email removed]	2018-02-11 19:18:32	taken	Category:Cuisine of Hanoi
143711718	File:Dog meat for sale in a market in Hanoi, Vietnam (6827793370) (cropped).jpg	calflier001	2012-02-08 05:16	taken	Category:Cuisine of Hanoi
150423657	File:Bun-Hen.jpg	Nhuquynh2003w	2024-07-17	taken	Category:Cuisine of Hanoi
177490365	File:2023-07-28 Cuisine of Hanoi 一般家庭ベトナム料理DSCF0706.jpg	Matsuoka.A	2023-07-28 16:03:03	taken	Category:Cuisine of Hanoi
177490366	File:2023-07-28 Cuisine of Hanoi 一般家庭ベトナム料理 DSCF0299.jpg	Matsuoka.A	2023-08-31 16:11:21	taken	Category:Cuisine of Hanoi
5626855	File:Việt Nam vô địch AFF 2008.jpg	haithanh	2008-12-24 23:44	taken	Category:Sports in Hanoi
128100952	File:Hanoi Indoor Games Gymnasium 2022.jpg	AxitTDTbenzoic	2022-12-19	taken	Category:Sports in Hanoi
16983371	File:Hoithanhtinlanhhanoi banhattrangnien.jpg	Tienthanh.jlw at vi.wikipedia	5 June 2010 (original upload date)	taken	Category:Religion in Hanoi
16983372	File:Hoithanhtinlanhhanoi lopthieunhi.jpg	Tienthanh.jlw at vi.wikipedia	5 June 2010 (original upload date)	taken	Category:Religion in Hanoi
16983373	File:Hoithanhtinlanhhaoi traihethanhnien.jpg	Tienthanh.jlw at vi.wikipedia	5 June 2010 (original upload date)	taken	Category:Religion in Hanoi
18494095	File:Van Mieu-Quoc Tu Giam12.JPG	Chitra sivakumar	2012-01-14	taken	Category:Religion in Hanoi
18494098	File:Van Mieu-Quoc Tu Giam15.JPG	Chitra sivakumar	2012-01-14	taken	Category:Religion in Hanoi
18494099	File:Van Mieu-Quoc Tu Giam16.JPG	Chitra sivakumar	2012-01-14	taken	Category:Religion in Hanoi
62737613	File:Anti-mosquito banner in Thanh Xuân (2017) 01.jpg	Donald Trung	2017-09-10 09:26:17	taken	Category:Health in Hanoi
62737615	File:Anti-mosquito banner in Thanh Xuân (2017) 02.jpg	Donald Trung	2017-09-10 09:35:43	taken	Category:Health in Hanoi
11435875	File:Con đường gốm sứ ven sông Hồng 021020091714-New.jpg	Newone	2/10/2009	taken	Category:Symbols of Hanoi
17568903	File:Lam Dong Youth Culture Center 02.jpg	Diane Selwyn	2011-12-04	taken	Category:Symbols of Hanoi
20477487	File:Dh-xay-dung.png	Tùng cadet	2012-07-31	taken	Category:Symbols of Hanoi
26121153	File:สัญลักษณ์กรุงฮานอยครบรอบ 1000 ปี นายกรัฐมนตรีออกเดินท - Flickr - Abhisit Vejjajiva.jpg	Government of Thailand	2010-10-30 19:24	taken	Category:Symbols of Hanoi
47033361	File:Logo Bệnh viện Chuyên khoa Nam học và Hiếm muộn Hà Nội.jpg	Afhanoi	2015-12-04	taken	Category:Symbols of Hanoi
82252056	File:Rusting star.jpg	Mark Limb	2015-01-06	taken	Category:Symbols of Hanoi
86552140	File:Logothd.png	Trường Trung học phổ thông Trần Hưng Đạo - Thanh Xuân	2020-02-03T14:20:19Z	uploaded	Category:Symbols of Hanoi
94507691	File:Cổng chào Hoài Đức.jpeg	Akirady2011	2012-12-17	taken	Category:Symbols of Hanoi
113081667	File:Biểu tượng Hà Nội bên ngoài ga Cát Linh.jpg	Tttrung	2021-12-05	taken	Category:Symbols of Hanoi
113081669	File:Biểu trưng Hà Nội ở mặt bên cổng trước ga Cát Linh.jpg	Tttrung	2021-12-05	taken	Category:Symbols of Hanoi
114685017	File:Hanoi symbol.png	TranHieu0706	2022-01-25	taken	Category:Symbols of Hanoi
119797927	File:Vnises.png	KhangTV89	21/05/2022	taken	Category:Symbols of Hanoi
126390238	File:Logo Hanoi.png	Hanoi	2022-12-07	taken	Category:Symbols of Hanoi
128039703	File:Báo Công Lý.jpg	Báo Công Lý	2023-01-24	taken	Category:Symbols of Hanoi
132797872	File:Emblem of Ha Tay Province.png	Song Toàn Võ	2023-06-08	taken	Category:Symbols of Hanoi
98525846	File:Thuvien taquangbuu.jpg	vi:User:Anhtuan	11/10/2006	taken	Category:Libraries in Hanoi
112733257	File:Primary library.jpg	BVIS Hanoi	2021-10-27	taken	Category:Libraries in Hanoi
67269486	File:Hanoi-Atelier de peinture sur laque (3).jpg	Ji-Elle	2017-11-11 10:28:30	taken	Category:Art in Hanoi
67269487	File:Hanoi-Atelier de peinture sur laque (1).jpg	Ji-Elle	2017-11-11 10:27:52	taken	Category:Art in Hanoi
67269488	File:Hanoi-Atelier de peinture sur laque (2).jpg	Ji-Elle	2017-11-11 10:28:19	taken	Category:Art in Hanoi
67269490	File:Hanoi-Atelier de peinture sur laque (4).jpg	Ji-Elle	2017-11-11 10:28:36	taken	Category:Art in Hanoi
67269491	File:Hanoi-Atelier de peinture sur laque (5).jpg	Ji-Elle	2017-11-11 10:28:58	taken	Category:Art in Hanoi
67269492	File:Hanoi-Atelier de peinture sur laque (6).jpg	Ji-Elle	2017-11-11 10:29:12	taken	Category:Art in Hanoi
67269493	File:Hanoi-Atelier de peinture sur laque (7).jpg	Ji-Elle	2017-11-11 10:32:26	taken	Category:Art in Hanoi
110763925	File:Ho Chi Minh’s used cars (39406707495).jpg	Mig Gilbert from Brighton	30 January 2018, 10:25	taken	Category:National Treasures of Vietnam in Hanoi
65892045	File:Hanoi Philharmonic Orchestra SAM 0501.jpg	Adir Benyamini	2016-11-19 16:12:46	taken	Category:Hanoi Philharmonic Orchestra
65892047	File:Hanoi Philharmonic Orchestra SAM 0398.jpg	Adir Benyamini	2016-11-19 06:21:47	taken	Category:Hanoi Philharmonic Orchestra
65892049	File:Hanoi Philharmonic Orchestra SAM 0522.jpg	Adir Benyamini	2016-11-19 17:05:47	taken	Category:Hanoi Philharmonic Orchestra
65892050	File:Hanoi Philharmonic Orchestra SAM 0512.jpg	Adir Benyamini	2016-11-19 17:03:33	taken	Category:Hanoi Philharmonic Orchestra
65892433	File:Hanoi Philharmonic Orchestra SAM 0414.jpg	Adir Benyamini	2016-11-19 06:26:20	taken	Category:Hanoi Philharmonic Orchestra
65892434	File:Hanoi Philharmonic Orchestra SAM 0526.jpg	Adir Benyamini	2016-11-19 17:15:32	taken	Category:Hanoi Philharmonic Orchestra
145321180	File:Vietnam 1999.Hanoi (28).jpg	Rc1959	1999	taken	Category:Cycling in Hanoi
34446277	File:Hanoi Botanical Garden (20140802 173033).jpg	Quenhitran	2014-08-02 17:30:32	taken	Category:Hanoi Botanical Garden
34446278	File:Hanoi Botanical Garden (20140802 173037).jpg	Quenhitran	2014-08-02 17:30:35	taken	Category:Hanoi Botanical Garden
34446279	File:Hanoi Botanical Garden (20140802 173045).jpg	Quenhitran	2014-08-02 17:30:43	taken	Category:Hanoi Botanical Garden
34446280	File:Hanoi Botanical Garden (20140802 173053).jpg	Quenhitran	2014-08-02 17:30:51	taken	Category:Hanoi Botanical Garden
34446281	File:Hanoi Botanical Garden (20140802 173057).jpg	Quenhitran	2014-08-02 17:30:56	taken	Category:Hanoi Botanical Garden
34446282	File:Hanoi Botanical Garden (20140802 173024).jpg	Quenhitran	2014-08-02 17:30:22	taken	Category:Hanoi Botanical Garden
34458641	File:Hanoi Botanical Garden (20140802 173116).jpg	Quenhitran	2014-08-02 17:31:14	taken	Category:Hanoi Botanical Garden
34458644	File:Hanoi Botanical Garden (20140802 173135).jpg	Quenhitran	2014-08-02 17:31:33	taken	Category:Hanoi Botanical Garden
34458645	File:Hanoi Botanical Garden (20140802 173155).jpg	Quenhitran	2014-08-02 17:31:54	taken	Category:Hanoi Botanical Garden
34458648	File:Hanoi Botanical Garden (20140802 173200).jpg	Quenhitran	2014-08-02 17:31:58	taken	Category:Hanoi Botanical Garden
34458649	File:Hanoi Botanical Garden (20140802 173251).jpg	Quenhitran	2014-08-02 17:32:49	taken	Category:Hanoi Botanical Garden
34458650	File:Hanoi Botanical Garden (20140802 173247).jpg	Quenhitran	2014-08-02 17:32:46	taken	Category:Hanoi Botanical Garden
34458651	File:Hanoi Botanical Garden (20140802 173257).jpg	Quenhitran	2014-08-02 17:32:55	taken	Category:Hanoi Botanical Garden
34458653	File:Hanoi Botanical Garden (20140802 173304).jpg	Quenhitran	2014-08-02 17:33:02	taken	Category:Hanoi Botanical Garden
34459506	File:Hanoi Botanical Garden (20140802 173436).jpg	Quenhitran	2014-08-02 17:34:33	taken	Category:Hanoi Botanical Garden
34459920	File:Hanoi Botanical Garden (20140802 173558).jpg	Quenhitran	2014-08-02 17:35:57	taken	Category:Hanoi Botanical Garden
34459921	File:Hanoi Botanical Garden (20140802 173611).jpg	Quenhitran	2014-08-02 17:36:09	taken	Category:Hanoi Botanical Garden
34459922	File:Hanoi Botanical Garden (20140802 173617).jpg	Quenhitran	2014-08-02 17:36:15	taken	Category:Hanoi Botanical Garden
34459923	File:Hanoi Botanical Garden (20140802 173631).jpg	Quenhitran	2014-08-02 17:36:29	taken	Category:Hanoi Botanical Garden
34459924	File:Hanoi Botanical Garden (20140802 173620).jpg	Quenhitran	2014-08-02 17:36:18	taken	Category:Hanoi Botanical Garden
34459926	File:Hanoi Botanical Garden (20140802 173634).jpg	Quenhitran	2014-08-02 17:36:32	taken	Category:Hanoi Botanical Garden
34459929	File:Hanoi Botanical Garden (20140802 173745).jpg	Quenhitran	2014-08-02 17:37:44	taken	Category:Hanoi Botanical Garden
34459932	File:Hanoi Botanical Garden (20140802 173812).jpg	Quenhitran	2014-08-02 17:38:11	taken	Category:Hanoi Botanical Garden
34459933	File:Hanoi Botanical Garden (20140802 173807).jpg	Quenhitran	2014-08-02 17:38:06	taken	Category:Hanoi Botanical Garden
34461889	File:Hanoi Botanical Garden (20140802 173903).jpg	Quenhitran	2014-08-02 17:39:01	taken	Category:Hanoi Botanical Garden
34461891	File:Hanoi Botanical Garden (20140802 173852).jpg	Quenhitran	2014-08-02 17:38:50	taken	Category:Hanoi Botanical Garden
34461892	File:Hanoi Botanical Garden (20140802 173907).jpg	Quenhitran	2014-08-02 17:39:05	taken	Category:Hanoi Botanical Garden
34461893	File:Hanoi Botanical Garden (20140802 173910).jpg	Quenhitran	2014-08-02 17:39:09	taken	Category:Hanoi Botanical Garden
34461894	File:Hanoi Botanical Garden (20140802 173914).jpg	Quenhitran	2014-08-02 17:39:13	taken	Category:Hanoi Botanical Garden
34461908	File:Hanoi Botanical Garden (20140802 174123).jpg	Quenhitran	2014-08-02 17:41:22	taken	Category:Hanoi Botanical Garden
34461909	File:Hanoi Botanical Garden (20140802 174133).jpg	Quenhitran	2014-08-02 17:41:31	taken	Category:Hanoi Botanical Garden
34462500	File:Hanoi Botanical Garden (20140802 174317).jpg	Quenhitran	2014-08-02 17:43:16	taken	Category:Hanoi Botanical Garden
34462508	File:Hanoi Botanical Garden (20140802 174427).jpg	Quenhitran	2014-08-02 17:44:26	taken	Category:Hanoi Botanical Garden
34462512	File:Hanoi Botanical Garden (20140802 174450).jpg	Quenhitran	2014-08-02 17:44:48	taken	Category:Hanoi Botanical Garden
34462513	File:Hanoi Botanical Garden (20140802 174454).jpg	Quenhitran	2014-08-02 17:44:52	taken	Category:Hanoi Botanical Garden
34462516	File:Hanoi Botanical Garden (20140802 174546).jpg	Quenhitran	2014-08-02 17:45:44	taken	Category:Hanoi Botanical Garden
34462519	File:Hanoi Botanical Garden (20140802 174558).jpg	Quenhitran	2014-08-02 17:45:57	taken	Category:Hanoi Botanical Garden
34462521	File:Hanoi Botanical Garden (20140802 174608).jpg	Quenhitran	2014-08-02 17:46:04	taken	Category:Hanoi Botanical Garden
39696069	File:House - Hanoi Botanical Garden - Hanoi, Vietnam - DSC03581.JPG	Daderot	2014-08-03 23:06:32	taken	Category:Hanoi Botanical Garden
39696070	File:Fence - Hanoi Botanical Garden - Hanoi, Vietnam - DSC03535.JPG	Daderot	2014-08-03 22:44:55	taken	Category:Hanoi Botanical Garden
39696072	File:Bird cage - Hanoi Botanical Garden - Hanoi, Vietnam - DSC03542.JPG	Daderot	2014-08-03 22:50:48	taken	Category:Hanoi Botanical Garden
39696073	File:Bridge - Hanoi Botanical Garden - Hanoi, Vietnam - DSC03606.JPG	Daderot	2014-08-03 23:15:00	taken	Category:Hanoi Botanical Garden
39696075	File:Edge - Hanoi Botanical Garden - Hanoi, Vietnam - DSC03576.JPG	Daderot	2014-08-03 23:05:36	taken	Category:Hanoi Botanical Garden
39696076	File:Flower trunks - Hanoi Botanical Garden - Hanoi, Vietnam - DSC03574.JPG	Daderot	2014-08-03 23:05:05	taken	Category:Hanoi Botanical Garden
39696077	File:Couple - Hanoi Botanical Garden - Hanoi, Vietnam - DSC03571.JPG	Daderot	2014-08-03 23:03:20	taken	Category:Hanoi Botanical Garden
39696078	File:Cafe - Hanoi Botanical Garden - Hanoi, Vietnam - DSC03619.JPG	Daderot	2014-08-03 23:19:05	taken	Category:Hanoi Botanical Garden
39696079	File:Circles - Hanoi Botanical Garden - Hanoi, Vietnam - DSC03607.JPG	Daderot	2014-08-03 23:17:54	taken	Category:Hanoi Botanical Garden
39696080	File:Gate - Hanoi Botanical Garden - Hanoi, Vietnam - DSC03532.JPG	Daderot	2014-08-03 22:42:03	taken	Category:Hanoi Botanical Garden
39696081	File:Bird cage - Hanoi Botanical Garden - Hanoi, Vietnam - DSC03538.JPG	Daderot	2014-08-03 22:50:13	taken	Category:Hanoi Botanical Garden
39696083	File:Monkey house - Hanoi Botanical Garden - Hanoi, Vietnam - DSC03589.JPG	Daderot	2014-08-03 23:09:48	taken	Category:Hanoi Botanical Garden
39696086	File:Sleeper - Hanoi Botanical Garden - Hanoi, Vietnam - DSC03564.JPG	Daderot	2014-08-03 23:01:49	taken	Category:Hanoi Botanical Garden
39696273	File:Young plantings - Hanoi Botanical Garden - Hanoi, Vietnam - DSC03631.JPG	Daderot	2014-08-03 23:21:54	taken	Category:Hanoi Botanical Garden
39696274	File:General view - Hanoi Botanical Garden - Hanoi, Vietnam - DSC03557.JPG	Daderot	2014-08-03 22:59:46	taken	Category:Hanoi Botanical Garden
64218217	File:Botanical Gardens, Hanoi (2) (37608713075).jpg	Richard Mortel from Riyadh, Saudi Arabia	Taken on 4 November 2017, 10:05	taken	Category:Hanoi Botanical Garden
64218221	File:Botanical Gardens, Hanoi (3) (38439710506).jpg	Richard Mortel from Riyadh, Saudi Arabia	Taken on 4 November 2017, 10:05	taken	Category:Hanoi Botanical Garden
64218230	File:Botanical Gardens, Hanoi (4) (26719701539).jpg	Richard Mortel from Riyadh, Saudi Arabia	Taken on 4 November 2017, 10:18	taken	Category:Hanoi Botanical Garden
64218232	File:Botanical Gardens, Hanoi (5) (38439690026).jpg	Richard Mortel from Riyadh, Saudi Arabia	Taken on 4 November 2017, 10:20	taken	Category:Hanoi Botanical Garden
78130181	File:André Alaric Salvan.jpg	Misterniko	1890-04-18	taken	Category:Hanoi Botanical Garden
122668615	File:Jardin botanique, Hà Nội, 1920s.jpg	Unknown	1920s	taken	Category:Hanoi Botanical Garden
197217527	File:Văn Miếu – Quốc Tử Giám (1).jpg	Chuhai07	2026-08-11 11:29:41	taken	Category:Quốc Tử Giám Garden
197217528	File:Văn Miếu – Quốc Tử Giám (2).jpg	Chuhai07	2026-08-11 11:30:30	taken	Category:Quốc Tử Giám Garden
197217529	File:Văn Miếu – Quốc Tử Giám (3).jpg	Chuhai07	2026-08-11 11:30:39	taken	Category:Quốc Tử Giám Garden
197217534	File:Văn Miếu – Quốc Tử Giám (4).jpg	Chuhai07	2026-08-11 11:30:39	taken	Category:Quốc Tử Giám Garden
197217535	File:Văn Miếu – Quốc Tử Giám (5).jpg	Chuhai07	2026-08-11 11:32:04	taken	Category:Quốc Tử Giám Garden
197217537	File:Văn Miếu – Quốc Tử Giám (6).jpg	Chuhai07	2026-08-11 11:32:05	taken	Category:Quốc Tử Giám Garden
197217544	File:Văn Miếu – Quốc Tử Giám (7).jpg	Chuhai07	2026-08-11 11:32:06	taken	Category:Quốc Tử Giám Garden
197217545	File:Văn Miếu – Quốc Tử Giám (9).jpg	Chuhai07	2026-08-11 11:32:14	taken	Category:Quốc Tử Giám Garden
197217550	File:Văn Miếu – Quốc Tử Giám (8).jpg	Chuhai07	2026-08-11 11:32:08	taken	Category:Quốc Tử Giám Garden
197217554	File:Văn Miếu – Quốc Tử Giám (10).jpg	Chuhai07	2026-08-11 11:32:24	taken	Category:Quốc Tử Giám Garden
197217556	File:Văn Miếu – Quốc Tử Giám (11).jpg	Chuhai07	2026-08-11 11:32:29	taken	Category:Quốc Tử Giám Garden
197217560	File:Văn Miếu – Quốc Tử Giám (12).jpg	Chuhai07	2026-08-11 11:32:29	taken	Category:Quốc Tử Giám Garden
197217562	File:Văn Miếu – Quốc Tử Giám (13).jpg	Chuhai07	2026-08-11 11:32:29	taken	Category:Quốc Tử Giám Garden
197217564	File:Văn Miếu – Quốc Tử Giám (14).jpg	Chuhai07	2026-08-11 11:32:37	taken	Category:Quốc Tử Giám Garden
197217565	File:Văn Miếu – Quốc Tử Giám (15).jpg	Chuhai07	2026-08-11 11:32:37	taken	Category:Quốc Tử Giám Garden
197217567	File:Văn Miếu – Quốc Tử Giám (16).jpg	Chuhai07	2026-08-11 11:33:18	taken	Category:Quốc Tử Giám Garden
197217569	File:Văn Miếu – Quốc Tử Giám (17).jpg	Chuhai07	2026-08-11 11:33:19	taken	Category:Quốc Tử Giám Garden
197217571	File:Văn Miếu – Quốc Tử Giám (18).jpg	Chuhai07	2026-08-11 11:33:20	taken	Category:Quốc Tử Giám Garden
197217577	File:Văn Miếu – Quốc Tử Giám (19).jpg	Chuhai07	2026-08-11 11:34:36	taken	Category:Quốc Tử Giám Garden
197217579	File:Văn Miếu – Quốc Tử Giám (20).jpg	Chuhai07	2026-08-11 11:34:37	taken	Category:Quốc Tử Giám Garden
197217580	File:Văn Miếu – Quốc Tử Giám (21).jpg	Chuhai07	2026-08-11 11:34:38	taken	Category:Quốc Tử Giám Garden
197217581	File:Văn Miếu – Quốc Tử Giám (22).jpg	Chuhai07	2026-08-11 11:37:42	taken	Category:Quốc Tử Giám Garden
197217584	File:Văn Miếu – Quốc Tử Giám (23).jpg	Chuhai07	2026-08-11 11:37:43	taken	Category:Quốc Tử Giám Garden
36198832	File:Lenin (368967684).jpg	Hector Garcia from Barcelona, Catalonia, Spain	2007-01-20 09:08	taken	Category:Lenin Park, Hanoi
36198834	File:Lenin (368968440).jpg	Hector Garcia from Barcelona, Catalonia, Spain	2007-01-20 09:09	taken	Category:Lenin Park, Hanoi
94563348	File:Bi đình tưởng niệm Chiến sĩ trận vong tại Hà Nội.jpg	I Love Triệu Đà	2017-04-25 15:47:31	taken	Category:Lenin Park, Hanoi
94564378	File:Bi đình tưởng niệm Chiến sĩ trận vong tại Hà Nội, thời Pháp thuộc.jpg	Le monument aux Morts à Hanoi	Thập niên 1920	taken	Category:Lenin Park, Hanoi
94564552	File:Bi đình tưởng niệm Chiến sĩ trận vong tại Hà Nội, thời Pháp thuộc 001.jpg	Le monument aux Morts à Hanoi	Thập niên 1920	taken	Category:Lenin Park, Hanoi
94564737	File:Bi đình tưởng niệm Chiến sĩ trận vong tại Hà Nội, thời Pháp thuộc 002.jpg	Le monument aux Morts à Hanoi	Thập niên 1920	taken	Category:Lenin Park, Hanoi
113103881	File:Công viên Cầu Giấy 2.jpg	Tttrung	2021-12-06	taken	Category:Cầu Giấy Park
113103882	File:Công viên Cầu Giấy.jpg	Tttrung	2021-12-06	taken	Category:Cầu Giấy Park
113104264	File:Công viên Cầu Giấy 3.jpg	Tttrung	2021-12-06	taken	Category:Cầu Giấy Park
113104265	File:Công viên Cầu Giấy 4.jpg	Tttrung	2021-12-06	taken	Category:Cầu Giấy Park
113131788	File:Panoramic view from center of Cầu Giấy Park 2.jpg	Tttrung	2021-12-07 08:41:11	taken	Category:Cầu Giấy Park
113131789	File:Panoramic view from center of Cầu Giấy Park.jpg	Tttrung	2021-12-07 08:42:13	taken	Category:Cầu Giấy Park
113131790	File:Panoramic view from center of Cầu Giấy Park 3.jpg	Tttrung	2021-12-07 08:40:07	taken	Category:Cầu Giấy Park
5863066	File:Peacock, Hanoi Zoo.jpg	Addictive Picasso	2008-01-25 16:21:47	taken	Category:Thủ Lệ Park
66995233	File:DGJ 1498 - Binturong (3486517028).jpg	Dennis G. Jarvis	2009-01-30 09:30	taken	Category:Thủ Lệ Park
91821756	File:Ngựa đen Phú Yên 7 (cropped).jpg	Phương Huy (thảo luận)	2018-01-13T09:17:29Z	uploaded	Category:Thủ Lệ Park
91821761	File:Ngựa đen Phú Yên 9 (cropped).jpg	Phương Huy (thảo luận)	2018-01-13T09:17:54Z	uploaded	Category:Thủ Lệ Park
91821768	File:Ngựa Phú Yên 1 (cropped).jpg	Phương Huy (thảo luận)	2018-01-13T09:18:18Z	uploaded	Category:Thủ Lệ Park
91821772	File:Ngựa Phú Yên 2 (cropped).jpg	Phương Huy (thảo luận)	2018-01-13T09:19:29Z	uploaded	Category:Thủ Lệ Park
91821778	File:Ngựa Phú Yên 3 (cropped).jpg	Phương Huy (thảo luận)	2018-01-13T09:19:56Z	uploaded	Category:Thủ Lệ Park
91821782	File:Ngựa Phú Yên 4 (cropped).jpg	Phương Huy (thảo luận)	2018-01-13T09:20:25Z	uploaded	Category:Thủ Lệ Park
91821790	File:Ngựa Phú Yên 6 (cropped).jpg	Phương Huy (thảo luận)	2018-01-13T09:21:19Z	uploaded	Category:Thủ Lệ Park
91823115	File:Cá sấu Xiêm ở Vườn thú Thủ Lệ (34).jpg	Phương Huy (thảo luận)	2018-06-02T03:29:26Z	uploaded	Category:Thủ Lệ Park
91823117	File:Cá sấu Xiêm ở Vườn thú Thủ Lệ (35).jpg	Phương Huy (thảo luận)	2018-06-02T03:29:58Z	uploaded	Category:Thủ Lệ Park
91823122	File:Cá sấu Xiêm ở Vườn thú Thủ Lệ (36).jpg	Phương Huy (thảo luận)	2018-06-02T03:40:07Z	uploaded	Category:Thủ Lệ Park
91823126	File:Cá sấu Xiêm ở Vườn thú Thủ Lệ (37).jpg	Phương Huy (thảo luận)	2018-06-02T03:40:37Z	uploaded	Category:Thủ Lệ Park
91823131	File:Cừu Phan Rang, dê cỏ và hươu sao Việt Nam ở Vườn thú Thủ Lệ (19).jpg	Phương Huy (thảo luận)	2018-06-02T07:37:19Z	uploaded	Category:Thủ Lệ Park
91823140	File:Cừu Phan Rang, dê cỏ và hươu sao Việt Nam ở Vườn thú Thủ Lệ (20).jpg	Phương Huy (thảo luận)	2018-06-02T07:37:47Z	uploaded	Category:Thủ Lệ Park
91823146	File:Cừu Phan Rang, dê cỏ và hươu sao Việt Nam ở Vườn thú Thủ Lệ (21).jpg	Phương Huy (thảo luận)	2018-06-02T07:38:13Z	uploaded	Category:Thủ Lệ Park
91823150	File:Cừu Phan Rang, dê cỏ và hươu sao Việt Nam ở Vườn thú Thủ Lệ (22).jpg	Phương Huy (thảo luận)	2018-06-02T07:38:40Z	uploaded	Category:Thủ Lệ Park
91823155	File:Gấu chó Việt Nam ở Vườn thú Thủ Lệ (4).jpg	Phương Huy (thảo luận)	2018-06-02T07:39:07Z	uploaded	Category:Thủ Lệ Park
91823159	File:Gấu chó Việt Nam ở Vườn thú Thủ Lệ (5).jpg	Phương Huy (thảo luận)	2018-06-02T07:39:32Z	uploaded	Category:Thủ Lệ Park
91823163	File:Gấu ngựa Việt Nam ở Vườn thú Thủ Lệ (3).jpg	Phương Huy (thảo luận)	2018-06-02T07:39:58Z	uploaded	Category:Thủ Lệ Park
91823167	File:Hổ Việt Nam ở Vườn thú Thủ Lệ 2017(6).jpg	Phương Huy (thảo luận)	2018-06-02T07:40:28Z	uploaded	Category:Thủ Lệ Park
91823171	File:Hổ Việt Nam ở Vườn thú Thủ Lệ 2017(7).jpg	Phương Huy (thảo luận)	2018-06-02T07:40:54Z	uploaded	Category:Thủ Lệ Park
91823179	File:Hổ Việt Nam ở Vườn thú Thủ Lệ 2017(8).jpg	Phương Huy (thảo luận)	2018-06-02T07:41:21Z	uploaded	Category:Thủ Lệ Park
91823183	File:Hổ Việt Nam ở Vườn thú Thủ Lệ 2017(9).jpg	Phương Huy (thảo luận)	2018-06-02T07:41:44Z	uploaded	Category:Thủ Lệ Park
91823185	File:Hổ Việt Nam ở Vườn thú Thủ Lệ 2017(11).jpg	Phương Huy (thảo luận)	2018-06-02T07:42:12Z	uploaded	Category:Thủ Lệ Park
91823187	File:Hổ Việt Nam ở Vườn thú Thủ Lệ 2017(12).jpg	Phương Huy (thảo luận)	2018-06-02T07:42:41Z	uploaded	Category:Thủ Lệ Park
91823192	File:Hổ Việt Nam ở Vườn thú Thủ Lệ 2017(13).jpg	Phương Huy (thảo luận)	2018-06-02T07:43:10Z	uploaded	Category:Thủ Lệ Park
91823197	File:Hổ Việt Nam ở Vườn thú Thủ Lệ 2017(14).jpg	Phương Huy (thảo luận)	2018-06-02T07:43:34Z	uploaded	Category:Thủ Lệ Park
91823200	File:Hổ Việt Nam ở Vườn thú Thủ Lệ 2017(15).jpg	Phương Huy (thảo luận)	2018-06-02T07:43:57Z	uploaded	Category:Thủ Lệ Park
91823208	File:Hươu sao Việt Nam ở vườn thú Thủ Lệ 2017 (1).jpg	Phương Huy (thảo luận)	2018-06-02T07:45:32Z	uploaded	Category:Thủ Lệ Park
91823216	File:Hươu sao Việt Nam ở vườn thú Thủ Lệ 2017 (2).jpg	Phương Huy (thảo luận)	2018-06-02T07:46:01Z	uploaded	Category:Thủ Lệ Park
91823222	File:Hươu sao Việt Nam ở vườn thú Thủ Lệ 2017 (3) - khá dạn, không sợ người.jpg	Phương Huy (thảo luận)	2018-06-02T07:46:27Z	uploaded	Category:Thủ Lệ Park
91823226	File:Hươu sao Việt Nam ở vườn thú Thủ Lệ 2017 (3).jpg	Phương Huy (thảo luận)	2018-06-02T07:47:03Z	uploaded	Category:Thủ Lệ Park
91823231	File:Hươu sao Việt Nam ở vườn thú Thủ Lệ 2017 (4) dạn dĩ, không hoảng hốt.jpg	Phương Huy (thảo luận)	2018-06-02T07:47:28Z	uploaded	Category:Thủ Lệ Park
91823236	File:Hươu sao Việt Nam ở vườn thú Thủ Lệ 2017 (4).jpg	Phương Huy (thảo luận)	2018-06-02T07:47:54Z	uploaded	Category:Thủ Lệ Park
91823240	File:Hươu sao Việt Nam ở vườn thú Thủ Lệ 2017 (5) - thản nhiên, không sợ người.jpg	Phương Huy (thảo luận)	2018-06-02T07:48:19Z	uploaded	Category:Thủ Lệ Park
91823243	File:Hươu sao Việt Nam ở vườn thú Thủ Lệ 2017 (5).jpg	Phương Huy (thảo luận)	2018-06-02T07:48:50Z	uploaded	Category:Thủ Lệ Park
91823248	File:Hươu sao Việt Nam ở vườn thú Thủ Lệ 2017 (6).jpg	Phương Huy (thảo luận)	2018-06-02T07:49:15Z	uploaded	Category:Thủ Lệ Park
91823251	File:Khỉ mặt đỏ ở Vườn thú Thủ Lệ (16).jpg	Phương Huy (thảo luận)	2018-06-02T07:55:01Z	uploaded	Category:Thủ Lệ Park
91823256	File:Khỉ mặt đỏ ở Vườn thú Thủ Lệ (17).jpg	Phương Huy (thảo luận)	2018-06-02T07:55:26Z	uploaded	Category:Thủ Lệ Park
91823262	File:Khỉ mốc Việt Nam ở Vườn thú Thủ Lệ (29).jpg	Phương Huy (thảo luận)	2018-06-02T07:55:53Z	uploaded	Category:Thủ Lệ Park
91823266	File:Linh dương sừng xoắn ở Vườn thú Thủ Lệ (18).jpg	Phương Huy (thảo luận)	2018-06-02T07:56:21Z	uploaded	Category:Thủ Lệ Park
91823276	File:Vượn đen má trắng Việt Nam ở Vườn thú Thủ Lệ (13).jpg	Phương Huy (thảo luận)	2018-06-02T07:56:58Z	uploaded	Category:Thủ Lệ Park
91823282	File:Vượn đen má trắng Việt Nam ở Vườn thú Thủ Lệ (14).jpg	Phương Huy (thảo luận)	2018-06-02T07:57:26Z	uploaded	Category:Thủ Lệ Park
91823291	File:Vượn đen má trắng Việt Nam ở Vườn thú Thủ Lệ (15).jpg	Phương Huy (thảo luận)	2018-06-02T07:57:54Z	uploaded	Category:Thủ Lệ Park
91823319	File:Vườn thú Thủ Lệ biển hiệu (1).jpg	Phương Huy (thảo luận)	2018-06-02T08:01:40Z	uploaded	Category:Thủ Lệ Park
91823327	File:Vườn thú Thủ Lệ biển hiệu (2).jpg	Phương Huy (thảo luận)	2018-06-02T08:02:04Z	uploaded	Category:Thủ Lệ Park
105876374	File:Vietnam Pheasant.jpg	Hà Nghĩa VN	2018-08-01	taken	Category:Thủ Lệ Park
110066388	File:Gà lôi lam mào trắng.jpg	Khoitran1957	2015-10-22	taken	Category:Thủ Lệ Park
178852323	File:Sunday morning at Trung Yên Park 23-11-2025 E1.jpg	Gym113trunggınh	2025-11-23 06:52:30	taken	Category:Trung Yên Park
178852326	File:Sunday morning at Trung Yên Park 23-11-2025 E2.jpg	Gym113trunggınh	2025-11-23 06:52:49	taken	Category:Trung Yên Park
179056288	File:Knife-edge sunlight at Trung Yên Park 28-11-2025.jpg	SenThakST24	2025-11-28 09:16:04	taken	Category:Trung Yên Park
179166121	File:On the roads and street corners 30-11-2025. Trung Hòa Primary School and Trung Yên Park.jpg	Jangpet Compie	2025-11-30 08:24:13	taken	Category:Trung Yên Park
179166138	File:On the roads and street corners 30-11-2025. Trung Yên Park E1.jpg	Jangpet Compie	2025-11-30 08:25:03	taken	Category:Trung Yên Park
179166142	File:On the roads and street corners 30-11-2025. Trung Yên Park E2.jpg	Jangpet Compie	2025-11-30 08:25:21	taken	Category:Trung Yên Park
183806742	File:Trung Hòa Primary School from Trung Yên Park 10-02-2026 E1.jpg	Hoàng Đức Xuyên T59	2026-02-10 14:46:34	taken	Category:Trung Yên Park
183806743	File:Trung Hòa Primary School from Trung Yên Park 10-02-2026 E2.jpg	Hoàng Đức Xuyên T59	2026-02-10 14:46:44	taken	Category:Trung Yên Park
183809320	File:Twilight through Trung Yên Park 10-02-2026 E02.jpg	Hoàng Đức Xuyên T59	2026-02-10 14:47:15	taken	Category:Trung Yên Park
183809321	File:Twilight through Trung Yên Park 10-02-2026 E01.jpg	Hoàng Đức Xuyên T59	2026-02-10 14:47:02	taken	Category:Trung Yên Park
183809322	File:Twilight through Trung Yên Park 10-02-2026 E03.jpg	Hoàng Đức Xuyên T59	2026-02-10 14:47:26	taken	Category:Trung Yên Park
183809328	File:Twilight through Trung Yên Park 10-02-2026 E04.jpg	Hoàng Đức Xuyên T59	2026-02-10 14:47:53	taken	Category:Trung Yên Park
183809330	File:Twilight through Trung Yên Park 10-02-2026 E05.jpg	Hoàng Đức Xuyên T59	2026-02-10 14:48:04	taken	Category:Trung Yên Park
183809331	File:Twilight through Trung Yên Park 10-02-2026 E06.jpg	Hoàng Đức Xuyên T59	2026-02-10 14:48:26	taken	Category:Trung Yên Park
183809334	File:Twilight through Trung Yên Park 10-02-2026 E07.jpg	Hoàng Đức Xuyên T59	2026-02-10 14:48:32	taken	Category:Trung Yên Park
183809337	File:Twilight through Trung Yên Park 10-02-2026 E08.jpg	Hoàng Đức Xuyên T59	2026-02-10 14:48:45	taken	Category:Trung Yên Park
183809338	File:Twilight through Trung Yên Park 10-02-2026 E09.jpg	Hoàng Đức Xuyên T59	2026-02-10 14:49:11	taken	Category:Trung Yên Park
183809343	File:Twilight through Trung Yên Park 10-02-2026 E10.jpg	Hoàng Đức Xuyên T59	2026-02-10 14:49:19	taken	Category:Trung Yên Park
183809345	File:Twilight through Trung Yên Park 10-02-2026 E11.jpg	Hoàng Đức Xuyên T59	2026-02-10 14:49:25	taken	Category:Trung Yên Park
183809346	File:Twilight through Trung Yên Park 10-02-2026 E12.jpg	Hoàng Đức Xuyên T59	2026-02-10 14:49:36	taken	Category:Trung Yên Park
183810352	File:Twilight through Trung Yên Tennis Court 10-02-2026.jpg	Hoàng Đức Xuyên T59	2026-02-10 14:50:29	taken	Category:Trung Yên Park
185479627	File:Walking in the sunset of Trung Yên Park 04-03-2026 E2.jpg	Baophucminh53G	2026-03-04 16:56:28	taken	Category:Trung Yên Park
185479631	File:Walking in the sunset of Trung Yên Park 04-03-2026 E1.jpg	Baophucminh53G	2026-03-04 16:56:24	taken	Category:Trung Yên Park
185479636	File:Walking in the sunset of Trung Yên Park 04-03-2026 E3.jpg	Baophucminh53G	2026-03-04 16:56:43	taken	Category:Trung Yên Park
185647487	File:Evening strolls in Trung Yên Park 07-03-2026. Corgwns E01.jpg	Baophucminh53G	2026-03-07 14:22:51	taken	Category:Trung Yên Park
185647488	File:Evening strolls in Trung Yên Park 07-03-2026. Corgwns E02.jpg	Baophucminh53G	2026-03-07 14:22:59	taken	Category:Trung Yên Park
185647491	File:Evening strolls in Trung Yên Park 07-03-2026. Corgwns E03.jpg	Baophucminh53G	2026-03-07 14:23:04	taken	Category:Trung Yên Park
185647493	File:Evening strolls in Trung Yên Park 07-03-2026. Corgwns E05.jpg	Baophucminh53G	2026-03-07 14:23:14	taken	Category:Trung Yên Park
185647494	File:Evening strolls in Trung Yên Park 07-03-2026. Corgwns E04.jpg	Baophucminh53G	2026-03-07 14:23:08	taken	Category:Trung Yên Park
185647497	File:Evening strolls in Trung Yên Park 07-03-2026. Corgwns E06.jpg	Baophucminh53G	2026-03-07 14:23:19	taken	Category:Trung Yên Park
185647498	File:Evening strolls in Trung Yên Park 07-03-2026. Corgwns E07.jpg	Baophucminh53G	2026-03-07 14:23:22	taken	Category:Trung Yên Park
185647499	File:Evening strolls in Trung Yên Park 07-03-2026. Corgwns E08.jpg	Baophucminh53G	2026-03-07 14:23:29	taken	Category:Trung Yên Park
185647502	File:Evening strolls in Trung Yên Park 07-03-2026. Corgwns E09.jpg	Baophucminh53G	2026-03-07 14:23:35	taken	Category:Trung Yên Park
185647508	File:Evening strolls in Trung Yên Park 07-03-2026. Corgwns E10.jpg	Baophucminh53G	2026-03-07 14:23:45	taken	Category:Trung Yên Park
185647509	File:Evening strolls in Trung Yên Park 07-03-2026. Vegetation E1.jpg	Baophucminh53G	2026-03-07 14:23:55	taken	Category:Trung Yên Park
185647513	File:Evening strolls in Trung Yên Park 07-03-2026. Vegetation E2.jpg	Baophucminh53G	2026-03-07 14:23:59	taken	Category:Trung Yên Park
185647519	File:Evening strolls in Trung Yên Park 07-03-2026. Corgwns E11.jpg	Baophucminh53G	2026-03-07 14:24:04	taken	Category:Trung Yên Park
185647520	File:Evening strolls in Trung Yên Park 07-03-2026. Corgwns E12.jpg	Baophucminh53G	2026-03-07 14:24:09	taken	Category:Trung Yên Park
185647522	File:Evening strolls in Trung Yên Park 07-03-2026. Corgwns E13.jpg	Baophucminh53G	2026-03-07 14:24:11	taken	Category:Trung Yên Park
185647530	File:Evening strolls in Trung Yên Park 07-03-2026. Corgwns E14.jpg	Baophucminh53G	2026-03-07 14:24:20	taken	Category:Trung Yên Park
185647532	File:Evening strolls in Trung Yên Park 07-03-2026. Corgwns E15.jpg	Baophucminh53G	2026-03-07 14:24:24	taken	Category:Trung Yên Park
185647533	File:Evening strolls in Trung Yên Park 07-03-2026. Corgwns E16.jpg	Baophucminh53G	2026-03-07 14:24:33	taken	Category:Trung Yên Park
185647539	File:Evening strolls in Trung Yên Park 07-03-2026. Vegetation E3.jpg	Baophucminh53G	2026-03-07 14:24:48	taken	Category:Trung Yên Park
185647542	File:Evening strolls in Trung Yên Park 07-03-2026. Vegetation E4.jpg	Baophucminh53G	2026-03-07 14:25:04	taken	Category:Trung Yên Park
185647544	File:Evening strolls in Trung Yên Park 07-03-2026. Vegetation E5.jpg	Baophucminh53G	2026-03-07 14:25:08	taken	Category:Trung Yên Park
185647547	File:Evening strolls in Trung Yên Park 07-03-2026. Corgwns E17.jpg	Baophucminh53G	2026-03-07 14:25:11	taken	Category:Trung Yên Park
185647549	File:Evening strolls in Trung Yên Park 07-03-2026. Farewell leaves.jpg	Baophucminh53G	2026-03-07 14:25:46	taken	Category:Trung Yên Park
185647557	File:Evening strolls in Trung Yên Park 07-03-2026. Farewell blossoms.jpg	Baophucminh53G	2026-03-07 14:26:20	taken	Category:Trung Yên Park
185650317	File:Crossing Trung Yên Tennis Court 07-03-2026 E1.jpg	Baophucminh53G	2026-03-07 14:26:42	taken	Category:Trung Yên Park
185650331	File:Crossing Trung Yên Tennis Court 07-03-2026 E2.jpg	Baophucminh53G	2026-03-07 14:27:08	taken	Category:Trung Yên Park
185652975	File:Evening strolls in Trung Yên Park 07-03-2026. Vegetation E6.jpg	Baophucminh53G	2026-03-07 14:52:55	taken	Category:Trung Yên Park
185837218	File:Spring invites autumn in Trung Yên Park 10-03-2026 E01.jpg	Baophucminh53G	2026-03-10 15:53:52	taken	Category:Trung Yên Park
185837220	File:Spring invites autumn in Trung Yên Park 10-03-2026 E02.jpg	Baophucminh53G	2026-03-10 15:54:02	taken	Category:Trung Yên Park
185837221	File:Spring invites autumn in Trung Yên Park 10-03-2026 E03.jpg	Baophucminh53G	2026-03-10 15:54:24	taken	Category:Trung Yên Park
185837225	File:Spring invites autumn in Trung Yên Park 10-03-2026 E05.jpg	Baophucminh53G	2026-03-10 15:54:32	taken	Category:Trung Yên Park
185837226	File:Spring invites autumn in Trung Yên Park 10-03-2026 E06.jpg	Baophucminh53G	2026-03-10 15:54:41	taken	Category:Trung Yên Park
185837227	File:Spring invites autumn in Trung Yên Park 10-03-2026 E04.jpg	Baophucminh53G	2026-03-10 15:54:27	taken	Category:Trung Yên Park
185837229	File:Spring invites autumn in Trung Yên Park 10-03-2026 E07.jpg	Baophucminh53G	2026-03-10 15:54:48	taken	Category:Trung Yên Park
185837230	File:Spring invites autumn in Trung Yên Park 10-03-2026 E08.jpg	Baophucminh53G	2026-03-10 15:54:53	taken	Category:Trung Yên Park
185837233	File:Spring invites autumn in Trung Yên Park 10-03-2026 E09.jpg	Baophucminh53G	2026-03-10 15:55:05	taken	Category:Trung Yên Park
185837236	File:Spring invites autumn in Trung Yên Park 10-03-2026 E11.jpg	Baophucminh53G	2026-03-10 15:55:39	taken	Category:Trung Yên Park
185837237	File:Spring invites autumn in Trung Yên Park 10-03-2026 E10.jpg	Baophucminh53G	2026-03-10 15:55:19	taken	Category:Trung Yên Park
185837238	File:Spring invites autumn in Trung Yên Park 10-03-2026 E12.jpg	Baophucminh53G	2026-03-10 15:56:04	taken	Category:Trung Yên Park
185838090	File:Twilight through Trung Yên Tennis Court 10-03-2026 E1.jpg	Baophucminh53G	2026-03-10 15:57:35	taken	Category:Trung Yên Park
185838092	File:Twilight through Trung Yên Tennis Court 10-03-2026 E2.jpg	Baophucminh53G	2026-03-10 15:57:43	taken	Category:Trung Yên Park
185838093	File:Spring invites autumn on Xuân Quỳnh Street 10-03-2026 E04.jpg	Baophucminh53G	2026-03-10 15:57:51	taken	Category:Trung Yên Park
185925140	File:Promenade dans le parc Trung Yên 11-03-2026 E1.jpg	Baophucminh53G	2026-03-11 17:17:41	taken	Category:Trung Yên Park
185925141	File:Promenade dans le parc Trung Yên 11-03-2026 E2.jpg	Baophucminh53G	2026-03-11 17:17:48	taken	Category:Trung Yên Park
185925142	File:Promenade dans le parc Trung Yên 11-03-2026 E3.jpg	Baophucminh53G	2026-03-11 17:17:53	taken	Category:Trung Yên Park
186001917	File:Jaluta Trung Yêni pargis 12-03-2026 E02.jpg	Baophucminh53G	2026-03-12 17:43:31	taken	Category:Trung Yên Park
186001918	File:Jaluta Trung Yêni pargis 12-03-2026 E03.jpg	Baophucminh53G	2026-03-12 17:43:42	taken	Category:Trung Yên Park
186001919	File:Jaluta Trung Yêni pargis 12-03-2026 E01.jpg	Baophucminh53G	2026-03-12 17:43:25	taken	Category:Trung Yên Park
186001928	File:Jaluta Trung Yêni pargis 12-03-2026 E04.jpg	Baophucminh53G	2026-03-12 17:43:51	taken	Category:Trung Yên Park
186001929	File:Jaluta Trung Yêni pargis 12-03-2026 E05.jpg	Baophucminh53G	2026-03-12 17:44:16	taken	Category:Trung Yên Park
186001930	File:Jaluta Trung Yêni pargis 12-03-2026 E06.jpg	Baophucminh53G	2026-03-12 17:44:42	taken	Category:Trung Yên Park
186001937	File:Jaluta Trung Yêni pargis 12-03-2026 E07.jpg	Baophucminh53G	2026-03-12 17:44:47	taken	Category:Trung Yên Park
186001938	File:Jaluta Trung Yêni pargis 12-03-2026 E08.jpg	Baophucminh53G	2026-03-12 17:44:51	taken	Category:Trung Yên Park
186001939	File:Jaluta Trung Yêni pargis 12-03-2026 E09.jpg	Baophucminh53G	2026-03-12 17:45:01	taken	Category:Trung Yên Park
186001944	File:Jaluta Trung Yêni pargis 12-03-2026 E10.jpg	Baophucminh53G	2026-03-12 17:45:11	taken	Category:Trung Yên Park
186001946	File:Jaluta Trung Yêni pargis 12-03-2026 E12.jpg	Baophucminh53G	2026-03-12 17:45:35	taken	Category:Trung Yên Park
186001947	File:Jaluta Trung Yêni pargis 12-03-2026 E11.jpg	Baophucminh53G	2026-03-12 17:45:21	taken	Category:Trung Yên Park
186001948	File:Jaluta Trung Yêni pargis 12-03-2026 E15.jpg	Baophucminh53G	2026-03-12 17:46:29	taken	Category:Trung Yên Park
186001955	File:Jaluta Trung Yêni pargis 12-03-2026 E14.jpg	Baophucminh53G	2026-03-12 17:46:16	taken	Category:Trung Yên Park
186001957	File:Jaluta Trung Yêni pargis 12-03-2026 E17.jpg	Baophucminh53G	2026-03-12 17:46:47	taken	Category:Trung Yên Park
186001963	File:Jaluta Trung Yêni pargis 12-03-2026 E18.jpg	Baophucminh53G	2026-03-12 17:47:09	taken	Category:Trung Yên Park
186001966	File:Jaluta Trung Yêni pargis 12-03-2026 E13.jpg	Baophucminh53G	2026-03-12 17:45:51	taken	Category:Trung Yên Park
186001972	File:Jaluta Trung Yêni pargis 12-03-2026 E19.jpg	Baophucminh53G	2026-03-12 17:47:23	taken	Category:Trung Yên Park
186001975	File:Jaluta Trung Yêni pargis 12-03-2026 E20.jpg	Baophucminh53G	2026-03-12 17:47:34	taken	Category:Trung Yên Park
186001976	File:Jaluta Trung Yêni pargis 12-03-2026 E16.jpg	Baophucminh53G	2026-03-12 17:46:43	taken	Category:Trung Yên Park
186001978	File:Jaluta Trung Yêni pargis 12-03-2026 E21.jpg	Baophucminh53G	2026-03-12 17:47:56	taken	Category:Trung Yên Park
93844248	File:Biểu tình phản đối Trung Quốc tại Hà Nội sáng 8.7.2012.JPG	ASM~viwiki	2012-07-16T18:38:50Z	uploaded	Category:Chí Linh Park
136423113	File:Hanoï - Square Paul-Bert et Hôtel des Postes.jpg	Unknown authorUnknown author	early 20<sup>th</sup> century<div style=	taken	Category:Chí Linh Park
136423116	File:Hanoï - Trésor.jpg	Unknown authorUnknown author	early 20<sup>th</sup> century<div style=	taken	Category:Chí Linh Park
140252935	File:Vuon hoa Ly Thai To (8944237882).jpg	Bem photography:	2013-06-03 17:14	taken	Category:Chí Linh Park
161260194	File:Thiephoachucmungnammoi.jpg	"""Trương Hoàng Khánh Ngọc"" Newone (thảo luận)"	11/2/2013	taken	Category:Chí Linh Park
1168229	File:Hanoi - Square Chavassieux - Résidence Supérieure.jpg	Pierre Dieulefils	2023-02-04T21:34:35Z	uploaded	Category:Diên Hồng Park
63460772	File:Hanoi city center September 2017 02.jpg	Amenoc	2017-09-10 11:57:21	taken	Category:Diên Hồng Park
122586049	File:Vườn hoa con Cóc - 2022-09-02 03.jpg	The Hanoian	2022-09-02 12:14:22	taken	Category:Diên Hồng Park
122586050	File:Vườn hoa con Cóc - 2022-09-02 04.jpg	The Hanoian	2022-09-02 12:16:23	taken	Category:Diên Hồng Park
122586051	File:Vườn hoa con Cóc - 2022-09-02 05.jpg	The Hanoian	2022-09-02 12:34:09	taken	Category:Diên Hồng Park
122586092	File:Vườn hoa con Cóc - 2022-09-02 01.jpg	The Hanoian	2022-09-02 12:13:16	taken	Category:Diên Hồng Park
122586094	File:Vườn hoa con Cóc - 2022-09-02 02.jpg	The Hanoian	2022-09-02 12:13:55	taken	Category:Diên Hồng Park
122586096	File:Vườn hoa con Cóc - 2022-09-02 06.jpg	The Hanoian	2022-09-02 12:34:57	taken	Category:Diên Hồng Park
129117506	File:Vườn hoa con cóc - NKS.jpg	NKSTTSSHNVN	2023-02-28	taken	Category:Diên Hồng Park
129117609	File:Vườn hoa con cóc 2 - NKS.jpg	NKSTTSSHNVN	2023-02-28	taken	Category:Diên Hồng Park
105604526	File:WestLake,Hanoi.png	Chris Lewis	2019-07-20	taken	Category:Tây Hồ Water Park
105604527	File:Hồ Tây, Hà Nội.png	Chris Lewis	2019-07-20	taken	Category:Tây Hồ Water Park
2070815	File:Cẩm Tú Palace inside Thống Nhất Park 07-05-2007.jpg	fr:Utilisateur:Chuoibk	Unknown date	taken	Category:Thống Nhất Park
47107991	File:Cong-vien-Thong-Nhat1.jpg	Huhahu9x	2016-02-22	taken	Category:Thống Nhất Park
50749823	File:Parc hồ Bảy Mẫu (2).jpg	Guerinf	2016-04-18 00:07:12	taken	Category:Thống Nhất Park
50749824	File:Parc hồ Bảy Mẫu (6).jpg	Guerinf	2016-04-18 00:20:16	taken	Category:Thống Nhất Park
50749825	File:Parc hồ Bảy Mẫu (1).jpg	Guerinf	2016-04-18 00:12:53	taken	Category:Thống Nhất Park
50749831	File:Parc hồ Bảy Mẫu (8).jpg	Guerinf	2016-04-18 00:32:41	taken	Category:Thống Nhất Park
50749835	File:Parc hồ Bảy Mẫu (5).jpg	Guerinf	2016-04-18 00:14:48	taken	Category:Thống Nhất Park
137846411	File:Thong Nhat Park Sep 2023.jpg	Trung geo	2023-09-20 07:14:51	taken	Category:Thống Nhất Park
184813986	File:Stroll in the riverside park 03-02-2026. Public bikes E1.jpg	Gispenni	2026-02-03 10:17:14	taken	Category:Tô Lịch Riverside Parks
184813987	File:Stroll in the riverside park 03-02-2026. Yellow flowers E1.jpg	Gispenni	2026-02-03 10:17:18	taken	Category:Tô Lịch Riverside Parks
184813989	File:Stroll in the riverside park 03-02-2026. Public bikes E2.jpg	Gispenni	2026-02-03 10:17:38	taken	Category:Tô Lịch Riverside Parks
184813994	File:Stroll in the riverside park 03-02-2026. Yellow flowers E2.jpg	Gispenni	2026-02-03 10:18:03	taken	Category:Tô Lịch Riverside Parks
184813995	File:Stroll in the riverside park 03-02-2026. Yellow flowers E4.jpg	Gispenni	2026-02-03 10:18:23	taken	Category:Tô Lịch Riverside Parks
184813996	File:Stroll in the riverside park 03-02-2026. Yellow flowers E3.jpg	Gispenni	2026-02-03 10:18:10	taken	Category:Tô Lịch Riverside Parks
184813999	File:Stroll in the riverside park 03-02-2026. Nguyễn Khang Street E1.jpg	Gispenni	2026-02-03 10:18:31	taken	Category:Tô Lịch Riverside Parks
184814000	File:Stroll in the riverside park 03-02-2026. Nguyễn Khang Street E2.jpg	Gispenni	2026-02-03 10:18:35	taken	Category:Tô Lịch Riverside Parks
184814001	File:Stroll in the riverside park 03-02-2026. Cyan car.jpg	Gispenni	2026-02-03 10:18:44	taken	Category:Tô Lịch Riverside Parks
184814006	File:Stroll in the riverside park 03-02-2026. Banana trees E1.jpg	Gispenni	2026-02-03 10:19:51	taken	Category:Tô Lịch Riverside Parks
184814007	File:Stroll in the riverside park 03-02-2026. Banana trees E2.jpg	Gispenni	2026-02-03 10:19:57	taken	Category:Tô Lịch Riverside Parks
184814008	File:Stroll in the riverside park 03-02-2026. Banana trees E3.jpg	Gispenni	2026-02-03 10:20:00	taken	Category:Tô Lịch Riverside Parks
184814011	File:Stroll in the riverside park 03-02-2026. Nerocrown trees E1.jpg	Gispenni	2026-02-03 10:21:01	taken	Category:Tô Lịch Riverside Parks
184814012	File:Stroll in the riverside park 03-02-2026. Banana trees E4.jpg	Gispenni	2026-02-03 10:20:10	taken	Category:Tô Lịch Riverside Parks
184814013	File:Stroll in the riverside park 03-02-2026. 361 Bridge.jpg	Gispenni	2026-02-03 10:21:32	taken	Category:Tô Lịch Riverside Parks
184814016	File:Stroll in the riverside park 03-02-2026. Nerocrown trees E2.jpg	Gispenni	2026-02-03 10:21:43	taken	Category:Tô Lịch Riverside Parks
185458967	File:Spring morning in Tô Lịch Riverside Parks 02-03-2026 E01.jpg	Dinhtrong993	2026-03-02 10:06:00	taken	Category:Tô Lịch Riverside Parks
185458975	File:Spring morning in Tô Lịch Riverside Parks 02-03-2026 E02.jpg	Dinhtrong993	2026-03-02 10:06:05	taken	Category:Tô Lịch Riverside Parks
185458976	File:Spring morning in Tô Lịch Riverside Parks 02-03-2026 E03.jpg	Dinhtrong993	2026-03-02 10:06:09	taken	Category:Tô Lịch Riverside Parks
185458977	File:Spring morning in Tô Lịch Riverside Parks 02-03-2026 E04.jpg	Dinhtrong993	2026-03-02 10:06:18	taken	Category:Tô Lịch Riverside Parks
185458978	File:Spring morning in Tô Lịch Riverside Parks 02-03-2026 E06.jpg	Dinhtrong993	2026-03-02 10:06:27	taken	Category:Tô Lịch Riverside Parks
185458979	File:Spring morning in Tô Lịch Riverside Parks 02-03-2026 E05.jpg	Dinhtrong993	2026-03-02 10:06:23	taken	Category:Tô Lịch Riverside Parks
185458984	File:Spring morning in Tô Lịch Riverside Parks 02-03-2026 E07.jpg	Dinhtrong993	2026-03-02 10:06:31	taken	Category:Tô Lịch Riverside Parks
185458987	File:Spring morning in Tô Lịch Riverside Parks 02-03-2026 E08.jpg	Dinhtrong993	2026-03-02 10:06:42	taken	Category:Tô Lịch Riverside Parks
185458988	File:Spring morning in Tô Lịch Riverside Parks 02-03-2026 E09.jpg	Dinhtrong993	2026-03-02 10:06:45	taken	Category:Tô Lịch Riverside Parks
185458989	File:Spring morning in Tô Lịch Riverside Parks 02-03-2026 E10.jpg	Dinhtrong993	2026-03-02 10:06:55	taken	Category:Tô Lịch Riverside Parks
185458991	File:Spring morning in Tô Lịch Riverside Parks 02-03-2026 E11.jpg	Dinhtrong993	2026-03-02 10:07:06	taken	Category:Tô Lịch Riverside Parks
185458992	File:Spring morning in Tô Lịch Riverside Parks 02-03-2026 E12.jpg	Dinhtrong993	2026-03-02 10:07:14	taken	Category:Tô Lịch Riverside Parks
185458995	File:Spring morning in Tô Lịch Riverside Parks 02-03-2026 E13.jpg	Dinhtrong993	2026-03-02 10:07:20	taken	Category:Tô Lịch Riverside Parks
185458997	File:Spring morning in Tô Lịch Riverside Parks 02-03-2026 E14.jpg	Dinhtrong993	2026-03-02 10:07:27	taken	Category:Tô Lịch Riverside Parks
185458998	File:Spring morning in Tô Lịch Riverside Parks 02-03-2026 E15.jpg	Dinhtrong993	2026-03-02 10:07:31	taken	Category:Tô Lịch Riverside Parks
185458999	File:Spring morning in Tô Lịch Riverside Parks 02-03-2026 E16.jpg	Dinhtrong993	2026-03-02 10:07:48	taken	Category:Tô Lịch Riverside Parks
185459002	File:Spring morning in Tô Lịch Riverside Parks 02-03-2026 E17.jpg	Dinhtrong993	2026-03-02 10:07:59	taken	Category:Tô Lịch Riverside Parks
185459003	File:Spring morning in Tô Lịch Riverside Parks 02-03-2026 E18.jpg	Dinhtrong993	2026-03-02 10:08:07	taken	Category:Tô Lịch Riverside Parks
185459005	File:Spring morning in Tô Lịch Riverside Parks 02-03-2026 E19.jpg	Dinhtrong993	2026-03-02 10:08:18	taken	Category:Tô Lịch Riverside Parks
185459006	File:Spring morning in Tô Lịch Riverside Parks 02-03-2026 E20.jpg	Dinhtrong993	2026-03-02 10:08:22	taken	Category:Tô Lịch Riverside Parks
185459007	File:Spring morning in Tô Lịch Riverside Parks 02-03-2026 E21.jpg	Dinhtrong993	2026-03-02 10:08:32	taken	Category:Tô Lịch Riverside Parks
185459008	File:Spring morning in Tô Lịch Riverside Parks 02-03-2026 E22.jpg	Dinhtrong993	2026-03-02 10:09:51	taken	Category:Tô Lịch Riverside Parks
185459009	File:Spring morning in Tô Lịch Riverside Parks 02-03-2026 E23.jpg	Dinhtrong993	2026-03-02 10:10:05	taken	Category:Tô Lịch Riverside Parks
185459010	File:Spring morning in Tô Lịch Riverside Parks 02-03-2026 E24.jpg	Dinhtrong993	2026-03-02 10:10:31	taken	Category:Tô Lịch Riverside Parks
185459013	File:Spring morning in Tô Lịch Riverside Parks 02-03-2026 E25.jpg	Dinhtrong993	2026-03-02 10:10:35	taken	Category:Tô Lịch Riverside Parks
185459014	File:Spring morning in Tô Lịch Riverside Parks 02-03-2026 E26.jpg	Dinhtrong993	2026-03-02 10:11:18	taken	Category:Tô Lịch Riverside Parks
185459015	File:Spring morning in Tô Lịch Riverside Parks 02-03-2026 E27.jpg	Dinhtrong993	2026-03-02 10:11:22	taken	Category:Tô Lịch Riverside Parks
185459501	File:Spring morning in Tô Lịch Riverside Parks 02-03-2026 E30.jpg	Dinhtrong993	2026-03-02 11:21:08	taken	Category:Tô Lịch Riverside Parks
185459502	File:Spring morning in Tô Lịch Riverside Parks 02-03-2026 E28.jpg	Dinhtrong993	2026-03-02 11:20:52	taken	Category:Tô Lịch Riverside Parks
185459503	File:Spring morning in Tô Lịch Riverside Parks 02-03-2026 E29.jpg	Dinhtrong993	2026-03-02 11:20:59	taken	Category:Tô Lịch Riverside Parks
185459506	File:Spring morning in Tô Lịch Riverside Parks 02-03-2026 E31.jpg	Dinhtrong993	2026-03-02 11:21:12	taken	Category:Tô Lịch Riverside Parks
185459507	File:Spring morning in Tô Lịch Riverside Parks 02-03-2026 E33.jpg	Dinhtrong993	2026-03-02 11:21:45	taken	Category:Tô Lịch Riverside Parks
185459508	File:Spring morning in Tô Lịch Riverside Parks 02-03-2026 E32.jpg	Dinhtrong993	2026-03-02 11:21:37	taken	Category:Tô Lịch Riverside Parks
185459514	File:Spring morning in Tô Lịch Riverside Parks 02-03-2026 E34.jpg	Dinhtrong993	2026-03-02 11:21:56	taken	Category:Tô Lịch Riverside Parks
185459515	File:Spring morning in Tô Lịch Riverside Parks 02-03-2026 E35.jpg	Dinhtrong993	2026-03-02 11:22:00	taken	Category:Tô Lịch Riverside Parks
185459516	File:Spring morning in Tô Lịch Riverside Parks 02-03-2026 E36.jpg	Dinhtrong993	2026-03-02 11:22:12	taken	Category:Tô Lịch Riverside Parks
185459517	File:Spring morning in Tô Lịch Riverside Parks 02-03-2026 E37.jpg	Dinhtrong993	2026-03-02 11:22:19	taken	Category:Tô Lịch Riverside Parks
185459519	File:Spring morning in Tô Lịch Riverside Parks 02-03-2026 E38.jpg	Dinhtrong993	2026-03-02 11:22:25	taken	Category:Tô Lịch Riverside Parks
185459520	File:Spring morning in Tô Lịch Riverside Parks 02-03-2026 E39.jpg	Dinhtrong993	2026-03-02 11:22:40	taken	Category:Tô Lịch Riverside Parks
185459522	File:Spring morning in Tô Lịch Riverside Parks 02-03-2026 E40.jpg	Dinhtrong993	2026-03-02 11:23:03	taken	Category:Tô Lịch Riverside Parks
185459525	File:Spring morning in Tô Lịch Riverside Parks 02-03-2026 E41.jpg	Dinhtrong993	2026-03-02 11:23:11	taken	Category:Tô Lịch Riverside Parks
185459526	File:Spring morning in Tô Lịch Riverside Parks 02-03-2026 E42.jpg	Dinhtrong993	2026-03-02 11:23:16	taken	Category:Tô Lịch Riverside Parks
185459530	File:Spring morning in Tô Lịch Riverside Parks 02-03-2026 E43.jpg	Dinhtrong993	2026-03-02 11:23:37	taken	Category:Tô Lịch Riverside Parks
185459531	File:Spring morning in Tô Lịch Riverside Parks 02-03-2026 E44.jpg	Dinhtrong993	2026-03-02 11:23:42	taken	Category:Tô Lịch Riverside Parks
185459532	File:Spring morning in Tô Lịch Riverside Parks 02-03-2026 E45.jpg	Dinhtrong993	2026-03-02 11:23:57	taken	Category:Tô Lịch Riverside Parks
185459533	File:Spring morning in Tô Lịch Riverside Parks 02-03-2026 E46.jpg	Dinhtrong993	2026-03-02 11:24:06	taken	Category:Tô Lịch Riverside Parks
185459534	File:Spring morning in Tô Lịch Riverside Parks 02-03-2026 E47.jpg	Dinhtrong993	2026-03-02 11:24:15	taken	Category:Tô Lịch Riverside Parks
185459536	File:Spring morning in Tô Lịch Riverside Parks 02-03-2026 E48.jpg	Dinhtrong993	2026-03-02 11:24:22	taken	Category:Tô Lịch Riverside Parks
185459541	File:Spring morning in Tô Lịch Riverside Parks 02-03-2026 E49.jpg	Dinhtrong993	2026-03-02 11:24:28	taken	Category:Tô Lịch Riverside Parks
185459542	File:Spring morning in Tô Lịch Riverside Parks 02-03-2026 E50.jpg	Dinhtrong993	2026-03-02 11:24:37	taken	Category:Tô Lịch Riverside Parks
185459544	File:Spring morning in Tô Lịch Riverside Parks 02-03-2026 E51.jpg	Dinhtrong993	2026-03-02 11:24:41	taken	Category:Tô Lịch Riverside Parks
185459547	File:Spring morning in Tô Lịch Riverside Parks 02-03-2026 E52.jpg	Dinhtrong993	2026-03-02 11:24:45	taken	Category:Tô Lịch Riverside Parks
185459548	File:Spring morning in Tô Lịch Riverside Parks 02-03-2026 E53.jpg	Dinhtrong993	2026-03-02 11:24:54	taken	Category:Tô Lịch Riverside Parks
185459549	File:Spring morning in Tô Lịch Riverside Parks 02-03-2026 E54.jpg	Dinhtrong993	2026-03-02 11:24:57	taken	Category:Tô Lịch Riverside Parks
185459554	File:Spring morning in Tô Lịch Riverside Parks 02-03-2026 E55.jpg	Dinhtrong993	2026-03-02 11:25:04	taken	Category:Tô Lịch Riverside Parks
185459556	File:Spring morning in Tô Lịch Riverside Parks 02-03-2026 E56.jpg	Dinhtrong993	2026-03-02 11:25:12	taken	Category:Tô Lịch Riverside Parks
185459560	File:Spring morning in Tô Lịch Riverside Parks 02-03-2026 E57.jpg	Dinhtrong993	2026-03-02 11:25:13	taken	Category:Tô Lịch Riverside Parks
185459582	File:Spring morning in Tô Lịch Riverside Parks 02-03-2026 E60.jpg	Dinhtrong993	2026-03-02 11:25:40	taken	Category:Tô Lịch Riverside Parks
185459589	File:Spring morning in Tô Lịch Riverside Parks 02-03-2026 E61.jpg	Dinhtrong993	2026-03-02 11:25:47	taken	Category:Tô Lịch Riverside Parks
185459601	File:Spring morning in Tô Lịch Riverside Parks 02-03-2026 E68.jpg	Dinhtrong993	2026-03-02 11:26:30	taken	Category:Tô Lịch Riverside Parks
185459619	File:Spring morning in Tô Lịch Riverside Parks 02-03-2026 E58.jpg	Dinhtrong993	2026-03-02 11:25:20	taken	Category:Tô Lịch Riverside Parks
185459620	File:Spring morning in Tô Lịch Riverside Parks 02-03-2026 E59.jpg	Dinhtrong993	2026-03-02 11:25:24	taken	Category:Tô Lịch Riverside Parks
185459621	File:Spring morning in Tô Lịch Riverside Parks 02-03-2026 E62.jpg	Dinhtrong993	2026-03-02 11:25:59	taken	Category:Tô Lịch Riverside Parks
185459628	File:Spring morning in Tô Lịch Riverside Parks 02-03-2026 E63.jpg	Dinhtrong993	2026-03-02 11:26:01	taken	Category:Tô Lịch Riverside Parks
185459629	File:Spring morning in Tô Lịch Riverside Parks 02-03-2026 E64.jpg	Dinhtrong993	2026-03-02 11:26:05	taken	Category:Tô Lịch Riverside Parks
185459631	File:Spring morning in Tô Lịch Riverside Parks 02-03-2026 E65.jpg	Dinhtrong993	2026-03-02 11:26:10	taken	Category:Tô Lịch Riverside Parks
185459639	File:Spring morning in Tô Lịch Riverside Parks 02-03-2026 E66.jpg	Dinhtrong993	2026-03-02 11:26:15	taken	Category:Tô Lịch Riverside Parks
185459640	File:Spring morning in Tô Lịch Riverside Parks 02-03-2026 E67.jpg	Dinhtrong993	2026-03-02 11:26:21	taken	Category:Tô Lịch Riverside Parks
185459642	File:Spring morning in Tô Lịch Riverside Parks 02-03-2026 E69.jpg	Dinhtrong993	2026-03-02 11:26:35	taken	Category:Tô Lịch Riverside Parks
185459645	File:Spring morning in Tô Lịch Riverside Parks 02-03-2026 E70.jpg	Dinhtrong993	2026-03-02 11:26:50	taken	Category:Tô Lịch Riverside Parks
185459666	File:Spring morning in Tô Lịch Riverside Parks 02-03-2026 E71.jpg	Dinhtrong993	2026-03-02 11:26:57	taken	Category:Tô Lịch Riverside Parks
185459667	File:Spring morning in Tô Lịch Riverside Parks 02-03-2026 E72.jpg	Dinhtrong993	2026-03-02 11:27:10	taken	Category:Tô Lịch Riverside Parks
185459668	File:Spring morning in Tô Lịch Riverside Parks 02-03-2026 E73.jpg	Dinhtrong993	2026-03-02 11:27:20	taken	Category:Tô Lịch Riverside Parks
185651150	File:Spring stroll on Nguyễn Vĩnh Bảo Street 07-03-2026. Híkaros Gardens E01.jpg	Baophucminh53G	2026-03-07 14:44:50	taken	Category:Híkaros Gardens
185651151	File:Spring stroll on Nguyễn Vĩnh Bảo Street 07-03-2026. Híkaros Gardens E02.jpg	Baophucminh53G	2026-03-07 14:45:32	taken	Category:Híkaros Gardens
185651156	File:Spring stroll on Nguyễn Vĩnh Bảo Street 07-03-2026. Híkaros Gardens E04.jpg	Baophucminh53G	2026-03-07 14:46:03	taken	Category:Híkaros Gardens
185651157	File:Spring stroll on Nguyễn Vĩnh Bảo Street 07-03-2026. Híkaros Gardens E03.jpg	Baophucminh53G	2026-03-07 14:45:54	taken	Category:Híkaros Gardens
185651158	File:Spring stroll on Nguyễn Vĩnh Bảo Street 07-03-2026. Híkaros Gardens E05.jpg	Baophucminh53G	2026-03-07 14:46:12	taken	Category:Híkaros Gardens
185651161	File:Spring stroll on Nguyễn Vĩnh Bảo Street 07-03-2026. Híkaros Gardens E08.jpg	Baophucminh53G	2026-03-07 14:46:31	taken	Category:Híkaros Gardens
185651162	File:Spring stroll on Nguyễn Vĩnh Bảo Street 07-03-2026. Híkaros Gardens E07.jpg	Baophucminh53G	2026-03-07 14:46:23	taken	Category:Híkaros Gardens
185651163	File:Spring stroll on Nguyễn Vĩnh Bảo Street 07-03-2026. Híkaros Gardens E06.jpg	Baophucminh53G	2026-03-07 14:46:16	taken	Category:Híkaros Gardens
185651166	File:Spring stroll on Nguyễn Vĩnh Bảo Street 07-03-2026. Híkaros Gardens E09.jpg	Baophucminh53G	2026-03-07 14:46:39	taken	Category:Híkaros Gardens
185651171	File:Spring stroll on Nguyễn Vĩnh Bảo Street 07-03-2026. Híkaros Gardens E10.jpg	Baophucminh53G	2026-03-07 14:46:51	taken	Category:Híkaros Gardens
3002124	File:Dong Xuan market.jpg	Juliana Ng from Singapore	2007-02-17 16:22	taken	Category:Đồng Xuân Market
3145020	File:Hanoï - Les Halles.jpg	Pierre Dieulefils	2023-02-22T01:22:48Z	uploaded	Category:Đồng Xuân Market
5604902	File:Cho Dong Xuan.jpg	yuht-a	2008-12-31T00:19:52Z	uploaded	Category:Đồng Xuân Market
5753420	File:Hanoi cho dong xuan.jpg	ntt	2002-10-03	taken	Category:Đồng Xuân Market
6004551	File:Đồng Xuân Market.jpg	Everjean	2006-11-09 11:19:52	taken	Category:Đồng Xuân Market
64019006	File:Hanoi guards in 1946.jpg	Musée Annam	2017-11-12	taken	Category:Đồng Xuân Market
64038325	File:Relief Hanoi-in-Winter-1946 at Đồng-xuân Market (1).jpg	Musée Annam	2017-11-01	taken	Category:Đồng Xuân Market
64038326	File:Relief Hanoi-in-Winter-1946 at Đồng-xuân Market (2).jpg	Musée Annam	2017-11-01	taken	Category:Đồng Xuân Market
64038327	File:Relief Hanoi-in-Winter-1946 at Đồng-xuân Market (3).jpg	Musée Annam	2017-11-01	taken	Category:Đồng Xuân Market
66631770	File:Dong Xuan Market market in the Hanoi old quarter (30645886763).jpg	shankar s. from Dubai, united arab emirates	2016-11-01 00:00	taken	Category:Đồng Xuân Market
66631772	File:Another look at the Dong Xuan Market in the Hanoi old quarter (31454085665).jpg	shankar s. from Dubai, united arab emirates	2016-11-01 00:00	taken	Category:Đồng Xuân Market
88549849	File:Đồng Xuân Market 2.jpg	Christophe95	2018-08-05 09:17:20	taken	Category:Đồng Xuân Market
88549861	File:Đồng Xuân Market 7.jpg	Christophe95	2018-08-05 09:24:08	taken	Category:Đồng Xuân Market
88549863	File:Đồng Xuân Market 8.jpg	Christophe95	2018-08-05 09:29:56	taken	Category:Đồng Xuân Market
93337423	File:Cho Dong Xuan ban dem.jpg	Buileducanh (thảo luận)	2017-12-07T01:54:34Z	uploaded	Category:Đồng Xuân Market
95142273	File:Hanoï - Congais au Grand Marché.jpg	Unknown authorUnknown author	Cuối thế kỷ 19 (Late 19th century)	taken	Category:Đồng Xuân Market
118223431	File:Renovation of the Đồng Xuân Market because of hygiene standards (10-08-1901) 02.png	The government of Hanoi, French protectorate of Tonkin, French Indo-China.	10-08-1901	taken	Category:Đồng Xuân Market
118223434	File:Map of the area where the Đồng Xuân Market is going to be constructed (1891) 01.png	The government of Hanoi, French protectorate of Tonkin, French Indo-China.	1891	taken	Category:Đồng Xuân Market
118223440	File:Edict issued by the Tổng đốc of Hà-An providing financial compensation for people forced to move out of Hàng Gạo (Đồng Khánh 3 - 1888) 02.png	The government of Hanoi, French protectorate of Tonkin, French Indo-China.	Đồng Khánh 3 - 1888	taken	Category:Đồng Xuân Market
118223441	File:Edict issued by the Tổng đốc of Hà-An providing financial compensation for people forced to move out of Hàng Gạo (Đồng Khánh 3 - 1888) 01.png	The government of Hanoi, French protectorate of Tonkin, French Indo-China.	Đồng Khánh 3 - 1888	taken	Category:Đồng Xuân Market
118223442	File:Renovation of the Đồng Xuân Market because of hygiene standards (10-08-1901) 01.png	The government of Hanoi, French protectorate of Tonkin, French Indo-China.	10-08-1901	taken	Category:Đồng Xuân Market
118223443	File:Map of the area where the Đồng Xuân Market is going to be constructed (1891) 02.png	The government of Hanoi, French protectorate of Tonkin, French Indo-China.	1891	taken	Category:Đồng Xuân Market
118223444	File:Edict issued by the Tổng đốc of Hà-An about moving some households out of the area for the construction of the Đồng Xuân Market (Đồng Khánh 3 - 1888) 01.png	The government of Hanoi, French protectorate of Tonkin, French Indo-China.	Đồng Khánh 3 - 1888	taken	Category:Đồng Xuân Market
118223445	File:Notice by the City of Hanoi regarding land requisition to widen the street for the Đồng Xuân Market (27 October 1923) 02.png	The government of Hanoi, French protectorate of Tonkin, French Indo-China.	1928-10-27	taken	Category:Đồng Xuân Market
118223450	File:Notice by the City of Hanoi regarding land requisition to widen the street for the Đồng Xuân Market (27 October 1923) 01.png	The government of Hanoi, French protectorate of Tonkin, French Indo-China.	1923-10-27	taken	Category:Đồng Xuân Market
118223454	File:Edict issued by the Tổng đốc of Hà-An about moving some households out of the area for the construction of the Đồng Xuân Market (Đồng Khánh 3 - 1888) 02.png	The government of Hanoi, French protectorate of Tonkin, French Indo-China.	Đồng Khánh 3 - 1888	taken	Category:Đồng Xuân Market
124244403	File:Chợ Đồng Xuân - NKS.jpg	NKSTTSSHNVN	2022-10-16	taken	Category:Đồng Xuân Market
34555654	File:Vĩnh Hồ Street (20140804 172857).jpg	Quenhitran	2014-08-04 17:28:55	taken	Category:Vĩnh Hồ Market
34555657	File:Vĩnh Hồ Street (20140804 173147).jpg	Quenhitran	2014-08-04 17:31:45	taken	Category:Vĩnh Hồ Market
34555658	File:Vĩnh Hồ Street (20140804 173301).jpg	Quenhitran	2014-08-04 17:32:59	taken	Category:Vĩnh Hồ Market
34555662	File:Vĩnh Hồ Street (20140804 173334).jpg	Quenhitran	2014-08-04 17:33:32	taken	Category:Vĩnh Hồ Market
34555683	File:Vĩnh Hồ Street (20140804 173154).jpg	Quenhitran	2014-08-04 17:31:53	taken	Category:Vĩnh Hồ Market
34556221	File:Tropical rain at Nhân Chính market (20140805 113936).jpg	Quenhitran	2014-08-05 11:39:34	taken	Category:Nhân Chính Market
34556225	File:Tropical rain at Nhân Chính market (20140805 113926).jpg	Quenhitran	2014-08-05 11:39:24	taken	Category:Nhân Chính Market
34556234	File:Tropical rain at Nhân Chính market (20140805 112422).jpg	Quenhitran	2014-08-05 11:24:20	taken	Category:Nhân Chính Market
34556245	File:Nhân Chính market, Hanoi (20140805 110145).jpg	Quenhitran	2014-08-05 11:01:44	taken	Category:Nhân Chính Market
34556258	File:Inside Nhân Chính market (20140805 105333).jpg	Quenhitran	2014-08-05 10:53:32	taken	Category:Nhân Chính Market
34556263	File:Inside Nhân Chính market (20140805 105019).jpg	Quenhitran	2014-08-05 10:50:18	taken	Category:Nhân Chính Market
34556268	File:Inside Nhân Chính market (20140805 104727).jpg	Quenhitran	2014-08-05 10:47:25	taken	Category:Nhân Chính Market
34556272	File:Inside Nhân Chính market (20140805 104641).jpg	Quenhitran	2014-08-05 10:46:39	taken	Category:Nhân Chính Market
34556281	File:Inside Nhân Chính market (20140805 104636).jpg	Quenhitran	2014-08-05 10:46:34	taken	Category:Nhân Chính Market
34556284	File:Inside Nhân Chính market (20140805 104511).jpg	Quenhitran	2014-08-05 10:45:10	taken	Category:Nhân Chính Market
34556300	File:Inside Nhân Chính market (20140805 104358).jpg	Quenhitran	2014-08-05 10:43:55	taken	Category:Nhân Chính Market
34556435	File:Inside Nhân Chính market (20140804 175333).jpg	Quenhitran	2014-08-04 17:53:31	taken	Category:Nhân Chính Market
34556459	File:Inside Nhân Chính market (20140804 175330).jpg	Quenhitran	2014-08-04 17:53:29	taken	Category:Nhân Chính Market
34843102	File:Nhân Chính market, Hanoi (20140804 175111).jpg	Quenhitran	2014-08-04 17:51:10	taken	Category:Nhân Chính Market
58091291	File:Tầng 3, Hàng Da Galleria, Hàng Da, Hà Nội 003.JPG	Phan Minh Tuấn	2015-10-18 14:43:44	taken	Category:Hàng Da Market
58091309	File:Tầng 4, Hàng Da Galleria, Hàng Da, Hà Nội 001.JPG	Phan Minh Tuấn	2015-10-18 14:50:56	taken	Category:Hàng Da Market
88531861	File:Hanoi Night Market 2.jpg	Christophe95	2018-08-04 21:20:37	taken	Category:Hanoi Night Market
88531862	File:Hanoi Night Market 1.jpg	Christophe95	2018-08-04 21:17:55	taken	Category:Hanoi Night Market
123070794	File:Hanoi weekend 20220730 214915.jpg	Shyamal L.	2022-07-30 21:49:15	taken	Category:Hanoi Night Market
123070796	File:Hanoi weekend 20220730 214605.jpg	Shyamal L.	2022-07-30 21:46:06	taken	Category:Hanoi Night Market
106422862	File:Quanh việc diễn kịch giúp nạn-dân Trung-kỳ. Bà-con Hadông muốn biết rõ kết-quả hai tối hát ấy. HTNB 16-03-1935.jpg	M. Ph. (Hà Thành Ngọ Báo, 16-03-1935)	2021-03-16	taken	Category:Hadong Market
124560168	File:Daily Mart opening.jpg	Hieuhoangtran7991	2021-08-04	taken	Category:Daily Mart (Hanoi)
124560169	File:Daily Mart Smart City.jpg	Hieuhoangtran7991	2022-10-06	taken	Category:Daily Mart (Hanoi)
124560170	File:Daily Mart Smart City 3.jpg	Hieuhoangtran7991	2022-10-06	taken	Category:Daily Mart (Hanoi)
124560172	File:Daily Mart Smart City 2.jpg	Hieuhoangtran7991	2021-11-05	taken	Category:Daily Mart (Hanoi)
124560174	File:Daily Mart Logo.jpg	Hieuhoangtran7991	2022-10-07	taken	Category:Daily Mart (Hanoi)
145321170	File:Vietnam 1999.Hanoi (5).jpg	Rc1959	1999	taken	Category:Hôm Market
13249739	File:Etal de légumes au marché à Hanoi.JPG	Dinkum	2009	taken	Category:Phùng Khoang Market
39695336	File:Street market - Hanoi, Vietnam - DSC03470.JPG	Daderot	2014-08-03 22:06:20	taken	Category:Phùng Khoang Market
39695337	File:Street market - Hanoi, Vietnam - DSC03457.JPG	Daderot	2014-08-03 22:03:05	taken	Category:Phùng Khoang Market
39695339	File:Street market - Hanoi, Vietnam - DSC03460.JPG	Daderot	2014-08-03 22:03:24	taken	Category:Phùng Khoang Market
39695341	File:Fish in street market - Hanoi, Vietnam - DSC03463.JPG	Daderot	2014-08-03 22:04:20	taken	Category:Phùng Khoang Market
39695342	File:Fish and produce in street market - Hanoi, Vietnam - DSC03465.JPG	Daderot	2014-08-03 22:04:32	taken	Category:Phùng Khoang Market
39695344	File:Street market - Hanoi, Vietnam - DSC03467.JPG	Daderot	2014-08-03 22:04:49	taken	Category:Phùng Khoang Market
39695347	File:Street market - Hanoi, Vietnam - DSC03462.JPG	Daderot	2014-08-03 22:03:53	taken	Category:Phùng Khoang Market
39695348	File:Roses in street market - Hanoi, Vietnam - DSC03476.JPG	Daderot	2014-08-03 22:08:22	taken	Category:Phùng Khoang Market
39695350	File:Produce in street market - Hanoi, Vietnam - DSC03481.JPG	Daderot	2014-08-03 22:09:22	taken	Category:Phùng Khoang Market
39695351	File:Produce in street market - Hanoi, Vietnam - DSC03483.JPG	Daderot	2014-08-03 22:09:28	taken	Category:Phùng Khoang Market
39695405	File:Street market - Hanoi, Vietnam - DSC03475.JPG	Daderot	2014-08-03 22:08:42	taken	Category:Phùng Khoang Market
6968722	File:Thăng Long Tây Trấn.JPG	Nguyễn Thanh Quang	2009-06-06 11:37:57	taken	Category:Temples in Hanoi
10049966	File:DenNgoQuyen.jpg	Original uploader was Ngokhong at vi.wikipedia	17 April 2010 (original upload date)	taken	Category:Temples in Hanoi
10049995	File:DenPhungHung1.jpg	Ngokhong at Vietnamese Wikipedia	17 April 2010 (original upload date)	taken	Category:Temples in Hanoi
10824107	File:Huyền Thiên cổ quán.jpg	eric molina	2006-07-01 15:58:16	taken	Category:Temples in Hanoi
10899572	File:Đền Ngọc Liên.JPG	Nguyễn Thanh Quang	2010-02-06	taken	Category:Temples in Hanoi
10907734	File:Trung Liệt miếu.JPG	Nguyễn Thanh Quang	2009-06-06	taken	Category:Temples in Hanoi
14648885	File:Temple in Old Quarter Hanoi.JPG	Arabsalam	2011-02-23	taken	Category:Temples in Hanoi
16923638	File:Hoi lang Quay.jpg	Viethavvh at Vietnamese Wikipedia	27 December 2007 (original upload date)	taken	Category:Temples in Hanoi
16945729	File:Miếu sông Tô Lịch.jpg	Viethavvh at vi.wikipedia	16 May 2008 (original upload date)	taken	Category:Temples in Hanoi
16947681	File:Motorcycles in Hanoi.jpg	Abai2k at en.wikipedia	2 May 2007 (original upload date)	taken	Category:Temples in Hanoi
18428250	File:Đình Quán La Sở 2.jpg	Hungda	2012-02-19	taken	Category:Temples in Hanoi
18428251	File:Đình Quán La Sở 1.jpg	Hungda	2012-02-19	taken	Category:Temples in Hanoi
21869408	File:Literaturtempel Van-Mieu Trommel.jpg	Rolfklein	2012-10-02 10:53:06	taken	Category:Temples in Hanoi
21869409	File:Literaturtempel Van-Mieu Zeremonienhalle.jpg	Rolfklein	2012-10-02 10:53:27	taken	Category:Temples in Hanoi
22892291	File:Temple of Literature wts.jpg	User: (WT-shared) Shoestring at  wts wikivoyage	2007-05	taken	Category:Temples in Hanoi
23297438	File:HanoiPagodaWithSatelliteDish.JPG	User: (WT-shared) Daniel6651 at  wts wikivoyage	17 September 2006 (original upload date)	taken	Category:Temples in Hanoi
24560033	File:Interior of side building.jpg	Robert S Travers	2013-02-10 00:21:14	taken	Category:Temples in Hanoi
24560034	File:The Bich Cau site.jpg	Robert S Travers	2013-02-10 00:21:13	taken	Category:Temples in Hanoi
24572378	File:Bich Cau - original side gate.JPG	Robert S Travers	2011-04-05 13:29:36	taken	Category:Temples in Hanoi
24572379	File:Bich Cau - Plans for re-construction on wall facing Cat Linh Street.JPG	Robert S Travers	2011-04-05 13:29:23	taken	Category:Temples in Hanoi
24572380	File:Bich Cau - Original Main Hall.JPG	Robert S Travers	2011-04-05 13:23:54	taken	Category:Temples in Hanoi
24572382	File:Bich Cau - street front 2011.JPG	Robert S Travers	2011-04-05 13:33:14	taken	Category:Temples in Hanoi
24572384	File:Bich Cau - Reconstruction underway.JPG	Robert S Travers	2011-04-05 13:22:11	taken	Category:Temples in Hanoi
24572385	File:Bich Cau Reconstruction - Timbers.JPG	Robert S Travers	2011-04-05 13:22:39	taken	Category:Temples in Hanoi
24572390	File:Bich Cau Temple (碧沟寺) before reconstruction began in 2011.JPG	Robert S Travers	2011-04-05 13:26:46	taken	Category:Temples in Hanoi
26335325	File:Đền thờ Ngô Quyền 2.jpg	Bùi Thụy Đào Nguyên	2013-05-26 09:55:32	taken	Category:Temples in Hanoi
26335326	File:Đền thờ Ngô Quyền.jpg	Bùi Thụy Đào Nguyên	2013-05-26 09:56:01	taken	Category:Temples in Hanoi
26551070	File:Phủ Tây Hồ.jpg	Bùi Thụy Đào Nguyên	2013-05-28 11:21:08	taken	Category:Temples in Hanoi
26551071	File:Điện thờ Liễu Hạnh Công chúa.jpg	Bùi Thụy Đào Nguyên	2013-05-28 11:26:45	taken	Category:Temples in Hanoi
30049490	File:Den Ba Kieu.JPG	Codobai	2012-12-24	taken	Category:Temples in Hanoi
46945937	File:Đền thờ Đinh Tiên Hoàng đế.jpg	Kien1980v at Vietnamese Wikipedia; Own work	12 February 2016 (original upload date)	taken	Category:Temples in Hanoi
46945975	File:Đền Bách Linh.jpg	Kien1980v at Vietnamese Wikipedia; Own work	12 February 2016 (original upload date)	taken	Category:Temples in Hanoi
48922867	File:Chùa Mui thôn An Duyên xã Tô Hiệu huyện Thường Tín Hà Nội.jpg	Doãn Hiệu	2015-12-27	taken	Category:Temples in Hanoi
49308783	File:Dương Đanh Communal Hall 2014 E1.jpg	Kien1980v at Vietnamese Wikipedia	2014-04-09 14:54:10	taken	Category:Temples in Hanoi
50888085	File:Temple Kim Sơn.jpg	Guerinf	2016-04-22 16:57:32	taken	Category:Temples in Hanoi
62228129	File:Dương Đanh Communal Hall 2014 E2.jpg	Kien1980v at Vietnamese Wikipedia	2014-04-09 14:54:10	taken	Category:Temples in Hanoi
62658444	File:Đền Khương Hạ temple gate.jpg	Donald Trung	Taken on 28 August 2017, 16:41:00	taken	Category:Temples in Hanoi
64218227	File:Temple, Hanoi (37782769834).jpg	Richard Mortel from Riyadh, Saudi Arabia	Taken on 4 November 2017, 10:51	taken	Category:Temples in Hanoi
64218544	File:Ba Kieu Temple, Hanoi, 17th century (4) (26719987809).jpg	Richard Mortel from Riyadh, Saudi Arabia	Taken on 6 November 2017, 10:48	taken	Category:Temples in Hanoi
64218547	File:Ba Kieu Temple, Hanoi, 17th century (5) (38463655712).jpg	Richard Mortel from Riyadh, Saudi Arabia	Taken on 6 November 2017, 10:48	taken	Category:Temples in Hanoi
64218550	File:Ba Kieu Temple, Hanoi, 17th century (6) (26719966709).jpg	Richard Mortel from Riyadh, Saudi Arabia	Taken on 6 November 2017, 10:49	taken	Category:Temples in Hanoi
64218551	File:Ba Kieu Temple, Hanoi, 17th century (2) (38463718842).jpg	Richard Mortel from Riyadh, Saudi Arabia	Taken on 6 November 2017, 10:48	taken	Category:Temples in Hanoi
64218552	File:Ba Kieu Temple, Hanoi, 17th century (7) (38495698901).jpg	Richard Mortel from Riyadh, Saudi Arabia	Taken on 6 November 2017, 10:49	taken	Category:Temples in Hanoi
64218553	File:Ba Kieu Temple, Hanoi, 17th century (3) (24623516518).jpg	Richard Mortel from Riyadh, Saudi Arabia	Taken on 6 November 2017, 10:48	taken	Category:Temples in Hanoi
64218560	File:Ba Kieu Temple, Hanoi, 17th century (8) (38495681821).jpg	Richard Mortel from Riyadh, Saudi Arabia	Taken on 6 November 2017, 10:49	taken	Category:Temples in Hanoi
64218564	File:Ba Kieu Temple, Hanoi, 17th century (9) (24623443908).jpg	Richard Mortel from Riyadh, Saudi Arabia	Taken on 6 November 2017, 10:49	taken	Category:Temples in Hanoi
64218565	File:Ba Kieu Temple, Hanoi, 17th century (10) (38495637111).jpg	Richard Mortel from Riyadh, Saudi Arabia	Taken on 6 November 2017, 10:50	taken	Category:Temples in Hanoi
64218579	File:Ba Kieu Temple, Hanoi, 17th century (16) (38495542981).jpg	Richard Mortel from Riyadh, Saudi Arabia	Taken on 6 November 2017, 10:54	taken	Category:Temples in Hanoi
64218580	File:Ba Kieu Temple, Hanoi, 17th century (11) (38439895226).jpg	Richard Mortel from Riyadh, Saudi Arabia	Taken on 6 November 2017, 10:50	taken	Category:Temples in Hanoi
64218583	File:Ba Kieu Temple, Hanoi, 17th century (17) (38439813726).jpg	Richard Mortel from Riyadh, Saudi Arabia	Taken on 6 November 2017, 10:56	taken	Category:Temples in Hanoi
64218589	File:Ba Kieu Temple, Hanoi, 17th century (13) (38495574831).jpg	Richard Mortel from Riyadh, Saudi Arabia	Taken on 6 November 2017, 10:52	taken	Category:Temples in Hanoi
64218591	File:Ba Kieu Temple, Hanoi, 17th century (14) (24623410948).jpg	Richard Mortel from Riyadh, Saudi Arabia	Taken on 6 November 2017, 10:52	taken	Category:Temples in Hanoi
64218598	File:Ba Kieu Temple, Hanoi, 17th century (15) (26719873799).jpg	Richard Mortel from Riyadh, Saudi Arabia	Taken on 6 November 2017, 10:54	taken	Category:Temples in Hanoi
64218600	File:Ba Kieu Temple, Hanoi, 17th century (1) (38440030266).jpg	Richard Mortel from Riyadh, Saudi Arabia	Taken on 6 November 2017, 10:56	taken	Category:Temples in Hanoi
64218759	File:Quan De Temple, Old Quarter, Hanoi (2) (38465020682).jpg	Richard Mortel from Riyadh, Saudi Arabia	Taken on 8 November 2017, 10:34	taken	Category:Temples in Hanoi
64218761	File:Quan De Temple, Old Quarter, Hanoi (4) (24624901538).jpg	Richard Mortel from Riyadh, Saudi Arabia	Taken on 8 November 2017, 10:34	taken	Category:Temples in Hanoi
64218763	File:Quan De Temple, Old Quarter, Hanoi (6) (24624885228).jpg	Richard Mortel from Riyadh, Saudi Arabia	Taken on 8 November 2017, 10:35	taken	Category:Temples in Hanoi
64218765	File:Quan De Temple, Old Quarter, Hanoi (7) (38497042101).jpg	Richard Mortel from Riyadh, Saudi Arabia	Taken on 8 November 2017, 10:35	taken	Category:Temples in Hanoi
64218768	File:Quan De Temple, Old Quarter, Hanoi (5) (38441475526).jpg	Richard Mortel from Riyadh, Saudi Arabia	Taken on 8 November 2017, 10:35	taken	Category:Temples in Hanoi
64218769	File:Quan De Temple, Old Quarter, Hanoi (3) (26721365139).jpg	Richard Mortel from Riyadh, Saudi Arabia	Taken on 8 November 2017, 10:34	taken	Category:Temples in Hanoi
64218770	File:Quan De Temple, Old Quarter, Hanoi (8) (37610397585).jpg	Richard Mortel from Riyadh, Saudi Arabia	Taken on 8 November 2017, 10:36	taken	Category:Temples in Hanoi
64218771	File:Quan De Temple, Old Quarter, Hanoi (9) (26721326979).jpg	Richard Mortel from Riyadh, Saudi Arabia	Taken on 8 November 2017, 10:36	taken	Category:Temples in Hanoi
64218775	File:Quan De Temple, Old Quarter, Hanoi (10) (38441428806).jpg	Richard Mortel from Riyadh, Saudi Arabia	Taken on 8 November 2017, 10:36	taken	Category:Temples in Hanoi
64218777	File:Quan De Temple, Old Quarter, Hanoi (1) (26721388199).jpg	Richard Mortel from Riyadh, Saudi Arabia	Taken on 8 November 2017, 10:37	taken	Category:Temples in Hanoi
64218789	File:Quan De Temple, Old Quarter, Hanoi (11) (26721289279).jpg	Richard Mortel from Riyadh, Saudi Arabia	Taken on 8 November 2017, 10:37	taken	Category:Temples in Hanoi
66929541	File:Temple gate in Bát Tràng, Hanoi (2018) 01.jpg	Donald Trung	2018-03-01 13:49:07	taken	Category:Temples in Hanoi
66929542	File:Temple gate in Bát Tràng, Hanoi (2018) 03.jpg	Donald Trung	2018-03-01 13:50:33	taken	Category:Temples in Hanoi
66929543	File:Temple gate in Bát Tràng, Hanoi (2018) 02.jpg	Donald Trung	2018-03-01 13:50:17	taken	Category:Temples in Hanoi
66929544	File:Temple gate in Bát Tràng, Hanoi (2018) 04.jpg	Donald Trung	2018-03-01 13:41:58	taken	Category:Temples in Hanoi
77847567	File:Chiếc cổng cổ kính của ngôi nhà số 29 phố Lê Ngọc Hân (trước kia là phố Lữ Gia), quận Hai Bà Trưng, Hà Nội.jpg	I Love Triệu Đà	2019-04-07 11:39:08	taken	Category:Temples in Hanoi
77847787	File:Chiếc cổng cổ kính của ngôi nhà số 29 phố Lê Ngọc Hân (trước kia là phố Lữ Gia), quận Hai Bà Trưng, Hà Nội (02).jpg	I Love Triệu Đà	2019-04-07 11:38:39	taken	Category:Temples in Hanoi
88465605	File:Vietnam-2847114 1920.jpg	milanecek	2017-10-13	taken	Category:Temples in Hanoi
89173129	File:Tortue-temple-ngoc-son-hanoi.jpg	Alex 69200 vx	2014-04-30 08:56:34	taken	Category:Temples in Hanoi
95206144	File:Chính Điện Đền Phùng Hưng.jpg	vi:User:Doãn Hiệu	17 tháng 4 năm 2010.	taken	Category:Temples in Hanoi
96650822	File:ChuaMuiThuongTin.jpg	Doãn Hiệu (thảo luận)	27 tháng 12 năm 2015.	taken	Category:Temples in Hanoi
110026212	File:Random temple (26395822198).jpg	Mig Gilbert from Brighton	2018-01-27 15:21	taken	Category:Temples in Hanoi
113047873	File:Temple on Hanoi West Lake, 2003 summer.jpg	Syced	"27 July 2003 (according to <span lang=""e"	taken	Category:Temples in Hanoi
113047887	File:Temple on Hanoi West Lake, 2003 summer 3.jpg	Syced	"27 July 2003 (according to <span lang=""e"	taken	Category:Temples in Hanoi
113047899	File:Temple on Hanoi West Lake, 2003 summer 4.jpg	Syced	"27 July 2003 (according to <span lang=""e"	taken	Category:Temples in Hanoi
113047901	File:Temple on Hanoi West Lake, 2003 summer 5.jpg	Syced	"27 July 2003 (according to <span lang=""e"	taken	Category:Temples in Hanoi
113047904	File:Temple on Hanoi West Lake, 2003 summer 6.jpg	Syced	"27 July 2003 (according to <span lang=""e"	taken	Category:Temples in Hanoi
113047908	File:Temple on Hanoi West Lake, 2003 summer 7.jpg	Syced	"27 July 2003 (according to <span lang=""e"	taken	Category:Temples in Hanoi
113047911	File:Temple on Hanoi West Lake, 2003 summer 8.jpg	Syced	"27 July 2003 (according to <span lang=""e"	taken	Category:Temples in Hanoi
113047915	File:Temple on Hanoi West Lake, 2003 summer 9.jpg	Syced	"27 July 2003 (according to <span lang=""e"	taken	Category:Temples in Hanoi
113047920	File:Temple on Hanoi West Lake, 2003 summer 10.jpg	Syced	"27 July 2003 (according to <span lang=""e"	taken	Category:Temples in Hanoi
113047933	File:Temple on Hanoi West Lake, 2003 summer 11.jpg	Syced	"27 July 2003 (according to <span lang=""e"	taken	Category:Temples in Hanoi
113047936	File:Temple on Hanoi West Lake, 2003 summer 12.jpg	Syced	"27 July 2003 (according to <span lang=""e"	taken	Category:Temples in Hanoi
113047941	File:Temple on Hanoi West Lake, 2003 summer 13.jpg	Syced	"27 July 2003 (according to <span lang=""e"	taken	Category:Temples in Hanoi
113047944	File:Temple on Hanoi West Lake, 2003 summer 14.jpg	Syced	"27 July 2003 (according to <span lang=""e"	taken	Category:Temples in Hanoi
113105083	File:Temple on West Lake, 2003, Hanoi 2.jpg	Syced	"5 July 2003 (according to <span lang=""en"	taken	Category:Temples in Hanoi
113105087	File:Temple on West Lake, 2003, Hanoi 3.jpg	Syced	"5 July 2003 (according to <span lang=""en"	taken	Category:Temples in Hanoi
113105097	File:Temple on West Lake, 2003, Hanoi 5.jpg	Syced	"5 July 2003 (according to <span lang=""en"	taken	Category:Temples in Hanoi
113105107	File:Temple on West Lake, 2003, Hanoi 6.jpg	Syced	"5 July 2003 (according to <span lang=""en"	taken	Category:Temples in Hanoi
113105121	File:Temple on West Lake, 2003, Hanoi 9.jpg	Syced	"5 July 2003 (according to <span lang=""en"	taken	Category:Temples in Hanoi
113105126	File:Temple on West Lake, 2003, Hanoi 10.jpg	Syced	"5 July 2003 (according to <span lang=""en"	taken	Category:Temples in Hanoi
113105141	File:Temple on West Lake, 2003, Hanoi 11.jpg	Syced	"5 July 2003 (according to <span lang=""en"	taken	Category:Temples in Hanoi
113105153	File:Temple on West Lake, 2003, Hanoi 12.jpg	Syced	"5 July 2003 (according to <span lang=""en"	taken	Category:Temples in Hanoi
113105158	File:Temple on West Lake, 2003, Hanoi 13.jpg	Syced	"5 July 2003 (according to <span lang=""en"	taken	Category:Temples in Hanoi
113105164	File:Temple on West Lake, 2003, Hanoi 14.jpg	Syced	"5 July 2003 (according to <span lang=""en"	taken	Category:Temples in Hanoi
113105171	File:Temple on West Lake, 2003, Hanoi 15.jpg	Syced	"5 July 2003 (according to <span lang=""en"	taken	Category:Temples in Hanoi
113105176	File:Temple on West Lake, 2003, Hanoi 16.jpg	Syced	"5 July 2003 (according to <span lang=""en"	taken	Category:Temples in Hanoi
113105179	File:Temple on West Lake, 2003, Hanoi 17.jpg	Syced	"5 July 2003 (according to <span lang=""en"	taken	Category:Temples in Hanoi
113105195	File:Temple on West Lake, 2003, Hanoi 19.jpg	Syced	"5 July 2003 (according to <span lang=""en"	taken	Category:Temples in Hanoi
113105204	File:Temple on West Lake, 2003, Hanoi 20.jpg	Syced	"5 July 2003 (according to <span lang=""en"	taken	Category:Temples in Hanoi
113105212	File:Temple on West Lake, 2003, Hanoi 21.jpg	Syced	"5 July 2003 (according to <span lang=""en"	taken	Category:Temples in Hanoi
113105216	File:Temple on West Lake, 2003, Hanoi 22.jpg	Syced	"5 July 2003 (according to <span lang=""en"	taken	Category:Temples in Hanoi
113105220	File:Temple on West Lake, 2003, Hanoi 23.jpg	Syced	"5 July 2003 (according to <span lang=""en"	taken	Category:Temples in Hanoi
113105225	File:Temple on West Lake, 2003, Hanoi 24.jpg	Syced	"5 July 2003 (according to <span lang=""en"	taken	Category:Temples in Hanoi
113105232	File:Temple on West Lake, 2003, Hanoi 25.jpg	Syced	"5 July 2003 (according to <span lang=""en"	taken	Category:Temples in Hanoi
113105239	File:Temple on West Lake, 2003, Hanoi 26.jpg	Syced	"5 July 2003 (according to <span lang=""en"	taken	Category:Temples in Hanoi
113105246	File:Temple on West Lake, 2003, Hanoi 27.jpg	Syced	"5 July 2003 (according to <span lang=""en"	taken	Category:Temples in Hanoi
113105256	File:Temple on West Lake, 2003, Hanoi 28.jpg	Syced	"5 July 2003 (according to <span lang=""en"	taken	Category:Temples in Hanoi
113105266	File:Temple on West Lake, 2003, Hanoi 29.jpg	Syced	"5 July 2003 (according to <span lang=""en"	taken	Category:Temples in Hanoi
113105291	File:Temple on West Lake, 2003, Hanoi 30.jpg	Syced	"5 July 2003 (according to <span lang=""en"	taken	Category:Temples in Hanoi
113105296	File:Temple on West Lake, 2003, Hanoi 31.jpg	Syced	"5 July 2003 (according to <span lang=""en"	taken	Category:Temples in Hanoi
113105304	File:Temple on West Lake, 2003, Hanoi 32.jpg	Syced	"5 July 2003 (according to <span lang=""en"	taken	Category:Temples in Hanoi
113105310	File:Temple on West Lake, 2003, Hanoi 33.jpg	Syced	"5 July 2003 (according to <span lang=""en"	taken	Category:Temples in Hanoi
113105631	File:Temple on West Lake, 2003, Hanoi 39.jpg	Syced	"5 July 2003 (according to <span lang=""en"	taken	Category:Temples in Hanoi
125116651	File:Đền Sóc - NKS.jpg	NKSTTSSHNVN	2022-11-07	taken	Category:Temples in Hanoi
125116685	File:Đền Mẫu Thánh Gióng - NKS.jpg	NKSTTSSHNVN	2022-11-07	taken	Category:Temples in Hanoi
125116755	File:Đền Trình Sóc Sơn - NKS.jpg	NKSTTSSHNVN	2022-11-07	taken	Category:Temples in Hanoi
184810763	File:Warm morning of Pháo Đài Láng Street 02-02-2026. Dragonseye Temple E2.jpg	Gispenni	2026-02-03 10:12:12	taken	Category:Temples in Hanoi
184810764	File:Warm morning of Pháo Đài Láng Street 02-02-2026. Dragonseye Temple E1.jpg	Gispenni	2026-02-03 10:11:58	taken	Category:Temples in Hanoi
1168205	File:Hanoï - Autel des bons génies à la Pagode du Grand Lac.jpg	Pierre Dieulefils	"circa 1900<div style=""display: none;"">da"	taken	Category:Pagodas in Hanoi
10822835	File:Thường, lạc, ngã, tịnh.JPG	Nguyễn Thanh Quang	2010-01-25 13:49:45	taken	Category:Pagodas in Hanoi
10899600	File:Chùa Quang Hoa và Thiền Quang.JPG	Nguyễn Thanh Quang	2010-02-06	taken	Category:Pagodas in Hanoi
16923424	File:Hoe Nhai pagoda.jpg	Viethavvh at vi.wikipedia	7 December 2007 (original upload date)	taken	Category:Pagodas in Hanoi
16938397	File:Tuong phat chua Non Nuoc.jpg	Viethavvh at vi.wikipedia	5 March 2008 (original upload date)	taken	Category:Pagodas in Hanoi
17788164	File:Chùa Sãi.JPG	Lưu Ly at Vietnamese Wikipedia	29 September 2008 (original upload date)	taken	Category:Pagodas in Hanoi
91233445	File:Chùa Pháp Vân, Văn Bình, Thường Tín, Hà Nội.jpeg	Linhcandng (thảo luận)	2016-08-20	taken	Category:Pagodas in Hanoi
93121869	File:Chùa Đinh Xá 2, Văn Tự, Thường Tín, Hà Nội.jpeg	Linhcandng (thảo luận)	2016-08-20	taken	Category:Pagodas in Hanoi
93121884	File:Chùa Đinh Xá, Văn Tự, Thường Tín, Hà Nội.jpeg	Linhcandng (thảo luận)	2016-08-20	taken	Category:Pagodas in Hanoi
93121965	File:Chùa Pháp Vân 2, Văn Bình, Thường Tín, Hà Nội.jpeg	Linhcandng (thảo luận)	2016-08-20	taken	Category:Pagodas in Hanoi
93121971	File:Chùa Pháp Vân 3, Văn Bình, Thường Tín, Hà Nội.jpeg	Linhcandng (thảo luận)	2016-08-20	taken	Category:Pagodas in Hanoi
93122001	File:Chùa Pháp Vân 4, Văn Bình, Thường Tín, Hà Nội.jpeg	Linhcandng (thảo luận)	2016-08-20	taken	Category:Pagodas in Hanoi
93122030	File:Chùa Yên Phú, Liên Ninh, Thanh Trì, Hà Nội.jpeg	Linhcandng (thảo luận)	2016-08-20	taken	Category:Pagodas in Hanoi
94637821	File:ThầnQuangTự2245.jpg	Newone (thảo luận)	ngày 6 tháng 1 năm 2009	taken	Category:Pagodas in Hanoi
95460945	File:ChùaTứLiên-18012009641.jpg	Newone (thảo luận)	ngày 18 tháng 1 năm 2009	taken	Category:Pagodas in Hanoi
111845169	File:Hanoï. - Entrée de la Pagode du Petit Lac.jpg	Université Côte d’Azur. Service Commun de Documentation	between 1929-1931 and	taken	Category:Pagodas in Hanoi
125116260	File:Chùa Non Nước - NKS.jpg	NKSTTSSHNVN	2022-11-07	taken	Category:Pagodas in Hanoi
125116311	File:Bậc thang chùa Non Nước.jpg	NKSTTSSHNVN	2022-11-07	taken	Category:Pagodas in Hanoi
160952045	File:Voyage de l'Égypte à l'Indochine - btv1b84515897 (78 of 99).jpg	"Arnoux, Hippolyte (18..-19..? ; photographe). Photographe

Gsell, Emile (1838-1879). Photographe"	"1880<div style=""display: none;"">date QS:"	taken	Category:Pagodas in Hanoi
162065797	File:195 cartes postales d'Inde, Birmanie, Indochine vers 1906, don Collin de Plancy en 1928 - btv1b53216123p (269 of 382).jpg		"1906<div style=""display: none;"">date QS:"	taken	Category:Pagodas in Hanoi
36093774	File:Eglise de Sontay.JPG	Thomon	2014-10-13 00:38:38	taken	Category:Churches in Hanoi
108775774	File:Old Converted Church Building (9753468853).jpg	Gary Todd from Xinzheng, China	2012-11-28 14:05	taken	Category:Churches in Hanoi
127002670	File:Sông Cà Lồ - NKS.jpg	NKSTTSSHNVN	2022-12-25	taken	Category:Churches in Hanoi
3388593	File:Bachthaohn.jpg	Viethavvh	2008-06-10T01:44:37Z	uploaded	Category:Lakes of Hanoi
6968775	File:Hồ Giảng Võ.JPG	Nguyễn Thanh Quang	2009-06-06 17:00:07	taken	Category:Lakes of Hanoi
10823022	File:Hồ Văn.JPG	Nguyễn Thanh Quang	2010-01-25 10:27:14	taken	Category:Lakes of Hanoi
17591980	File:Panorama Hanoi.jpg	startracker	2009-07-06 12:01:30	taken	Category:Lakes of Hanoi
29479327	File:Hanoi Botanical Garden.JPG	Pather alexiy	2013-11-03 12:45:33	taken	Category:Lakes of Hanoi
93011917	File:Hồ Tây và Hồ Trúc Bạch.jpg	David Berkowitz	Taken on 9 June 2013	taken	Category:Lakes of Hanoi
98642207	File:Lago en Hanojo.jpg	RG72	2012-08-04 12:41:13	taken	Category:Lakes of Hanoi
98642228	File:Lago en Hanojo 2.jpg	RG72	2012-08-04 12:43:32	taken	Category:Lakes of Hanoi
98642314	File:Lago en Hanojo 3.jpg	RG72	2012-08-04 15:34:51	taken	Category:Lakes of Hanoi
98642337	File:Lotusoj en Hanojo.jpg	RG72	2012-08-04 15:44:33	taken	Category:Lakes of Hanoi
99513416	File:Ho Quan SOn.jpg	Khương Việt Hà	12 tháng 3 năm 2005	taken	Category:Lakes of Hanoi
116405927	File:DongQuan.jpg	NKSTTSSHNVN	2021-07-05	taken	Category:Lakes of Hanoi
116406091	File:HamLon lake.jpg	NKSTTSSHNVN	2022-03-04	taken	Category:Lakes of Hanoi
116568974	File:Hồ Đền Thượng.jpg	NKSTTSSHNVN	2022-04-01	taken	Category:Lakes of Hanoi
116787773	File:Hồ Hoa Sơn.jpg	NKSTTSSHNVN	2022-04-10	taken	Category:Lakes of Hanoi
116788074	File:Hồ Hàm Lợn từ đỉnh Vệ Linh.jpg	NKSTTSSHNVN	2022-04-10	taken	Category:Lakes of Hanoi
116828622	File:Hồ Kèo Cà.jpg	NKSTTSSHNVN	2021-09-08	taken	Category:Lakes of Hanoi
116897167	File:Bãi nổi hồ Đồng Quan - NKS.jpg	NKSTTSSHNVN	2022-04-15	taken	Category:Lakes of Hanoi
117763259	File:Hồ Văn Quán.jpg	NKSTTSSHNVN	2022-05-07	taken	Category:Lakes of Hanoi
117766389	File:Hồ Đồng Quan - NKS.jpg	NKSTTSSHNVN	2022-05-07	taken	Category:Lakes of Hanoi
117767109	File:Dong Quan lake - NKS.jpg	NKSTTSSHNVN	2022-04-01	taken	Category:Lakes of Hanoi
123855532	File:Hồ Hàm Lợn - NKS.jpg	NKSTTSSHNVN	2022-10-07	taken	Category:Lakes of Hanoi
123856383	File:Núi Hàm Lợn 2 -NKS.jpg	NKSTTSSHNVN	2022-10-07	taken	Category:Lakes of Hanoi
364706	File:Night in Hanoi, over Hoan Kiem Lake (2005).jpg	David et Magalie	2005-10-11	taken	Category:Night in Hanoi
1429857	File:Vietnamese Presidential Palace, Hanoi, 2006-Nov-18 evening.jpg	White House photo by Eric Draper.	Saturday, November 18, 2006.	taken	Category:Night in Hanoi
3718545	File:Bild0226.JPG	GWSeitz	2008-01-23	taken	Category:Night in Hanoi
5592309	File:Hanoi City View.jpg	stefan77dd	2008-12-29T09:42:46Z	uploaded	Category:Night in Hanoi
5740285	File:Ho hoan kiem.jpg	ntt	2006-08-14	taken	Category:Night in Hanoi
10730787	File:Evening traffic in Hanoi.jpg	Nick Nguyen	2009-12-28 00:37:58	taken	Category:Night in Hanoi
10906772	File:Đài liệt sỹ 001 (Ba Đình).JPG	Nguyễn Thanh Quang	2010-01-30	taken	Category:Night in Hanoi
10906782	File:Đài liệt sỹ 002 (Ba Đình).JPG	Nguyễn Thanh Quang	2010-01-30	taken	Category:Night in Hanoi
10906787	File:Đài liệt sỹ 003 (Ba Đình).JPG	Nguyễn Thanh Quang	2010-01-30	taken	Category:Night in Hanoi
11820249	File:Millennial Anniversary of Hanoi (10-10-2010) 01.JPG	vi:Thành viên:Phuongcacanh	2010-10-10	taken	Category:Night in Hanoi
15378927	File:D12E-643 Loco HN Stn.jpg	skyfish81	2009-08-13 22:29:02	taken	Category:Night in Hanoi
17514498	File:The Busy Hanoi Streets.jpg	Jrwooley6	2008-08-03 11:23:27	taken	Category:Night in Hanoi
19902023	File:LANDMARK72 night.jpg	Soyoungah	2012-05-17	taken	Category:Night in Hanoi
23673590	File:Hanoi.hangtrongstreet.jpg	Photo by Especen hotel, (WT-en) Especen at English Wikivoyage, www.especen.vn	30 October 2008 (original upload date)	taken	Category:Night in Hanoi
23673595	File:Hanoi.hotay01.jpg	Photo by Especen hotel, (WT-en) Especen at English Wikivoyage, www.especen.vn	30 October 2008 (original upload date)	taken	Category:Night in Hanoi
25796098	File:Citadelle de Hanoi.jpg	Emmanuel BRUNNER (Manu25)	2013-03-09 18:25:29	taken	Category:Night in Hanoi
25796099	File:Citadelle de Hanoi 2.jpg	Emmanuel BRUNNER (Manu25)	2013-03-09 18:18:10	taken	Category:Night in Hanoi
26363824	File:HA NOI BY NIGHT HOAN KIEN LAKE AREA VIETNAM FEB 2012 (7024747513).jpg	calflier001	2012-02-13 14:14	taken	Category:Night in Hanoi
26363826	File:HA NOI BY NIGHT HOAN KIEN LAKE AREA VIETNAM FEB 2012 (7024732443).jpg	calflier001	2012-02-13 14:08	taken	Category:Night in Hanoi
31951628	File:Colourful balloon seller in Hanoi, 2008.jpg	Jorge Láscar from Australia	2008-05-20 20:36	taken	Category:Night in Hanoi
32712986	File:15 second exposure of Hanoi, Vietnam from a rooftop cafe.jpg	Greg Hayter	2009-07-02 08:04:58	taken	Category:Night in Hanoi
32714962	File:Hanoi architecture - Hàng Bạc Street.jpg	Gary Cycles	2013-08-20 19:50:33	taken	Category:Night in Hanoi
42276297	File:Vietnam Airlines Airbus A350 at Noi Bai Airport (1).jpeg	UR-SDV	2015-07-20	taken	Category:Night in Hanoi
42276298	File:Vietnam Airlines Airbus A350 at Noi Bai Airport (2).jpeg	UR-SDV	2015-07-20	taken	Category:Night in Hanoi
48607124	File:Chùa Trấn Quốc (Hà Nội).jpg	Bùi Thụy Đào Nguyên	2016-04-11 18:48:27	taken	Category:Night in Hanoi
90425006	File:Vietnam VPA chemical troop before disinfecting Bach Mai Hospital.jpg	Truyền Hình Pháp Luật	2020-03-28	taken	Category:Night in Hanoi
109543623	File:Hanoi Old Quarter (40267872341).jpg	Mig Gilbert from Brighton	Taken on 26 January 2018, 14:11	taken	Category:Night in Hanoi
116817842	File:Hanoi Skytrain - NKS.jpg	NKSTTSSHNVN	2022-04-11	taken	Category:Night in Hanoi
116862291	File:Hanoi by night - NKS.jpg	NKSTTSSHNVN	2022-04-13	taken	Category:Night in Hanoi
122878713	File:Exposure photography at Phung Khoang station area of Cat Linh - Ha Dong railway line.jpg	Meiko21	2022-09-10 22:43:51	taken	Category:Night in Hanoi
8002178	File:SongCau BenVat.JPG	Bùi Thế Tâm	2009-10-02	taken	Category:Rivers of Hanoi
41098771	File:Sông Tích.jpg	Dinoleeht2m	2013-08-07	taken	Category:Rivers of Hanoi
126457907	File:Đập Phùng.jpg	Bem photography:	2013-05-28 17:12:08	taken	Category:Rivers of Hanoi
162824670	File:Bản đồ sông Sét.jpg	Tôi Yêu Biển Đảo Quê Hương, nguồn ảnh vệ tinh: ESA Copernicus Sentinel-2	2025-03-26	taken	Category:Rivers of Hanoi
162824900	File:Bản đồ sông Lừ.jpg	Tôi Yêu Biển Đảo Quê Hương, nguồn ảnh vệ tinh: ESA Copernicus Sentinel-2	2025-03-26	taken	Category:Rivers of Hanoi
162824966	File:Bản đồ sông Kim Ngưu.jpg	Tôi Yêu Biển Đảo Quê Hương, nguồn ảnh vệ tinh: ESA Copernicus Sentinel-2	2025-03-26	taken	Category:Rivers of Hanoi
167997141	File:Bản đồ sông Tô Lịch.jpg	Tôi Yêu Biển Đảo Quê Hương, nguồn ảnh vệ tinh: ESA Copernicus Sentinel-2	2025-06-19	taken	Category:Rivers of Hanoi
23331916	File:HAN-Klima.png	Erstellt von Srml.	9 December 2006 (original upload date)	taken	Category:Climate of Hanoi
2995068	File:Green Peafowl, Hanoi.jpg	Arddu	2006-07-12 02:25	taken	Category:Animals in Hanoi
101302295	File:Коллекция бабочек Вьетнама Александра Монастырного.jpg	BurakovaLP	2008-09-19 23:39:12	taken	Category:Animals in Hanoi
102653556	File:Ưng Ấn Độ.jpg	Khoitran1957	2021-03-30	taken	Category:Animals in Hanoi
105754851	File:Black swans, Hanoi (31384220757).jpg	Isabell Schulz	Taken on 13 December 2018, 16:33	taken	Category:Animals in Hanoi
113259398	File:Hanoi, Vietnam (49538671606).jpg	flowcomm	Taken on 15 February 2020, 04:29	taken	Category:Animals in Hanoi
113259401	File:Hanoi, Vietnam (49538896487).jpg	flowcomm	Taken on 15 February 2020, 04:29	taken	Category:Animals in Hanoi
14537881	File:Hanoi ハノイ2.jpg	taylorandayumi	2008-07-14 13:18:24	taken	Category:Tourism in Hanoi
16923476	File:Ho Tay street.jpg	Viethavvh at vi.wikipedia	9 December 2007 (original upload date)	taken	Category:Tourism in Hanoi
17515031	File:Tourists in Hanoi.jpg	Nam-ho Park	2008-08-28 17:24:03	taken	Category:Tourism in Hanoi
48604105	File:Tháp Rùa ở Hà Nội.jpg	Bùi Thụy Đào Nguyên	2016-04-11 10:43:13	taken	Category:Tourism in Hanoi
87447298	File:HANOI HOP ON HOP OFF BUS.jpg	MICE ANH VIET	2018-05-29	taken	Category:Tourism in Hanoi
95456739	File:Go Dong Da 2.JPG	Bình Giang	8 tháng 10 năm 2007	taken	Category:Tourism in Hanoi
30614534	File:A woman physically transporting market vegetables..JPG	Rudolph.A.Furtado	"<p>Monday(2-12-2012)
</p>"	taken	Category:Commerce in Hanoi
30617128	File:Exotic fish food in street reataurant on Cau Go street..JPG	Rudolph.A.Furtado	Sunday(1-12-2013)	taken	Category:Commerce in Hanoi
30617388	File:Early morning breakfast near Hoan Kiem lake..JPG	Rudolph.A.Furtado	Monday(2-12-2012)	taken	Category:Commerce in Hanoi
30643815	File:Cycle shop..JPG	Rudolph.A.Furtado	Tuesday(3-12-2013)	taken	Category:Commerce in Hanoi
30643825	File:Street -side reastaurant cook..JPG	Rudolph.A.Furtado	Tuesday(3-12-2013)	taken	Category:Commerce in Hanoi
37053202	File:A woman physically transporting market vegetables - cropped.JPG	Rudolph.A.Furtado	"<p>Monday(2-12-2012)
</p>"	taken	Category:Commerce in Hanoi
89256479	File:Bán dạo cây cảnh 2.jpg	Nam Hy Hoàng Phong (thảo luận)	23 tháng 10, 2008	taken	Category:Commerce in Hanoi
22498194	File:TD106X HNI.jpg	TuanUt	2012-10-27 08:22:53	taken	Category:Telecommunications in Hanoi
39695731	File:Telecom with bird cages - Hanoi, Vietnam - DSC03529.JPG	Daderot	2014-08-03 22:35:26	taken	Category:Telecommunications in Hanoi
39695732	File:Telecom - Hanoi, Vietnam - DSC03524.JPG	Daderot	2014-08-03 22:34:20	taken	Category:Telecommunications in Hanoi
39695733	File:Telecom - Hanoi, Vietnam - DSC03526.JPG	Daderot	2014-08-03 22:35:00	taken	Category:Telecommunications in Hanoi
3170149	File:Hanoi bia hoi shipping truck.jpg	audrey_sel	2006-12-29 02:23	taken	Category:Hanoi Beer
4432160	File:3 Vietnam beers.jpg	Siren-Com	29 January 2006 (original upload date)	taken	Category:Hanoi Beer
8785745	File:Beer Hoi Corner Hanoi Panoramic.jpg	Ssuri	2009-11-15	taken	Category:Hanoi Beer
26364411	File:FRESH BEER HANOI VIETNAM FEB 2012 (6833111598).jpg	calflier001	2012-02-13 10:28	taken	Category:Hanoi Beer
88806560	File:Beer cases in Sa Pa.jpg	Christophe95	2018-08-11 08:36:40	taken	Category:Hanoi Beer
89852350	File:Vỏ lon bia Hà Nội cắm hoa cúng tạ lăng họ Bùi 2017.jpg	Phương Huy (thảo luận)	2018-05-27T07:30:24Z	uploaded	Category:Hanoi Beer
1168210	File:Hanoï - Tour de l'ancienne citadelle.jpg	Pierre Dieulefils	"circa 1905<div style=""display: none;"">da"	taken	Category:Postcards of Hanoi
1168216	File:Hanoï - Gare, façade extérieure.jpg	Pierre Dieulefils	2023-02-24T07:52:24Z	uploaded	Category:Postcards of Hanoi
1168227	File:Hanoï - Rue des Chapeaux.jpg		2023-08-24T10:44:58Z	uploaded	Category:Postcards of Hanoi
1168238	File:Hanoï - Promenade du Dragon, rue des Éventails.jpg	Pierre Dieulefils	"between 1902 and 1907<div style=""display"	taken	Category:Postcards of Hanoi
1168241	File:Hanoï - Rue des Pavillons Noirs.jpg	Pierre Dieulefils	"circa 1900<div style=""display: none;"">da"	taken	Category:Postcards of Hanoi
3136371	File:Hanoï - Pagode du Grand Bouddha.jpg	Unknown authorUnknown author	early 20<sup>th</sup> century<div style=	taken	Category:Postcards of Hanoi
3145036	File:Hanoï - Pont sur le Fleuve Rouge.jpg	Unknown authorUnknown author	2023-03-14T18:55:20Z	uploaded	Category:Postcards of Hanoi
6377272	File:Hanoï - Rue Paul Bert.jpg	Pierre Dieulefils	2023-08-24T03:55:02Z	uploaded	Category:Postcards of Hanoi
8942514	File:Hanoï - L'Entrée de la Pagode des Dames.jpg	Indochine Films et Cinémas, Saigon	1930	taken	Category:Postcards of Hanoi
8958521	File:Hanoï - Criminels inculpés dans le complot des Empoisonneurs (juillet 1908) à la barre de Justice, dans la prison.jpg	Pierre Dieulefils	1908	taken	Category:Postcards of Hanoi
17587218	File:Nhahatlonhanoi07.jpg	Huong-Ky	2011-11-09	taken	Category:Postcards of Hanoi
18175550	File:Hanoï - Le Pont Doumer.jpg	Unknown authorUnknown author	early 20<sup>th</sup> century<div style=	taken	Category:Postcards of Hanoi
18175629	File:Hanoï - Palais du Gouverneur, façade sur le Jardin botanique.jpg	Unknown authorUnknown author	early 20<sup>th</sup> century<div style=	taken	Category:Postcards of Hanoi
18176011	File:Hanoï - Théâtre rue Paul Bert.jpg	Unknown authorUnknown author	early 20<sup>th</sup> century<div style=	taken	Category:Postcards of Hanoi
18176098	File:Hanoï - Cathédrale, sortie de la Messe.jpg	Pierre Dieulefils	early 20<sup>th</sup> century<div style=	taken	Category:Postcards of Hanoi
18176377	File:Hanoï - Rue des Cantonnais.jpg	Unknown authorUnknown author	early 20<sup>th</sup> century<div style=	taken	Category:Postcards of Hanoi
18176449	File:Hanoï - Petites marchandes de fleurs.jpg	Unknown authorUnknown author	early 20<sup>th</sup> century<div style=	taken	Category:Postcards of Hanoi
18176542	File:Hanoï - Conducteur de Pousse-Pousse.jpg	Unknown authorUnknown author	early 20<sup>th</sup> century<div style=	taken	Category:Postcards of Hanoi
18176837	File:Hanoï - La Rue des Changeurs.jpg	Unknown authorUnknown author	early 20<sup>th</sup> century<div style=	taken	Category:Postcards of Hanoi
18176878	File:Hanoï - Election d'un chef de Rue.jpg	Unknown authorUnknown author	early 20<sup>th</sup> century<div style=	taken	Category:Postcards of Hanoi
18177003	File:Viet Nam - Tonkin Hanoi Hopital, Pavillon des Dames.jpg	Unknown authorUnknown author	early 20<sup>th</sup> century<div style=	taken	Category:Postcards of Hanoi
18177106	File:Viet Nam - Tonkin Hanoi Collège du Protectorat.jpg	Unknown authorUnknown author	early 20<sup>th</sup> century<div style=	taken	Category:Postcards of Hanoi
18177429	File:Tonkin - Hanoi - Rue des Cantonnais.jpg	Unknown authorUnknown author	early 20<sup>th</sup> century<div style=	taken	Category:Postcards of Hanoi
18180397	File:Hanoi Clinique Saint Paul.jpg	Unknown authorUnknown author	early 20<sup>th</sup> century<div style=	taken	Category:Postcards of Hanoi
18180398	File:Hanoï - Rue des Radeaux.jpg	Unknown authorUnknown author	early 20<sup>th</sup> century<div style=	taken	Category:Postcards of Hanoi
18180399	File:Hanoï - Une rue Vietnamienne.jpg	Unknown authorUnknown author	early 20<sup>th</sup> century<div style=	taken	Category:Postcards of Hanoi
18180401	File:Hanoï - Hôpital.jpg	Unknown authorUnknown author	early 20<sup>th</sup> century<div style=	taken	Category:Postcards of Hanoi
18180404	File:Hanoï - Théâtre.jpg	Unknown authorUnknown author	early 20<sup>th</sup> century<div style=	taken	Category:Postcards of Hanoi
18180406	File:Hanoï - Le Nouveau Théâtre.jpg	Unknown authorUnknown author	early 20<sup>th</sup> century<div style=	taken	Category:Postcards of Hanoi
18180407	File:Hanoï - Mairie.jpg	Unknown authorUnknown author	early 20<sup>th</sup> century<div style=	taken	Category:Postcards of Hanoi
18180435	File:Hanoï - Marché de Cua-Nam.jpg	Unknown authorUnknown author	early 20<sup>th</sup> century<div style=	taken	Category:Postcards of Hanoi
18180499	File:Hanoï - Palais du Gouverneur Général.jpg	Unknown authorUnknown author	early 20<sup>th</sup> century<div style=	taken	Category:Postcards of Hanoi
20826344	File:Hanoï - Square du Petit Lac.jpg	The original uploader was Newone at Vietnamese Wikipedia.	31 December 2007 (original upload date)	taken	Category:Postcards of Hanoi
74669790	File:Exposition Hanoï 1902 - Grand Palais.jpg	Pierre Dieulefils	1902-10-10	taken	Category:Postcards of Hanoi
77005751	File:TONKIN - Hanoi - Rue des Changeurs (Hà Nội - Phố Hàng Bạc) - Collection de P. Dieulefils (1903) 01.png	Pierre Dieulefils	1903	taken	Category:Postcards of Hanoi
77005752	File:TONKIN - Hanoi - Rue des Changeurs (Hà Nội - Phố Hàng Bạc) - Collection de P. Dieulefils (1903) 02.png	Pierre Dieulefils	1903	taken	Category:Postcards of Hanoi
78507899	File:Hanoï - Fabrication du papier.jpg	Pierre Dieulefils	"before 1900<div style=""display: none;"">d"	taken	Category:Postcards of Hanoi
89173508	"File:Hanoï - Monument ""LA FRANCE"" près du Palais du Gouverneur.jpg"	Auteurs inconnus	2010-03-12 11:16:29	taken	Category:Postcards of Hanoi
93047311	File:Cauhokieu.jpg	Unknown authorUnknown author	"circa 1908<div style=""display: none;"">da"	taken	Category:Postcards of Hanoi
93966375	File:Hanoï - Grand Palais de l'Exposition.jpg	Pierre Dieulefils	Hình quá 100 năm	taken	Category:Postcards of Hanoi
94051732	File:Hanoi - Vue générale de la Pagode du Pinceau.jpg	Khuyết danh	2023-01-13T00:41:30Z	uploaded	Category:Postcards of Hanoi
101596965	File:Hanoï - Femmes fumant le Kédillot (Pipe commune).jpg	Pierre Dieulefils	"1910s<div style=""display: none;"">date QS"	taken	Category:Postcards of Hanoi
101596970	File:Femmes fumant (Hanoï, Tonkin) - Carte postale - Indochine Française - cartepostalesale (Reverse).jpg	AnonymousUnknown author	"1910s<div style=""display: none;"">date QS"	taken	Category:Postcards of Hanoi
105945424	File:Hanoi - Entrée de la pagode Balny.jpg	Pierre Dieulefils	1883	taken	Category:Postcards of Hanoi
106844563	File:Hanoï - Environs - Village du Kinh-Luoc Tombeau des Mandarins.jpg	Various authors, none explicitly listed.	"before 1945<div style=""display: none;"">d"	taken	Category:Postcards of Hanoi
106844564	File:La Pagode de Vua-Lê (Avenue Beauchamps).jpg	Various authors, none explicitly listed.	"before 1945<div style=""display: none;"">d"	taken	Category:Postcards of Hanoi
106844566	File:Environs d'Hanoï - Monument funéraire du Kinh-Luoc.jpg	Various authors, none explicitly listed.	"before 1945<div style=""display: none;"">d"	taken	Category:Postcards of Hanoi
106844569	File:Village du Kinh-Luoc (N. 4).jpg	Various authors, none explicitly listed.	"before 1945<div style=""display: none;"">d"	taken	Category:Postcards of Hanoi
106844570	File:Environs de Hanoï - Village du Kinh-Luoc.jpg	Various authors, none explicitly listed.	"before 1945<div style=""display: none;"">d"	taken	Category:Postcards of Hanoi
106844572	File:Village du Kinh-Luoc - Pagode des Roses.jpg	Various authors, none explicitly listed.	"before 1945<div style=""display: none;"">d"	taken	Category:Postcards of Hanoi
106844577	File:Entrée du Jardin au Village du Kinh-Luoc.jpg	Various authors, none explicitly listed.	"before 1945<div style=""display: none;"">d"	taken	Category:Postcards of Hanoi
106844578	File:Hanoi - Le village du Kinh-Luoc (tan âp).jpg	Various authors, none explicitly listed.	"before 1945<div style=""display: none;"">d"	taken	Category:Postcards of Hanoi
106844582	File:Village du Kinh-Luoc (N. 2).jpg	Various authors, none explicitly listed.	"before 1945<div style=""display: none;"">d"	taken	Category:Postcards of Hanoi
106844586	File:THAI HA AP, près Hanoï.jpg	Various authors, none explicitly listed.	"before 1945<div style=""display: none;"">d"	taken	Category:Postcards of Hanoi
106844587	File:Thái Hà ấp, lăng mộ của cựu Kinh lược sứ Hoàng Cao Khải 11.jpg	Various authors, none explicitly listed.	"before 1945<div style=""display: none;"">d"	taken	Category:Postcards of Hanoi
106844591	File:Entrée du village de Kinh-Luoc.jpg	Various authors, none explicitly listed.	"before 1945<div style=""display: none;"">d"	taken	Category:Postcards of Hanoi
106844593	File:Porte sculptée au Village du Kinh-Luoc.jpg	Various authors, none explicitly listed.	"before 1945<div style=""display: none;"">d"	taken	Category:Postcards of Hanoi
106844594	File:Intérieur des Jardins de Kinh-Luoc, près d'Hanoï.jpg	Various authors, none explicitly listed.	"before 1945<div style=""display: none;"">d"	taken	Category:Postcards of Hanoi
106844597	File:Porte d'entrée du palais du Kinh-Luoc (vice-roi).jpg	Various authors, none explicitly listed.	"before 1945<div style=""display: none;"">d"	taken	Category:Postcards of Hanoi
106844601	File:Personnages sculptés dans les cours du palais du King-Luoc.jpg	Various authors, none explicitly listed.	"before 1945<div style=""display: none;"">d"	taken	Category:Postcards of Hanoi
106844603	File:Village de King-Luoc - Sujets et Animaux sculptés.jpg	Various authors, none explicitly listed.	"before 1945<div style=""display: none;"">d"	taken	Category:Postcards of Hanoi
106844605	File:Hanoi Tombeau de S. E. Le Kinh-Luoc-Hoang-Kao-Kai.jpg	Various authors, none explicitly listed.	"before 1945<div style=""display: none;"">d"	taken	Category:Postcards of Hanoi
106844611	File:Vieilles faïences chinoises dans une Serre de l'ancien vice-roi Hong-Cô-Cai A Thái-Ap.jpg	Various authors, none explicitly listed.	"before 1945<div style=""display: none;"">d"	taken	Category:Postcards of Hanoi
108881541	File:HANOI - LE REPAS DES FEMMES AUX CHAMPS.jpg	Unlisted author(s).	Before the 1940's.	taken	Category:Postcards of Hanoi
114846399	File:Tonkin-Mandarin-a-quatre-parapluies-Tong-Doc-de-Hanoi-Tonkin 02.jpg	Pierre Dieulefils	Early 1900's.	taken	Category:Postcards of Hanoi
114846401	File:Hanoï - Mandarin à quatre parapluies - Tong-Doc de Hanoï.jpg	Pierre Dieulefils	Early 1900's.	taken	Category:Postcards of Hanoi
116824415	File:Hanoï - La Mairie.jpg	Pierre Dieulefils	2014-05-28	taken	Category:Postcards of Hanoi
116824416	File:La mairie, Hanoï, Tonkin - Pierre Dieulefils 02.jpg	Pierre Dieulefils	2014-05-28	taken	Category:Postcards of Hanoi
117816708	File:Tonkin - Hanoï - Au coin de la Rue de Voiles.jpg	Possibly l'Union Commerciale Indochinoise.	Likely 1910's~1920's.	taken	Category:Postcards of Hanoi
118005259	File:Tibetan Buddhist artwork - Hanoi, Tonkin - Indochina tonkin Hanoi Buddha Buddhism Ecole Française d' extreme orient. - philor54.jpg	Uncredited photographer.	"before 1945<div style=""display: none;"">d"	taken	Category:Postcards of Hanoi
118056199	File:Interiéure de cour à la Pagode des Dames, Hanoï, Tonkin 02.jpg	Uncredited author(s).	2019-08-27 18:27:25	taken	Category:Postcards of Hanoi
118056202	File:Hanoï - Interiéur de cour à la Pagode des Dames.jpg	Uncredited author(s).	2019-08-27 18:27:25	taken	Category:Postcards of Hanoi
119578777	File:Hanoï - Grand Lac et Pagode du grand Bouddah.jpg	Recorded by TS. Đào Thị Diến of the Trung tâm Lưu trữ quốc gia I, Hanoi.	Published before 1945.	taken	Category:Postcards of Hanoi
123349353	File:Tonkin Hanoi - Signature Debeaux -Dintilhac -Pagode à pilier unique - Chua Mot Cot - série 6 n°11.jpg	Scan by Cartacaro.fr.	2014-12-27 13:57:51	taken	Category:Postcards of Hanoi
123349354	File:Chua-Mot-Cot. Pagode montée sur un pilier.jpg	Scan by Cartacaro.fr.	2014-12-27 09:19:05	taken	Category:Postcards of Hanoi
123349356	File:Hanoï - La Pagode d'une Colonne.jpg	Scan by Cartacaro.fr.	2013-06-01 09:31:24	taken	Category:Postcards of Hanoi
123349360	File:Tonkin Hanoi - Pagode à pilier unique - Chua Mot Cot - Debeaux -Dintilhac série 6 n°11- Dos après 1904.jpg	Scan by Cartacaro.fr.	2014-12-27 14:16:46	taken	Category:Postcards of Hanoi
124142862	File:«Officiers impériaux se promenant autour du Furaku do (Hall de musique) à Hà-Nôi» Cp hanoi.jpg	The imperial government of the Japanese Empire in French Indo-China.	"between 1940 and 1945<div style=""display"	taken	Category:Postcards of Hanoi
124856048	File:Military postcard sent from Hanoi to Paris depicting Japanese women (1902) Hiplatelics 02.jpg	Uncredited photographer.	1902-11-25	taken	Category:Postcards of Hanoi
124856184	File:Military postcard sent from Hanoi to Paris depicting Japanese women (1902) Hiplatelics 01.jpg	The Government-General of French Indo-China.	1902-11-25	taken	Category:Postcards of Hanoi
129667680	File:Hanoï - Rue des changeurs.jpg	Unknown authorUnknown author	early 20<sup>th</sup> century<div style=	taken	Category:Postcards of Hanoi
130767622	File:St. Joseph's Cathedral, Hanoi on a postcard - Bùi Quang Tuấn (3 August 2020).jpg	Uncredited authorship, published before 1945.	Late 19th (nineteenth) century.	taken	Category:Postcards of Hanoi
132512603	File:Hanoï - Hôtel Métropole.jpg	Uncredited photographer.	Early 20th (twentieth) century.	taken	Category:Postcards of Hanoi
133461464	File:Hanoï - Pagode de la littérature - Route de Sinh-Thu.jpg	Pierre Dieulefils	Late 19th (nineteenth) or early 20th (tw	taken	Category:Postcards of Hanoi
136405011	File:Hanoï - Palais de Justice et Prisons.jpg	Unknown authorUnknown author	early 20<sup>th</sup> century<div style=	taken	Category:Postcards of Hanoi
136406881	File:Hanoï - Cathédrale.jpg	Unknown authorUnknown author	early 20<sup>th</sup> century<div style=	taken	Category:Postcards of Hanoi
136407371	File:Hanoï - Bureau de la Résidence Supérieure.jpg	Unknown authorUnknown author	early 20<sup>th</sup> century<div style=	taken	Category:Postcards of Hanoi
136409934	File:Hanoï - Entrée du Jardin Botanique et Palais du Gouverneur.jpg	Unknown authorUnknown author	early 20<sup>th</sup> century<div style=	taken	Category:Postcards of Hanoi
136410138	File:Hanoï - Palais du Gouverneur - La Salle des Fêtes.jpg	Unknown	early 20th century	taken	Category:Postcards of Hanoi
136423114	File:Hanoï - Square Paul Bert et bureau du Trésor.jpg	Unknown authorUnknown author	early 20<sup>th</sup> century<div style=	taken	Category:Postcards of Hanoi
136423115	File:Hanoï - Travaux Publics.jpg	Unknown authorUnknown author	early 20<sup>th</sup> century<div style=	taken	Category:Postcards of Hanoi
136423381	File:Hanoï - Hôtel du Résident Supérieur.jpg	Unknown authorUnknown author	early 20<sup>th</sup> century<div style=	taken	Category:Postcards of Hanoi
136423443	File:Hanoï - Corps de Garde de l'Hôtel du Gouvernement.jpg	Unknown authorUnknown author	early 20<sup>th</sup> century<div style=	taken	Category:Postcards of Hanoi
136444977	File:Hanoï - Loge Maçonnique.jpg	Unknown	early 20th century	taken	Category:Postcards of Hanoi
136444978	File:Hanoï - Université, Rue Paul Bert.jpg	Unknown	early 20th century	taken	Category:Postcards of Hanoi
136445152	File:Hanoï - Petit Lac.jpg	Unknown authorUnknown author	early 20<sup>th</sup> century<div style=	taken	Category:Postcards of Hanoi
136654978	File:Hanoi - Entrée de la Pagode de Confucius.jpg	Unknown	early 20th century	taken	Category:Postcards of Hanoi
136656648	File:Thê Húc Bridge to Ngọc Sơn Temple in early XX century (carte postale illustrée).jpg	Unknown	early 20th century	taken	Category:Postcards of Hanoi
136656649	File:Hanoï - Pagode et Pont sur le petit Lac.jpg	Unknown	early 20th century	taken	Category:Postcards of Hanoi
136657999	File:Hanoï - La Porte du Sud de la Citadelle.jpg	Unknown	early 20th century	taken	Category:Postcards of Hanoi
136658000	File:Hanoi - La Porte du Sud de la Citadelle (1).jpg	Unknown	early 20th century	taken	Category:Postcards of Hanoi
141667195	File:Hanoï - Porte de Hué (démolie).jpg	Unknown authorUnknown author	"19<sup>th</sup> century<div style=""displ"	taken	Category:Postcards of Hanoi
152273396	File:14. TONKIN - Hanoi - Mandarin et sa Femme.jpg	Unknown authorUnknown author	Before the 1940's.	taken	Category:Postcards of Hanoi
162065762	File:195 cartes postales d'Inde, Birmanie, Indochine vers 1906, don Collin de Plancy en 1928 - btv1b53216123p (265 of 382).jpg		"1906<div style=""display: none;"">date QS:"	taken	Category:Postcards of Hanoi
162065768	File:195 cartes postales d'Inde, Birmanie, Indochine vers 1906, don Collin de Plancy en 1928 - btv1b53216123p (266 of 382).jpg		"1906<div style=""display: none;"">date QS:"	taken	Category:Postcards of Hanoi
162065779	File:195 cartes postales d'Inde, Birmanie, Indochine vers 1906, don Collin de Plancy en 1928 - btv1b53216123p (267 of 382).jpg		"1906<div style=""display: none;"">date QS:"	taken	Category:Postcards of Hanoi
162065786	File:195 cartes postales d'Inde, Birmanie, Indochine vers 1906, don Collin de Plancy en 1928 - btv1b53216123p (268 of 382).jpg		"1906<div style=""display: none;"">date QS:"	taken	Category:Postcards of Hanoi
162065804	File:195 cartes postales d'Inde, Birmanie, Indochine vers 1906, don Collin de Plancy en 1928 - btv1b53216123p (270 of 382).jpg		"1906<div style=""display: none;"">date QS:"	taken	Category:Postcards of Hanoi
168893208	File:Áo giao lĩnh postcard.jpg	Unknown authorUnknown author	1897	taken	Category:Postcards of Hanoi
8365691	File:Hanoi panorama.jpg	eier+seier	2007-01-16	taken	Category:Panoramics in Hanoi
10001633	File:Vietnam National Museum of Fine Arts panorama.jpg	Grenouille vert	2010-04-13T18:24:07Z	uploaded	Category:Panoramics in Hanoi
10008738	File:Vietnam Military History Museum panorama.jpg	Grenouille vert	2010-04-13	taken	Category:Panoramics in Hanoi
10008909	File:Bureau of Ministry of Defence (Vietnam) panorama.jpg	Grenouille vert	2010-04-14T18:05:11Z	uploaded	Category:Panoramics in Hanoi
10372377	File:Pan choithuxem.jpg	Choithuxem	2010-05-19	taken	Category:Panoramics in Hanoi
10910640	File:Panorama Ha Noï blanc.jpg	Tuabiht Rellahcs	2009-07-13 05:51:18	taken	Category:Panoramics in Hanoi
11686771	File:Ba Dinh Square panorama.jpg	Grenouille vert	2010-06-05	taken	Category:Panoramics in Hanoi
17912195	File:Hanoi Skyline panorama.JPG	Ongbac9999	2011-12-29	taken	Category:Panoramics in Hanoi
17912316	File:Hanoi skyline panorama 1..JPG	Ongbac9999	2011-12-29	taken	Category:Panoramics in Hanoi
24243033	File:Hanoi tower panorama.jpg	Nam-ho Park	2008-11-25 16:12:11	taken	Category:Panoramics in Hanoi
24243194	File:Hanoi Tower panorama 2.jpg	Nam-ho Park	2008-11-25 16:11:26	taken	Category:Panoramics in Hanoi
44504673	File:North West Skyline of Hanoi (8719994394).jpg	Trung |忠| |충| |まごころ| Vu |武| |무| |たけし| from Newcastle Upon Tyne, UK	2013-05-08 11:22	taken	Category:Panoramics in Hanoi
87350375	File:Hanoi panoramic view from Lotte 1.jpg	kallerna	2020-01-06 12:22:34	taken	Category:Panoramics in Hanoi
87350377	File:Hanoi panoramic view from Lotte 2.jpg	kallerna	2020-01-06 12:24	taken	Category:Panoramics in Hanoi
87350398	File:Hanoi panoramic view from Lotte 4.jpg	kallerna	2020-01-06 12:23	taken	Category:Panoramics in Hanoi
87403267	File:Hanoi view from Lotte 1.jpg	kallerna	2020-01-06 12:50	taken	Category:Panoramics in Hanoi
87403269	File:Hanoi view from Lotte 2.jpg	kallerna	2020-01-06 13:13	taken	Category:Panoramics in Hanoi
116066177	File:TamDao mountains panorama.jpg	NKSTTSSHNVN	2021-11-16	taken	Category:Panoramics in Hanoi
116784957	File:Hàm Lợn panorama.jpg	NKSTTSSHNVN	2022-04-10	taken	Category:Panoramics in Hanoi
116791938	File:Hồ Hoàng Cầu từ sân thượng HoangCau Skyline.jpg	NKSTTSSHNVN	2022-04-10	taken	Category:Panoramics in Hanoi
117043700	File:Hanoi Skyline - NKS.jpg	NKSTTSSHNVN	2022-04-20	taken	Category:Panoramics in Hanoi
118058944	File:Tam Dao panorama - NKS.jpg	NKSTTSSHNVN	2022-05-16	taken	Category:Panoramics in Hanoi
5592399	File:Ha noi.JPG	Paris 16	2008-12-29	taken	Category:Montages of Hanoi
20759190	File:Hanoi Montage old.jpg	Cheong	2010-05-15	taken	Category:Montages of Hanoi
20759195	File:Hanoi Montage.jpg	"Cheong.
Original uploader was Cheong Kok Chun at en.wikipedia.

Later version(s) were uploaded by Gryffindor at en.wikip"	"<p>15 May 2010<br>
</p>
(15 May 2010 (fi"	taken	Category:Montages of Hanoi
93049485	File:HầmVượtKimLiên.PNG	Newone (thảo luận)	2009-06-28	taken	Category:Montages of Hanoi
184455536	File:Ранній ранок трьох вулиць району Єн Хоа 19-02-2026.jpg	Hoàng Đức Xuyên	2026-02-19 07:03:30	taken	Category:Junctions in Hanoi
184455539	File:Ранній ранок трьох веж району Єн Хоа 19-02-2026.jpg	Hoàng Đức Xuyên	2026-02-19 07:04:24	taken	Category:Junctions in Hanoi
185646387	File:Evening stroll at MTT–TK–VPH Junction 07-03-2026 E2.jpg	Baophucminh53G	2026-03-07 14:15:08	taken	Category:Junctions in Hanoi
185646388	File:Evening stroll at MTT–TK–VPH Junction 07-03-2026 E1.jpg	Baophucminh53G	2026-03-07 14:14:57	taken	Category:Junctions in Hanoi
185646389	File:Evening stroll at the junction of Mạc Thái Tông and Trung Kính 07-03-2026 E1.jpg	Baophucminh53G	2026-03-07 14:14:39	taken	Category:Junctions in Hanoi
185646393	File:Evening stroll at MTT–TK–VPH Junction 07-03-2026 E3.jpg	Baophucminh53G	2026-03-07 14:15:20	taken	Category:Junctions in Hanoi
185646394	File:Evening stroll at MTT–TK–VPH Junction 07-03-2026 E4.jpg	Baophucminh53G	2026-03-07 14:15:44	taken	Category:Junctions in Hanoi
185923165	File:Rush hour at MTT–TK Junction 11-03-2026.jpg	Baophucminh53G	2026-03-11 17:08:19	taken	Category:Junctions in Hanoi
185923166	File:Rush hour at MTT–TK–VPH Junction 11-03-2026.jpg	Baophucminh53G	2026-03-11 17:08:10	taken	Category:Junctions in Hanoi
185925874	File:Evening stroll at TDH–TK Junction 11-03-2026 E3.jpg	Baophucminh53G	2026-03-11 17:30:26	taken	Category:Junctions in Hanoi
185925875	File:Evening stroll at TDH–TK Junction 11-03-2026 E4.jpg	Baophucminh53G	2026-03-11 17:30:33	taken	Category:Junctions in Hanoi
186873899	File:Day of devil clouds 24-03-2026. MTT–TK–VPH Junction E1.jpg	Hrothgarr3B	2026-03-24 15:48:47	taken	Category:Junctions in Hanoi
186873907	File:Day of devil clouds 24-03-2026. MTT–TK–VPH Junction E2.jpg	Hrothgarr3B	2026-03-24 15:49:07	taken	Category:Junctions in Hanoi
10779757	File:Vân Côn, những cô gái hàng đô.JPG	Dangthinh91 at Vietnamese Wikipedia	21 April 2010 (original upload date)	taken	Category:Events in Hanoi
10779766	File:Vân Côn, rước Thánh qua ao làng.JPG	Dangthinh91 at Vietnamese Wikipedia	21 April 2010 (original upload date)	taken	Category:Events in Hanoi
12698824	File:ChieuDoiDo2010.png	Newone	2011-01-15	taken	Category:Events in Hanoi
15864096	File:1stIndochinaWar005.jpg	UnknownUnknown	1954-10-09	taken	Category:Events in Hanoi
105851836	File:Evacuation of French troops from Hanoi.jpg	Alexandre Ferdinandus (1850-1888)	"1880s<div style=""display: none;"">date QS"	taken	Category:Events in Hanoi
34777613	File:Ứng Hòa District.jpg	Khi vang	2007	taken	Category:Districts of Hanoi
2070220	File:Plan de la ville de Hanoï en 1890 (Réédité...).jpg	"Leclanger, V. (18..-19..?). Auteur du texte

L'Éveil économique de l'Indochine (Hanoi). Auteur du texte"	"1924<div style=""display: none;"">date QS:"	taken	Category:Old maps of Hanoi
2070237	File:Hanoi quartier administratif petit lac map plan 1886.jpg	M. de Montalembert	1886	taken	Category:Old maps of Hanoi
4388770	File:Plán Hanoie.jpg	Unknown authorUnknown author	1931	taken	Category:Old maps of Hanoi
6728773	File:Hanoi1920.jpg	Japanese Department of Railways	1920	taken	Category:Old maps of Hanoi
6940454	File:Map of Hanoi.png	Frederic Romanet du Caillaud (1847 - 1919)	1873	taken	Category:Old maps of Hanoi
18155051	File:Physical map of Hanoi, circa 1928.jpg	Service géographique de l'Indochine	"circa 1928<div style=""display: none;"">da"	taken	Category:Old maps of Hanoi
18156472	File:Map of Hanoi c. 1873.png	Frederic Romanet du Caillaud (1847 - 1919)	2012-01-25	taken	Category:Old maps of Hanoi
18160316	File:Ville de Hanoï (Plan de Hanoï et de ses Environs).png	"Halais, Charles (1846-1918). Cartographe
Enguéhard, Raphaël (18..-....). Dessinateur
Simon, A. (18..-19.. ; graveur). Gr"	1891	taken	Category:Old maps of Hanoi
18160317	File:Plan de Hanoï et de ses Environs.png	"Halais, Charles (1846-1918). Cartographe
Enguéhard, Raphaël (18..-....). Dessinateur
Simon, A. (18..-19.. ; graveur). Gr"	1891	taken	Category:Old maps of Hanoi
22047143	File:Map1of Hanoi c. 1873.png	Ori~	2012-10-13	taken	Category:Old maps of Hanoi
22047162	File:Plán Hanoie2.jpg	Ori~	2012-10-13	taken	Category:Old maps of Hanoi
25083377	File:1886 Hanoi detail of Indo China map in Scottish Geographical Magazine.png	Scottish Geographical Society	1886	taken	Category:Old maps of Hanoi
30857495	File:Carte de XIXe Hanoi 05068.jpg	G.Garitan	"<style data-mw-deduplicate=""TemplateStyl"	taken	Category:Old maps of Hanoi
31985743	File:Map of Hanoi, 1873, Phạm Đình Bách.jpg	Phạm Đình Bách	2013-12-06 06:49:27	taken	Category:Old maps of Hanoi
52077417	File:Bản đồ kinh thành Thăng Long, theo Hồng Đức bản đồ sách 洪德版圖冊 (1490).jpg	Lê Thánh Tông (1442 - 1497)	1490	taken	Category:Old maps of Hanoi
52113974	File:Bản đồ kinh thành Thăng Long (kèm chú thích), theo Hồng Đức bản đồ sách 洪德版圖冊 (1490).jpg	Lê Thánh Tông (1442 - 1497)	1490	taken	Category:Old maps of Hanoi
66069463	File:26 of 'The War in Tong-King. Why the French are in Tong-King, and what they are doing there. 2nd edition' (11285974785).jpg	The British Library	2013-12-09 07:58	taken	Category:Old maps of Hanoi
89173352	File:Plan de la ville de Hanoï en 1936.jpg		"1929<div style=""display: none;"">date QS:"	taken	Category:Old maps of Hanoi
94064431	File:Hanoï, 1873. Plan dessiné par Pham-Dinh-Bach.jpg	"Pham-Dinh-Bach. Auteur du texte

Indochine française. Service géographique. Auteur du texte"	"1937<div style=""display: none;"">date QS:"	taken	Category:Old maps of Hanoi
94064434	File:Plan de la ville de Hanoï en 1890.jpg		"1890<div style=""display: none;"">date QS:"	taken	Category:Old maps of Hanoi
98505530	File:Hanoi Province 1891.jpg	Schneider, F. H. (18..-18..?). Auteur du texte	"1891<div style=""display: none;"">date QS:"	taken	Category:Old maps of Hanoi
100210463	File:Son Tay 1891.jpg	Schneider, F. H. (18..-18..?). Auteur du texte	"1891<div style=""display: none;"">date QS:"	taken	Category:Old maps of Hanoi
100210482	File:Dao My Duc.jpg	Schneider, F. H. (18..-18..?). Auteur du texte	"1891<div style=""display: none;"">date QS:"	taken	Category:Old maps of Hanoi
103998363	File:Hanoi1890.jpg	Unknown authorUnknown author	1890	taken	Category:Old maps of Hanoi
104011168	File:Hanoï Echelle 1 50 000e Dressé.jpg	Grossard	1935	taken	Category:Old maps of Hanoi
104042367	File:Plan de la ville de Hanoï en 1885.jpg	"Babonneau, L. (18..-19..). Auteur du texte

Imprimerie photo-lithographique du Cadastre du Tonkin. Auteur du texte"	"1936<div style=""display: none;"">date QS:"	taken	Category:Old maps of Hanoi
104042476	File:Plan de la ville de Hanoï en 1911.jpg		"1911<div style=""display: none;"">date QS:"	taken	Category:Old maps of Hanoi
114833910	File:Projet d'extension et d'aménagement - Ville de Hanoï (1937).jpg	Imprimerie photo-lithographique du Cadastre du Tonkin. Auteur du texte	"1936<div style=""display: none;"">date QS:"	taken	Category:Old maps of Hanoi
117421904	File:Plan de Hanoï 1889 - Ký ức chợ Hà Nội xưa.png	Public Works Section of the Bureau of the Resident-Superior (of Tonkin).	1889	taken	Category:Old maps of Hanoi
118145403	File:Sơ đồ vị trí các kho, xưởng, nhà ở của viên Trưởng kho năm 1934 (nguồn TTLTQGI).jpg	The government of the Municipality of Hanoi, Tonkin, French Indo-China.	2022-04-09 04:04:36	taken	Category:Old maps of Hanoi
119578524	File:Trích bản đồ tỷ lệ 1-25.000 con đê dự định xây ngăn cách Hồ Tây và Hồ Trúc Bạch trong hồ sơ số 78. 693, phông RST 02.jpg	The government of the Municipality of Hanoi , French protectorate of Tonkin, French Indo-China.	before 1960s	taken	Category:Old maps of Hanoi
120398353	File:Plan de la ville d'Hanoï - gravé par Erhard - btv1b8439091h (1 of 2).jpg	Erhard (1821-1880). Auteur du texte	"1883<div style=""display: none;"">date QS:"	taken	Category:Old maps of Hanoi
120398362	File:Plan de la ville d'Hanoï - gravé par Erhard - btv1b8439091h (2 of 2).jpg	Erhard (1821-1880). Auteur du texte	"1883<div style=""display: none;"">date QS:"	taken	Category:Old maps of Hanoi
120432966	File:Environs de Hanoï - btv1b531955539.jpg	Indochine française. Service géographique. Auteur du texte	"1900<div style=""display: none;"">date QS:"	taken	Category:Old maps of Hanoi
120494451	File:Environs de Hanoï - btv1b53063741v.jpg		"1910<div style=""display: none;"">date QS:"	taken	Category:Old maps of Hanoi
120544098	File:Hanoï. Echelle 1-50 000e. Dressé, héliogravé et publié par le Service géographique de l'Indochine, d'après la carte au 25 000e. Le colonel Grossard, chef de service - btv1b53066819m.jpg	Grossard (19..-.... ; colonel). Auteur du texte	"1935<div style=""display: none;"">date QS:"	taken	Category:Old maps of Hanoi
120598529	File:Plan annamite d'Hanoï - btv1b53109929v.jpg		"between 1876 and 1883<div style=""display"	taken	Category:Old maps of Hanoi
120855231	File:Itinéraire de Hanoi à That-Khe par Long-Son (frontière chinoise du Kouang-Si) - dressé par M.A. Aumoitte, Chancelier du Consulat de France... ; dessiné et gravé par R. Hausermann - btv1b53147339j.jpg	"Hausermann, R. (1843-1933). Cartographe

Aumoitte, Achille (1848-1896). Cartographe"	"1881<div style=""display: none;"">date QS:"	taken	Category:Old maps of Hanoi
120884680	File:Carte du delta du Tonkin (sic), exécutée au Dépôt de la guerre d'après les travaux des officiers du corps expéditionnaire, 1885 (3e édition) - btv1b53022902t (2 of 2).jpg	France. Dépôt de la guerre. Fonction indéterminée	"1885<div style=""display: none;"">date QS:"	taken	Category:Old maps of Hanoi
120914054	File:Hà Nội - btv1b525059421.jpg		"1873<div style=""display: none;"">date QS:"	taken	Category:Old maps of Hanoi
120922858	File:Plan de la ville de Hanoï - btv1b53066945f.jpg		"1936<div style=""display: none;"">date QS:"	taken	Category:Old maps of Hanoi
120931528	File:Carte - dressée par le commandant Bouinais ; et le capitaine Schillemans... - btv1b84419707.jpg	"Bouinais, Albert (1851-1895). Dessinateur
Trinité Schillemans (1859-1941). Dessinateur

Baudoin, L. (18..-19..? ; éditeu"	"19<sup>th</sup> century<div style=""displ"	taken	Category:Old maps of Hanoi
120971541	File:Plan de la ville de Hanoï - btv1b530644501.jpg		"1922<div style=""display: none;"">date QS:"	taken	Category:Old maps of Hanoi
121064129	File:Plan des environs de la ville de Hanoï levé en septembre 1881 - par Ch. Labarthe - btv1b8439422n.jpg	Labarthe, Ch. (18..-19..?). Auteur du texte	"between 1881 and 1883<div style=""display"	taken	Category:Old maps of Hanoi
121097351	File:Plan de la ville de Hanoï - btv1b530649627.jpg		"1925<div style=""display: none;"">date QS:"	taken	Category:Old maps of Hanoi
121129544	File:Mémorial de l'artillerie de la marine, 1re livraison 1885, planche 1 bis. L'artillerie au Tonkin (12 août 1883). De Hanoï à Sun-Tay (croquis distribué pour les opérations des 15 et 16 août 1883)... - btv1b8439481h.jpg	Imprimerie Lemercier. Auteur du texte	"1883<div style=""display: none;"">date QS:"	taken	Category:Old maps of Hanoi
121169562	File:Environs de Hanoï - dressés par le Service topographique de l'état-major du Corps expéditionnaire du Tonkin - btv1b53121307q.jpg	France. Armée. Corps expéditionnaire du Tonkin. Service topographique. Auteur du texte	"1884<div style=""display: none;"">date QS:"	taken	Category:Old maps of Hanoi
121668362	File:Plan de Hanoï et de ses Environs.jpg	"Halais, Charles (1846-1918). Cartographe
Enguéhard, Raphaël (18..-....). Dessinateur

Simon, A. (18..-19.. ; graveur). G"	"1891<div style=""display: none;"">date QS:"	taken	Category:Old maps of Hanoi
121676965	File:Environs de Hanoï - btv1b53065190w.jpg		"1926<div style=""display: none;"">date QS:"	taken	Category:Old maps of Hanoi
121694191	File:Plan de la ville de Hanoï - btv1b53066855g.jpg		"1936<div style=""display: none;"">date QS:"	taken	Category:Old maps of Hanoi
121721202	File:Environs de Hanoï, dressés par le service topographique de l'état-major du corps expéditionnaire du Tonkin - btv1b530227507.jpg		"1885<div style=""display: none;"">date QS:"	taken	Category:Old maps of Hanoi
121753892	File:Plan de Hanoï et de ses Environs - Dressée sous la direction de Charles Halais Ancien Résident-Maire de Hanoï ; Dessiné par Raphaël Enguehard Géographe ; Gravé par A. Simon, 13 Rue du Val-de-Grâce, Paris - btv1b8439869f.jpg	"Halais, Charles (1846-1918). Cartographe
Enguéhard, Raphaël (18..-....). Dessinateur

Simon, A. (18..-19.. ; graveur). G"	"1891<div style=""display: none;"">date QS:"	taken	Category:Old maps of Hanoi
121775854	File:Environs de Hanoï. Dressé, héliogravé et publié par le Service géographique de l'Indochine, d'après la carte au 25 000e - btv1b53019663q.jpg		"1926<div style=""display: none;"">date QS:"	taken	Category:Old maps of Hanoi
121800477	File:Plan de la ville de Hanoï - btv1b531893703.jpg	Indochine française. Service géographique. Auteur du texte	"1942<div style=""display: none;"">date QS:"	taken	Category:Old maps of Hanoi
121861016	File:Plan de la ville de Hanoï - levé sur le terrain et dessiné par le Sergent Lécureur - btv1b53195607d.jpg	"Lécureur (18..-19..? ; sergent). Fonction indéterminée

Indochine française. Service géographique. Éditeur scientifique"	"1902<div style=""display: none;"">date QS:"	taken	Category:Old maps of Hanoi
122057110	File:Plans de quelques villes du Tonkin. Hanoï, Bac-Ninh, Haïphong, Tuyen-Quan - btv1b53169715r.jpg		"between 1884 and 1885<div style=""display"	taken	Category:Old maps of Hanoi
122063789	File:Plan de la ville de Hanoï - btv1b53147353p.jpg	France. Armée. Troupes du groupe de l'Indochine. Bureau topographique. Auteur du texte	"1894<div style=""display: none;"">date QS:"	taken	Category:Old maps of Hanoi
122068092	File:Plans de quelques villes du Tonkin et de leurs environs - btv1b530291528.jpg		"2<sup>nd</sup> millennium<div style=""dis"	taken	Category:Old maps of Hanoi
122070820	File:Plan de la ville de hanoï - levé sur le terrain et déssiné par le sergent Lecureur du Service géographique - btv1b10106810f.jpg	"Lécureur (18..-19..? ; sergent). Cartographe

Indochine. Service géographique. Auteur du texte"	"1902<div style=""display: none;"">date QS:"	taken	Category:Old maps of Hanoi
122167912	File:Carte du Tonkin publiée par la Ligue des patriotes - btv1b84430871.jpg	Ligue des patriotes (France). Auteur du texte	"1882<div style=""display: none;"">date QS:"	taken	Category:Old maps of Hanoi
122309039	File:Hanoï, 1873 - Plan dessiné par Pham-Dinh-Bach... - btv1b531213085 (2 of 2).jpg	"Pham-Dinh-Bach. Auteur du texte

Indochine française. Service géographique. Auteur du texte"	"1937<div style=""display: none;"">date QS:"	taken	Category:Old maps of Hanoi
122316101	File:Hanoi economique - Echelle 1-16 000 - Éditions Lien-Thuong ; Dessin du Service du cadastre du Nord Vietnam ; Imp. Minsang - btv1b532122083.jpg	"Éditions Lien-Thuong (Hanoi, Vietnam). Auteur du texte

Nord-Vietnam. Service du cadastre. Auteur du texte"	"1951<div style=""display: none;"">date QS:"	taken	Category:Old maps of Hanoi
122318946	File:Atlas de l'Indochine - dressé et publié par le Service géographique de l'Indochine - bpt6k11001779 (137 of 154).jpg	Indochine française. Service géographique. Auteur du texte	"1920<div style=""display: none;"">date QS:"	taken	Category:Old maps of Hanoi
125164581	File:Old maps of Hanoi - Bùi Quang Tuấn 01.jpg	Unattributed authorship, published in French Indo-China during the early 20th (twentieth) century so no longer protected	Likely 1900's to 1920's.	taken	Category:Old maps of Hanoi
125164582	File:Old maps of Hanoi - Bùi Quang Tuấn 02.jpg	Unattributed authorship, published in French Indo-China during the early 20th (twentieth) century so no longer protected	Likely 1900's to 1920's.	taken	Category:Old maps of Hanoi
125354466	File:Bản đồ tổng quát quy hoạch khu ngoại ô Hà Nội do Sở Địa chính Hà Đông lập năm 1940 theo nghiên cứu của Ernest Hébrard, thể hiện rõ vị trí nhà ga thủy phi cơ bên Hồ Tây.jpg	The Hà Đông Department of Land.	1940	taken	Category:Old maps of Hanoi
125485617	File:Sơ đồ các tuyến phố đã có vỉa hè và dự kiến làm vỉa hè ở Hà Nội năm 1897.jpg	The Government-General of French Indo-China.	1897	taken	Category:Old maps of Hanoi
125666145	File:Bản đồ phủ Hoài Đức tỉnh Hà Nội và thành Hà Nội 1882.jpg	Uncredited authorship.	1882	taken	Category:Old maps of Hanoi
125667414	File:Bản sơ đồ thành Hà Nội (ngày 14-02-1894) Trung tâm Lưu trữ quốc gia I.jpg	The Government-General of French Indo-China.	2022-09-24 04:37:36	taken	Category:Old maps of Hanoi
125743690	File:Sơ đồ các tuyến tàu điện của Hà Nội và khu vực ngoại thành (đường màu đỏ) do nhà thầu Krug vẽ ngày 20-12-1895.jpg	Krug company.	2022-11-01 11:05:39	taken	Category:Old maps of Hanoi
127946155	File:Sơ đồ phục vụ xây dựng cầu được kiến trúc sư Borreil vẽ ngày 23 tháng 5 năm 1897.jpg	Borreil.	Ngày 23 tháng 5 năm 1897.	taken	Category:Old maps of Hanoi
130927236	File:Cái tỉnh Hà Nội này toàn dình đền chùa các Cụ ạ - Bùi Quang Tuấn (6 March 2020) 02.jpg	Vu-Van-An &amp; C.le.	"1870s<div style=""display: none;"">date QS"	taken	Category:Old maps of Hanoi
130927237	File:Cái tỉnh Hà Nội này toàn dình đền chùa các Cụ ạ - Bùi Quang Tuấn (6 March 2020) 03.jpg	Vu-Van-An &amp; C.le.	"1870s<div style=""display: none;"">date QS"	taken	Category:Old maps of Hanoi
130927238	File:Cái tỉnh Hà Nội này toàn dình đền chùa các Cụ ạ - Bùi Quang Tuấn (6 March 2020) 01.jpg	Vu-Van-An &amp; C.le.	"1870s<div style=""display: none;"">date QS"	taken	Category:Old maps of Hanoi
131827180	File:Bát Tràng (鉢塲) map with Latin and Traditional Chinese readings of the name - Bùi Quang Tuấn (4 September 2020).jpg	Uncredited authorship, published in Vietnam before 1945.	Late 19th (nineteenth) century.	taken	Category:Old maps of Hanoi
141214506	File:Province de Ha-Dong (1909).jpg	"Chabert-Ostland, Clément-Casimir de (1881-1915)

Gallois, Lucien (1857-1941)"	1909	taken	Category:Old maps of Hanoi
141214524	File:Province de Son-Tay (1909).jpg	"Chabert-Ostland, Clément-Casimir de (1881-1915)

Gallois, Lucien (1857-1941)"	1909	taken	Category:Old maps of Hanoi
141214526	File:Province de Phuc-Yen (1909).jpg	"Chabert-Ostland, Clément-Casimir de (1881-1915)

Gallois, Lucien (1857-1941)"	1909	taken	Category:Old maps of Hanoi
148235324	File:Plan de la ville de Hanoï en 1890 (b).jpg	Unknown authorUnknown author	1890	taken	Category:Old maps of Hanoi
150518390	File:Plans de quelques villes du Tonkin. Hanoï, Bac-Ninh, Haïphong, Tuyen-Quan - btv1b53169717n.jpg		"between 1884 and 1885<div style=""display"	taken	Category:Old maps of Hanoi
152318216	File:Cau Giay map old.png	Service géographique de l'Indochine	1935	taken	Category:Old maps of Hanoi
163585436	File:Map by the US Army Map Service - NF 48-11 verso Hanoi and Vicinity - indochina and thailand - txu-oclc-6535632-nf48-11a.jpg	United States Army Map Service	2025-04-15T10:09:04Z	uploaded	Category:Old maps of Hanoi
64845426	File:Ongeregeldheden in Indo-China, Bestanddeelnr 901-9815.jpg	Nationaal Archief	1947-01-02	taken	Category:History of Hanoi Opera
109498700	File:Rencontre au Grand Opéra de Hanoï le 17 août 1945.jpg	Front pour l'indépendance du Việt-Nam	1945-08-17	taken	Category:History of Hanoi Opera
110531518	File:Ngày giỗ cha, Hanoi 1945.jpg	Unknown authorUnknown author	Taken in 1945	taken	Category:History of Hanoi Opera
112581946	File:Họp lần thứ nhất, QH VNDCCH.jpg	Unknown authorUnknown author	1946-03-02	taken	Category:History of Hanoi Opera
117920738	File:Mít tinh chào mừng Cách mạng Tháng Tám năm 1945 thành công tại Nhà hát Lớn Hà Nội.jpg	Uncredited photographer.	late August 1945	taken	Category:History of Hanoi Opera
145791630	File:Chào mừng Cách mạng Tháng Tám năm 1945 thành công tại Nhà hát Lớn Hà Nội.jpg	Maru Habatana	2024-02-25	taken	Category:History of Hanoi Opera
165873414	File:Coalition, Hanoi 1946.jpg	Unknown authorUnknown author	1946	taken	Category:History of Hanoi Opera
167427335	File:HA 52-140 R5 Foule assistant à la cérémonie de présentation du nouveau gouvernement d'Union nationale à Hanoï.jpg	Dan [ECPAD]	1952-07-15	taken	Category:History of Hanoi Opera
193317686	File:Dans le quartier de la concession, une vue partielle du théâtre municipal et sur la droite un pousse-pousse - A5524.jpg	Busy Léon	May 1915	taken	Category:History of Hanoi Opera
193343084	File:L e théâtre municipal dans le quartier de la Concession, sur la droite un pousse-pousse - A5523.jpg	Busy Léon	"between 1914 and 1915<div style=""display"	taken	Category:History of Hanoi Opera
156312505	File:John McCain memorial in Hanoi.jpg	Hiart	2024-11-10 11:54:27	taken	Category:Monuments and memorials in Hanoi
953592	File:Sun Yat Sen in Vietnam 1902.png		2006-07-16T15:52:15Z	uploaded	Category:Hanoi during the French protectorate
2440823	File:Colonies of the second French colonial empire.jpg	After Georges Scott	"28 March 1891<div style=""display: none;"""	taken	Category:Hanoi during the French protectorate
2445650	File:Colonies of the second French colonial empire2.jpg	M. G. Scott	1891-03-28	taken	Category:Hanoi during the French protectorate
3142318	File:Đền Voi Phục xưa.jpg	Doctor Hocquard.	1884	taken	Category:Hanoi during the French protectorate
3142334	File:Thê Húc Bridge to Ngọc Sơn Temple 1884.jpg	Doctor Hocquard.	1884	taken	Category:Hanoi during the French protectorate
3148125	File:Tonkin woman.jpg	Pierre Dieulefils	1908	taken	Category:Hanoi during the French protectorate
10432992	File:Dien Kinh Thien 001.jpg	Charles-Edouard Hocquard	"between 1884 and 1885<div style=""display"	taken	Category:Hanoi during the French protectorate
10433062	File:Dien Kinh Thien 002.jpg	Charles-Edouard Hocquard	"between 1884 and 1885<div style=""display"	taken	Category:Hanoi during the French protectorate
18144520	File:Rue de Hanoï inondée.jpg	M. G. Scott	1891	taken	Category:Hanoi during the French protectorate
18144521	File:Embarcadère de Hanoï.jpg	M. G. Scott	2007-07-21	taken	Category:Hanoi during the French protectorate
18144522	File:Panorama de Lac-Kaï, poste français de Chine.jpg	M. G. Scott	2007-07-21	taken	Category:Hanoi during the French protectorate
18144523	File:E Yun-nan, au quai d'Hanoï.jpg	M. G. Scott	2007-07-21	taken	Category:Hanoi during the French protectorate
18155637	File:Commercant chinois Hanoi 2.jpg	Charles-Édouard Hocquard	"between 1884 and 1885<div style=""display"	taken	Category:Hanoi during the French protectorate
18155638	File:Commercant chinois Hanoi.jpg	Charles-Edouard Hocquard	"between 1884 and 1885<div style=""display"	taken	Category:Hanoi during the French protectorate
18155965	File:Blockhaus francais nord Hanoi.jpg	Hocquard	2012-01-25	taken	Category:Hanoi during the French protectorate
18155966	File:Casernes tirailleurs tonkinois.jpg	Hocquard	2012-01-25	taken	Category:Hanoi during the French protectorate
18155967	File:Citadelle de Hanoï, Blockhaus-Nord.jpg	Hocquard, Edouard (1853-1911). Photographe	1883	taken	Category:Hanoi during the French protectorate
18155969	File:Hanoi la pagode des supplices.jpg	Hocquard	2012-01-25	taken	Category:Hanoi during the French protectorate
18155970	File:Hanoi pagode des supplicies 1.jpg	Hocquard	2012-01-25	taken	Category:Hanoi during the French protectorate
18155973	File:Hanoi pagode des supplicies.jpg	Hocquard	2012-01-25	taken	Category:Hanoi during the French protectorate
18155974	File:Le cimetiere francais Hanoi.jpg	Hocquard	2012-01-25	taken	Category:Hanoi during the French protectorate
18155975	File:Le pont de Papier 1884-85.jpg	Hocquard	2012-01-25	taken	Category:Hanoi during the French protectorate
18155976	File:Les bords du Petit Lac Hanoi.jpg	Hocquard	2012-01-25	taken	Category:Hanoi during the French protectorate
18155977	File:Tourelle dela pagode des supplices.jpg	Hocquard	2012-01-25	taken	Category:Hanoi during the French protectorate
18155978	File:Ville Hanoi vue du Petit Lac.jpg	Hocquard	2012-01-25	taken	Category:Hanoi during the French protectorate
18156190	File:Environ de HaNoi 1885.jpg	Hocquard	2012-01-25	taken	Category:Hanoi during the French protectorate
18156191	File:Cases de fabricants de papier.jpg	Hocquard	2012-01-25	taken	Category:Hanoi during the French protectorate
18156192	File:Concession francaise a Hanoi.jpg	Hocquard	2012-01-25	taken	Category:Hanoi during the French protectorate
18156193	File:Hanoi marche aux cuivres.jpg	Hocquard	2012-01-25	taken	Category:Hanoi during the French protectorate
18156194	File:Hanoi le marche aux bronzes.jpg	Hocquard	2012-01-25	taken	Category:Hanoi during the French protectorate
18156196	File:Hanoi marche aux mercieres.jpg	Hocquard	2012-01-25	taken	Category:Hanoi during the French protectorate
18156197	File:Hanoi marche drogues medicinales.jpg	Hocquard	2012-01-25	taken	Category:Hanoi during the French protectorate
18156198	File:Hanoi rue de poterie.jpg	Hocquard	2012-01-25	taken	Category:Hanoi during the French protectorate
18156199	File:Hanoi pagode du Petit Lac.jpg	Hocquard	2012-01-25	taken	Category:Hanoi during the French protectorate
18156200	File:Hanoi rue du Change.jpg	Hocquard	2012-01-25	taken	Category:Hanoi during the French protectorate
18156201	File:Hanoi rue du chanvre.jpg	Hocquard	2012-01-25	taken	Category:Hanoi during the French protectorate
18156202	File:Hanoi thap BaoAn ho HoanKiem.jpg	Hocquard	2012-01-25	taken	Category:Hanoi during the French protectorate
18156203	File:La mission catholique a Hanoi.jpg	Hocquard	2012-01-25	taken	Category:Hanoi during the French protectorate
18156204	File:Les ex-voto du temple litterature.jpg	Hocquard	2012-01-25	taken	Category:Hanoi during the French protectorate
18156205	File:Le marche aux vanniers Hanoi.jpg	Hocquard	2012-01-25	taken	Category:Hanoi during the French protectorate
18156206	File:Marchands de bambous a Hanoi.jpg	Hocquard	2012-01-25	taken	Category:Hanoi during the French protectorate
18156207	File:Paysage aux environs de Hanoi.jpg	Hocquard	2012-01-25	taken	Category:Hanoi during the French protectorate
18156208	File:Paysage du fleuve Rouge.jpg	Hocquard	2012-01-25	taken	Category:Hanoi during the French protectorate
18156209	File:Paysage du Grand Lac.jpg	Hocquard	2012-01-25	taken	Category:Hanoi during the French protectorate
18156210	File:Paysage pres de Hanoi Grand Lac.jpg	Hocquard	2012-01-25	taken	Category:Hanoi during the French protectorate
18156211	File:Petite pagode du Grand Lac.jpg	Hocquard	2012-01-25	taken	Category:Hanoi during the French protectorate
18156212	File:Porte entree dune pagode.jpg	Hocquard	2012-01-25	taken	Category:Hanoi during the French protectorate
18156213	File:Rue des marchands de bois.jpg	Hocquard	2012-01-25	taken	Category:Hanoi during the French protectorate
18156214	File:Temple de la litterature.jpg	Hocquard	2012-01-25	taken	Category:Hanoi during the French protectorate
18156215	File:Un jardin au Tonkin.jpg	Hocquard	2012-01-25	taken	Category:Hanoi during the French protectorate
18156216	File:Une des rues de Hanoi.jpg	Hocquard	2012-01-25	taken	Category:Hanoi during the French protectorate
18156217	File:Une place de Hanoi.jpg	Hocquard	2012-01-25	taken	Category:Hanoi during the French protectorate
18156218	File:Une rue de Hanoi demolie.jpg	Hocquard	2012-01-25	taken	Category:Hanoi during the French protectorate
18156219	File:Une rue de Hanoi.jpg	Hocquard	2012-01-25	taken	Category:Hanoi during the French protectorate
18156220	File:Village aux environs de Hanoi.jpg	Hocquard	2012-01-25	taken	Category:Hanoi during the French protectorate
18156257	File:Interpretes dela residence de Hanoi.jpg	Hocquard	2012-01-25	taken	Category:Hanoi during the French protectorate
18156258	File:Lettres et interpretes Residence Hanoi.jpg	Hocquard	2012-01-25	taken	Category:Hanoi during the French protectorate
18156259	File:Joseph Lai catholique interprete.jpg	Hocquard	2012-01-25	taken	Category:Hanoi during the French protectorate
18156260	File:TongDoc de Hanoi et sa suite.jpg	Hocquard	2012-01-25	taken	Category:Hanoi during the French protectorate
18156261	File:TongDoc Hanoi 14-07-1884.jpg	Hocquard	2012-01-25	taken	Category:Hanoi during the French protectorate
18156288	File:Un jugement de pirates.jpg	Hocquard	2012-01-25	taken	Category:Hanoi during the French protectorate
18180394	File:Đấu xảo Hà Nội 1902.jpg	Unknown authorUnknown author	early 20<sup>th</sup> century<div style=	taken	Category:Hanoi during the French protectorate
18180395	File:Hanoi - Ga Hàng Cỏ.jpg	Unknown authorUnknown author	early 20<sup>th</sup> century<div style=	taken	Category:Hanoi during the French protectorate
18180396	File:Hanoi - Boulevard Carnot - Station de Pousse-Pousse.jpg	Unknown authorUnknown author	early 20<sup>th</sup> century<div style=	taken	Category:Hanoi during the French protectorate
18180400	File:Hanoi, Un coin du Marché.jpg	Unknown authorUnknown author	early 20<sup>th</sup> century<div style=	taken	Category:Hanoi during the French protectorate
18180402	File:Tonkin - Hanoï - Hồ Gươm.jpg	Unknown authorUnknown author	early 20<sup>th</sup> century<div style=	taken	Category:Hanoi during the French protectorate
18180408	File:Tonkin - Hanoï - Phố Hàng Mắm.jpg	Unknown authorUnknown author	early 20<sup>th</sup> century<div style=	taken	Category:Hanoi during the French protectorate
18512965	File:Main Street in the French concession 1890s.png	Hocquard	"between 1884 and 1885<div style=""display"	taken	Category:Hanoi during the French protectorate
21726338	File:Hanoï le Petit Lac vers 1900.jpg	"""Revue illustrée"", (tome relié de 1902)"	"circa 1900<div style=""display: none;"">da"	taken	Category:Hanoi during the French protectorate
23393584	File:Firmin-André Salles - Tonkin. Hanoï. Une habitation française.jpg	André Salles	"1898<div style=""display: none;"">date QS:"	taken	Category:Hanoi during the French protectorate
23394291	File:Firmin-André Salles - Tonkin. Hanoï. Une habitation française 2.jpg	André Salles	"1898<div style=""display: none;"">date QS:"	taken	Category:Hanoi during the French protectorate
25701056	File:D233- hanoï, fabrication du papier -liv2-ch13.png	Élisée Reclus	2013-04-21 22:06:35	taken	Category:Hanoi during the French protectorate
34809045	File:Thống-Chế đã nói - Đại-Pháp khắng khít với thái bình, như dân quê với đất ruộng.jpg	Probabaly the Government of French Indochina	1942	taken	Category:Hanoi during the French protectorate
37896972	File:Beautés tonkinoises 1885 Hocquard (1).jpg	Charles-Édouard Hocquard	1885	taken	Category:Hanoi during the French protectorate
39668688	File:Beautés tonkinoises 1885 Hocquard.jpg	Charles-Édouard Hocquard	1885	taken	Category:Hanoi during the French protectorate
56380902	File:Живописное обозрение 1886, № 01-26 (5 янв. - 23 июня); № 27-52 (6 июля - 28 дек.) Page 831.jpg	Журнал «Живописное обозрѣнiе странъ свѣта» (1872—1900,1902—1905) / Живописное обозрение стран света [Zhivopisnoye obozre	"between 1872 and 1905<div style=""display"	taken	Category:Hanoi during the French protectorate
61289178	File:Grand séminaire de Hanoï.jpg	Unknown authorUnknown author	"circa 1910<div style=""display: none;"">da"	taken	Category:Hanoi during the French protectorate
62957815	File:Iconographie Historique de l'Indochine Française 45.jpg	Le Bleu de France	2014-09-09 21:12:30	taken	Category:Hanoi during the French protectorate
62957826	File:Iconographie Historique de l'Indochine Française 50.jpg	Le Bleu de France	2014-09-09 21:12:30	taken	Category:Hanoi during the French protectorate
62957833	File:Iconographie Historique de l'Indochine Française 53.jpg	Le Bleu de France	2014-09-09 21:12:30	taken	Category:Hanoi during the French protectorate
65605947	File:Vietnam, 1895, late Nguyễn dynasty.png	I Love Triệu Đà	2018-01-18	taken	Category:Hanoi during the French protectorate
89173506	File:Quartier-dit-indigene-hanoi.jpg	Auteurs inconnus	During the French Colonial period so no 	taken	Category:Hanoi during the French protectorate
102120600	File:Seal of the French Resident-Superior of Hanoi - 河內公使 (1884).png	The government of the French Protectorate of Tonkin (French Indo-China).	1884	taken	Category:Hanoi during the French protectorate
104040514	File:VIIe Foire de Hanoï (1925).jpg	Unknown author (or collective work).	1925	taken	Category:Hanoi during the French protectorate
107169508	File:Exposition de Hanoï (1902-1903) poster.jpg	The government-general of French Indo-China.	1902	taken	Category:Hanoi during the French protectorate
108629843	File:Theatre de Illusions, Hanoi (Early 20th century).jpg	Unlisted author(s).	Circa 1920's (likely).	taken	Category:Hanoi during the French protectorate
108883761	File:Tonkin - Hanoi - Groupe de femmes (Thiếu nữ với yếm).jpg	"An old postcard from the website ""WWW.CALENDARTHANHTHUY.COM"" published in French Indo-China before the 1940's depicting "	Before the 1940's.	taken	Category:Hanoi during the French protectorate
109499782	File:Jeunes filles à la galerie d'art, Hanoï en 1930.jpg	Unknown authorUnknown author	2021-08-01	taken	Category:Hanoi during the French protectorate
111845170	File:Hanoï. - Une rue du quartier indigène.jpg	Université Côte d’Azur. Service Commun de Documentation	between 1929-1931 and	taken	Category:Hanoi during the French protectorate
117457942	File:Old and French quarters hanoi.png	OpenStreetMap contributors	2018-04-04 16:36:42	taken	Category:Hanoi during the French protectorate
117628429	File:Quan-phap-chiem-thanh-Ha-Noi.jpg	Unknown photographer	"1880s<div style=""display: none;"">date QS"	taken	Category:Hanoi during the French protectorate
117875716	File:Hà Nội – Dân Làng Giấy (Thuỵ Khuê) – Ảnh của Dieulefils.jpg	Pierre Dieulefils	2020-09-24 17:12:12	taken	Category:Hanoi during the French protectorate
117937374	File:Imprimerie Ngo-Tu-Ha logo.png	Nhat-Nham.	1933	taken	Category:Hanoi during the French protectorate
117962392	File:Map of Hanoi signed by Kinh lược sứ Nguyễn Hữu Độ.jpg	Photograph by Đào Thị Diến, underlying work by the governments of the Nguyễn Dynasty and French Indo-China.	2022-05-13 13:49:49	taken	Category:Hanoi during the French protectorate
118816705	File:One Pillar Pagoda, Hanoi (April 1896) Firmin-André Salles.jpg	André Salles	April 1896	taken	Category:Hanoi during the French protectorate
118869671	File:Baron of An-Phước logo (1943).png	The Baron of An-Phuoc.	1943-06-03	taken	Category:Hanoi during the French protectorate
119097945	File:Hanoi City Hall residence and its European staff.jpg	Uncredited photographer.	"1900s<div style=""display: none;"">date QS"	taken	Category:Hanoi during the French protectorate
119097947	File:The monument erected to Henri Riviére at the place where he was struck to death.jpg	Uncredited photographer.	"1900s<div style=""display: none;"">date QS"	taken	Category:Hanoi during the French protectorate
119097948	File:Hanoi police with European and indigenous officers (1900's).jpg	Uncredited photographer.	"1900s<div style=""display: none;"">date QS"	taken	Category:Hanoi during the French protectorate
119097949	File:Unidentified monument in French Hanoi (1900's).jpg	Uncredited photographer.	"1900s<div style=""display: none;"">date QS"	taken	Category:Hanoi during the French protectorate
119097950	File:Hanoi Chambers of Commerce and Agriculture (future P. Pasquier library).jpg	Uncredited photographer.	"1900s<div style=""display: none;"">date QS"	taken	Category:Hanoi during the French protectorate
119097956	File:Manufactures matches in Hanoi.jpg	Uncredited photographer.	"1900s<div style=""display: none;"">date QS"	taken	Category:Hanoi during the French protectorate
119097962	File:The hotel of the Directorate of Posts and Telegraph of Hanoi.jpg	Uncredited photographer.	"1900s<div style=""display: none;"">date QS"	taken	Category:Hanoi during the French protectorate
119097969	File:Tonkinese with the wide hat slung across the shoulder (1900's).jpg	Uncredited photographer.	"1900s<div style=""display: none;"">date QS"	taken	Category:Hanoi during the French protectorate
119097975	File:Tonkinese theatre ensemble (1900's).jpg	Uncredited photographer.	"1900s<div style=""display: none;"">date QS"	taken	Category:Hanoi during the French protectorate
119097983	File:The building where the first distillery of Tonkin was installed.jpg	Uncredited photographer.	"1900s<div style=""display: none;"">date QS"	taken	Category:Hanoi during the French protectorate
119578773	File:Cổng vào chùa Trấn Quốc cuối thế kỷ 19, đầu thế kỷ 20.jpg	Recorded by TS. Đào Thị Diến of the Trung tâm Lưu trữ quốc gia I, Hanoi.	Published before 1945.	taken	Category:Hanoi during the French protectorate
119578774	File:Cổng vào đền Quán Thánh cuối thế kỷ 19, đầu thế kỷ 20, hồ Tây sát mép đền.jpg	Recorded by TS. Đào Thị Diến of the Trung tâm Lưu trữ quốc gia I, Hanoi.	Published before 1945.	taken	Category:Hanoi during the French protectorate
119578775	File:Các bậc thềm dẫn từ hồ Tây lên đền Quán Thánh. Ảnh của André Firmin Salles chụp năm 1896.jpg	Recorded by TS. Đào Thị Diến of the Trung tâm Lưu trữ quốc gia I, Hanoi.	Published before 1945.	taken	Category:Hanoi during the French protectorate
119578778	File:Đường Cổ Ngư (nay là đường Thanh Niên) ven Hồ Tây cuối thế kỷ 19, đầu thế kỷ 20. Sưu tập của Dieulefils.jpg	Recorded by TS. Đào Thị Diến of the Trung tâm Lưu trữ quốc gia I, Hanoi.	Published before 1945.	taken	Category:Hanoi during the French protectorate
119578779	File:Carte postal xe kéo tay đi trên đường Cổ Ngư giữa Hồ Tây và Hồ Trúc Bạch.jpg	Recorded by TS. Đào Thị Diến of the Trung tâm Lưu trữ quốc gia I, Hanoi.	Published before 1945.	taken	Category:Hanoi during the French protectorate
120224434	File:Ảnh chụp mẫu xe xích lô của Hãng xe Lux.jpg	Scanned by Đỗ Hoàng Anh, see title for authorship.	1940's.	taken	Category:Hanoi during the French protectorate
120242658	File:Ảnh chụp mẫu xe xích lô.jpg	Nguyễn Cát Tường (hay Le mur Cát Tường) the municipal government of Hanoi, French Indo-China.	1940's.	taken	Category:Hanoi during the French protectorate
125206200	File:Tháp Hòa Phong trước kia - Trung tâm Lưu trữ quốc gia I.jpg	Uncredited photographer.	19th (nineteenth) century.	taken	Category:Hanoi during the French protectorate
125206201	File:Mặt trước chùa Báo Ân 1884.jpg	Uncredited photographer.	19th (nineteenth) century.	taken	Category:Hanoi during the French protectorate
125206202	File:Các tòa tháp trong chùa Báo Ân 1884.jpg	Uncredited photographer.	19th (nineteenth) century.	taken	Category:Hanoi during the French protectorate
125354525	File:Ảnh chụp từ trên cao toàn cảnh khu kho chứa máy bay và nhà ga thủy phi cơ - Trung tâm Lưu trữ quốc gia I.jpg	The Government-General of French Indo-China.	Circa 1940.	taken	Category:Hanoi during the French protectorate
125487052	File:Cổng phía Tây của điện Kính Thiên (lúc này đã có đường ray để vận chuyển lương thực cho binh lính Pháp đóng quân).png	Uncredited photographer, in a book by André Masson.	1888	taken	Category:Hanoi during the French protectorate
125656932	File:Các quán giải khát ven hồ Gươm.jpg	"Scanned by the ""Trung tâm Lưu trữ quốc gia I"", photographs were uncredited and documents were from the archives of the M"	First half (1st ½) of the 20th (twentiet	taken	Category:Hanoi during the French protectorate
125666470	File:Cầu Giấy cuối thế kỷ XIX. Ảnh của Docteur Hocquart trong “Une campagne au Tonkin”, 1892.jpg	Doctor Hocquart, published during the 19th (nineteenth) century.	1892	taken	Category:Hanoi during the French protectorate
125666505	File:Ngôi mộ của Henri Rivière ở gần Cầu Giấy được xây khoảng năm 1884, sau khi tìm thấy thi thể không lành lặn của Henri Rivière ngày 8-10-1883 và được đưa về mai táng trong khu nhượng địa.jpg	Dieulefils, published during the 19th (nineteenth) century.	1890's.	taken	Category:Hanoi during the French protectorate
125666744	File:Đỉnh Cột cờ được sử dụng làm tháp canh và phát sóng truyền tin, có thời gian được nhốt chim bồ câu đưa thư của quân đội Pháp và Hồ Voi năm 1890 khi chưa có đường Cột Cờ.png	Armand Rousseau.	1890's.	taken	Category:Hanoi during the French protectorate
125666751	File:Tấm ảnh cuối cùng về kiến trúc nguyên vẹn của thành Hà Nội.png	Armand Rousseau.	1890's.	taken	Category:Hanoi during the French protectorate
125669112	File:Xưởng Gạch của các ông Bourgoin và Meiffre tại Hà Nội (sách Xứ Bắc Kỳ của Robert Dubois năm 1900).png	Robert Dubois (Public domain).	1900	taken	Category:Hanoi during the French protectorate
126114562	File:Chân dung Đào Roi Tôn nữ Bạch Liên.jpg	Uncredited photographer.	"before 1945<div style=""display: none;"">d"	taken	Category:Hanoi during the French protectorate
126457274	File:Tonkin, province Hadong, Hadong - pagode des Dames, portique d'entrée.jpg	Indochine. Service photocinématographique	1930	taken	Category:Hanoi during the French protectorate
130717947	File:Một ngôi đền trên phố Hà Nội có bức hoành - Thượng dẳng từ (Đền thờ bậc Thượng Đẳng) - Bùi Quang Tuấn (19 August 2020).jpg	Uncredited authorship, published before 1945.	Before 1945.	taken	Category:Hanoi during the French protectorate
130812077	File:One-Pillar Pagoda during the early French domination period - Bùi Quang Tuấn (28 March 2020).jpg	Uncredited authorship, published before the 1920's.	Late 19th (nineteenth) or early 20th (tw	taken	Category:Hanoi during the French protectorate
130876697	File:Xe tăng của quân đội Pháp trong sân điện Kính thiên. Ảnh Phủ Toàn quyền Đông Dương.jpg	Haut commissariat de France pour l'Indochine	"between 1920 and 1929<div style=""display"	taken	Category:Hanoi during the French protectorate
132123435	File:Một ly hoa thuỷ tiên (水仙) trong hội thi hoa thuỷ tiên ở Hà Nội vào dịp Tết những năm 20 của thế kỷ XX - CNH Beauty of Vietnamese Culture (8 January 2020) 01.jpg	Uncredited photographer.	"1920s<div style=""display: none;"">date QS"	taken	Category:Hanoi during the French protectorate
132123436	File:Một ly hoa thuỷ tiên (水仙) trong hội thi hoa thuỷ tiên ở Hà Nội vào dịp Tết những năm 20 của thế kỷ XX - CNH Beauty of Vietnamese Culture (8 January 2020) 02.jpg	Uncredited photographer.	"1920s<div style=""display: none;"">date QS"	taken	Category:Hanoi during the French protectorate
132291604	File:Mặt tiền trụ sở Ngân hàng Đông Dương tại Hà Nội do Họa sĩ - KTS người Pháp Félix Dumail vẽ - Thư viện Quốc gia Pháp.jpg	Họa sĩ - KTS người Pháp Félix Dumail.	"1900s<div style=""display: none;"">date QS"	taken	Category:Hanoi during the French protectorate
132296401	File:Phòng ăn cho trẻ em của Hội Tế sinh, không rõ năm - TVQG Pháp.jpg	Uncredited photographer.	1930's~1940's.	taken	Category:Hanoi during the French protectorate
132305897	File:Nhà máy điện thành phố Hà Nội năm 1900 - Trung tâm Lưu trữ quốc gia I.jpg	R. Dubois.	1900	taken	Category:Hanoi during the French protectorate
132308056	File:Phu khuân vác xưa - TVQG Pháp.jpg	Uncredited photographer.	Late 19th (nineteenth) early 20th (twent	taken	Category:Hanoi during the French protectorate
132348063	File:PV0009967 Pagode des Corbeaux.jpg	Unknown photographer	1920s	taken	Category:Hanoi during the French protectorate
133461520	File:Khuê Văn Các - Trung tâm Lưu trữ quốc gia I.jpg	Uncredited photographer.	Before 1945.	taken	Category:Hanoi during the French protectorate
133461521	File:Văn Miếu năm 1931. Ảnh sưu tầm in trong Tạp chí Đô thành hiếu cổ (Association des Amis du Vieux de Hue - AAVH).jpg	Uncredited photographer.	Before 1945.	taken	Category:Hanoi during the French protectorate
133932245	File:Ngày 01-05-1938, các nhà báo biểu tình ở Hà Nội - Trung tâm Lưu trữ quốc gia III, Tài liệu ảnh phông Nghệ sĩ Nhiếp ảnh Nguyễn Bá Khoản, SLT 17.jpg	Uncredited photographer.	2023-06-20 18:02:25	taken	Category:Hanoi during the French protectorate
139977412	File:Hanoi - Hôpital Indigène du Protectorat - Laboratoire de bactériologie et de parasitologie.jpg	Unknown authorUnknown author	"between 1921 and 1931<div style=""display"	taken	Category:Hanoi during the French protectorate
141649561	File:Le pont de papier.jpg	Corpi, M. (18..-19..)	"circa 1899<div style=""display: none;"">da"	taken	Category:Hanoi during the French protectorate
143868331	File:France lost French Indochina by Japanese coup d'etat, March 9, 1945.jpg	The French Indochinese government	2023-03-09	taken	Category:Hanoi during the French protectorate
145062396	File:Vietnam - Tonkin Tombeau d'Henri Rivière.jpg	Unknown photographer	"between 1883 and 1945<div style=""display"	taken	Category:Hanoi during the French protectorate
145129520	File:Vietnam - Tonkin - Hanoi, une rue indigène.jpg	Raphael Moreau	circa 1890s	taken	Category:Hanoi during the French protectorate
145129593	File:Vietnam - Tonkin - Hanoi, boulevard Francis Garnier.jpg	Raphael Moreau	circa 1890s	taken	Category:Hanoi during the French protectorate
145137382	File:PV0009966 Pagode des Corbeaux.jpg	Unknown photographer	circa 1920s	taken	Category:Hanoi during the French protectorate
145137543	File:PV0009965 Pagode des Corbeaux.jpg	Unknown photographer	circa 1920s	taken	Category:Hanoi during the French protectorate
169390286	File:PP0047475 Portique à l'entrée du verger de S.E. le Tong Doc.jpg	Unknown photographer	"1920s<div style=""display: none;"">date QS"	taken	Category:Hanoi during the French protectorate
5717050	File:DPRK embassy Hanoi1.JPG	Gryffindor	2008-12	taken	Category:French colonial architecture in Hanoi
5717063	File:DPRK embassy Hanoi2.JPG	Gryffindor	2008-12	taken	Category:French colonial architecture in Hanoi
6761487	File:Javatuan hanoi winter window.jpg	Tuanta	2004-11-01	taken	Category:French colonial architecture in Hanoi
7303430	File:French COlonial Architecture - Hanoi - Vietnam.JPG	Adam Jones Adam63	2009-07-14	taken	Category:French colonial architecture in Hanoi
7313186	File:Hanoi - Vietnam - French Architecture.JPG	Adam Jones Adam63	2009-07-14	taken	Category:French colonial architecture in Hanoi
28861212	File:Villa französische kolonial Architektur Hanoi Vietnam.JPG	Grossbildjaeger	2006-02-20 09:53:42	taken	Category:French colonial architecture in Hanoi
113625938	File:Police station Hoan Kiem.jpg		2021-12-24T20:02:35Z	uploaded	Category:French colonial architecture in Hanoi
122588540	File:Sở Ngoại vụ Hà Nội - 2022-09-02 01.jpg	The Hanoian	Taken on 2 September 2022, 12:42:41	taken	Category:French colonial architecture in Hanoi
132999953	File:Lichsuhanoimoi.png	Lachy70	2023-06-12	taken	Category:History of Hanoi template headers
158345054	File:History of Hanoi for template heading 01.png	The Government-General of French Indo-China, Donald Trung Quoc Don (徵國單), I💙IMG, Remove.bg, and Trần Vũ Phương Anh (陳武芳英	2023-06-07	taken	Category:History of Hanoi template headers
158345257	File:History of Hanoi for template heading 02.png	The Government-General of French Indo-China, Donald Trung Quoc Don (徵國單), I💙IMG, Remove.bg, and Trần Vũ Phương Anh (陳武芳英	2023-06-07	taken	Category:History of Hanoi template headers
11920004	File:Hanoi City Hall 01.JPG	Daaé	2010-10-30	taken	Category:Hanoi City Hall
11920007	File:Hanoi City Hall 02.JPG	Daaé	2010-10-30	taken	Category:Hanoi City Hall
66874480	File:Hội Đồng Nhân Dan Ủy Ban Nhân Dân Thành Phố Hà Nội (2018) 02.jpg	Donald Trung	Taken on 27 February 2018, 17:05:05	taken	Category:Hanoi City Hall
93542215	File:UBND thành phố Hà Nội.jpeg	Linhcandng (thảo luận)	2016-08-21	taken	Category:Hanoi City Hall
9072876	File:Moderne 197.jpg	Alistair Morrenger	2009-12-01	taken	Category:Government buildings in Hanoi
62738415	File:Thạch Bàn government office (2017).jpg	Donald Trung	Taken on 11 September 2017, 14:50:06	taken	Category:Government buildings in Hanoi
195793651	File:Southeast Hanoi 1935 map.png	Vmosnokia31	2026-07-17	taken	Category:Administration of Hanoi
80522453	File:Street Scene at Night - Old Quarter - Hanoi - Vietnam (48071309178).jpg	Adam Jones from Kelowna, BC, Canada	Taken on 15 June 2019, 21:44	taken	Category:Police of Hanoi
186544	File:Location of Hanoi within Vietnam.png		2006-01-20T22:13:57Z	uploaded	Category:Maps of Hanoi
3858292	File:Hanoi SPOT 1120.jpg	Cnes - Spot Image	2002	taken	Category:Maps of Hanoi
4507964	File:LocationVietnamHaNoi1.png		uploaded to english Wikipedia 1 August 2	taken	Category:Maps of Hanoi
9484808	File:Hanoi 1967.jpg	CIA	1967-06-30	taken	Category:Maps of Hanoi
10976409	File:Gia Lam Airfield 1967.jpg	"Hanoi_1967.jpg: CIA
derivative work: Dragfyre (talk)"	1967-06-30	taken	Category:Maps of Hanoi
47245851	File:Ha Noi Urban Districts.png	Lưu Ly	2008-12-08	taken	Category:Maps of Hanoi
80634653	File:AMS - Ha Noi, Vietnam - NARA - 74797739.jpg	Unknown authorUnknown author or not provided	1942 – 1972	taken	Category:Maps of Hanoi
80634655	File:AMS - Ha Noi, Vietnam - NARA - 74797743.jpg	Unknown authorUnknown author or not provided	1942 – 1972	taken	Category:Maps of Hanoi
82054317	File:Hanoi Blank Map.png	Nima Farid	2019-09-10	taken	Category:Maps of Hanoi
92185993	File:Ly-thuyet-mien-bac-va-dong-bac-bac-bo-00.png	Nguyen Manh An	2020-07-12	taken	Category:Maps of Hanoi
105754027	File:Map of downtown Hanoi indicating lakes (3067504650).jpg	Nam-ho Park from Seoul, Korea	2008-11-29 13:06	taken	Category:Maps of Hanoi
112372270	File:Hanoi 2021-10-25-00 00 2021-10-25-23 59 Sentinel-2 L2A True color.jpg	Sentinel-2, ESA	2021-10-25	taken	Category:Maps of Hanoi
112372416	File:Ảnh chụp vệ tinh khu vực Hà Nội.jpg	Sentinel-2, ESA	2021-10-25	taken	Category:Maps of Hanoi
112438093	File:Satellite picture of Hanoi 2021-01-18-00 00 2021-01-18-23 59 Sentinel-2 L2A.jpg	Sentinel-2, ESA	2021-01-18	taken	Category:Maps of Hanoi
113943818	File:Map Flag of Hanoi.png	Otingmasnglind2156dec	2022-01-03	taken	Category:Maps of Hanoi
121240747	File:Collection de cartes annamites sur le Tonquin - btv1b531580269 (09 of 27).jpg		2022-07-29T20:26:22Z	uploaded	Category:Maps of Hanoi
121240831	File:Collection de cartes annamites sur le Tonquin - btv1b531580269 (15 of 27).jpg		2022-07-29T20:28:48Z	uploaded	Category:Maps of Hanoi
125381004	File:Hanoi master plan, around 1950s.jpg	Roadeditingonline	2022-11-13	taken	Category:Maps of Hanoi
125381197	File:Hanoi master plan, 1992.jpg	Roadeditingonline	2022-11-13	taken	Category:Maps of Hanoi
130863956	File:Hanoi map (3321856983).jpg	Yun Huang Yong from Harbord, Australia	2008-11-20 09:14	taken	Category:Maps of Hanoi
133061924	File:1984 Linh Đàm maps.png	Defense Mapping Agency (DMA), now the National Geospatial-Intelligence Agency	1983	taken	Category:Maps of Hanoi
156293904	File:2005 master plan of Linh Đàm, Hanoi, Vietnam.jpg	Unknown authorUnknown author	01/01/2005	taken	Category:Maps of Hanoi
168741807	File:Hanoi Metro Map Official Provisions.jpg	Natteru	2025-02-24 23:59:34	taken	Category:Maps of Hanoi
175464470	File:Thanh Liet map.png	OpenStreetMap contributors	2025-09-23	taken	Category:Maps of Hanoi
175481129	File:Thanh Xuan map.png	OpenStreetMap contributors	2025-09-23	taken	Category:Maps of Hanoi
180380809	File:Hoang Liet map.png	OpenStreetMap contributors	2025-12-20	taken	Category:Maps of Hanoi
181111107	File:Kien Hung map.png	OpenStreetMap contributors	2026-01-02	taken	Category:Maps of Hanoi
181286366	File:Dong Ngac map.png	OpenStreetMap contributors	2026-01-05	taken	Category:Maps of Hanoi
181286370	File:Tuong Mai map.png	OpenStreetMap contributors	2026-01-05	taken	Category:Maps of Hanoi
188233481	File:Ha Dong map.png	OpenStreetMap contributors	2026-04-06	taken	Category:Maps of Hanoi
198785736	File:Administrative Map of Hanoi.png	ThienVu239	2026-09-03	taken	Category:Maps of Hanoi
181298250	File:Post Office,Hanoi (22922967454).jpg	Sandra Cohen-Rose and   Colin Rose from Montreal, Canada	2015-11-21 00:28	taken	Category:Art Deco architecture in Hanoi
181298253	File:Bank, Hanoi (23183320539).jpg	Sandra Cohen-Rose and   Colin Rose from Montreal, Canada	2015-11-21 00:13	taken	Category:Art Deco architecture in Hanoi
181298255	File:Rotunda, University of Hanoi (23469168051).jpg	Sandra Cohen-Rose and   Colin Rose from Montreal, Canada	2015-11-20 23:44	taken	Category:Art Deco architecture in Hanoi
181298259	File:University of Hanoi (23525568256).jpg	Sandra Cohen-Rose and   Colin Rose from Montreal, Canada	2015-11-20 23:39	taken	Category:Art Deco architecture in Hanoi
2990098	File:Flag tower, Hanoi.jpg	Chinasaur	2006-06-25 02:06	taken	Category:Flag Tower of Hanoi
3259016	File:Flag tower hanoi.jpg	Pierredh	2004-06-20	taken	Category:Flag Tower of Hanoi
10009238	File:Vietnam People's Air Force MIG-21 (4324).jpg	Grenouille vert	2010-04-13	taken	Category:Flag Tower of Hanoi
10561501	File:Hanoi Flagtower.jpg	The original uploader was Selinger at English Wikipedia.	2006-01-09	taken	Category:Flag Tower of Hanoi
17514467	File:Hanoi Flag Tower.jpg	Chelsea Hicks	2011-02-02 17:38:30	taken	Category:Flag Tower of Hanoi
26363942	File:ARMY MUSEUM HA NOI VIETNAM FEB 2012 (6867585550).jpg	calflier001	2012-02-08 09:02	taken	Category:Flag Tower of Hanoi
26364428	File:ARMY MUSEUM HA NOI VIETNAM FEB 2012 (6832986568).jpg	calflier001	2012-02-08 09:02	taken	Category:Flag Tower of Hanoi
26364459	File:MIG 21 ARMY MUSEUM HANOI VIETNAM FEB 2012 (6827839802).jpg	calflier001	2012-02-08 08:57	taken	Category:Flag Tower of Hanoi
58843489	File:Tour d'Hanoï 12021.jpg	G.Garitan	2017-05-11 15:47:51	taken	Category:Flag Tower of Hanoi
64219024	File:Flag Tower of Hanoi, 1812 (2) (37608528975).jpg	Richard Mortel from Riyadh, Saudi Arabia	Taken on 8 November 2017, 13:21	taken	Category:Flag Tower of Hanoi
64219026	File:Flag Tower of Hanoi, 1812 (3) (37608503235).jpg	Richard Mortel from Riyadh, Saudi Arabia	Taken on 8 November 2017, 13:22	taken	Category:Flag Tower of Hanoi
64219039	File:Flag Tower of Hanoi, 1812 (1) (37608539335).jpg	Richard Mortel from Riyadh, Saudi Arabia	Taken on 8 November 2017, 13:21	taken	Category:Flag Tower of Hanoi
64219056	File:Flag Tower of Hanoi, 1812 (4) (24623083838).jpg	Richard Mortel from Riyadh, Saudi Arabia	Taken on 8 November 2017, 13:22	taken	Category:Flag Tower of Hanoi
70142680	File:Wieża Hanoi.jpg	Przemek P	2010-04-10 08:07:41	taken	Category:Flag Tower of Hanoi
88528812	File:Flag Tower of Hanoi 1.jpg	Christophe95	2018-08-04 14:05:36	taken	Category:Flag Tower of Hanoi
88528814	File:Flag Tower of Hanoi 2.jpg	Christophe95	2018-08-04 14:11:12	taken	Category:Flag Tower of Hanoi
92515145	File:Hanoi Flagtower (49973454633).jpg	Radek Kucharski from Warsaw, Poland	Taken on 23 November 2015, 13:06	taken	Category:Flag Tower of Hanoi
108169364	File:Army Museum in Hanoi (26312932305).jpg	katiebordner	2015-12-27 04:21	taken	Category:Flag Tower of Hanoi
110763907	File:Flag Tower (39592421634).jpg	Mig Gilbert from Brighton	2018-01-30 09:33	taken	Category:Flag Tower of Hanoi
112835863	File:Army museum, 2003 Hanoi 19.jpg	Syced	"27 July 2003 (according to <span lang=""e"	taken	Category:Flag Tower of Hanoi
112835868	File:Army museum, 2003 Hanoi 20.jpg	Syced	"27 July 2003 (according to <span lang=""e"	taken	Category:Flag Tower of Hanoi
113367097	File:Ngày hội sinh viên, đại hội điền kinh HN.jpg	Thiên Trường	1942-03-29	taken	Category:Flag Tower of Hanoi
140580206	File:Hanoi Flag Tower by night (26400791083).jpg	Bex Walton from London, England	2016-05-06 20:06	taken	Category:Flag Tower of Hanoi
147918771	File:Cot co Ha Noi.jpg	Unknown authorUnknown author	1935	taken	Category:Flag Tower of Hanoi
12884959	File:Cảnh sát cơ động diễu hành Đại lễ.jpg	Trananh1980	2011-02-02T16:51:06Z	uploaded	Category:Millennial Anniversary of Hanoi
12884973	File:Công nhân diễu hành Đại lễ.jpg	Trananh1980	2011-02-02T16:52:26Z	uploaded	Category:Millennial Anniversary of Hanoi
12884981	File:Đại lễ.jpg	Trananh1980	2011-02-02T16:53:36Z	uploaded	Category:Millennial Anniversary of Hanoi
12884991	File:Đoàn báo chí diễu hành đại lễ.jpg	Trananh1980	2011-02-02T16:54:40Z	uploaded	Category:Millennial Anniversary of Hanoi
12885005	File:Đoàn các dân tộc diễu hành Đại lễ.jpg	Trananh1980	2011-02-02T16:55:55Z	uploaded	Category:Millennial Anniversary of Hanoi
12885015	File:Quân đội diễu hành đại lễ.jpg	Trananh1980	2011-02-02T16:56:59Z	uploaded	Category:Millennial Anniversary of Hanoi
12885024	File:Quân nhạc diễu hành Đại lễ.jpg	Trananh1980	2010-10-10	taken	Category:Millennial Anniversary of Hanoi
16968851	File:Duyetbinhnth.jpg	rabumai	2010-10-10	taken	Category:Millennial Anniversary of Hanoi
17514791	File:Lý Thái Tổ monument Oct 2010.jpg	calflier001	2010-10-11 08:00:24	taken	Category:Millennial Anniversary of Hanoi
17568905	File:Lam Dong Youth Culture Center 01.jpg	Diane Selwyn	2011-12-04	taken	Category:Millennial Anniversary of Hanoi
34847267	File:One traditional flag for the Millennial Anniversary of Hanoi, 7th October 2010.JPG	Arvn	2014-08-20 21:06:18	taken	Category:Millennial Anniversary of Hanoi
48164378	File:Children perform during Hanoi's 1,000th anniversary celebrations. (5059584238).jpg	USAID Vietnam	2010-10-01 14:16	taken	Category:Millennial Anniversary of Hanoi
48164380	File:Hanoi celebrates 1,000 years as capital of Vietnam. (5444815300).jpg	USAID Vietnam	2010-10-01 13:49	taken	Category:Millennial Anniversary of Hanoi
48164381	File:Hanoi celebrates 1,000 years as capital of Vietnam. (5444214639).jpg	USAID Vietnam	2010-10-01 08:23	taken	Category:Millennial Anniversary of Hanoi
48164382	File:Hanoi dresses up for Mid-Autumn children's festival. (5444814972).jpg	USAID Vietnam	2010-09-21 17:06	taken	Category:Millennial Anniversary of Hanoi
48164383	File:Hanoi celebrates 1,000 years as capital of Vietnam. (5444815178).jpg	USAID Vietnam	2010-10-01 08:27	taken	Category:Millennial Anniversary of Hanoi
48164384	File:Hanoi celebrates 1,000 years as capital of Vietnam. (5444214919).jpg	USAID Vietnam	2010-10-01 13:55	taken	Category:Millennial Anniversary of Hanoi
48164385	File:Hanoi celebrates 1,000 years as capital of Vietnam. (5444215183).jpg	USAID Vietnam	2010-10-01 14:26	taken	Category:Millennial Anniversary of Hanoi
48164386	File:Hanoi celebrates 1,000 years as capital of Vietnam. (5444214737).jpg	USAID Vietnam	2010-10-01 13:48	taken	Category:Millennial Anniversary of Hanoi
48164387	File:Hanoi Skyline (5444214563).jpg	USAID Vietnam	2010-09-22 15:44	taken	Category:Millennial Anniversary of Hanoi
48164392	File:Hanoi celebrates 1,000 years as capital of Vietnam. (5444816062).jpg	USAID Vietnam	2010-10-01 14:22	taken	Category:Millennial Anniversary of Hanoi
48164393	File:Hanoi celebrates 1,000 years as capital of Vietnam. (5444215697).jpg	USAID Vietnam	2010-09-30 01:07	taken	Category:Millennial Anniversary of Hanoi
48164394	File:Hanoi skyline (5444214599).jpg	USAID Vietnam	2010-09-22 15:48	taken	Category:Millennial Anniversary of Hanoi
48164395	File:Hanoi celebrates 1,000 years as capital of Vietnam. (5444816132).jpg	USAID Vietnam	2010-10-01 14:30	taken	Category:Millennial Anniversary of Hanoi
48164397	File:Hanoi celebrates 1,000 years as capital of Vietnam. (5444815468).jpg	USAID Vietnam	2010-10-01 14:00	taken	Category:Millennial Anniversary of Hanoi
48164398	File:Hanoi celebrates 1,000 years as capital of Vietnam. (5444215097).jpg	USAID Vietnam	2010-10-01 14:01	taken	Category:Millennial Anniversary of Hanoi
48164399	File:Hanoi celebrates 1,000 years as capital of Vietnam. (5444215255).jpg	USAID Vietnam	2010-10-01 14:31	taken	Category:Millennial Anniversary of Hanoi
48164401	File:Hanoi celebrates 1,000 years as capital of Vietnam. (5444215373).jpg	USAID Vietnam	2010-10-01 13:49	taken	Category:Millennial Anniversary of Hanoi
48164403	File:Hanoi celebrates 1,000 years as capital of Vietnam. (5444215451).jpg	USAID Vietnam	2010-09-30 05:40	taken	Category:Millennial Anniversary of Hanoi
48164404	File:Hanoi celebrates 1,000 years as capital of Vietnam. (5444215517).jpg	USAID Vietnam	2010-10-01 14:39	taken	Category:Millennial Anniversary of Hanoi
94008770	File:Phao hoa svd My Dinh ngay 10-10-2010.jpg	vi:User:Bdanh	2017-12-07T02:06:26Z	uploaded	Category:Millennial Anniversary of Hanoi
64218774	File:Old East Gate, Hanoi (2) (38440321736).jpg	Richard Mortel from Riyadh, Saudi Arabia	Taken on 8 November 2017, 10:42	taken	Category:Gates in Hanoi
64218776	File:Old East Gate, Hanoi (1) (37780816064).jpg	Richard Mortel from Riyadh, Saudi Arabia	Taken on 8 November 2017, 10:47	taken	Category:Gates in Hanoi
64218782	File:Old East Gate, Hanoi (3) (37609349775).jpg	Richard Mortel from Riyadh, Saudi Arabia	Taken on 8 November 2017, 10:43	taken	Category:Gates in Hanoi
91542301	File:Government Office (Vietnam).JPG	Hoangkid	2012-06-23	taken	Category:Gates in Hanoi
110025924	File:Traditional gate in Hanoi.jpg	Mig Gilbert	2018-01-27 11:18:39	taken	Category:Gates in Hanoi
110763904	File:Old gate (39406753325).jpg	Mig Gilbert from Brighton	2018-01-29 19:01	taken	Category:Gates in Hanoi
110939203	File:Đền Phù Ủng Hà Nội.jpg	Trung geo	2021-10-13 06:31:38	taken	Category:Gates in Hanoi
113976074	File:Cheovietnam.jpg	Kien1980v	2022-01-04 15:37:12	taken	Category:Gates in Hanoi
137891921	File:001 Cổng làng Văn Trì, Hà Nội.jpg	Văn Hóa Làng Xã VN	2023-09-21 11:47:31	taken	Category:Gates in Hanoi
137892022	File:002 Cổng làng Văn Trì, Hà Nội.jpg	Văn Hóa Làng Xã VN	2023-09-21 11:48:47	taken	Category:Gates in Hanoi
137892297	File:003 Cổng làng Văn Trì, Hà Nội.jpg	Văn Hóa Làng Xã VN	2023-09-21 11:49:02	taken	Category:Gates in Hanoi
149568443	File:004 Cổng làng Văn Trì, Hà Nội.jpg	Văn Hóa Làng Xã VN	2024-06-18 13:35:43	taken	Category:Gates in Hanoi
10432522	File:Hanoi Citadel 0361.JPG	Gryffindor	2008	taken	Category:D67 House (Hanoi)
11139187	File:Ham ngam D67.jpg	Viethavvh at Vietnamese Wikipedia	13 January 2008 (original upload date)	taken	Category:D67 House (Hanoi)
50473443	File:Bunker dans la citadelle de Hanoï (3).jpg	Guerinf	2016-04-23 00:02:07	taken	Category:D67 House (Hanoi)
50473444	File:Bunker dans la citadelle de Hanoï (5).jpg	Guerinf	2016-04-23 00:03:57	taken	Category:D67 House (Hanoi)
50473445	File:Bunker dans la citadelle de Hanoï (2).jpg	Guerinf	2016-04-23 00:01:39	taken	Category:D67 House (Hanoi)
88500332	File:Stairs of the D67 House.jpg	Christophe95	2018-08-04 13:20:27	taken	Category:D67 House (Hanoi)
10419959	File:Hanoi Citadel 0339.JPG	Gryffindor	2008	taken	Category:Thang Long – Hanoi Heritage Conservation Center
10419965	File:Hanoi Citadel 0340.JPG	Gryffindor	2008	taken	Category:Thang Long – Hanoi Heritage Conservation Center
10419971	File:Hanoi Citadel 0341.JPG	Gryffindor	2008	taken	Category:Thang Long – Hanoi Heritage Conservation Center
11754809	File:Thang Long Citadel relic panorama.jpg	Grenouille vert	2010-10-09	taken	Category:Thang Long – Hanoi Heritage Conservation Center
13188120	File:Hanoi Citadel Covered Excavation.jpg	Chrisvomberg	2011-02-07	taken	Category:Thang Long – Hanoi Heritage Conservation Center
88526799	File:Hoang Thanh Historical Site 3.jpg	Christophe95	2018-08-04 13:43:58	taken	Category:Thang Long – Hanoi Heritage Conservation Center
88526800	File:Hoang Thanh Historical Site 1.jpg	Christophe95	2018-08-04 13:41:00	taken	Category:Thang Long – Hanoi Heritage Conservation Center
88526801	File:Hoang Thanh Historical Site 2.jpg	Christophe95	2018-08-04 13:42:09	taken	Category:Thang Long – Hanoi Heritage Conservation Center
88526802	File:Hoang Thanh Historical Site 4.jpg	Christophe95	2018-08-04 13:46:47	taken	Category:Thang Long – Hanoi Heritage Conservation Center
93961776	File:Gieng co hanoi.JPG	vi:User:Vanminhhanoi	2006-02-21T12:02:39Z	uploaded	Category:Thang Long – Hanoi Heritage Conservation Center
94652331	File:Phù điêu đất nung th Lý.JPG	Duyphuong (thảo luận)	2 - 10 - 2010	taken	Category:Thang Long – Hanoi Heritage Conservation Center
1960440	File:American Embassy in Hanoi.JPG		2007-04-17T04:42:27Z	uploaded	Category:Embassy of the United States in Hanoi
3529982	File:Ambassador Michalak and Admiral Keating.jpg	United States Navy, Mass Communication Specialist 2nd Class Elisia V. Gonzales	2007-12-13	taken	Category:Embassy of the United States in Hanoi
8961010	File:Hanoi-US-Ambassadors-Residence.jpg	United States Department of State	2007-02-08	taken	Category:Embassy of the United States in Hanoi
65939639	File:DoD photo 180125-D-SV709-0005 (Flickr id 39175966844).jpg	DoD photo by Army Sgt. Amber I. Smith	Taken on 25 January 2018, 09:11	taken	Category:Embassy of the United States in Hanoi
141216348	File:US Embassy Hanoi seal.png	United States Department of State, U.S. Mission in Vietnam	Unknown date	taken	Category:Embassy of the United States in Hanoi
174782811	File:ORNG Bilateral Affairs Officer serving in Vietnam (9048918).jpg	U.S. Army National Guard photo by Staff Sgt. Emily Simonson	Taken on 14 April 2025	taken	Category:Embassy of the United States in Hanoi
194569010	File:New US Embassy in Hanoi model.jpg	Embassy of the United States, Hanoi	2023-04-15	taken	Category:Embassy of the United States in Hanoi
30156029	File:Danish Embassy, Hanoi (1).JPG	Saftgurka	2013-12-01 14:49:26	taken	Category:Danish Embassy, Hanoi
30156030	File:Danish Embassy, Hanoi (2).JPG	Saftgurka	2013-12-01 14:49:40	taken	Category:Danish Embassy, Hanoi
66957964	File:Vietnamese and Dutch flags at the Dutch Embassy, Hanoi (2018).jpg	Donald Trung	2018-03-02 09:00:09	taken	Category:Dutch Embassy, Hanoi
21703817	File:Deutsche Botschaft Hanoi.jpg	Jaan-Cornelius K.	2011-03-24 03:03:40	taken	Category:German Embassy, Hanoi
40352532	File:Quan điểm của Nhật Bản về Takeshima.tiff	Ministry of Foreign Affairs, Government of Japan	2012-09	taken	Category:Embassy of Japan, Hanoi
119587542	File:Sơ đồ vị trí các ngôi nhà, tỉ lệ 1-1000, được lập ngày 25-7-1952 A.jpg	The Municipality of Hanoi, Bắc Việt, State of Việt Nam.	2022-06-02 08:36:07	taken	Category:French Embassy, Hanoi
119587543	File:Giấy tờ sở hữu các ngôi nhà với tổng diện tích 6.379m2 của Công ty Rượu Đông Dương do cơ quan Quản thủ Điền thổ lập vào ngày 28-11-1949.jpg	The Municipality of Hanoi, Bắc Việt, State of Việt Nam.	2022-06-02 08:36:42	taken	Category:French Embassy, Hanoi
119587544	File:Sơ đồ vị trí các ngôi nhà, tỉ lệ 1-1000, được lập ngày 25-7-1952 B.jpg	The Municipality of Hanoi, Bắc Việt, State of Việt Nam.	2022-06-02 08:35:03	taken	Category:French Embassy, Hanoi
119587550	File:Thư mật của Chánh Sở Công chính Bắc phần Việt Nam gửi viên Cao ủy Pháp ngày 28-07-1952 C.jpg	The Municipality of Hanoi, Bắc Việt, State of Việt Nam.	2022-06-02 08:46:05	taken	Category:French Embassy, Hanoi
119587551	File:Thư mật của Chánh Sở Công chính Bắc phần Việt Nam gửi viên Cao ủy Pháp ngày 28-07-1952 A.jpg	The Municipality of Hanoi, Bắc Việt, State of Việt Nam.	2022-06-02 08:48:48	taken	Category:French Embassy, Hanoi
119587552	File:Thư mật của Chánh Sở Công chính Bắc phần Việt Nam gửi viên Cao ủy Pháp ngày 28-07-1952 B.jpg	The Municipality of Hanoi, Bắc Việt, State of Việt Nam.	2022-06-02 08:48:04	taken	Category:French Embassy, Hanoi
123302966	File:Embassy of Poland, Hanoi.jpg	Embassy of Poland, Hanoi	Unknown date	taken	Category:Polish Embassy, Hanoi
3002201	File:Hoả Lò.jpg	thalling55	2007-08-28 20:36	taken	Category:Hanoi Hilton
3016328	File:Tù nhân Hỏa Lò.jpg	Lionel Ng from Singapore	2006-11-14 16:30	taken	Category:Hanoi Hilton
3093219	File:HanoiHilton.jpg		1970	taken	Category:Hanoi Hilton
3380740	File:HanoiHilton1973.JPEG	U.S Military photograph	1973-01-01	taken	Category:Hanoi Hilton
4375681	File:HanoiHiltonKelisi1.jpg	Kelisi	2008-02-07	taken	Category:Hanoi Hilton
5921206	File:Maison centrale 2007.jpg	Lulutiki	2007-10	taken	Category:Hanoi Hilton
7326998	File:HoaloHaNoi070720091321.jpg	Newone	2009-07-07	taken	Category:Hanoi Hilton
7327010	File:HoaloHaNoi070720091320.jpg	Newone	2009-07-07	taken	Category:Hanoi Hilton
7327068	File:HoaloHaNoi070720091322.jpg	Newone	2009-07-07	taken	Category:Hanoi Hilton
8035032	File:Hoa Lo Prision Walls.jpg	Erik Charlton from Menlo Park, USA	2008-04-24 23:18	taken	Category:Hanoi Hilton
17515676	File:Hanoi Hilton 1.jpg	Dennis G. Jarvis	2009-01-31 08:07:33	taken	Category:Hanoi Hilton
20885200	File:Hanoi Hilton Map.jpg	Unknown authorUnknown author	Unknown date	taken	Category:Hanoi Hilton
47740884	File:John McCain's Flight Suit and gear on display at the Hanoi Hilton - December 2006.JPG	Looper5920 (talk)	December 2006 (Camera details may show d	taken	Category:Hanoi Hilton
50602073	File:La Maison Centrale Hanoï.jpg	Guerinf	2016-04-27 23:30:45	taken	Category:Hanoi Hilton
64218441	File:Hoa Lo Prison Museum, Hanoi (4) (37781176004).jpg	Richard Mortel from Riyadh, Saudi Arabia	Taken on 4 November 2017, 17:19	taken	Category:Hanoi Hilton
64218453	File:Hoa Lo Prison Museum, Hanoi (2) (24624166618).jpg	Richard Mortel from Riyadh, Saudi Arabia	Taken on 4 November 2017, 17:08	taken	Category:Hanoi Hilton
64218459	File:Hoa Lo Prison Museum, Hanoi (3) (38464330422).jpg	Richard Mortel from Riyadh, Saudi Arabia	Taken on 4 November 2017, 17:10	taken	Category:Hanoi Hilton
64218461	File:Flight suit of John McCain, Hoa Lo Prison Museum, Hanoi (38439531806).jpg	Richard Mortel from Riyadh, Saudi Arabia	Taken on 4 November 2017, 17:39	taken	Category:Hanoi Hilton
64218462	File:French era guillotine, Hoa Lo Prison Museum, Hanoi (2) (37608437105).jpg	Richard Mortel from Riyadh, Saudi Arabia	Taken on 4 November 2017, 17:45	taken	Category:Hanoi Hilton
64218465	File:French era guillotine, Hoa Lo Prison Museum, Hanoi (3) (38495166451).jpg	Richard Mortel from Riyadh, Saudi Arabia	Taken on 4 November 2017, 17:46	taken	Category:Hanoi Hilton
64218466	File:Hoa Lo Prison Museum, Hanoi (5) (26720612699).jpg	Richard Mortel from Riyadh, Saudi Arabia	Taken on 4 November 2017, 17:19	taken	Category:Hanoi Hilton
64218471	File:French era guillotine, Hoa Lo Prison Museum, Hanoi (1) (24623024918).jpg	Richard Mortel from Riyadh, Saudi Arabia	Taken on 4 November 2017, 17:49	taken	Category:Hanoi Hilton
65466124	File:Hanoi Hilton Vietnam (39543728281).jpg	dronepicr	2017-08-01 08:21	taken	Category:Hanoi Hilton
66995612	File:DGJ 1799 - Go to jail and don't pass Go (3521011533).jpg	Dennis G. Jarvis	2009-01-31 07:56	taken	Category:Hanoi Hilton
66995613	File:DGJ 1805 - Inside the Hilton (3521014887).jpg	Dennis G. Jarvis	2009-01-31 08:06	taken	Category:Hanoi Hilton
66995618	File:DGJ 1810 (3522360558).jpg	Dennis G. Jarvis	2009-01-31 08:07	taken	Category:Hanoi Hilton
66995623	File:DGJ 1812 - War, what is it good for.... (3521558459).jpg	Dennis G. Jarvis	2009-01-31 08:07	taken	Category:Hanoi Hilton
66995627	File:DGJ 1815 - Torture, yesterday, today and tomorrow. (3523411278).jpg	Dennis G. Jarvis	2009-01-31 08:10	taken	Category:Hanoi Hilton
66995628	File:DGJ 1820 (3522609215).jpg	Dennis G. Jarvis	2009-01-31 08:13	taken	Category:Hanoi Hilton
66995632	File:DGJ 1825 (3522927992).jpg	Dennis G. Jarvis	2009-01-31 08:15	taken	Category:Hanoi Hilton
66995634	File:DGJ 1827 - Madame Gillotine (3524153522).jpg	Dennis G. Jarvis	2009-01-31 08:15	taken	Category:Hanoi Hilton
66995635	File:DGJ 1822 - Just do what they want!!!!!!!! (3522116531).jpg	Dennis G. Jarvis	2009-01-31 08:14	taken	Category:Hanoi Hilton
66995646	File:DGJ 1835 - Hell on Earth.. (3524166066).jpg	Dennis G. Jarvis	2009-01-31 08:21	taken	Category:Hanoi Hilton
66995650	File:DGJ 1838 - John McCain's Flight Suit (3523354727).jpg	Dennis G. Jarvis	2009-01-31 08:22	taken	Category:Hanoi Hilton
69024289	File:Hỏa Lò Prison Rules.jpg	Ptrump16	2018-02-16 17:05:30	taken	Category:Hanoi Hilton
69484865	File:Memorial Hoa Lo prison.jpg	Helenakfronczak	2018-05-17 16:52:45	taken	Category:Hanoi Hilton
80314194	File:Hanoi Hilton Prisoner of War Camp Model - NARA - 67498450 (page 1).jpg	Unknown authorUnknown author or not provided	"1972<div style=""display: none;"">date QS:"	taken	Category:Hanoi Hilton
80314195	File:Hanoi Hilton Prisoner of War Camp Model - NARA - 67498450 (page 2).jpg	Unknown authorUnknown author or not provided	"1972<div style=""display: none;"">date QS:"	taken	Category:Hanoi Hilton
80314196	File:Hanoi Hilton Prisoner of War Camp Model - NARA - 67498450 (page 3).jpg	Unknown authorUnknown author or not provided	"1972<div style=""display: none;"">date QS:"	taken	Category:Hanoi Hilton
80314197	File:Hanoi Hilton Prisoner of War Camp Model - NARA - 67498450 (page 4).jpg	Unknown authorUnknown author or not provided	"1972<div style=""display: none;"">date QS:"	taken	Category:Hanoi Hilton
80314198	File:Hanoi Hilton Prisoner of War Camp Model - NARA - 67498450 (page 5).jpg	Unknown authorUnknown author or not provided	"1972<div style=""display: none;"">date QS:"	taken	Category:Hanoi Hilton
80314200	File:Hanoi Hilton Prisoner of War Camp Model - NARA - 67498450 (page 6).jpg	Unknown authorUnknown author or not provided	"1972<div style=""display: none;"">date QS:"	taken	Category:Hanoi Hilton
80314201	File:Hanoi Hilton Prisoner of War Camp Model - NARA - 67498450 (page 7).jpg	Unknown authorUnknown author or not provided	"1972<div style=""display: none;"">date QS:"	taken	Category:Hanoi Hilton
80314203	File:Hanoi Hilton Prisoner of War Camp Model - NARA - 67498450 (page 8).jpg	Unknown authorUnknown author or not provided	"1972<div style=""display: none;"">date QS:"	taken	Category:Hanoi Hilton
80314204	File:Hanoi Hilton Prisoner of War Camp Model - NARA - 67498450 (page 9).jpg	Unknown authorUnknown author or not provided	"1972<div style=""display: none;"">date QS:"	taken	Category:Hanoi Hilton
80314206	File:Hanoi Hilton Prisoner of War Camp Model - NARA - 67498450 (page 10).jpg	Unknown authorUnknown author or not provided	"1972<div style=""display: none;"">date QS:"	taken	Category:Hanoi Hilton
88827348	File:Hanoi Ha Lo And PW Camp.tif	Department of Defense photo 012-A0436 80	1972-12-28	taken	Category:Hanoi Hilton
88827421	File:Hanoi Prison 1.tif	Defense Intelligence Agency photo 012-A0436 80	1972-05-13	taken	Category:Hanoi Hilton
93936212	File:Danh sách Hỏa Lò.jpeg	Duyphuong (thảo luận)	2014-01-03T12:24:32Z	uploaded	Category:Hanoi Hilton
105754208	File:P1020517 (3389343893).jpg	Nam-ho Park from Seoul, Korea	2009-03-01 17:42	taken	Category:Hanoi Hilton
105754324	File:P1020530 (3389345089).jpg	Nam-ho Park from Seoul, Korea	2009-03-01 17:54	taken	Category:Hanoi Hilton
105754350	File:P1020534 (3389346359).jpg	Nam-ho Park from Seoul, Korea	2009-03-01 18:11	taken	Category:Hanoi Hilton
106215027	File:Trio (5306494360).jpg	istolethetv	2010-12-24 15:12	taken	Category:Hanoi Hilton
106215033	File:Flight-suit (5305899977).jpg	istolethetv	2010-12-24 15:33	taken	Category:Hanoi Hilton
106530812	File:191120-D-AP390-3053 (49102338987).jpg	U.S. Secretary of Defense	2019-11-20 01:31	taken	Category:Hanoi Hilton
106530831	File:191120-D-AP390-3109 (49101588318).jpg	U.S. Secretary of Defense	2019-11-20 01:46	taken	Category:Hanoi Hilton
106530844	File:191120-D-AP390-3139 (49102081806).jpg	U.S. Secretary of Defense	2019-11-20 01:51	taken	Category:Hanoi Hilton
107993530	File:210728-D-TT977-0167 (51340858283).jpg	U.S. Secretary of Defense	2021-07-28 17:12	taken	Category:Hanoi Hilton
107993531	File:210728-D-TT977-0173 (51341642435).jpg	U.S. Secretary of Defense	2021-07-28 17:29	taken	Category:Hanoi Hilton
107993532	File:210728-D-TT977-0182 (51340633751).jpg	U.S. Secretary of Defense	2021-07-28 17:33	taken	Category:Hanoi Hilton
107993533	File:210728-D-TT977-0203 (51341371629).jpg	U.S. Secretary of Defense	2021-07-28 17:40	taken	Category:Hanoi Hilton
107993535	File:210728-D-TT977-0195 (51340854838).jpg	U.S. Secretary of Defense	2021-07-28 17:38	taken	Category:Hanoi Hilton
107993537	File:SECDEF Tours Hỏa Lò Prison in Hanoi (51341636810).jpg	U.S. Secretary of Defense	2021-07-28 17:04	taken	Category:Hanoi Hilton
107993539	File:SECDEF Tours Hỏa Lò Prison in Hanoi (51339904147).jpg	U.S. Secretary of Defense	2021-07-28 17:19	taken	Category:Hanoi Hilton
107993540	File:210728-D-TT977-0207 (51340852648).jpg	U.S. Secretary of Defense	2021-07-28 17:42	taken	Category:Hanoi Hilton
107993541	File:SECDEF Tours Hỏa Lò Prison in Hanoi (51340847148).jpg	U.S. Secretary of Defense	2021-07-28 17:44	taken	Category:Hanoi Hilton
109276477	File:Hanoi Hilton (40872889160).jpg	rhjpage	2018-03-07 09:13	taken	Category:Hanoi Hilton
109276482	File:Hanoi Hilton-3 (41963802184).jpg	rhjpage	2018-03-07 09:23	taken	Category:Hanoi Hilton
109276485	File:Hanoi Hilton-2 (40872886860).jpg	rhjpage	2018-03-07 09:16	taken	Category:Hanoi Hilton
109276487	File:Hanoi Hilton-5 (41782183175).jpg	rhjpage	2018-03-07 10:15	taken	Category:Hanoi Hilton
110750537	File:Hanoi, Vietnam (49539074652).jpg	flowcomm	2020-02-15 07:32	taken	Category:Hanoi Hilton
110750554	File:Hanoi, Vietnam (49538842306).jpg	flowcomm	2020-02-15 07:35	taken	Category:Hanoi Hilton
110750555	File:Hanoi, Vietnam (49539068417).jpg	flowcomm	2020-02-15 07:35	taken	Category:Hanoi Hilton
110750558	File:Hanoi, Vietnam (49538343823).jpg	flowcomm	2020-02-15 07:35	taken	Category:Hanoi Hilton
110750560	File:Hanoi, Vietnam (49538833646).jpg	flowcomm	2020-02-15 07:30	taken	Category:Hanoi Hilton
110750566	File:Hanoi, Vietnam (49538338403).jpg	flowcomm	2020-02-15 07:42	taken	Category:Hanoi Hilton
110750578	File:Hanoi, Vietnam (49538336538).jpg	flowcomm	2020-02-15 07:45	taken	Category:Hanoi Hilton
110750586	File:Hanoi, Vietnam (49538329528).jpg	flowcomm	2020-02-15 08:12	taken	Category:Hanoi Hilton
110750589	File:Hanoi, Vietnam (49539048152).jpg	flowcomm	2020-02-15 08:13	taken	Category:Hanoi Hilton
110750591	File:Hanoi, Vietnam (49539030947).jpg	flowcomm	2020-02-15 07:29	taken	Category:Hanoi Hilton
113259411	File:Hanoi, Vietnam (49538871012).jpg	flowcomm	2020-02-15 04:51	taken	Category:Hanoi Hilton
120378358	File:Truong Chinh mugshot.jpg	French Colonial Authority in Indochina	"between 1930 and 1936<div style=""display"	taken	Category:Hanoi Hilton
142911120	"File:The ""Hanoi Hilton"" (1346911244).jpg"	thalling55	2007-08-28 20:37:20	taken	Category:Hanoi Hilton
142911133	"File:The ""Hanoi Hilton"" (1345980163).jpg"	thalling55	2007-08-28 20:34:46	taken	Category:Hanoi Hilton
145321174	File:Vietnam 1999.Hanoi (14).jpg	Rc1959	1999	taken	Category:Hanoi Hilton
11920224	File:Hanoi Museum 01.JPG	Daaé	2010-10-30	taken	Category:Hanoi Museum
11920239	File:Hanoi Museum 02.JPG	Daaé	2010-10-30	taken	Category:Hanoi Museum
11920240	File:Hanoi Museum 03.JPG	Daaé	2010-10-30	taken	Category:Hanoi Museum
11920242	File:Hanoi Museum 04.JPG	Daaé	2010-10-30	taken	Category:Hanoi Museum
11920355	File:Hanoi Museum Stairway 01.JPG	Daaé	2010-10-30	taken	Category:Hanoi Museum
11920364	File:Hanoi Museum Stairway 03.JPG	Daaé	2010-10-30	taken	Category:Hanoi Museum
11920366	File:Hanoi Museum Stairway 02.JPG	Daaé	2010-10-30	taken	Category:Hanoi Museum
11920368	File:Hanoi Museum Stairway 04.JPG	Daaé	2010-10-30	taken	Category:Hanoi Museum
11920378	File:Hanoi Museum Stairway 06.JPG	Daaé	2010-10-30	taken	Category:Hanoi Museum
11920380	File:Hanoi Museum Stairway 05.JPG	Daaé	2010-10-30	taken	Category:Hanoi Museum
11920381	File:Hanoi Museum Stairway 08.JPG	Daaé	2010-10-30	taken	Category:Hanoi Museum
11920382	File:Hanoi Museum Stairway 07.JPG	Daaé	2010-10-30	taken	Category:Hanoi Museum
11920490	File:Ceramic, 1st - 3rd centery, at Hanoi Museum.JPG	Daaé	2010-10-30	taken	Category:Hanoi Museum
11920540	File:Coins, Han Dynasty, Hanoi Museum.JPG	Daaé	2010-10-30	taken	Category:Hanoi Museum
11920544	File:Hanoi Museum - 1st floor 01.JPG	Daaé	2010-10-30	taken	Category:Hanoi Museum
11920545	File:Hanoi Museum - 1st floor 02.JPG	Daaé	2010-10-30	taken	Category:Hanoi Museum
11920551	File:Hanoi Museum - 2nd floor 01.JPG	Daaé	2010-10-30	taken	Category:Hanoi Museum
11920555	File:Hanoi Museum - 2nd floor 02.JPG	Daaé	2010-10-30	taken	Category:Hanoi Museum
11920557	File:Hanoi Museum - 2nd floor 03.JPG	Daaé	2010-10-30	taken	Category:Hanoi Museum
11920560	File:Hanoi Museum - 3rd floor 01.JPG	Daaé	2010-10-30	taken	Category:Hanoi Museum
11920562	File:Hanoi Museum - 4th floor 01.JPG	Daaé	2010-10-30	taken	Category:Hanoi Museum
11920569	File:Hanoi Museum - 3rd floor 02.JPG	Daaé	2010-10-30	taken	Category:Hanoi Museum
11967429	File:Hanoi Museum.jpg	Grenouille vert	2010-10-11	taken	Category:Hanoi Museum
11967481	File:Hanoi Museum Interior.jpg	Grenouille vert	2010-10-11	taken	Category:Hanoi Museum
15324387	File:Hanoi Museum 01a.JPG	Daaé	2010-10-30	taken	Category:Hanoi Museum
37962152	File:Cerámica vietnamita Guimet 08.JPG	Miguel Hermoso Cuesta	2014-11-08 13:49:24	taken	Category:Hanoi Museum
40531935	File:Old Coins, Hanoi Museum.jpg	Ken Eckert	2005-02-17	taken	Category:Hanoi Museum
40531936	File:Metal Sculpture, Hanoi Museum.jpg	Ken Eckert	2005-02-17	taken	Category:Hanoi Museum
115838556	File:Hanoi museum.jpg	Praguegirl15	2021-12-31 13:05:26	taken	Category:Hanoi Museum
22959010	File:Vn-hanoi-völker-02-02-08-07.jpg	Bgabel	02.08.07	taken	Category:Heritage House (Hanoi)
22959013	File:Vn-hanoi-völkerkunde-02-02-08-07.jpg	Bgabel	02.08.07	taken	Category:Heritage House (Hanoi)
52705295	File:Maison longue traditionnelle (2).jpg	Guerinf	2016-05-02 23:48:19	taken	Category:Heritage House (Hanoi)
52705296	File:Maison longue traditionnelle (3).jpg	Guerinf	2016-05-02 23:41:39	taken	Category:Heritage House (Hanoi)
52705298	File:Maison longue traditionnelle (1).jpg	Guerinf	2016-05-02 23:46:14	taken	Category:Heritage House (Hanoi)
52705300	File:Maison longue traditionnelle (5).jpg	Guerinf	2016-05-02 23:45:30	taken	Category:Heritage House (Hanoi)
52705301	File:Maison longue traditionnelle (4).jpg	Guerinf	2016-05-02 23:45:11	taken	Category:Heritage House (Hanoi)
44814668	File:Tran Lap MTV EXIT concert Ha Noi 2012 01.jpg	USAID Vietnam	2011-05-27 23:37:52	taken	Category:MTV EXIT concert in Hanoi (May 26, 2012)
44814754	File:Tran Lap MTV EXIT concert Ha Noi 2012 02.jpg	USAID Vietnam	2011-05-27 23:43:15	taken	Category:MTV EXIT concert in Hanoi (May 26, 2012)
44815286	File:Jeff Stinco of Simple Plan MTV EXIT concert Ha Noi 2012.jpg	USAID Vietnam	2011-05-28 01:27:51	taken	Category:MTV EXIT concert in Hanoi (May 26, 2012)
44815473	File:My Tam MTV EXIT concert Ha Noi 2012.jpg	USAID Vietnam	2011-05-28 00:15:09	taken	Category:MTV EXIT concert in Hanoi (May 26, 2012)
44815646	File:My Tam MTV EXIT concert Ha Noi 2012 01.jpg	USAID Vietnam	2012-05-26	taken	Category:MTV EXIT concert in Hanoi (May 26, 2012)
44815826	File:My Tam and Pierre Bouvier of Simple Plan join hands at MTV EXIT.jpg	USAID Vietnam	2012-05-26 22:25:46	taken	Category:MTV EXIT concert in Hanoi (May 26, 2012)
44816032	File:Brown Eyed Girls MTV EXIT concert Ha Noi 2012.jpg	USAID Vietnam	2012-05-26 20:52:20	taken	Category:MTV EXIT concert in Hanoi (May 26, 2012)
44816595	File:NguyenVanTinh MTV EXIT concert Ha Noi 2012.jpg	USAID Vietnam	2012-05-26 19:15:20	taken	Category:MTV EXIT concert in Hanoi (May 26, 2012)
44816774	File:Dinh Manh Ninh, Kim, Justa Tee MTV EXIT concert Ha Noi 2012.jpg	USAID Vietnam	2012-05-26 19:07:06	taken	Category:MTV EXIT concert in Hanoi (May 26, 2012)
44817029	File:My Tam joins Simple Plan on stage at MTV EXIT concert in Hanoi against human trafficking (7280165088).jpg	USAID Vietnam	2012-05-26 22:23:59	taken	Category:MTV EXIT concert in Hanoi (May 26, 2012)
44817174	File:My Tam joins Simple Plan for song on stage (7285318430).jpg	USAID Vietnam	2012-05-26 22:25:30	taken	Category:MTV EXIT concert in Hanoi (May 26, 2012)
44817207	File:My Tam Performs at the MTV EXIT concert in Hanoi against human trafficking.jpg	USAID Vietnam	2012-05-26 21:20:03	taken	Category:MTV EXIT concert in Hanoi (May 26, 2012)
44817396	File:My Tam Performs at the MTV EXIT concert in Hanoi against human trafficking (7277018516).jpg	USAID Vietnam	2012-05-26 21:19:08	taken	Category:MTV EXIT concert in Hanoi (May 26, 2012)
44817443	File:Kate Miller-Heidke and AusAID's Michael Wilson perform at the MTVEXIT concert in Hanoi (7276843744).jpg	USAID Vietnam	2012-05-26 20:08:54	taken	Category:MTV EXIT concert in Hanoi (May 26, 2012)
44817465	File:My Tam Performs at MTV EXIT Concert in Hanoi, May 26, 2012.jpg	USAID Vietnam	2012-05-26	taken	Category:MTV EXIT concert in Hanoi (May 26, 2012)
44817834	File:My Tam performs at MTV EXIT concert in Hanoi against human trafficking (727729513).jpg	USAID Vietnam	2012-05-26 21:09:31	taken	Category:MTV EXIT concert in Hanoi (May 26, 2012)
44818009	File:U.S. Ambassador to Vietnam, David Shear, left, and U.S. Ambassador to ASEAN, David Carden, backstage at the MTV EXIT concert in Hanoi (7285532154).jpg	USAID Vietnam	2012-05-26 20:06:07	taken	Category:MTV EXIT concert in Hanoi (May 26, 2012)
44818672	File:Simple Plan rocks at MTV EXIT concert in Hanoi against human trafficking.jpg	USAID Vietnam	2012-05-26 22:39:07	taken	Category:MTV EXIT concert in Hanoi (May 26, 2012)
44818717	File:U.S. Ambassador David Shear presents Simple Plan with a certificate of appreciation for taking parting in the MTV EXIT concert against human trafficking and exploitation (7285431522).jpg	USAID Vietnam	2012-05-26 20:32:49	taken	Category:MTV EXIT concert in Hanoi (May 26, 2012)
44818821	File:U.S. Ambassador David Shear belts out the message stop human trafficking (7280259454).jpg	USAID Vietnam	2012-05-26 19:20:18	taken	Category:MTV EXIT concert in Hanoi (May 26, 2012)
44818896	File:U.S. Ambassador to Vietnam, David B. Shear, presents a certificate of appreciation to Simple Plan for supporting the MTV EXIT concert against human trafficking and exploitation (727699703).jpg	USAID Vietnam	2012-05-26 20:33:46	taken	Category:MTV EXIT concert in Hanoi (May 26, 2012)
44819119	"File:U.S. Ambassador to ASEAN, David L. Carden, challenges youth to ""stay angry and stay young"" by fighting human traficking (7285362090).jpg"	USAID Vietnam	2012-05-26 21:39:54	taken	Category:MTV EXIT concert in Hanoi (May 26, 2012)
44819164	File:Simple Plan performs at MTV EXIT concert in Hanoi against human trafficking (7277314016).jpg	USAID Vietnam	2012-05-26 22:43:25	taken	Category:MTV EXIT concert in Hanoi (May 26, 2012)
44819249	File:Simple Plan performs at MTV EXIT concert in Hanoi against human trafficking (7277307518).jpg	USAID Vietnam	2012-05-26 22:42:08	taken	Category:MTV EXIT concert in Hanoi (May 26, 2012)
44819282	File:Simple Plan performs at MTV EXIT concert in Hanoi against human trafficking (7277302990).jpg	USAID Vietnam	2012-05-26 22:35:49	taken	Category:MTV EXIT concert in Hanoi (May 26, 2012)
44819376	File:Korean Pop Group Brown Eyed Girls perform at MTV EXIT concert in Hanoi (7276363626).jpg	USAID Vietnam	2012-05-26	taken	Category:MTV EXIT concert in Hanoi (May 26, 2012)
44819452	File:Simple Plan performs at MTV EXIT concert in Hanoi against human trafficking (7277299260).jpg	USAID Vietnam	2012-05-26 22:34:54	taken	Category:MTV EXIT concert in Hanoi (May 26, 2012)
44819476	File:Brown Eyed Girls perform at MTV EXIT concert in Hanoi against human trafficking (7277291262).jpg	USAID Vietnam	2012-05-26 20:59:49	taken	Category:MTV EXIT concert in Hanoi (May 26, 2012)
44819506	File:Simple Plan performs at MTV EXIT concert in Hanoi against human trafficking (7276992140).jpg	USAID Vietnam	2012-05-26 22:42:53	taken	Category:MTV EXIT concert in Hanoi (May 26, 2012)
44819549	File:USAID co-sponors MTV EXIT concert in Hanoi against human trafficking (7276975772).jpg	USAID Vietnam	2012-05-26 22:16:10	taken	Category:MTV EXIT concert in Hanoi (May 26, 2012)
44819606	File:U.S. Ambassador David Shear meets Simple Plan at the MTV EXIT concert in Hanoi (7276868908).jpg	USAID Vietnam	2012-05-26 20:31:38	taken	Category:MTV EXIT concert in Hanoi (May 26, 2012)
44819988	File:Simple Plan Meets the Press in Hanoi on May 27, 2012 (7280004338).jpg	Damian Vo	2015-11-07 00:27:12	taken	Category:MTV EXIT concert in Hanoi (May 26, 2012)
44820143	File:My Tam joins Simple Plan on stage at MTV EXIT concert in Hanoi against human trafficking (7280165088) (crop).jpg	USAID Vietnam	2012-05-26 22:23:59	taken	Category:MTV EXIT concert in Hanoi (May 26, 2012)
44820762	File:My Tam Performs at MTV EXIT Concert in Hanoi, May 26, 2012 (7276405972) (Crop).jpg	USAID Vietnam	2012-05-26	taken	Category:MTV EXIT concert in Hanoi (May 26, 2012)
44887064	File:Tran Lap MTV EXIT concert Ha Noi 2012 01 (crop).jpg	USAID Vietnam	2011-05-27 23:37:52	taken	Category:MTV EXIT concert in Hanoi (May 26, 2012)
51412646	File:Doan Trang at MTV EXIT concert in Hanoi.jpg	USAID Vietnam	2012-05-26 21:45:09	taken	Category:MTV EXIT concert in Hanoi (May 26, 2012)
157252598	File:Trấn Thành MTV EXIT 2012.jpg	USAID Vietnam	2012-05-26 21:34:27	taken	Category:MTV EXIT concert in Hanoi (May 26, 2012)
17514964	File:Cafe, Dinh Tien Hoang street, Hanoi.jpg	Nam-ho Park	2009-03-21 17:32:56	taken	Category:Cafés in Hanoi
22545929	File:Au Lac Café.JPG	User: (WT-shared) Shoestring at  wts wikivoyage	24 June 2007 (original upload date)	taken	Category:Cafés in Hanoi
26363933	File:HA NOI VIETNAM FEB 2012 (7013738617).jpg	calflier001	2012-02-08 10:35	taken	Category:Cafés in Hanoi
40026459	File:Café Van Mieu - Hanoi, Vietnam - DSC04716.JPG	Daderot	2014-08-05 22:10:26	taken	Category:Cafés in Hanoi
77846406	File:Cuối phố Lê Ngọc Hân (trước kia là phố Lữ Gia), quận Hai Bà Trưng, Hà Nội.jpg	I Love Triệu Đà	2019-04-07 11:37:34	taken	Category:Cafés in Hanoi
77846731	File:Đầu phố Lê Ngọc Hân (trước kia là phố Lữ Gia), quận Hai Bà Trưng, Hà Nội.jpg	I Love Triệu Đà	2019-04-07 11:40:24	taken	Category:Cafés in Hanoi
105755955	File:Notes Café, Hanoi (31356623757).jpg	Isabell Schulz	Taken on 10 December 2018, 16:17	taken	Category:Cafés in Hanoi
119344307	File:Newone - people relax with smartphone at cafe in Hanoi.jpg	Newone	2022-06-09 12:30:37	taken	Category:Cafés in Hanoi
145730919	File:Starbucks Hanoi.jpg	Stolbovsky	2023-10-29 09:35:04	taken	Category:Cafés in Hanoi
179005860	File:Après-midi ensoleillé sur la rue Thâm Tâm 18-10-2025 E3. Café Laika.jpg	Soufrau24	2025-10-18 14:35:46	taken	Category:Cafés in Hanoi
185405670	File:Sunnyless afternoon of G24 Café 03-03-2026 E9.jpg	JeanFousrou52	2026-03-03 14:32:27	taken	Category:Cafés in Hanoi
185405671	File:Sunnyless afternoon of G24 Café 03-03-2026 E8.jpg	JeanFousrou52	2026-03-03 14:32:14	taken	Category:Cafés in Hanoi
185838098	File:Twilight through LQV–XQ Junction 10-03-2026. Unknown café.jpg	Baophucminh53G	2026-03-10 15:59:48	taken	Category:Cafés in Hanoi
120491729	File:Pharmacy certificate of Hanoi issued by the Government-General of French Indo-China (1953).jpg	The Government-General of French Indo-China.	1953	taken	Category:Pharmacies in Hanoi
120498154	File:Hanoi pharmacy certificate (1954).jpg	The Municipality of Hanoi &amp; the Government-General of French Indo-China.	1954	taken	Category:Pharmacies in Hanoi
5753535	File:Hanoi dhyk.jpg	ntt	2002-10-05	taken	Category:Hanoi Medical University
150302909	File:AP8040 Brocas Huard Hanoi, 8 juin 1902 – Création Ecole de Médecine de l'Indochine.jpg	Unknown photographer	Taken in 1902	taken	Category:Hanoi Medical University
3002293	File:James Watson Cronin 2006.jpg	Rungbachduong	2006-08-04	taken	Category:Vietnam National University, Hanoi
4099470	File:800px-James Watson Cronin 2006 -cropped.jpg	Rungbachduong cropped by TonyTheTiger	2006-08-04	taken	Category:Vietnam National University, Hanoi
7961954	File:LogotAnh.JPG	Daihockinhte	2009-10-02	taken	Category:Vietnam National University, Hanoi
11777422	File:Vietnam People's Army attendees listen to Robert Gates at Vietnam National University 2010-10-11.jpg	Master Sgt. Jerry Morrison	2010-10-11	taken	Category:Vietnam National University, Hanoi
14523856	File:Anh03.jpg	Casablanca1911 at Vietnamese Wikipedia	28 May 2007 (original upload date)	taken	Category:Vietnam National University, Hanoi
16916754	File:50nam khoaVH.JPG	Viethavvh at vi.wikipedia	13 September 2007 (original upload date)	taken	Category:Vietnam National University, Hanoi
19412289	File:VNU.logo.jpg	Vietnam National University, Hanoi	2012-05-12	taken	Category:Vietnam National University, Hanoi
20688765	File:Defense.gov News Photo 101011-F-6655M-004 - Secretary of Defense Robert M. Gates gives his remarks to professors and students at Vietnam s National University in Hanoi Vietnam on Oct. 11.jpg	Master Sgt. Jerry Morrison, U.S. Air Force	Taken on 11 October 2010	taken	Category:Vietnam National University, Hanoi
20688770	File:Defense.gov News Photo 101011-F-6655M-003 - Secretary of Defense Robert M. Gates is welcomed to Vietnam s National University by Vietnamese military members professors and students in Hanoi.jpg	Master Sgt. Jerry Morrison, U.S. Air Force	Taken on 11 October 2010	taken	Category:Vietnam National University, Hanoi
21344793	File:Defense.gov photo essay 101011-F-6655M-007.jpg	U.S. Air Force Master Sgt. Jerry Morrison	2010-10-11	taken	Category:Vietnam National University, Hanoi
21344802	File:Defense.gov photo essay 101011-F-6655M-006.jpg	U.S. Air Force Master Sgt. Jerry Morrison	2010-10-11	taken	Category:Vietnam National University, Hanoi
21344806	File:Defense.gov photo essay 101011-F-6655M-008.jpg	U.S. Air Force Master Sgt. Jerry Morrison	2010-10-11	taken	Category:Vietnam National University, Hanoi
38955755	File:Giamdoc-PhungXuanNha-16Jan2015 (3).jpg	VNU Media	2015-01-16 14:32:36	taken	Category:Vietnam National University, Hanoi
38955769	File:Nha dieu hanh 144 Xuan Thuy 26Jan2005-01s.jpg	VNU Media	2015-01-26 09:10:28	taken	Category:Vietnam National University, Hanoi
41601783	File:TEM TECNAI G2-20.JPG	Tungpt1710	2015-07-15	taken	Category:Vietnam National University, Hanoi
55108158	File:LogoDHKT.jpg	Trường Đại học Kinh tế - Đại học Quốc gia Hà Nội	2017-01-18	taken	Category:Vietnam National University, Hanoi
56396819	File:UITRace 03.jpg	Longdp	2016-05-29 08:34:46	taken	Category:Vietnam National University, Hanoi
56396820	File:UITRace 02.jpg	Longdp	2016-05-29 08:21:53	taken	Category:Vietnam National University, Hanoi
56396821	File:UITRace 01.jpg	Longdp	2016-05-29 08:12:34	taken	Category:Vietnam National University, Hanoi
56396823	File:UITRace 04.jpg	Longdp	2016-05-29 09:06:45	taken	Category:Vietnam National University, Hanoi
56396825	File:UITCareerDay.jpg	Longdp	2016-11-26 12:35:26	taken	Category:Vietnam National University, Hanoi
56396827	File:UITCareerDay06.jpg	Longdp	2016-11-26 08:52:54	taken	Category:Vietnam National University, Hanoi
56396828	File:UITCareerDay07.jpg	Longdp	2016-11-26 09:15:50	taken	Category:Vietnam National University, Hanoi
56396830	File:UITCareerDay08.jpg	Longdp	2016-11-26 09:18:57	taken	Category:Vietnam National University, Hanoi
56396834	File:UITCareerDay09.jpg	Longdp	2016-11-26 09:19:54	taken	Category:Vietnam National University, Hanoi
56396835	File:UITCareerDay10.jpg	Longdp	2016-11-26 09:20:51	taken	Category:Vietnam National University, Hanoi
56396837	File:UITCareerDay11.jpg	Longdp	2016-11-26 09:32:51	taken	Category:Vietnam National University, Hanoi
56396840	File:UITCareerDay13.jpg	Longdp	2016-11-26 09:47:40	taken	Category:Vietnam National University, Hanoi
56396841	File:UITCareerDay12.jpg	Longdp	2016-11-26 09:34:35	taken	Category:Vietnam National University, Hanoi
56396844	File:UITCareerDay14.jpg	Longdp	2016-11-26 09:56:08	taken	Category:Vietnam National University, Hanoi
56396846	File:UITRace 15.jpg	Longdp	2016-05-29 08:10:53	taken	Category:Vietnam National University, Hanoi
56396850	File:UITRace 16.jpg	Longdp	2016-05-29 09:03:37	taken	Category:Vietnam National University, Hanoi
56396856	File:UITLeTotNghiep17.jpg	Longdp	2016-12-17 08:37:23	taken	Category:Vietnam National University, Hanoi
56396863	File:UITRace 18.jpg	Longdp	2016-05-29 08:27:02	taken	Category:Vietnam National University, Hanoi
63710932	File:Jeune filles Hanoï, Université de l'Indochine, 1950s.jpg	Đăng Đàn Cung	2010-03-12 10:40:19	taken	Category:Vietnam National University, Hanoi
67576320	File:Wikipedia workshop at University of Economics and Business, Vietnam National University.jpg	Sir Nicholas de Mimsy-Porpington	2018-03-22 16:06:01	taken	Category:Vietnam National University, Hanoi
81894782	File:Logo DHKT200x200.jpg	Dhkinhte	2019-09-05	taken	Category:Vietnam National University, Hanoi
81991300	File:Canh E4 1.jpg	Dhkinhte	2018-02-01 08:47:29	taken	Category:Vietnam National University, Hanoi
84856524	File:VNU Vietnam-France-NguyenHuuDuc-2014-photo by BuiTuan.jpg	Buituan.vnu	2014-10-23 18:38:03	taken	Category:Vietnam National University, Hanoi
86984054	File:Anh E4 ngang 1000.jpg	Dhkinhte	2020-02-02	taken	Category:Vietnam National University, Hanoi
96242982	File:Đại học Y Dược.jpg	Umpvnu	2020-11-18	taken	Category:Vietnam National University, Hanoi
96245022	File:PTT Vũ Đức Đam phát biểu trong Lễ thành lập trường.jpg	Umpvnu	2020-11-18	taken	Category:Vietnam National University, Hanoi
112121816	File:Đại học Tổng hợp Hà Nội (31028261907).jpg	Tran Anh Khoa (zorrotran)	2018-11-13 06:46	taken	Category:Vietnam National University, Hanoi
113109120	File:IFI 2019.jpg	DangTungDuong	2019-07-10 18:49:00	taken	Category:Vietnam National University, Hanoi
127165297	File:河內國家大學國際學院成立15周年慶祝典禮，教育組張秘書舒晴代表駐越南臺北經濟文化辦事處與其他外交團及合作夥伴受領「特殊貢獻獎」.jpg	駐越南台北經濟文化辦事處	2017-07-24	taken	Category:Vietnam National University, Hanoi
404720	File:Université Indochine - Bâtiment central.jpg	Unknown authorUnknown author	2023-03-14T23:48:06Z	uploaded	Category:Hanoi University of Pharmacy
14523898	File:Anh02.jpg	Original uploader was Casablanca1911 at vi.wikipedia	28 May 2007 (original upload date)	taken	Category:Hanoi University of Pharmacy
112121825	File:Đại học Dược Hà Nội (32096259268).jpg	Tran Anh Khoa (zorrotran)	2018-11-13 06:47	taken	Category:Hanoi University of Pharmacy
3152271	File:HUT students in ao dai.jpg	en:user:Xcanbiet	2007-04-11	taken	Category:Hanoi University of Science and Technology
3648465	File:Bkks18Medium.jpg	Xcanbiet at English Wikipedia	12 May 2007 (original upload date)	taken	Category:Hanoi University of Science and Technology
3648470	File:Hanoi University of Technology road.jpg	Xcanbiet at English Wikipedia	12 May 2007 (original upload date)	taken	Category:Hanoi University of Science and Technology
4051276	File:Khaya senegalensis HN VN.JPG	Binh Giang	2008-05-09	taken	Category:Hanoi University of Science and Technology
14608030	File:Bkhn.jpg	MalagiPhùng long	2011-03-15	taken	Category:Hanoi University of Science and Technology
14608107	File:Bkhn1.jpg	Malagi  Bình minh	không có gì	taken	Category:Hanoi University of Science and Technology
16902668	File:BKA NHD.JPG	Nguyễn Hoàng Dương at vi.wikipedia	10 May 2007 (original upload date)	taken	Category:Hanoi University of Science and Technology
39856254	File:Hanoi University of Science and Technology - DSC04501.JPG	Daderot	2014-08-04 23:11:55	taken	Category:Hanoi University of Science and Technology
45419952	File:Khoi daotao.jpg	Quang.nuce	2015-12-04	taken	Category:Hanoi University of Science and Technology
50113377	File:Cảnh hoàng hôn tại khu C ĐHCNHN.jpg	Winall9x	2016-07-13	taken	Category:Hanoi University of Science and Technology
78309269	File:Hanoi University of Science and Technology.jpg	CONG_TRANVAN	2019-03-24	taken	Category:Hanoi University of Science and Technology
93781860	File:C1 bachkhoa.jpg	Anhtuan	2007-08-31T14:05:53Z	uploaded	Category:Hanoi University of Science and Technology
93961740	File:Phongthuchanh.jpg	vi:User:Malagi	2011-08-27T11:08:50Z	uploaded	Category:Hanoi University of Science and Technology
94118945	File:D5 Đại học bách khoa Hà Nội.jpg	vi:User:Bkacad	2011-01-19T09:32:18Z	uploaded	Category:Hanoi University of Science and Technology
97123725	File:Đại học Bách khoa Hà Nội (Thư viện điện tử TQB).jpg	Nam Hy Hoàng Phong (thảo luận)	21 tháng 12, 2008	taken	Category:Hanoi University of Science and Technology
97212148	File:Phòng học đạt tiêu chuẩn.jpg	vi:User:Bkacad	ngày 17 tháng 3 năm 2005	taken	Category:Hanoi University of Science and Technology
98521642	File:Trước C1.png	Dungnhincainay	2021-01-04	taken	Category:Hanoi University of Science and Technology
98521935	File:Thư viện Tạ Quang Bửu .jpg	Dungnhincainay	2021-01-04	taken	Category:Hanoi University of Science and Technology
98522147	File:Phía Trước toà B1.jpg	Dungnhincainay	2021-01-04	taken	Category:Hanoi University of Science and Technology
98522192	File:D6 D8.jpg	Dungnhincainay	2021-01-04	taken	Category:Hanoi University of Science and Technology
98522256	File:Tảng Đá.jpg	Dungnhincainay	2021-01-04	taken	Category:Hanoi University of Science and Technology
98522327	File:Toà C1.jpg	Dungnhincainay	2021-01-04	taken	Category:Hanoi University of Science and Technology
106180386	File:Phongthuchanh-BachKhoaHN-2021.jpg	Anhdungbk	2021-06-01	taken	Category:Hanoi University of Science and Technology
113256719	File:Bách Khoa Hà Nội 2015 (16217861867).jpg	Son	2015-01-26 11:03	taken	Category:Hanoi University of Science and Technology
15816310	File:Hanu logo.jpg	HITC2289	2011-07-17	taken	Category:Hanoi University
63464821	File:Hanoi University 04.jpg	Amenoc	2017-09-15 13:44:04	taken	Category:Hanoi University
63464825	File:Hanoi University - Victoria University, Master of TESOL programme, graduation ceremony 2017.jpg	Amenoc	2017-09-15 14:23:20	taken	Category:Hanoi University
93891112	File:SanvandongdaihocHaNoi.jpg	Buileducanh (thảo luận)	2018-02-19T06:02:07Z	uploaded	Category:Hanoi University
117518128	File:PaoloPetrocelli lecturing at Hanoi University, Vietnam.jpg	DiploCult	2022-04-29	taken	Category:Hanoi University
182016237	File:Đại Học Tổng Hợp Hà Nội 05-10-2025.jpg	Chuhai07	2025-10-05 16:44:44	taken	Category:Hanoi University
65892046	File:The Vietnam National Academy of Music SAM 0397.jpg	Adir Benyamini	2016-11-19 06:02:52	taken	Category:Hanoi Conservatory of Music
115290817	File:Nhạc viện.jpg	TranHieu0706	2022-02-16	taken	Category:Hanoi Conservatory of Music
139947027	File:Nhạc viện (cropped).jpg	TranHieu0706	2022-02-16	taken	Category:Hanoi Conservatory of Music
67599977	File:Wikipedia workshop at Vietnam National University of Agriculture.jpg	VanDzungLe	2018-03-23 12:01:47	taken	Category:Vietnam National University of Agriculture, Hanoi
16916105	File:DBlock.JPG	Tran Quoc123 at vi.wikipedia	20 August 2007 (original upload date)	taken	Category:Hanoi National University of Education
16976942	File:Trường ĐHSP Hà Nội.JPG	Hoangvantoanajc at vi.wikipedia	29 September 2008 (original upload date)	taken	Category:Hanoi National University of Education
89175100	File:Tuong gs Dang Thai Mai.jpg	Xuân (thảo luận)	02:35, ngày 9 tháng 3 năm 2018 (UTC)	taken	Category:Hanoi National University of Education
89175108	File:Dh su pham.jpg	Xuân (thảo luận)	05:45, ngày 8 tháng 3 năm 2018 (UTC)	taken	Category:Hanoi National University of Education
93541548	File:Trường Đại học Sư phạm Hà Nội - cơ sở Hà Nam.jpeg	Linhcandng (thảo luận)	2016-08-20	taken	Category:Hanoi National University of Education
115136220	File:Truong Quoc te.jpg	Hươngnth	2021-12-01	taken	Category:Hanoi National University of Education
67834300	File:Lễ Khai giảng năm học 2017-2018.jpg	Luong-kim.ngoc	2017-09-26	taken	Category:University of Science and Technology of Hanoi
67834380	File:Sinh viên USTH.jpg	Luong-kim.ngoc	2014-12-17	taken	Category:University of Science and Technology of Hanoi
67834411	File:Sinh viên USTH được học tập trong môi trường năng động sáng tạo.jpg	Luong-kim.ngoc	2017-11-10	taken	Category:University of Science and Technology of Hanoi
98513668	File:Môi trường học tập tại USTH .jpg	LuongLucy	2019-03-21	taken	Category:University of Science and Technology of Hanoi
98514555	File:Học tại USTH.jpg	LuongLucy	2020-10-29	taken	Category:University of Science and Technology of Hanoi
50113261	File:Tòa nhà A10.jpg	Winall9x	2015-02-13	taken	Category:Hanoi University of Industry
50113328	File:Hoạt động Hội sinh viên trường.jpg	Winall9x	2016-07-13	taken	Category:Hanoi University of Industry
50113388	File:Một phòng học tiếng Anh.jpg	Winall9x	2016-07-13	taken	Category:Hanoi University of Industry
50113555	File:Một góc sân trường cơ sở 1.jpg	Winall9x	2016-07-13	taken	Category:Hanoi University of Industry
50113598	File:Sân chơi Rung chuông vàng.jpg	Winall9x	2016-07-13	taken	Category:Hanoi University of Industry
50113618	File:Hoạt động hiến máu tình nguyện.jpg	Winall9x	2016-07-13	taken	Category:Hanoi University of Industry
50113635	File:Sân bóng đá tại khu C.jpg	Winall9x	2016-07-13	taken	Category:Hanoi University of Industry
50113657	File:Khu nhà đa năng cơ sở 1.jpg	Winall9x	2016-07-13	taken	Category:Hanoi University of Industry
50113755	File:Sinh viên tình nguyện trường với hoạt động 5s.jpg	Winall9x	2016-07-13	taken	Category:Hanoi University of Industry
50113834	File:Cổng trường chính cơ sở 3.jpg	Winall9x	2016-07-13	taken	Category:Hanoi University of Industry
50113969	File:Lễ hội tết Lào.jpg	Winall9x	2016-07-13	taken	Category:Hanoi University of Industry
50114000	File:Hội diễn công thương 2016 HaUI.jpg	Winall9x	2016-07-13	taken	Category:Hanoi University of Industry
50114056	File:Giao lưu văn hóa Việt Nam Nhật Bản.jpg	Winall9x	2016-07-13	taken	Category:Hanoi University of Industry
50114099	File:Giải bóng đá khoa ngoại ngữ 2015.jpg	Winall9x	2016-07-13	taken	Category:Hanoi University of Industry
50114157	File:Cuộc thi nhảy Aerobics.jpg	Winall9x	2016-07-13	taken	Category:Hanoi University of Industry
50114198	File:Lễ trao tặng động cơ và hộp số xe Chevrolet.jpg	Winall9x	2016-07-13	taken	Category:Hanoi University of Industry
81841835	File:Đại học Công nghiệp Hà Nội - Tòa nhà A1.jpg	Winall9x	2019-09-03	taken	Category:Hanoi University of Industry
81841911	File:Đại học Công nghiệp Hà Nội, Tòa Nhà A9.jpg	Winall9x	2019-09-03	taken	Category:Hanoi University of Industry
81841965	File:Trung tâm cơ khí.jpg	Winall9x	2019-09-03	taken	Category:Hanoi University of Industry
90894881	File:Logo DHCN.png	Winall9x	2020-06-02	taken	Category:Hanoi University of Industry
93541512	File:Trường Đại học Công nghiệp Hà Nội - cơ sở Hà Nam.jpeg	Linhcandng (thảo luận)	2016-08-20	taken	Category:Hanoi University of Industry
177719465	File:Hanoi University of Industry 11-02-2025.jpg	Hainotdeptrai	2025-10-09 10:33:01	taken	Category:Hanoi University of Industry
38659512	File:HAUlogo.jpg	Hanoi Architectural University	2006-03-01	taken	Category:Hanoi Architectural University
119805797	File:Đại học Kiến trúc 1 - NKS.jpg	NKSTTSSHNVN	2022-06-27	taken	Category:Hanoi Architectural University
46650919	File:Kyyeu-tr11.jpg	Voviduc	2016-01-28	taken	Category:Hanoi Law University
77071145	File:Hanoi University of Law.jpg	Nguyen QuocTrung	2019-02-26 15:44:41	taken	Category:Hanoi Law University
127332110	File:Sơ đồ tổ chức của Trường Đại học Luật Hà Nội.jpg	Voviduc	2023-01-03	taken	Category:Hanoi Law University
127333414	File:Nhà B - Trường Đại học Luật Hà Nội.jpg	Voviduc	2019-01-21	taken	Category:Hanoi Law University
127333534	File:Phân hiệu Trường Đại học Luật Hà Nội tại tỉnh Đắk Lắk.jpg	Voviduc	2019-10-30	taken	Category:Hanoi Law University
7822599	File:Dai hoc xay dung.jpg	Engineer1	2009-09-15T23:08:25Z	uploaded	Category:Hanoi University of Civil Engineering
20477522	File:Đại học xây dựng.jpg	Tùng cadet	2012-07-31	taken	Category:Hanoi University of Civil Engineering
45337259	File:LOGO DHXD.png	Quang.nuce	2015-11-30	taken	Category:Hanoi University of Civil Engineering
94091985	File:DaiHocXayDung-MotHoiThao2013.jpg	Doãn Hiệu (thảo luận)	11 tháng 4 năm 2013	taken	Category:Hanoi University of Civil Engineering
117550701	File:HUCE Campuses.jpg	Hanoi University of Civil Engineering	2011-08-17 01:21:33	taken	Category:Hanoi University of Civil Engineering
16976918	File:Đại chủng viện thánh giuse Hà Nội.JPG	Hoanghatruonggiang at vi.wikipedia	25 September 2008 (original upload date)	taken	Category:St. Joseph's Seminary, Hanoi
131507646	File:40-Nha-Chung-1.jpg	Xtvl.1971	2023-05-04	taken	Category:St. Joseph's Seminary, Hanoi
3912074	File:The Ba Dinh meeting-hall.jpg	The original uploader was Casablanca1911 at Vietnamese Wikipedia.	28 May 2007 (original upload date)	taken	Category:Ba Đình Hall
10459217	File:Ba Dinh Hall 1462359227 71b04ee08a.jpg	joxeankoret	2007-09-30	taken	Category:Ba Đình Hall
17514735	File:Ba Đình Hall 1.jpg	Hector Garcia	2007-01-20	taken	Category:Ba Đình Hall
94141906	File:Hoi truong Ba Dinh 2.jpg	GV (thảo luận)	Năm 2006	taken	Category:Ba Đình Hall
139221871	File:Nam Sơn and his students in front of the Maurice Long Museum.jpg	Unknown photographer	"before 1943<div style=""display: none;"">d"	taken	Category:Grand Palais (Hanoi)
178112869	File:Lễ kỷ niệm liệt sĩ Nguyễn Thái Học và Phạm Hồng Thái được tổ chức tại Nhà Đấu xảo.jpg	Philippe Devillers	Taken on 18 June 1946	taken	Category:Grand Palais (Hanoi)
35564307	File:Vietnam National Cinema Center, Hanoi (20140922 173703).jpg	Quenhitran	2014-09-22 17:37:02	taken	Category:Vietnam National Cinema Center, Hanoi
35583936	File:Vietnam National Cinema Center, Hanoi (20140922 173713).jpg	Quenhitran	2014-09-22 17:37:12	taken	Category:Vietnam National Cinema Center, Hanoi
35633646	File:Láng Hạ Street (20140922 180121).jpg	Quenhitran	2014-09-22 18:01:19	taken	Category:Vietnam National Cinema Center, Hanoi
35633702	File:Vietnam National Cinema Center, Hanoi (20140922 180142).jpg	Quenhitran	2014-09-22 18:01:40	taken	Category:Vietnam National Cinema Center, Hanoi
35633743	File:Vietnam National Cinema Center, Hanoi (20140922 180201).jpg	Quenhitran	2014-09-22 18:01:59	taken	Category:Vietnam National Cinema Center, Hanoi
146388274	File:Cháy vé phim Đào, phở và piano.jpg	GDAE	2024-02-26	taken	Category:National Cinema Center, Hanoi
109247	File:Hanoi Oper.jpg		2005-04-14T20:01:09Z	uploaded	Category:Hanoi Opera House
364708	File:Hanoi-opera house.jpg	Davit et Magalie	2005-10-11	taken	Category:Hanoi Opera House
3190135	File:Hanoi operahouse.jpg	The original uploader was Fuzheado at English Wikipedia.	29 January 2004 (original upload date)	taken	Category:Hanoi Opera House
5605602	File:Ha Noi opera house.jpg	goldendragon613	2007-07-13	taken	Category:Hanoi Opera House
7304027	File:Opera House - Hanoi - Vietnam.JPG	Adam Jones Adam63	2009-07-14	taken	Category:Hanoi Opera House
8423593	File:NhaHatLon.JPG	Bùi Thế Tâm	2009-01-26	taken	Category:Hanoi Opera House
14649098	File:Hanoi Opera House.JPG	Arabsalam	2011-02-24	taken	Category:Hanoi Opera House
14715052	File:Hanoi Opera 02.jpg	Von	2006-01-18	taken	Category:Hanoi Opera House
17284720	File:Hanoi Opera House - 2003.jpg	Benoît Prieur	2003	taken	Category:Hanoi Opera House
17514871	File:Hanoi Opera House - detail.jpg	Nam-ho Park	2009-03-21 16:59:47	taken	Category:Hanoi Opera House
17515131	File:Hanoi Opera House 1.jpg	Dennis G. Jarvis	2009-01-31 07:18:31	taken	Category:Hanoi Opera House
22959005	File:Vn-hanoi-oper-02-08-07.jpg	Bgabel	02.08.07	taken	Category:Hanoi Opera House
23324360	File:Hanoi Opera House 15.JPG	Schwede66	2012-12-17 14:03:30	taken	Category:Hanoi Opera House
23324361	File:Hanoi Opera House 14.JPG	Schwede66	2012-12-17 14:02:36	taken	Category:Hanoi Opera House
23324362	File:Hanoi Opera House 16.JPG	Schwede66	2012-12-17 14:19:35	taken	Category:Hanoi Opera House
27853422	File:越南國家歌劇院.JPG	Soltpret	2013-07-25 15:33:44	taken	Category:Hanoi Opera House
28861203	File:Oper Hanoi Vietnam.JPG	Grossbildjaeger	2006-02-20 10:08:16	taken	Category:Hanoi Opera House
47423541	File:The Opera House.jpg	Hieucd	2016-03-09	taken	Category:Hanoi Opera House
48071720	File:Mặt Nam Nhà hát Lớn HN.JPG	Duyệt-phố at Vietnamese Wikipedia	31 December 2012 (original upload date)	taken	Category:Hanoi Opera House
50998563	File:LUNE Hanoi Opera House 01.jpg	Vinhphat1808	2016-05-16 06:34:31	taken	Category:Hanoi Opera House
64218681	File:Hanoi Opera House, 1901-11 (2) (37608221545).jpg	Richard Mortel from Riyadh, Saudi Arabia	Taken on 6 November 2017, 12:08	taken	Category:Hanoi Opera House
64218685	File:Hanoi Opera House, 1901-11 (1) (37608233685).jpg	Richard Mortel from Riyadh, Saudi Arabia	Taken on 6 November 2017, 12:09	taken	Category:Hanoi Opera House
64218689	File:Hanoi Opera House, 1901-11 (3) (37779750014).jpg	Richard Mortel from Riyadh, Saudi Arabia	Taken on 6 November 2017, 12:08	taken	Category:Hanoi Opera House
66958037	File:Couple posing for wedding pictures in front of the Opera House, Hanoi (2018).jpg	Donald Trung	2018-03-02 09:59:48	taken	Category:Hanoi Opera House
69182387	File:Opera House, Hanoi (4855950045).jpg	Caitriana Nicholson from 北京 ~ Beijing, 中国 ~ China	2010-07-30 20:40	taken	Category:Hanoi Opera House
69182389	File:Opera House, Hanoi (4855950685).jpg	Caitriana Nicholson from 北京 ~ Beijing, 中国 ~ China	2010-07-30 20:45	taken	Category:Hanoi Opera House
69182390	File:Opera House, Hanoi (4855951023).jpg	Caitriana Nicholson from 北京 ~ Beijing, 中国 ~ China	2010-07-30 20:46	taken	Category:Hanoi Opera House
93222708	File:Hanoibuoisang.jpg	Buileducanh (thảo luận)	2018-02-19T07:08:39Z	uploaded	Category:Hanoi Opera House
93540891	File:Nhà hát Lớn Hà Nội.jpeg	Linhcandng (thảo luận)	2016-08-21	taken	Category:Hanoi Opera House
105751824	File:Hanoi (2823985167).jpg	Nam-ho Park from Seoul, Korea	2008-08-28 16:00	taken	Category:Hanoi Opera House
122588712	File:Nhà hát Lớn Hà Nội - 2022-09-02 01.jpg	The Hanoian	2022-09-02 11:53:21	taken	Category:Hanoi Opera House
122588715	File:Nhà hát Lớn Hà Nội - 2022-09-02 03.jpg	The Hanoian	2022-09-02 11:56:43	taken	Category:Hanoi Opera House
122588716	File:Nhà hát Lớn Hà Nội - 2022-09-02 02.jpg	The Hanoian	2022-09-02 11:52:31	taken	Category:Hanoi Opera House
134030471	File:Hanoi - Opera House.jpg	Benjamin Smith	2023-04-25 03:25:35	taken	Category:Hanoi Opera House
140252683	File:Nha hat lon (12358211094).jpg	Bem photography:	2014-02-07 06:14	taken	Category:Hanoi Opera House
142910854	File:Hanoi Opera House (1346056183).jpg	thalling55	2007-08-28 21:12:54	taken	Category:Hanoi Opera House
149576269	File:Vladimir Putin at Grand Opera House in Hanoi (2024) 04.jpg	Office of the President of the Russian Federation	2024-06-20	taken	Category:Hanoi Opera House
149576272	File:Vladimir Putin at the Grand Opera House in Hanoi (2024).jpg	Office of the President of the Russian Federation	2024-06-20	taken	Category:Hanoi Opera House
149576276	File:Vladimir Putin at the Grand Opera House in Hanoi (2024) 02.jpg	Office of the President of the Russian Federation	2024-06-20	taken	Category:Hanoi Opera House
196098549	File:Hanoi - Opera House 02.jpg	P. Hughes	2014	taken	Category:Hanoi Opera House
196098551	File:Hanoi - Opera House 01.jpg	P. Hughes	2014	taken	Category:Hanoi Opera House
617224	File:Water Puppet Theatre Vietnam(1).jpg	Thomas Schoch	2006-12-29	taken	Category:Thang Long Water Puppet Theatre
617233	File:Water Puppet Theatre Vietnam(3).jpg	Thomas Schoch	2006-12-29	taken	Category:Thang Long Water Puppet Theatre
671858	File:Puppettheatre.JPG	user:She	2006	taken	Category:Thang Long Water Puppet Theatre
715296	File:Water Puppet Vietnam.jpg	Thomas Schoch	2006-04-17	taken	Category:Thang Long Water Puppet Theatre
2155485	File:Water puppets Hanoi.jpg	Ian Armstrong from Travelling the world at moment, Australia	2006-02-16 20:16	taken	Category:Thang Long Water Puppet Theatre
5654310	File:Thang Long Water Puppet Theatre 2.jpg	Adam	2005-08-28 20:07:17	taken	Category:Thang Long Water Puppet Theatre
5764191	File:Thang Long Water Puppet Theatre1.JPG	Gryffindor	2008-12	taken	Category:Thang Long Water Puppet Theatre
5764204	File:Thang Long Water Puppet Theatre2.JPG	Gryffindor	2008-12	taken	Category:Thang Long Water Puppet Theatre
5764241	File:Thang Long Water Puppet Theatre3.JPG	Gryffindor	2008-12	taken	Category:Thang Long Water Puppet Theatre
5764307	File:Thang Long Water Puppet Theatre4.JPG	Gryffindor	2008-12	taken	Category:Thang Long Water Puppet Theatre
5764409	File:Thang Long Water Puppet Theatre7.JPG	Gryffindor	2008-12	taken	Category:Thang Long Water Puppet Theatre
5773163	File:Water puppets 2871082468 81e0a96b9d o.jpg	https://www.flickr.com/photos/sigkyrre/	2008-09-19	taken	Category:Thang Long Water Puppet Theatre
5773188	File:Water puppets 2508154456 bbb0c9b315 b.jpg	https://www.flickr.com/photos/kinjosan/	2008-05-19	taken	Category:Thang Long Water Puppet Theatre
5773203	File:Water puppets 3166846185 a031d5f30a b.jpg	https://www.flickr.com/photos/mckaysavage/	2009-01-04	taken	Category:Thang Long Water Puppet Theatre
10732543	File:Le théâtre de marionnettes sur l'eau Thang Long (Hanoi).jpg	Jean-Pierre Dalbéra	2010-01-26 10:15:50	taken	Category:Thang Long Water Puppet Theatre
12157305	File:Thang long water puppet.JPG	Ian Sewell	2005	taken	Category:Thang Long Water Puppet Theatre
22549972	File:Water Puppet Theater.JPG	(WT-shared) Shoestring at wts.wikivoyage	24 June 2007 (original upload date)	taken	Category:Thang Long Water Puppet Theatre
22959016	File:Vn-hanoi-wasserpuppen-02-08-07.jpg	Bgabel	02.08.08	taken	Category:Thang Long Water Puppet Theatre
22959018	File:Vn-hanoi-wasserpuppen-02-08-08-07.jpg	Bgabel	02.08.08	taken	Category:Thang Long Water Puppet Theatre
23203385	File:Image-Vn-hanoi-wasserpuppen-02-08-08-07 V2.jpg	"Vn-hanoi-wasserpuppen-02-08-08-07.jpg: Bgabel
derivative work: DerFussi"	02.08.08	taken	Category:Thang Long Water Puppet Theatre
23269859	File:Wasserpuppen.jpg	:de:Benutzer:DIGIBIT.CH	31. Dezember 2005, 19:01:34	taken	Category:Thang Long Water Puppet Theatre
26363834	File:HA NOI WATER PUPPET THEATRE VIETNAM FEB 2012 (7024668347).jpg	calflier001	2012-02-13 06:29	taken	Category:Thang Long Water Puppet Theatre
28997722	File:Show of dolls in Hanoi Vietnam.jpg	Peter van der Sluijs	2013-10-14	taken	Category:Thang Long Water Puppet Theatre
30617595	File:'Certificate of Merit of Thang Long Theatre' ..JPG	Rudolph.A.Furtado	Sunday(1-12-2013)	taken	Category:Thang Long Water Puppet Theatre
30617652	File:Thang Long Water puppet theater..JPG	Rudolph.A.Furtado	Sunday(1-12-2013)	taken	Category:Thang Long Water Puppet Theatre
30617693	File:Lobby of theater.JPG	Rudolph.A.Furtado	Sunday(1-12-2013)	taken	Category:Thang Long Water Puppet Theatre
30617717	File:Puppeteers of Thang Long puppet show..JPG	Rudolph.A.Furtado	Sunday(1-12-2013)	taken	Category:Thang Long Water Puppet Theatre
32657814	File:Chú Tễu.jpg	NicoRay	2014-05-08 14:29:44	taken	Category:Thang Long Water Puppet Theatre
48254063	File:Water-Puppet-Show-Musician.jpg	Steven C. Price	2002-12-18	taken	Category:Thang Long Water Puppet Theatre
48254064	File:Water-Puppet-Show5.jpg	Steven C. Price	2002-12-18	taken	Category:Thang Long Water Puppet Theatre
48254065	File:Water-Puppet-4.jpg	Steven C. Price	2002-12-18	taken	Category:Thang Long Water Puppet Theatre
48254066	File:Water-Puppet-Show3.jpg	Steven C. Price	2002-12-18	taken	Category:Thang Long Water Puppet Theatre
48254067	File:Water-Puppet-Show2.jpg	Steven C. Price	2002-12-18	taken	Category:Thang Long Water Puppet Theatre
48254068	File:Water-Puppet-turtle.jpg	Steven C. Price	2002-12-18	taken	Category:Thang Long Water Puppet Theatre
48254069	File:Water-Puppet-Show.jpg	Steven C. Price	2002-12-18	taken	Category:Thang Long Water Puppet Theatre
48254070	File:Performers-of-Water-Puppet-Show.jpg	Steven C. Price	2002-12-18	taken	Category:Thang Long Water Puppet Theatre
61636552	File:ICHanoi21.jpg	Ziegler175	2000-11	taken	Category:Thang Long Water Puppet Theatre
104311715	File:Thang Long Water Puppet Theatre2 cropped.JPG	Gryffindor	2008-12	taken	Category:Thang Long Water Puppet Theatre
110026213	File:Hanoi water puppets theatre (26395828298).jpg	Mig Gilbert from Brighton	2018-01-27 15:16	taken	Category:Thang Long Water Puppet Theatre
142911657	File:Water Puppet Theater, Hanoi (1345341892).jpg	thalling55	2007-08-26 06:05:04	taken	Category:Thang Long Water Puppet Theatre
142911658	File:Water Puppet Theater, Hanoi (1345341146).jpg	thalling55	2007-08-26 06:04:47	taken	Category:Thang Long Water Puppet Theatre
142911659	File:Water Puppet Theater, Hanoi (1344449709).jpg	thalling55	2007-08-26 06:04:56	taken	Category:Thang Long Water Puppet Theatre
142911660	File:Water Puppet Theater, Hanoi (1344448995).jpg	thalling55	2007-08-26 05:59:21	taken	Category:Thang Long Water Puppet Theatre
142911709	File:Water Puppet Theater, Hanoi (1345339836).jpg	thalling55	2007-08-26 05:20:59	taken	Category:Thang Long Water Puppet Theatre
142911710	File:Water Puppet Theater, Hanoi (1345340160).jpg	thalling55	2007-08-26 05:26:15	taken	Category:Thang Long Water Puppet Theatre
142911711	File:Water Puppet Theater, Hanoi (1345340490).jpg	thalling55	2007-08-26 05:57:37	taken	Category:Thang Long Water Puppet Theatre
142911734	File:Water Puppet Theater, Hanoi (1345339276).jpg	thalling55	2007-08-26 05:16:43	taken	Category:Thang Long Water Puppet Theatre
142911735	File:Water (1344447767).jpg	thalling55	2007-08-26 05:17:07	taken	Category:Thang Long Water Puppet Theatre
142911757	File:Water Puppet Theater, Hanoi (1345338520).jpg	thalling55	2007-08-26 05:03:34	taken	Category:Thang Long Water Puppet Theatre
142911758	File:Water (1345338918).jpg	thalling55	2007-08-26 05:05:07	taken	Category:Thang Long Water Puppet Theatre
142911791	File:Water Puppet Theater, Hanoi (1344446327).jpg	thalling55	2007-08-26 04:49:59	taken	Category:Thang Long Water Puppet Theatre
9413105	File:DangHuuPhucCongDienDatNuoc1.Sept.09.jpg	Daothu	2010-02-06T19:17:14Z	uploaded	Category:HaNoi Drama Theatre
9413110	File:DangHuuPhucCongDienDatNuoc2B.jpg	Daothu	2010-02-06T19:18:02Z	uploaded	Category:HaNoi Drama Theatre
54561360	File:Rap Cong Nhan Ha Noi.jpg	Hoangkid	2012-10-20 03:53:30	taken	Category:HaNoi Drama Theatre
25140005	File:The Main Building of HUS High School.jpg	Vietkool97	2012-07-01	taken	Category:High School for Gifted Students, Hanoi University of Science
25140038	File:The C3 building.jpg	Vietkool97	2012-07-01	taken	Category:High School for Gifted Students, Hanoi University of Science
127997664	File:Trung Vuong Secondary School - 1.jpg	Trần Cương Thiết	2020-12-17	taken	Category:Trưng Vương Secondary School, Hanoi
128002758	File:Trung Vuong Secondary School - 2.jpg	Trần Cương Thiết	2020-12-17	taken	Category:Trưng Vương Secondary School, Hanoi
128002759	File:Trung Vuong Secondary School - 3.jpg	Trần Cương Thiết	2020-12-17	taken	Category:Trưng Vương Secondary School, Hanoi
128002760	File:Trung Vuong Secondary School - 4.jpg	Trần Cương Thiết	2020-12-17	taken	Category:Trưng Vương Secondary School, Hanoi
128019369	File:Nghị định trường Đồng Khánh.jpg	Vũ Đình Hòe	1945-12-10	taken	Category:Trưng Vương Secondary School, Hanoi
128178756	File:Thang Long Primary School - 1.JPG	Trường Tiểu học Thăng Long	2020-05-11	taken	Category:Thăng Long Primary School
179499844	File:Hansers O truong co day em the 1765020978233.jpg	HamjnhThuat99Le	2025-12-06	taken	Category:Hanoi Star Education System
179499845	File:Hansers O truong co day em the 1765020974478.jpg	HamjnhThuat99Le	2025-12-06	taken	Category:Hanoi Star Education System
179499846	File:Hansers O truong co day em the 1765020971151.jpg	HamjnhThuat99Le	2025-12-06	taken	Category:Hanoi Star Education System
179499847	File:Hansers O truong co day em the 1765020981233.jpg	HamjnhThuat99Le	2025-12-06	taken	Category:Hanoi Star Education System
179499849	File:Hansers O truong co day em the 1765020984274.jpg	HamjnhThuat99Le	2025-12-06	taken	Category:Hanoi Star Education System
179499850	File:Hansers O truong co day em the 1765020990313.jpg	HamjnhThuat99Le	2025-12-06	taken	Category:Hanoi Star Education System
179499851	File:Hansers O truong co day em the 1765020987401.jpg	HamjnhThuat99Le	2025-12-06	taken	Category:Hanoi Star Education System
179499853	File:Hansers O truong co day em the 1765020993559.jpg	HamjnhThuat99Le	2025-12-06	taken	Category:Hanoi Star Education System
179499855	File:Hansers O truong co day em the 1765020996870.jpg	HamjnhThuat99Le	2025-12-06	taken	Category:Hanoi Star Education System
179499856	File:Hansers O truong co day em the 1765020999670.jpg	HamjnhThuat99Le	2025-12-06	taken	Category:Hanoi Star Education System
179499859	File:Hansers O truong co day em the 1765021001959.jpg	HamjnhThuat99Le	2025-12-06	taken	Category:Hanoi Star Education System
179499860	File:Hansers O truong co day em the 1765021006266.jpg	HamjnhThuat99Le	2025-12-06	taken	Category:Hanoi Star Education System
179499861	File:Hansers O truong co day em the 1765021008706.jpg	HamjnhThuat99Le	2025-12-06	taken	Category:Hanoi Star Education System
179499862	File:Hansers O truong co day em the 1765021011305.jpg	HamjnhThuat99Le	2025-12-06	taken	Category:Hanoi Star Education System
179499863	File:Hansers O truong co day em the 1765021015232.jpg	HamjnhThuat99Le	2025-12-06	taken	Category:Hanoi Star Education System
179499864	File:Hansers O truong co day em the 1765021018524.jpg	HamjnhThuat99Le	2025-12-06	taken	Category:Hanoi Star Education System
179499865	File:Hansers O truong co day em the 1765021021593.jpg	HamjnhThuat99Le	2025-12-06	taken	Category:Hanoi Star Education System
179499868	File:Hansers O truong co day em the 1765021031361.jpg	HamjnhThuat99Le	2025-12-06	taken	Category:Hanoi Star Education System
179499869	File:Hansers O truong co day em the 1765021025161.jpg	HamjnhThuat99Le	2025-12-06	taken	Category:Hanoi Star Education System
179499871	File:Hansers O truong co day em the 1765021035270.jpg	HamjnhThuat99Le	2025-12-06	taken	Category:Hanoi Star Education System
179499872	File:Hansers O truong co day em the 1765021038785.jpg	HamjnhThuat99Le	2025-12-06	taken	Category:Hanoi Star Education System
179499874	File:Hansers O truong co day em the 1765021042609.jpg	HamjnhThuat99Le	2025-12-06	taken	Category:Hanoi Star Education System
179499878	File:Hansers O truong co day em the 1765021046007.jpg	HamjnhThuat99Le	2025-12-06	taken	Category:Hanoi Star Education System
179499879	File:Hansers O truong co day em the 1765021049346.jpg	HamjnhThuat99Le	2025-12-06	taken	Category:Hanoi Star Education System
179499881	File:Hansers O truong co day em the 1765021052839.jpg	HamjnhThuat99Le	2025-12-06	taken	Category:Hanoi Star Education System
179499884	File:Hansers O truong co day em the 1765021056250.jpg	HamjnhThuat99Le	2025-12-06	taken	Category:Hanoi Star Education System
179499887	File:Hansers O truong co day em the 1765021063187.jpg	HamjnhThuat99Le	2025-12-06	taken	Category:Hanoi Star Education System
179499888	File:Hansers O truong co day em the 1765021067119.jpg	HamjnhThuat99Le	2025-12-06	taken	Category:Hanoi Star Education System
179499892	File:Hansers O truong co day em the 1765021071094.jpg	HamjnhThuat99Le	2025-12-06	taken	Category:Hanoi Star Education System
179499894	File:Hansers O truong co day em the 1765021074755.jpg	HamjnhThuat99Le	2025-12-06	taken	Category:Hanoi Star Education System
179499897	File:Hansers O truong co day em the 1765021078979.jpg	HamjnhThuat99Le	2025-12-06	taken	Category:Hanoi Star Education System
179499901	File:Hansers O truong co day em the 1765021084635.jpg	HamjnhThuat99Le	2025-12-06	taken	Category:Hanoi Star Education System
179499903	File:Hansers O truong co day em the 1765021082022.jpg	HamjnhThuat99Le	2025-12-06	taken	Category:Hanoi Star Education System
179499904	File:Hansers O truong co day em the 1765021088289.jpg	HamjnhThuat99Le	2025-12-06	taken	Category:Hanoi Star Education System
179499905	File:Hansers O truong co day em the 1765021091605.jpg	HamjnhThuat99Le	2025-12-06	taken	Category:Hanoi Star Education System
179499908	File:Hansers O truong co day em the 1765021059642.jpg	HamjnhThuat99Le	2025-12-06	taken	Category:Hanoi Star Education System
179499913	File:Hansers O truong co day em the 1765021099271.jpg	HamjnhThuat99Le	2025-12-06	taken	Category:Hanoi Star Education System
179499916	File:Hansers O truong co day em the 1765021103190.jpg	HamjnhThuat99Le	2025-12-06	taken	Category:Hanoi Star Education System
179499917	File:Hansers O truong co day em the 1765021106557.jpg	HamjnhThuat99Le	2025-12-06	taken	Category:Hanoi Star Education System
179499918	File:Hansers O truong co day em the 1765021094773.jpg	HamjnhThuat99Le	2025-12-06	taken	Category:Hanoi Star Education System
179499919	File:Hansers O truong co day em the 1765021110246.jpg	HamjnhThuat99Le	2025-12-06	taken	Category:Hanoi Star Education System
179499921	File:Hansers O truong co day em the 1765021117989.jpg	HamjnhThuat99Le	2025-12-06	taken	Category:Hanoi Star Education System
179499922	File:Hansers O truong co day em the 1765021121428.jpg	HamjnhThuat99Le	2025-12-06	taken	Category:Hanoi Star Education System
179499923	File:Hansers O truong co day em the 1765021124763.jpg	HamjnhThuat99Le	2025-12-06	taken	Category:Hanoi Star Education System
179499924	File:Hansers O truong co day em the 1765021127443.jpg	HamjnhThuat99Le	2025-12-06	taken	Category:Hanoi Star Education System
179499928	File:Hansers O truong co day em the 1765021130562.jpg	HamjnhThuat99Le	2025-12-06	taken	Category:Hanoi Star Education System
179499929	File:Hansers O truong co day em the 1765021113939.jpg	HamjnhThuat99Le	2025-12-06	taken	Category:Hanoi Star Education System
179499931	File:Hansers O truong co day em the 1765021133924.jpg	HamjnhThuat99Le	2025-12-06	taken	Category:Hanoi Star Education System
179500118	File:Hansers O truong co day em the 1765021267375.jpg	HamjnhThuat99Le	2025-12-06	taken	Category:Hanoi Star Education System
179500119	File:Hansers O truong co day em the 1765021263366.jpg	HamjnhThuat99Le	2025-12-06	taken	Category:Hanoi Star Education System
179500120	File:Hansers O truong co day em the 1765021260641.jpg	HamjnhThuat99Le	2025-12-06	taken	Category:Hanoi Star Education System
179500122	File:Hansers O truong co day em the 1765021270281.jpg	HamjnhThuat99Le	2025-12-06	taken	Category:Hanoi Star Education System
179500123	File:Hansers O truong co day em the 1765021273496.jpg	HamjnhThuat99Le	2025-12-06	taken	Category:Hanoi Star Education System
179500124	File:Hansers O truong co day em the 1765021276896.jpg	HamjnhThuat99Le	2025-12-06	taken	Category:Hanoi Star Education System
179500125	File:Hansers O truong co day em the 1765021279924.jpg	HamjnhThuat99Le	2025-12-06	taken	Category:Hanoi Star Education System
179500126	File:Hansers O truong co day em the 1765021282818.jpg	HamjnhThuat99Le	2025-12-06	taken	Category:Hanoi Star Education System
179500127	File:Hansers O truong co day em the 1765021286242.jpg	HamjnhThuat99Le	2025-12-06	taken	Category:Hanoi Star Education System
179500129	File:Hansers O truong co day em the 1765021289722.jpg	HamjnhThuat99Le	2025-12-06	taken	Category:Hanoi Star Education System
179500130	File:Hansers O truong co day em the 1765021293297.jpg	HamjnhThuat99Le	2025-12-06	taken	Category:Hanoi Star Education System
179500206	File:Hansers O truong co day em the 1765021354369.jpg	HamjnhThuat99Le	2025-12-06	taken	Category:Hanoi Star Education System
179500207	File:Hansers O truong co day em the 1765021357600.jpg	HamjnhThuat99Le	2025-12-06	taken	Category:Hanoi Star Education System
179500208	File:Hansers O truong co day em the 1765021361541.jpg	HamjnhThuat99Le	2025-12-06	taken	Category:Hanoi Star Education System
179500211	File:Hansers O truong co day em the 1765021364949.jpg	HamjnhThuat99Le	2025-12-06	taken	Category:Hanoi Star Education System
179500212	File:Hansers O truong co day em the 1765021368493.jpg	HamjnhThuat99Le	2025-12-06	taken	Category:Hanoi Star Education System
179500213	File:Hansers O truong co day em the 1765021372617.jpg	HamjnhThuat99Le	2025-12-06	taken	Category:Hanoi Star Education System
179500215	File:Hansers O truong co day em the 1765021379257.jpg	HamjnhThuat99Le	2025-12-06	taken	Category:Hanoi Star Education System
179500216	File:Hansers O truong co day em the 1765021381666.jpg	HamjnhThuat99Le	2025-12-06	taken	Category:Hanoi Star Education System
179500217	File:Hansers O truong co day em the 1765021384837.jpg	HamjnhThuat99Le	2025-12-06	taken	Category:Hanoi Star Education System
179500218	File:Hansers O truong co day em the 1765021387614.jpg	HamjnhThuat99Le	2025-12-06	taken	Category:Hanoi Star Education System
179500219	File:Hansers O truong co day em the 1765021375771.jpg	HamjnhThuat99Le	2025-12-06	taken	Category:Hanoi Star Education System
179500245	File:Hansers O truong co day em the 1765021296708.jpg	HamjnhThuat99Le	2025-12-06	taken	Category:Hanoi Star Education System
179500246	File:Hansers O truong co day em the 1765021302124.jpg	HamjnhThuat99Le	2025-12-06	taken	Category:Hanoi Star Education System
179500247	File:Hansers O truong co day em the 1765021299751.jpg	HamjnhThuat99Le	2025-12-06	taken	Category:Hanoi Star Education System
179500251	File:Hansers O truong co day em the 1765021305194.jpg	HamjnhThuat99Le	2025-12-06	taken	Category:Hanoi Star Education System
179500255	File:Hansers O truong co day em the 1765021311047.jpg	HamjnhThuat99Le	2025-12-06	taken	Category:Hanoi Star Education System
179500256	File:Hansers O truong co day em the 1765021308125.jpg	HamjnhThuat99Le	2025-12-06	taken	Category:Hanoi Star Education System
179500257	File:Hansers O truong co day em the 1765021314088.jpg	HamjnhThuat99Le	2025-12-06	taken	Category:Hanoi Star Education System
179500260	File:Hansers O truong co day em the 1765021320840.jpg	HamjnhThuat99Le	2025-12-06	taken	Category:Hanoi Star Education System
179500261	File:Hansers O truong co day em the 1765021324244.jpg	HamjnhThuat99Le	2025-12-06	taken	Category:Hanoi Star Education System
179500262	File:Hansers O truong co day em the 1765021327389.jpg	HamjnhThuat99Le	2025-12-06	taken	Category:Hanoi Star Education System
179500263	File:Hansers O truong co day em the 1765021317401.jpg	HamjnhThuat99Le	2025-12-06	taken	Category:Hanoi Star Education System
179500264	File:Hansers O truong co day em the 1765021330205.jpg	HamjnhThuat99Le	2025-12-06	taken	Category:Hanoi Star Education System
179500266	File:Hansers O truong co day em the 1765021333173.jpg	HamjnhThuat99Le	2025-12-06	taken	Category:Hanoi Star Education System
179500270	File:Hansers O truong co day em the 1765021336484.jpg	HamjnhThuat99Le	2025-12-06	taken	Category:Hanoi Star Education System
179500272	File:Hansers O truong co day em the 1765021340312.jpg	HamjnhThuat99Le	2025-12-06	taken	Category:Hanoi Star Education System
179500273	File:Hansers O truong co day em the 1765021344294.jpg	HamjnhThuat99Le	2025-12-06	taken	Category:Hanoi Star Education System
179500276	File:Hansers O truong co day em the 1765021348147.jpg	HamjnhThuat99Le	2025-12-06	taken	Category:Hanoi Star Education System
179500277	File:Hansers O truong co day em the 1765021351344.jpg	HamjnhThuat99Le	2025-12-06	taken	Category:Hanoi Star Education System
179500459	File:Hansers O truong co day em the 1765021146320.jpg	HamjnhThuat99Le	2025-12-06	taken	Category:Hanoi Star Education System
179500460	File:Hansers O truong co day em the 1765021137518.jpg	HamjnhThuat99Le	2025-12-06	taken	Category:Hanoi Star Education System
179500461	File:Hansers O truong co day em the 1765021141165.jpg	HamjnhThuat99Le	2025-12-06	taken	Category:Hanoi Star Education System
179500463	File:Hansers O truong co day em the 1765021151739.jpg	HamjnhThuat99Le	2025-12-06	taken	Category:Hanoi Star Education System
179500465	File:Hansers O truong co day em the 1765021158313.jpg	HamjnhThuat99Le	2025-12-06	taken	Category:Hanoi Star Education System
179500466	File:Hansers O truong co day em the 1765021155100.jpg	HamjnhThuat99Le	2025-12-06	taken	Category:Hanoi Star Education System
179500468	File:Hansers O truong co day em the 1765021161430.jpg	HamjnhThuat99Le	2025-12-06	taken	Category:Hanoi Star Education System
179500471	File:Hansers O truong co day em the 1765021164591.jpg	HamjnhThuat99Le	2025-12-06	taken	Category:Hanoi Star Education System
179500472	File:Hansers O truong co day em the 1765021168310.jpg	HamjnhThuat99Le	2025-12-06	taken	Category:Hanoi Star Education System
179500474	File:Hansers O truong co day em the 1765021171748.jpg	HamjnhThuat99Le	2025-12-06	taken	Category:Hanoi Star Education System
179500475	File:Hansers O truong co day em the 1765021178827.jpg	HamjnhThuat99Le	2025-12-06	taken	Category:Hanoi Star Education System
179500476	File:Hansers O truong co day em the 1765021175144.jpg	HamjnhThuat99Le	2025-12-06	taken	Category:Hanoi Star Education System
179500478	File:Hansers O truong co day em the 1765021185571.jpg	HamjnhThuat99Le	2025-12-06	taken	Category:Hanoi Star Education System
179500479	File:Hansers O truong co day em the 1765021182547.jpg	HamjnhThuat99Le	2025-12-06	taken	Category:Hanoi Star Education System
179500480	File:Hansers O truong co day em the 1765021189563.jpg	HamjnhThuat99Le	2025-12-06	taken	Category:Hanoi Star Education System
179500482	File:Hansers O truong co day em the 1765021192521.jpg	HamjnhThuat99Le	2025-12-06	taken	Category:Hanoi Star Education System
179500483	File:Hansers O truong co day em the 1765021195649.jpg	HamjnhThuat99Le	2025-12-06	taken	Category:Hanoi Star Education System
179500484	File:Hansers O truong co day em the 1765021198767.jpg	HamjnhThuat99Le	2025-12-06	taken	Category:Hanoi Star Education System
179500487	File:Hansers O truong co day em the 1765021201994.jpg	HamjnhThuat99Le	2025-12-06	taken	Category:Hanoi Star Education System
179500488	File:Hansers O truong co day em the 1765021205158.jpg	HamjnhThuat99Le	2025-12-06	taken	Category:Hanoi Star Education System
179500490	File:Hansers O truong co day em the 1765021208492.jpg	HamjnhThuat99Le	2025-12-06	taken	Category:Hanoi Star Education System
179500491	File:Hansers O truong co day em the 1765021214964.jpg	HamjnhThuat99Le	2025-12-06	taken	Category:Hanoi Star Education System
179500492	File:Hansers O truong co day em the 1765021211950.jpg	HamjnhThuat99Le	2025-12-06	taken	Category:Hanoi Star Education System
179500493	File:Hansers O truong co day em the 1765021217965.jpg	HamjnhThuat99Le	2025-12-06	taken	Category:Hanoi Star Education System
179500496	File:Hansers O truong co day em the 1765021221327.jpg	HamjnhThuat99Le	2025-12-06	taken	Category:Hanoi Star Education System
179500497	File:Hansers O truong co day em the 1765021224763.jpg	HamjnhThuat99Le	2025-12-06	taken	Category:Hanoi Star Education System
179500498	File:Hansers O truong co day em the 1765021227647.jpg	HamjnhThuat99Le	2025-12-06	taken	Category:Hanoi Star Education System
179500589	File:Hansers O truong co day em the 1765021231402.jpg	HamjnhThuat99Le	2025-12-06	taken	Category:Hanoi Star Education System
179500590	File:Hansers O truong co day em the 1765021237350.jpg	HamjnhThuat99Le	2025-12-06	taken	Category:Hanoi Star Education System
179500591	File:Hansers O truong co day em the 1765021234382.jpg	HamjnhThuat99Le	2025-12-06	taken	Category:Hanoi Star Education System
179500593	File:Hansers O truong co day em the 1765021242206.jpg	HamjnhThuat99Le	2025-12-06	taken	Category:Hanoi Star Education System
179500594	File:Hansers O truong co day em the 1765021245602.jpg	HamjnhThuat99Le	2025-12-06	taken	Category:Hanoi Star Education System
179500595	File:Hansers O truong co day em the 1765021249471.jpg	HamjnhThuat99Le	2025-12-06	taken	Category:Hanoi Star Education System
179500598	File:Hansers O truong co day em the 1765021254083.jpg	HamjnhThuat99Le	2025-12-06	taken	Category:Hanoi Star Education System
183874674	File:HSES Teachers Gala 12-03-2026 1770954753004.jpg	HS.tintin	2026-02-12	taken	Category:Hanoi Star Education System
183874675	File:HSES Teachers Gala 12-03-2026 1770954750102.jpg	HS.tintin	2026-02-12	taken	Category:Hanoi Star Education System
183874676	File:HSES Teachers Gala 12-03-2026 1770954755350.jpg	HS.tintin	2026-02-12	taken	Category:Hanoi Star Education System
183874681	File:HSES Teachers Gala 12-03-2026 1770954748038.jpg	HS.tintin	2026-02-12	taken	Category:Hanoi Star Education System
183874682	File:HSES Teachers Gala 12-03-2026 1770954744913.jpg	HS.tintin	2026-02-12	taken	Category:Hanoi Star Education System
183874686	File:HSES Teachers Gala 12-03-2026 1770954742546.jpg	HS.tintin	2026-02-12	taken	Category:Hanoi Star Education System
183874688	File:HSES Teachers Gala 12-03-2026 1770954741010.jpg	HS.tintin	2026-02-12	taken	Category:Hanoi Star Education System
183874689	File:HSES Teachers Gala 12-03-2026 1770954736601.jpg	HS.tintin	2026-02-12	taken	Category:Hanoi Star Education System
183874690	File:HSES Teachers Gala 12-03-2026 1770954738582.jpg	HS.tintin	2026-02-12	taken	Category:Hanoi Star Education System
183874694	File:HSES Teachers Gala 12-03-2026 1770954734353.jpg	HS.tintin	2026-02-12	taken	Category:Hanoi Star Education System
183874695	File:HSES Teachers Gala 12-03-2026 1770954731895.jpg	HS.tintin	2026-02-12	taken	Category:Hanoi Star Education System
183874697	File:HSES Teachers Gala 12-03-2026 1770954728682.jpg	HS.tintin	2026-02-12	taken	Category:Hanoi Star Education System
183874701	File:HSES Teachers Gala 12-03-2026 1770954725661.jpg	HS.tintin	2026-02-12	taken	Category:Hanoi Star Education System
183874702	File:HSES Teachers Gala 12-03-2026 1770954723401.jpg	HS.tintin	2026-02-12	taken	Category:Hanoi Star Education System
183874704	File:HSES Teachers Gala 12-03-2026 1770954721152.jpg	HS.tintin	2026-02-12	taken	Category:Hanoi Star Education System
183874706	File:HSES Teachers Gala 12-03-2026 1770954718997.jpg	HS.tintin	2026-02-12	taken	Category:Hanoi Star Education System
183874707	File:HSES Teachers Gala 12-03-2026 1770954716963.jpg	HS.tintin	2026-02-12	taken	Category:Hanoi Star Education System
183874709	File:HSES Teachers Gala 12-03-2026 1770954714795.jpg	HS.tintin	2026-02-12	taken	Category:Hanoi Star Education System
183874713	File:HSES Teachers Gala 12-03-2026 1770954712242.jpg	HS.tintin	2026-02-12	taken	Category:Hanoi Star Education System
183874714	File:HSES Teachers Gala 12-03-2026 1770954708760.jpg	HS.tintin	2026-02-12	taken	Category:Hanoi Star Education System
183874717	File:HSES Teachers Gala 12-03-2026 1770954706727.jpg	HS.tintin	2026-02-12	taken	Category:Hanoi Star Education System
183874720	File:HSES Teachers Gala 12-03-2026 1770954704738.jpg	HS.tintin	2026-02-12	taken	Category:Hanoi Star Education System
183874722	File:HSES Teachers Gala 12-03-2026 1770954702489.jpg	HS.tintin	2026-02-12	taken	Category:Hanoi Star Education System
183874725	File:HSES Teachers Gala 12-03-2026 1770954699043.jpg	HS.tintin	2026-02-12	taken	Category:Hanoi Star Education System
183874729	File:HSES Teachers Gala 12-03-2026 1770954696340.jpg	HS.tintin	2026-02-12	taken	Category:Hanoi Star Education System
183874731	File:HSES Teachers Gala 12-03-2026 1770954694064.jpg	HS.tintin	2026-02-12	taken	Category:Hanoi Star Education System
183874732	File:HSES Teachers Gala 12-03-2026 1770954691749.jpg	HS.tintin	2026-02-12	taken	Category:Hanoi Star Education System
183874735	File:HSES Teachers Gala 12-03-2026 1770954688205.jpg	HS.tintin	2026-02-12	taken	Category:Hanoi Star Education System
183874736	File:HSES Teachers Gala 12-03-2026 1770954686084.jpg	HS.tintin	2026-02-12	taken	Category:Hanoi Star Education System
183874737	File:HSES Teachers Gala 12-03-2026 1770954684226.jpg	HS.tintin	2026-02-12	taken	Category:Hanoi Star Education System
183874741	File:HSES Teachers Gala 12-03-2026 1770954679487.jpg	HS.tintin	2026-02-12	taken	Category:Hanoi Star Education System
183874742	File:HSES Teachers Gala 12-03-2026 1770954681644.jpg	HS.tintin	2026-02-12	taken	Category:Hanoi Star Education System
183874743	File:HSES Teachers Gala 12-03-2026 1770954677021.jpg	HS.tintin	2026-02-12	taken	Category:Hanoi Star Education System
183874749	File:HSES Teachers Gala 12-03-2026 1770954661364.jpg	HS.tintin	2026-02-12	taken	Category:Hanoi Star Education System
183874751	File:HSES Teachers Gala 12-03-2026 1770954654520.jpg	HS.tintin	2026-02-12	taken	Category:Hanoi Star Education System
183874752	File:HSES Teachers Gala 12-03-2026 1770954656953.jpg	HS.tintin	2026-02-12	taken	Category:Hanoi Star Education System
183874758	File:HSES Teachers Gala 12-03-2026 1770954652574.jpg	HS.tintin	2026-02-12	taken	Category:Hanoi Star Education System
183874759	File:HSES Teachers Gala 12-03-2026 1770954650444.jpg	HS.tintin	2026-02-12	taken	Category:Hanoi Star Education System
183874762	File:HSES Teachers Gala 12-03-2026 1770954648252.jpg	HS.tintin	2026-02-12	taken	Category:Hanoi Star Education System
183874765	File:HSES Teachers Gala 12-03-2026 1770954645975.jpg	HS.tintin	2026-02-12	taken	Category:Hanoi Star Education System
183874766	File:HSES Teachers Gala 12-03-2026 1770954643128.jpg	HS.tintin	2026-02-12	taken	Category:Hanoi Star Education System
183874768	File:HSES Teachers Gala 12-03-2026 1770954640657.jpg	HS.tintin	2026-02-12	taken	Category:Hanoi Star Education System
183874771	File:HSES Teachers Gala 12-03-2026 1770954638748.jpg	HS.tintin	2026-02-12	taken	Category:Hanoi Star Education System
183874772	File:HSES Teachers Gala 12-03-2026 1770954636673.jpg	HS.tintin	2026-02-12	taken	Category:Hanoi Star Education System
183874773	File:HSES Teachers Gala 12-03-2026 1770954634907.jpg	HS.tintin	2026-02-12	taken	Category:Hanoi Star Education System
183874780	File:HSES Teachers Gala 12-03-2026 1770954632325.jpg	HS.tintin	2026-02-12	taken	Category:Hanoi Star Education System
183874783	File:HSES Teachers Gala 12-03-2026 1770954630188.jpg	HS.tintin	2026-02-12	taken	Category:Hanoi Star Education System
183874784	File:HSES Teachers Gala 12-03-2026 1770954627939.jpg	HS.tintin	2026-02-12	taken	Category:Hanoi Star Education System
183875788	File:HSES Teachers Gala 12-03-2026 1770954622357.jpg	HS.tintin	2026-02-12	taken	Category:Hanoi Star Education System
183875789	File:HSES Teachers Gala 12-03-2026 1770954619059.jpg	HS.tintin	2026-02-12	taken	Category:Hanoi Star Education System
183875790	File:HSES Teachers Gala 12-03-2026 1770954625424.jpg	HS.tintin	2026-02-12	taken	Category:Hanoi Star Education System
183875794	File:HSES Teachers Gala 12-03-2026 1770954616751.jpg	HS.tintin	2026-02-12	taken	Category:Hanoi Star Education System
183875796	File:HSES Teachers Gala 12-03-2026 1770954614319.jpg	HS.tintin	2026-02-12	taken	Category:Hanoi Star Education System
183875797	File:HSES Teachers Gala 12-03-2026 1770954611770.jpg	HS.tintin	2026-02-12	taken	Category:Hanoi Star Education System
183875800	File:HSES Teachers Gala 12-03-2026 1770954609935.jpg	HS.tintin	2026-02-12	taken	Category:Hanoi Star Education System
183875801	File:HSES Teachers Gala 12-03-2026 1770954607572.jpg	HS.tintin	2026-02-12	taken	Category:Hanoi Star Education System
183875802	File:HSES Teachers Gala 12-03-2026 1770954605478.jpg	HS.tintin	2026-02-12	taken	Category:Hanoi Star Education System
183875803	File:HSES Teachers Gala 12-03-2026 1770954603396.jpg	HS.tintin	2026-02-12	taken	Category:Hanoi Star Education System
183875804	File:HSES Teachers Gala 12-03-2026 1770954601058.jpg	HS.tintin	2026-02-12	taken	Category:Hanoi Star Education System
183875805	File:HSES Teachers Gala 12-03-2026 1770954599204.jpg	HS.tintin	2026-02-12	taken	Category:Hanoi Star Education System
183875808	File:HSES Teachers Gala 12-03-2026 1770954596709.jpg	HS.tintin	2026-02-12	taken	Category:Hanoi Star Education System
183875809	File:HSES Teachers Gala 12-03-2026 1770954594160.jpg	HS.tintin	2026-02-12	taken	Category:Hanoi Star Education System
184063976	File:Hansers 7A02 in Quizizz lesson 08-02-2026 1771120320807.jpg	HS.tintin	2026-02-08 10:00:00	taken	Category:Hanoi Star Education System
184063977	File:Hansers 7A02 in Quizizz lesson 08-02-2026 1771120323147.jpg	HS.tintin	2026-02-08 10:00:00	taken	Category:Hanoi Star Education System
184063978	File:Hansers 7A02 in Quizizz lesson 08-02-2026 1771120327461.jpg	HS.tintin	2026-02-08 10:00:00	taken	Category:Hanoi Star Education System
184063984	File:Hansers 7A02 in Quizizz lesson 08-02-2026 1771120318249.jpg	HS.tintin	2026-02-08 10:00:00	taken	Category:Hanoi Star Education System
184063985	File:Hansers 7A02 in Quizizz lesson 08-02-2026 1771120315525.jpg	HS.tintin	2026-02-08 10:00:00	taken	Category:Hanoi Star Education System
184063986	File:Hansers 7A02 in Quizizz lesson 08-02-2026 1771120313122.jpg	HS.tintin	2026-02-08 10:00:00	taken	Category:Hanoi Star Education System
184063989	File:Hansers 7A02 in Quizizz lesson 08-02-2026 1771120309858.jpg	HS.tintin	2026-02-08 10:00:00	taken	Category:Hanoi Star Education System
184063990	File:Hansers 7A02 in Quizizz lesson 08-02-2026 1771120303253.jpg	HS.tintin	2026-02-08 10:00:00	taken	Category:Hanoi Star Education System
184063991	File:Hansers 7A02 in Quizizz lesson 08-02-2026 1771120300405.jpg	HS.tintin	2026-02-08 10:00:00	taken	Category:Hanoi Star Education System
184063994	File:Hansers 7A02 in Quizizz lesson 08-02-2026 1771120297142.jpg	HS.tintin	2026-02-08 10:00:00	taken	Category:Hanoi Star Education System
184063995	File:Hansers 7A02 in Quizizz lesson 08-02-2026 1771120284652.jpg	HS.tintin	2026-02-08 10:00:00	taken	Category:Hanoi Star Education System
184063997	File:Hansers 7A02 in Quizizz lesson 08-02-2026 1771120280071.jpg	HS.tintin	2026-02-08 10:00:00	taken	Category:Hanoi Star Education System
184063999	File:Hansers 7A02 in Quizizz lesson 08-02-2026 1771120275518.jpg	HS.tintin	2026-02-08 10:00:00	taken	Category:Hanoi Star Education System
184064001	File:Hansers 7A02 in Quizizz lesson 08-02-2026 1771120272081.jpg	HS.tintin	2026-02-08 10:00:00	taken	Category:Hanoi Star Education System
184064002	File:Hansers 7A02 in Quizizz lesson 08-02-2026 1771120267441.jpg	HS.tintin	2026-02-08 10:00:00	taken	Category:Hanoi Star Education System
184064004	File:Hansers 7A02 in Quizizz lesson 08-02-2026 1771120263189.jpg	HS.tintin	2026-02-08 10:00:00	taken	Category:Hanoi Star Education System
184378182	File:Hansers tim hieu Tet Nguyen Dan 16-02-2026 1771376448448.jpg	HS.tintin	2026-02-16	taken	Category:Hanoi Star Education System
184378183	File:Hansers tim hieu Tet Nguyen Dan 16-02-2026 1771376445019.jpg	HS.tintin	2026-02-16	taken	Category:Hanoi Star Education System
184378184	File:Hansers tim hieu Tet Nguyen Dan 16-02-2026 1771376451800.jpg	HS.tintin	2026-02-16	taken	Category:Hanoi Star Education System
184378198	File:Hansers tim hieu Tet Nguyen Dan 16-02-2026 1771376452907.jpg	HS.tintin	2026-02-16	taken	Category:Hanoi Star Education System
184378199	File:Hansers tim hieu Tet Nguyen Dan 16-02-2026 1771376458242.jpg	HS.tintin	2026-02-16	taken	Category:Hanoi Star Education System
184378200	File:Hansers tim hieu Tet Nguyen Dan 16-02-2026 1771376455589.jpg	HS.tintin	2026-02-16	taken	Category:Hanoi Star Education System
184378205	File:Hansers tim hieu Tet Nguyen Dan 16-02-2026 1771376461134.jpg	HS.tintin	2026-02-16	taken	Category:Hanoi Star Education System
184378207	File:Hansers tim hieu Tet Nguyen Dan 16-02-2026 1771376462988.jpg	HS.tintin	2026-02-16	taken	Category:Hanoi Star Education System
184378208	File:Hansers tim hieu Tet Nguyen Dan 16-02-2026 1771376465642.jpg	HS.tintin	2026-02-16	taken	Category:Hanoi Star Education System
184378214	File:Hansers tim hieu Tet Nguyen Dan 16-02-2026 1771376468775.jpg	HS.tintin	2026-02-16	taken	Category:Hanoi Star Education System
184378216	File:Hansers tim hieu Tet Nguyen Dan 16-02-2026 1771376470848.jpg	HS.tintin	2026-02-16	taken	Category:Hanoi Star Education System
184378218	File:Hansers tim hieu Tet Nguyen Dan 16-02-2026 1771376472788.jpg	HS.tintin	2026-02-16	taken	Category:Hanoi Star Education System
184378219	File:Hansers tim hieu Tet Nguyen Dan 16-02-2026 1771376475586.jpg	HS.tintin	2026-02-16	taken	Category:Hanoi Star Education System
184378220	File:Hansers tim hieu Tet Nguyen Dan 16-02-2026 1771376478128.jpg	HS.tintin	2026-02-16	taken	Category:Hanoi Star Education System
184378221	File:Hansers tim hieu Tet Nguyen Dan 16-02-2026 1771376480535.jpg	HS.tintin	2026-02-16	taken	Category:Hanoi Star Education System
184378224	File:Hansers tim hieu Tet Nguyen Dan 16-02-2026 1771376484067.jpg	HS.tintin	2026-02-16	taken	Category:Hanoi Star Education System
184378230	File:Hansers tim hieu Tet Nguyen Dan 16-02-2026 1771376486502.jpg	HS.tintin	2026-02-16	taken	Category:Hanoi Star Education System
184378231	File:Hansers tim hieu Tet Nguyen Dan 16-02-2026 1771376489413.jpg	HS.tintin	2026-02-16	taken	Category:Hanoi Star Education System
184378232	File:Hansers tim hieu Tet Nguyen Dan 16-02-2026 1771376490577.jpg	HS.tintin	2026-02-16	taken	Category:Hanoi Star Education System
184378234	File:Hansers tim hieu Tet Nguyen Dan 16-02-2026 1771376493307.jpg	HS.tintin	2026-02-16	taken	Category:Hanoi Star Education System
184378237	File:Hansers tim hieu Tet Nguyen Dan 16-02-2026 1771376495593.jpg	HS.tintin	2026-02-16	taken	Category:Hanoi Star Education System
184378239	File:Hansers tim hieu Tet Nguyen Dan 16-02-2026 1771376498289.jpg	HS.tintin	2026-02-16	taken	Category:Hanoi Star Education System
184378241	File:Hansers tim hieu Tet Nguyen Dan 16-02-2026 1771376517364.jpg	HS.tintin	2026-02-16	taken	Category:Hanoi Star Education System
184378242	File:Hansers tim hieu Tet Nguyen Dan 16-02-2026 1771376519897.jpg	HS.tintin	2026-02-16	taken	Category:Hanoi Star Education System
184378247	File:Hansers tim hieu Tet Nguyen Dan 16-02-2026 1771376522394.jpg	HS.tintin	2026-02-16	taken	Category:Hanoi Star Education System
184378248	File:Hansers tim hieu Tet Nguyen Dan 16-02-2026 1771376525061.jpg	HS.tintin	2026-02-16	taken	Category:Hanoi Star Education System
184378251	File:Hansers tim hieu Tet Nguyen Dan 16-02-2026 1771376526937.jpg	HS.tintin	2026-02-16	taken	Category:Hanoi Star Education System
184378256	File:Hansers tim hieu Tet Nguyen Dan 16-02-2026 1771376529582.jpg	HS.tintin	2026-02-16	taken	Category:Hanoi Star Education System
184378260	File:Hansers tim hieu Tet Nguyen Dan 16-02-2026 1771376531783.jpg	HS.tintin	2026-02-16	taken	Category:Hanoi Star Education System
184378261	File:Hansers tim hieu Tet Nguyen Dan 16-02-2026 1771376533771.jpg	HS.tintin	2026-02-16	taken	Category:Hanoi Star Education System
184378262	File:Hansers tim hieu Tet Nguyen Dan 16-02-2026 1771376535980.jpg	HS.tintin	2026-02-16	taken	Category:Hanoi Star Education System
184378264	File:Hansers tim hieu Tet Nguyen Dan 16-02-2026 1771376537943.jpg	HS.tintin	2026-02-16	taken	Category:Hanoi Star Education System
184378265	File:Hansers tim hieu Tet Nguyen Dan 16-02-2026 1771376540207.jpg	HS.tintin	2026-02-16	taken	Category:Hanoi Star Education System
184378270	File:Hansers tim hieu Tet Nguyen Dan 16-02-2026 1771376542566.jpg	HS.tintin	2026-02-16	taken	Category:Hanoi Star Education System
184378275	File:Hansers tim hieu Tet Nguyen Dan 16-02-2026 1771376547061.jpg	HS.tintin	2026-02-16	taken	Category:Hanoi Star Education System
184378277	File:Hansers tim hieu Tet Nguyen Dan 16-02-2026 1771376544975.jpg	HS.tintin	2026-02-16	taken	Category:Hanoi Star Education System
184378279	File:Hansers tim hieu Tet Nguyen Dan 16-02-2026 1771376548734.jpg	HS.tintin	2026-02-16	taken	Category:Hanoi Star Education System
184378281	File:Hansers tim hieu Tet Nguyen Dan 16-02-2026 1771376550685.jpg	HS.tintin	2026-02-16	taken	Category:Hanoi Star Education System
184378283	File:Hansers tim hieu Tet Nguyen Dan 16-02-2026 1771376553005.jpg	HS.tintin	2026-02-16	taken	Category:Hanoi Star Education System
184378284	File:Hansers tim hieu Tet Nguyen Dan 16-02-2026 1771376555216.jpg	HS.tintin	2026-02-16	taken	Category:Hanoi Star Education System
184378289	File:Hansers tim hieu Tet Nguyen Dan 16-02-2026 1771376557709.jpg	HS.tintin	2026-02-16	taken	Category:Hanoi Star Education System
184378295	File:Hansers tim hieu Tet Nguyen Dan 16-02-2026 1771376560337.jpg	HS.tintin	2026-02-16	taken	Category:Hanoi Star Education System
184378297	File:Hansers tim hieu Tet Nguyen Dan 16-02-2026 1771376561608.jpg	HS.tintin	2026-02-16	taken	Category:Hanoi Star Education System
184378299	File:Hansers tim hieu Tet Nguyen Dan 16-02-2026 1771376563975.jpg	HS.tintin	2026-02-16	taken	Category:Hanoi Star Education System
184378301	File:Hansers tim hieu Tet Nguyen Dan 16-02-2026 1771376569184.jpg	HS.tintin	2026-02-16	taken	Category:Hanoi Star Education System
184378302	File:Hansers tim hieu Tet Nguyen Dan 16-02-2026 1771376566789.jpg	HS.tintin	2026-02-16	taken	Category:Hanoi Star Education System
184378303	File:Hansers tim hieu Tet Nguyen Dan 16-02-2026 1771376571069.jpg	HS.tintin	2026-02-16	taken	Category:Hanoi Star Education System
184378306	File:Hansers tim hieu Tet Nguyen Dan 16-02-2026 1771376572959.jpg	HS.tintin	2026-02-16	taken	Category:Hanoi Star Education System
184382952	File:Hansers tim hieu Tet Nguyen Dan 16-02-2026 1771376651588.jpg	HS.tintin	2026-02-16	taken	Category:Hanoi Star Education System
184382953	File:Hansers tim hieu Tet Nguyen Dan 16-02-2026 1771376655186.jpg	HS.tintin	2026-02-16	taken	Category:Hanoi Star Education System
184382954	File:Hansers tim hieu Tet Nguyen Dan 16-02-2026 1771376653121.jpg	HS.tintin	2026-02-16	taken	Category:Hanoi Star Education System
184382961	File:Hansers tim hieu Tet Nguyen Dan 16-02-2026 1771376649548.jpg	HS.tintin	2026-02-16	taken	Category:Hanoi Star Education System
184382962	File:Hansers tim hieu Tet Nguyen Dan 16-02-2026 1771376647646.jpg	HS.tintin	2026-02-16	taken	Category:Hanoi Star Education System
184382964	File:Hansers tim hieu Tet Nguyen Dan 16-02-2026 1771376645543.jpg	HS.tintin	2026-02-16	taken	Category:Hanoi Star Education System
184382968	File:Hansers tim hieu Tet Nguyen Dan 16-02-2026 1771376641168.jpg	HS.tintin	2026-02-16	taken	Category:Hanoi Star Education System
184382970	File:Hansers tim hieu Tet Nguyen Dan 16-02-2026 1771376639356.jpg	HS.tintin	2026-02-16	taken	Category:Hanoi Star Education System
184382971	File:Hansers tim hieu Tet Nguyen Dan 16-02-2026 1771376642959.jpg	HS.tintin	2026-02-16	taken	Category:Hanoi Star Education System
184382975	File:Hansers tim hieu Tet Nguyen Dan 16-02-2026 1771376637634.jpg	HS.tintin	2026-02-16	taken	Category:Hanoi Star Education System
184382979	File:Hansers tim hieu Tet Nguyen Dan 16-02-2026 1771376635812.jpg	HS.tintin	2026-02-16	taken	Category:Hanoi Star Education System
184382980	File:Hansers tim hieu Tet Nguyen Dan 16-02-2026 1771376633613.jpg	HS.tintin	2026-02-16	taken	Category:Hanoi Star Education System
184382983	File:Hansers tim hieu Tet Nguyen Dan 16-02-2026 1771376630239.jpg	HS.tintin	2026-02-16	taken	Category:Hanoi Star Education System
184382984	File:Hansers tim hieu Tet Nguyen Dan 16-02-2026 1771376632252.jpg	HS.tintin	2026-02-16	taken	Category:Hanoi Star Education System
184382986	File:Hansers tim hieu Tet Nguyen Dan 16-02-2026 1771376627700.jpg	HS.tintin	2026-02-16	taken	Category:Hanoi Star Education System
184382990	File:Hansers tim hieu Tet Nguyen Dan 16-02-2026 1771376625671.jpg	HS.tintin	2026-02-16	taken	Category:Hanoi Star Education System
184382993	File:Hansers tim hieu Tet Nguyen Dan 16-02-2026 1771376621248.jpg	HS.tintin	2026-02-16	taken	Category:Hanoi Star Education System
184382997	File:Hansers tim hieu Tet Nguyen Dan 16-02-2026 1771376619426.jpg	HS.tintin	2026-02-16	taken	Category:Hanoi Star Education System
184382998	File:Hansers tim hieu Tet Nguyen Dan 16-02-2026 1771376617890.jpg	HS.tintin	2026-02-16	taken	Category:Hanoi Star Education System
184383001	File:Hansers tim hieu Tet Nguyen Dan 16-02-2026 1771376615766.jpg	HS.tintin	2026-02-16	taken	Category:Hanoi Star Education System
184383003	File:Hansers tim hieu Tet Nguyen Dan 16-02-2026 1771376613744.jpg	HS.tintin	2026-02-16	taken	Category:Hanoi Star Education System
184383006	File:Hansers tim hieu Tet Nguyen Dan 16-02-2026 1771376623425.jpg	HS.tintin	2026-02-16	taken	Category:Hanoi Star Education System
184383009	File:Hansers tim hieu Tet Nguyen Dan 16-02-2026 1771376612481.jpg	HS.tintin	2026-02-16	taken	Category:Hanoi Star Education System
184383011	File:Hansers tim hieu Tet Nguyen Dan 16-02-2026 1771376610340.jpg	HS.tintin	2026-02-16	taken	Category:Hanoi Star Education System
184383013	File:Hansers tim hieu Tet Nguyen Dan 16-02-2026 1771376608471.jpg	HS.tintin	2026-02-16	taken	Category:Hanoi Star Education System
184383016	File:Hansers tim hieu Tet Nguyen Dan 16-02-2026 1771376606287.jpg	HS.tintin	2026-02-16	taken	Category:Hanoi Star Education System
184383017	File:Hansers tim hieu Tet Nguyen Dan 16-02-2026 1771376601476.jpg	HS.tintin	2026-02-16	taken	Category:Hanoi Star Education System
184383020	File:Hansers tim hieu Tet Nguyen Dan 16-02-2026 1771376599025.jpg	HS.tintin	2026-02-16	taken	Category:Hanoi Star Education System
184383021	File:Hansers tim hieu Tet Nguyen Dan 16-02-2026 1771376597025.jpg	HS.tintin	2026-02-16	taken	Category:Hanoi Star Education System
184383024	File:Hansers tim hieu Tet Nguyen Dan 16-02-2026 1771376594989.jpg	HS.tintin	2026-02-16	taken	Category:Hanoi Star Education System
184383027	File:Hansers tim hieu Tet Nguyen Dan 16-02-2026 1771376593174.jpg	HS.tintin	2026-02-16	taken	Category:Hanoi Star Education System
184383029	File:Hansers tim hieu Tet Nguyen Dan 16-02-2026 1771376591392.jpg	HS.tintin	2026-02-16	taken	Category:Hanoi Star Education System
184383030	File:Hansers tim hieu Tet Nguyen Dan 16-02-2026 1771376589663.jpg	HS.tintin	2026-02-16	taken	Category:Hanoi Star Education System
184383032	File:Hansers tim hieu Tet Nguyen Dan 16-02-2026 1771376587244.jpg	HS.tintin	2026-02-16	taken	Category:Hanoi Star Education System
184383034	File:Hansers tim hieu Tet Nguyen Dan 16-02-2026 1771376585261.jpg	HS.tintin	2026-02-16	taken	Category:Hanoi Star Education System
184383037	File:Hansers tim hieu Tet Nguyen Dan 16-02-2026 1771376583216.jpg	HS.tintin	2026-02-16	taken	Category:Hanoi Star Education System
184383040	File:Hansers tim hieu Tet Nguyen Dan 16-02-2026 1771376581387.jpg	HS.tintin	2026-02-16	taken	Category:Hanoi Star Education System
184383043	File:Hansers tim hieu Tet Nguyen Dan 16-02-2026 1771376579134.jpg	HS.tintin	2026-02-16	taken	Category:Hanoi Star Education System
184383045	File:Hansers tim hieu Tet Nguyen Dan 16-02-2026 1771376577369.jpg	HS.tintin	2026-02-16	taken	Category:Hanoi Star Education System
184383047	File:Hansers tim hieu Tet Nguyen Dan 16-02-2026 1771376575127.jpg	HS.tintin	2026-02-16	taken	Category:Hanoi Star Education System
184383048	File:Hansers tim hieu Tet Nguyen Dan 16-02-2026 1771376656813.jpg	HS.tintin	2026-02-16	taken	Category:Hanoi Star Education System
184383858	File:Hansers tim hieu Tet Nguyen Dan 16-02-2026 1771376674000.jpg	HS.tintin	2026-02-16	taken	Category:Hanoi Star Education System
184383859	File:Hansers tim hieu Tet Nguyen Dan 16-02-2026 1771376678269.jpg	HS.tintin	2026-02-16	taken	Category:Hanoi Star Education System
184383860	File:Hansers tim hieu Tet Nguyen Dan 16-02-2026 1771376675839.jpg	HS.tintin	2026-02-16	taken	Category:Hanoi Star Education System
184383864	File:Hansers tim hieu Tet Nguyen Dan 16-02-2026 1771376672086.jpg	HS.tintin	2026-02-16	taken	Category:Hanoi Star Education System
184383867	File:Hansers tim hieu Tet Nguyen Dan 16-02-2026 1771376670235.jpg	HS.tintin	2026-02-16	taken	Category:Hanoi Star Education System
184383868	File:Hansers tim hieu Tet Nguyen Dan 16-02-2026 1771376668096.jpg	HS.tintin	2026-02-16	taken	Category:Hanoi Star Education System
184383870	File:Hansers tim hieu Tet Nguyen Dan 16-02-2026 1771376666395.jpg	HS.tintin	2026-02-16	taken	Category:Hanoi Star Education System
184383872	File:Hansers tim hieu Tet Nguyen Dan 16-02-2026 1771376664587.jpg	HS.tintin	2026-02-16	taken	Category:Hanoi Star Education System
184383873	File:Hansers tim hieu Tet Nguyen Dan 16-02-2026 1771376662495.jpg	HS.tintin	2026-02-16	taken	Category:Hanoi Star Education System
184383880	File:Hansers tim hieu Tet Nguyen Dan 16-02-2026 1771376658637.jpg	HS.tintin	2026-02-16	taken	Category:Hanoi Star Education System
184383892	File:Hansers tim hieu Tet Nguyen Dan 16-02-2026 1771376660593.jpg	HS.tintin	2026-02-16	taken	Category:Hanoi Star Education System
185406108	File:Spring at Hanoistar School 03-03-2026 1772515374081.jpg	JeanFousrou52	2026-03-03 13:00:00	taken	Category:Hanoi Star Education System
185406109	File:Spring at Hanoistar School 03-03-2026 1772515378752.jpg	JeanFousrou52	2026-03-03 13:00:00	taken	Category:Hanoi Star Education System
185406110	File:Spring at Hanoistar School 03-03-2026 1772515376020.jpg	JeanFousrou52	2026-03-03 13:00:00	taken	Category:Hanoi Star Education System
185406112	File:Spring at Hanoistar School 03-03-2026 1772515369125.jpg	JeanFousrou52	2026-03-03 13:00:00	taken	Category:Hanoi Star Education System
185406114	File:Spring at Hanoistar School 03-03-2026 1772515372068.jpg	JeanFousrou52	2026-03-03 13:00:00	taken	Category:Hanoi Star Education System
185406115	File:Spring at Hanoistar School 03-03-2026 1772515367371.jpg	JeanFousrou52	2026-03-03 13:00:00	taken	Category:Hanoi Star Education System
185406116	File:Spring at Hanoistar School 03-03-2026 1772515365131.jpg	JeanFousrou52	2026-03-03 13:00:00	taken	Category:Hanoi Star Education System
185406117	File:Spring at Hanoistar School 03-03-2026 1772515363080.jpg	JeanFousrou52	2026-03-03 13:00:00	taken	Category:Hanoi Star Education System
185406119	File:Spring at Hanoistar School 03-03-2026 1772515361039.jpg	JeanFousrou52	2026-03-03 13:00:00	taken	Category:Hanoi Star Education System
185406120	File:Spring at Hanoistar School 03-03-2026 1772515359141.jpg	JeanFousrou52	2026-03-03 13:00:00	taken	Category:Hanoi Star Education System
185406121	File:Spring at Hanoistar School 03-03-2026 1772515357033.jpg	JeanFousrou52	2026-03-03 13:00:00	taken	Category:Hanoi Star Education System
185406122	File:Spring at Hanoistar School 03-03-2026 1772515356350.jpg	JeanFousrou52	2026-03-03 13:00:00	taken	Category:Hanoi Star Education System
185406123	File:Spring at Hanoistar School 03-03-2026 1772515352912.jpg	JeanFousrou52	2026-03-03 13:00:00	taken	Category:Hanoi Star Education System
185406124	File:Spring at Hanoistar School 03-03-2026 1772515350942.jpg	JeanFousrou52	2026-03-03 13:00:00	taken	Category:Hanoi Star Education System
185406128	File:Spring at Hanoistar School 03-03-2026 1772515348961.jpg	JeanFousrou52	2026-03-03 13:00:00	taken	Category:Hanoi Star Education System
185406129	File:Spring at Hanoistar School 03-03-2026 1772515346311.jpg	JeanFousrou52	2026-03-03 13:00:00	taken	Category:Hanoi Star Education System
185406131	File:Spring at Hanoistar School 03-03-2026 1772515343961.jpg	JeanFousrou52	2026-03-03 13:00:00	taken	Category:Hanoi Star Education System
185406132	File:Spring at Hanoistar School 03-03-2026 1772515342060.jpg	JeanFousrou52	2026-03-03 13:00:00	taken	Category:Hanoi Star Education System
185406135	File:Spring at Hanoistar School 03-03-2026 1772515340061.jpg	JeanFousrou52	2026-03-03 13:00:00	taken	Category:Hanoi Star Education System
185406136	File:Spring at Hanoistar School 03-03-2026 1772515337865.jpg	JeanFousrou52	2026-03-03 13:00:00	taken	Category:Hanoi Star Education System
185406138	File:Spring at Hanoistar School 03-03-2026 1772515335754.jpg	JeanFousrou52	2026-03-03 13:00:00	taken	Category:Hanoi Star Education System
11919645	File:Hanoi – Amsterdam High School 03.JPG	Daaé	2010-10-30	taken	Category:Hanoiamsterdam High School
27016279	File:Hanoi Amsterdam High School for the Gifted Logo2.jpg	Hanoiamsterdam Organization	2013-07-02T12:57:03Z	uploaded	Category:Hanoiamsterdam High School
30770117	File:Hanoi - Amsterdam High School, new classroom 2010.jpg	HaMinh1997	2010-08-05 22:53:59	taken	Category:Hanoiamsterdam High School
30770693	File:Hanoi - Amsterdam High School, August 2008.jpg	HaMinh1997	2008-06-24 07:05:48	taken	Category:Hanoiamsterdam High School
30770769	File:Hanoi - Amsterdam High School, Ngay hoi anh tai 2010.jpg	HaMinh1997	2010-05-15 21:26:45	taken	Category:Hanoiamsterdam High School
30883550	File:Hanoi - Amsterdam High School, multi-functional axis, 1st floor.jpg	Quenhitran	2014-01-23 10:02:26	taken	Category:Hanoiamsterdam High School
32771580	File:Hanoi - Amsterdam High School, the administration block, a view from the outdoor multi-functional axis.jpg	Quenhitran	2014-01-23 10:03:40	taken	Category:Hanoiamsterdam High School
33041826	File:School principal giving opening speech, Talents' Festival 2013.jpg	Quenhitran	2014-05-28 23:36:36	taken	Category:Hanoiamsterdam High School
94090824	File:Hanoiamsterdam Old Quad.jpg	Hlviethung (talk) (Uploads)	2006-10-02	taken	Category:Hanoiamsterdam High School
94118411	File:Đại sảnh tầng hai trường THPT Hà Nội - Amsterdam.JPG	Rol (thảo luận)	3-12-2011	taken	Category:Hanoiamsterdam High School
94118422	File:Sân trước trường THPT Hà Nội - Amsterdam.JPG	Rol (thảo luận)	3-12-2011	taken	Category:Hanoiamsterdam High School
94118433	File:Cửa chính trường THPT Hà Nội - Amsterdam.JPG	Rol (thảo luận)	3-12-2011	taken	Category:Hanoiamsterdam High School
94458547	File:Hanoi-Amsterdam High School Map.jpg	HaMinh1997 (thảo luận)	14 tháng 7 năm 2011	taken	Category:Hanoiamsterdam High School
95633916	File:Hanoiamsterdam System.jpg	HaMinh1997 (thảo luận)	6/9/2010	taken	Category:Hanoiamsterdam High School
133985668	File:Hanoi Amsterdam football stadium, 2022.jpg	JrandWP	2022-05-27	taken	Category:Hanoiamsterdam High School
139668558	File:Hanoi - Amsterdam High School, Ngay hoi anh tai 2023.jpg	JrandWP	2023-10-27	taken	Category:Hanoiamsterdam High School
145018368	File:Hanoi Amsterdam High School for the Gifted Logo.jpg	Hanoiamsterdam Organization	2024-02-05T02:02:37Z	uploaded	Category:Hanoiamsterdam High School
5445509	File:Hanoi opera stage.JPG	M koetteritz	2008-11-18	taken	Category:Interior of Hanoi Opera
18449893	File:Hanoi Opera House 2012 1.jpg	Grenouille vert	2012-02-18	taken	Category:Interior of Hanoi Opera
18449912	File:Hanoi Opera House 2012 2.jpg	Grenouille vert	2012-02-18	taken	Category:Interior of Hanoi Opera
18449929	File:Hanoi Opera House 2012 3.jpg	Grenouille vert	2012-02-18	taken	Category:Interior of Hanoi Opera
18449945	File:Hanoi Opera House 2012 4.jpg	Grenouille vert	2012-02-18	taken	Category:Interior of Hanoi Opera
18515780	File:GDA 2009 Vietnam ALV.jpg	Nic saigon	2009-09-20	taken	Category:Interior of Hanoi Opera
48071871	File:Inside Hanoi Opera House.JPG	Quenhitran	2016-03-05 20:01:13	taken	Category:Interior of Hanoi Opera
50745764	File:Lang Toi.jpg	Vinhphat1808	2016-05-12 14:58:52	taken	Category:Interior of Hanoi Opera
50998565	File:LUNE Hanoi Opera House 02.jpg	Vinhphat1808	2016-04-28 09:57:19	taken	Category:Interior of Hanoi Opera
50998566	File:LUNE Hanoi Opera House 03.jpg	Vinhphat1808	2016-04-28 10:28:33	taken	Category:Interior of Hanoi Opera
94610065	File:Hòa nhạc.jpg	vi:User:Viethavvh	ngày 1 tháng 1 năm 2004	taken	Category:Interior of Hanoi Opera
105314660	File:NhuNhungNguoiBan 2021.jpg	DangTungDuong (thảo luận)	21 tháng 1 năm 2021	taken	Category:Interior of Hanoi Opera
113211379	File:Ngay khang chien, HN Nov 45.jpg	Unknown authorUnknown author	1945-11-05	taken	Category:Interior of Hanoi Opera
149576265	File:Vladimir Putin and To Lam at the Grand Opera House in Hanoi (2024) 01.jpg	Office of the President of the Russian Federation	2024-06-20	taken	Category:Interior of Hanoi Opera
149576266	File:Vladimir Putin and To Lam at the Grand Opera House in Hanoi (2024) 02.jpg	Office of the President of the Russian Federation	2024-06-20	taken	Category:Interior of Hanoi Opera
149576267	File:Audience at the Grand Opera House in Hanoi (2024).jpg	Office of the President of the Russian Federation	2024-06-20	taken	Category:Interior of Hanoi Opera
149576270	File:Vladimir Putin and To Lam at the Grand Opera House in Hanoi (2024) 03.jpg	Office of the President of the Russian Federation	2024-06-20	taken	Category:Interior of Hanoi Opera
149576271	File:Audience at the Grand Opera House in Hanoi (2024) 02.jpg	Office of the President of the Russian Federation	2024-06-20	taken	Category:Interior of Hanoi Opera
149576273	File:Vladimir Putin and To Lam at the Grand Opera House in Hanoi (2024) 04.jpg	Office of the President of the Russian Federation	2024-06-20	taken	Category:Interior of Hanoi Opera
149576274	File:Audience at the Grand Opera House in Hanoi (2024) 03.jpg	Office of the President of the Russian Federation	2024-06-20	taken	Category:Interior of Hanoi Opera
149576275	File:To Lam at the Grand Opera House in Hanoi (2024).jpg	Office of the President of the Russian Federation	2024-06-20	taken	Category:Interior of Hanoi Opera
184065450	File:Samaritan minivan on Vũ Phạm Hàm Street 15-02-2026.jpg	Hoàng Đức Xuyên T59	2026-02-15 08:59:04	taken	Category:Saint Paul Hospital, Hanoi
11849406	File:Keangnam Tower October 2010.jpg	Grenouille vert	2010-10-11	taken	Category:Keangnam Hanoi Landmark Tower
11919746	File:Keangnam Tower 01.JPG	Daaé	2010-10-30	taken	Category:Keangnam Hanoi Landmark Tower
18227733	File:Keangnam-Hanoi-Landmark-Tower.jpg	Pimnl at en.wikipedia) (Uploads	31 January 2011 (original upload date)	taken	Category:Keangnam Hanoi Landmark Tower
19902024	File:LANDMARK72.jpg	Soyoungah	2011-09-05	taken	Category:Keangnam Hanoi Landmark Tower
19902439	File:Landmark72fitness.JPG	Soyoungah	2012-05-17	taken	Category:Keangnam Hanoi Landmark Tower
19902441	File:Landmark72swimmingpool.JPG	Soyoungah	2012-05-17	taken	Category:Keangnam Hanoi Landmark Tower
71362167	File:Nha choc troi Viet Nam.png	Trần Thế Vinh	2018-08-05	taken	Category:Keangnam Hanoi Landmark Tower
114400042	File:Tòa nhà Keangnam, Cầu Giấy, Hà Nội 001.jpg	Phan Minh Tuấn	2021-10-21 04:52:06	taken	Category:Keangnam Hanoi Landmark Tower
123957684	File:Nam Từ Liêm - NKS.jpg	NKSTTSSHNVN	2022-10-09	taken	Category:Keangnam Hanoi Landmark Tower
130928687	File:Tòa nhà Keangnam Hanoi Landmark Tower, Cầu Giấy, Hà Nội 001.jpg	Phan Minh Tuấn	2021-10-21 04:52:06	taken	Category:Keangnam Hanoi Landmark Tower
156773606	File:LANDMARK72 (cropped).jpg	Soyoungah	2011-09-05	taken	Category:Keangnam Hanoi Landmark Tower
157045484	File:Tòa nhà Keangnam, Cầu Giấy, Hà Nội 001 (cropped).jpg	Phan Minh Tuấn	2021-10-21 04:52:06	taken	Category:Keangnam Hanoi Landmark Tower
35488651	File:Lotte Center Hanoi (20140913 173745).jpg	Frozeficent	2014-09-13 17:37:43	taken	Category:Lotte Center Hanoi
35885126	File:Lotte Center Hanoi 2.jpg	Jspeed1310 at Vietnamese Wikipedia	16 January 2014 (original upload date)	taken	Category:Lotte Center Hanoi
35966421	File:Ha noi moi avenue 2.jpg	Jspeed1310	2014-04-18 10:26:56	taken	Category:Lotte Center Hanoi
47721122	File:Lotte Center Hanoi 1 during construction.jpg	Jspeed1310 at Vietnamese Wikipedia	16 January 2014 (original upload date)	taken	Category:Lotte Center Hanoi
95676455	File:Newone + inside Lotte Center Hanoi.jpg	Newone	2020-10-31 17:42:03	taken	Category:Lotte Center Hanoi
129175383	File:Lotte Tower Hanoi - NKS (9 to 16).jpg	NKSTTSSHNVN	20 April 2022	taken	Category:Lotte Center Hanoi
131871029	File:Glass Floor Lotte Tower-Hanoi Vietnam-Andres Larin.jpg	Saaremees	2023-02-16	taken	Category:Lotte Center Hanoi
131871203	File:Rooftop Lotte Tower-Hanoi Vietnam-Andres Larin.jpg	Saaremees	2023-02-16	taken	Category:Lotte Center Hanoi
228623	File:Tower of Hanoi.jpeg		2005-07-17T17:31:01Z	uploaded	Category:Tower of Hanoi
3696391	File:Hanoi-Graph-3-text.png	User:Georg-Johann	2008-03-11	taken	Category:Tower of Hanoi
7112735	File:Linalg towers of hanoi 1.png	Nicholas Longo	2009-06-11	taken	Category:Tower of Hanoi
7112741	File:Linalg towers of hanoi 2.png	Nicholas Longo	2009-06-11	taken	Category:Tower of Hanoi
8673957	File:Hanoi 10Ring 3D.jpg	GeniXPro at English Wikibooks	14 March 2006 (original upload date)	taken	Category:Tower of Hanoi
11410030	File:PSM V26 D464 The tower of hanoi.jpg	Unknown authorUnknown author	"between 1884 and 1885<div style=""display"	taken	Category:Tower of Hanoi
11605570	File:Türme von Hanoi in Bremen 7024.JPG	Bin im Garten	2010-09-12	taken	Category:Tower of Hanoi
16277896	"File:Magnetic ""tower of hanoi"" toy.jpg"	Uri Levy	2010-01-01	taken	Category:Tower of Hanoi
16278008	File:MTOH Magnetic Illustration.jpg	Uri Levy	2010-01-01	taken	Category:Tower of Hanoi
16278130	File:MTOH Initial Position.jpg	Uri Levy	2010-01-01	taken	Category:Tower of Hanoi
16278164	File:MTOH Final Position.jpg	Uri Levy	2010-01-01	taken	Category:Tower of Hanoi
16660463	File:Free MToH five disks 110924.jpg	Uri-Levy	2011-09-24	taken	Category:Tower of Hanoi
16660464	File:MToH three disks one floats 110924.jpg	Uri-Levy	2011-09-24	taken	Category:Tower of Hanoi
16662669	File:Free MToH five disks JPEG 110924.jpg	Uri-Levy	2011-09-24	taken	Category:Tower of Hanoi
16662670	File:MToH three disks one floats JPEG 110924.jpg	Uri-Levy	2011-09-24	taken	Category:Tower of Hanoi
16662672	File:End position three-disk JPEG 110924.jpg	Uri-Levy	2011-09-24	taken	Category:Tower of Hanoi
16662673	File:Start position three-disk JPEG 110924.jpg	Uri-Levy	2011-09-24	taken	Category:Tower of Hanoi
16665869	File:5. Yaron and home-made MToH - 1984 110924.jpg	Uri-Levy	2011-09-24	taken	Category:Tower of Hanoi
16665871	File:8. Solution Movie - 5disks - 83 steps 110924.jpg	Uri-Levy	2011-09-24	taken	Category:Tower of Hanoi
16988502	File:MTOH Two Disk Start.jpg	Davidm0508	2011-10-15	taken	Category:Tower of Hanoi
16988503	File:MTOH Two Disk End.jpg	Davidm0508	2011-10-15	taken	Category:Tower of Hanoi
16988504	File:MTOH Two Disk Middle.jpg	Davidm0508	2011-10-15	taken	Category:Tower of Hanoi
16988669	File:MTOH Two Disk.jpg	Davidm0508	2011-10-15	taken	Category:Tower of Hanoi
16989336	File:MTOH Three Disk.jpg	Davidm0508	2011-10-15	taken	Category:Tower of Hanoi
16990112	File:MTOH Colored Variations.jpg	Davidm0508	2011-10-15	taken	Category:Tower of Hanoi
17001957	File:9D. Two-disk solution all 3 steps JPEG 111016.jpg	Uri-Levy	2011-10-16	taken	Category:Tower of Hanoi
17008705	File:10. MToH colored combinations 111016.jpg	Uri-Levy	2011-10-16	taken	Category:Tower of Hanoi
17020294	File:10B. MToH colored combinations 111018.jpg	Uri-Levy	2011-10-18	taken	Category:Tower of Hanoi
17129698	File:Towerofhanoi.jpg	PranavAmbhore	2011-10-26	taken	Category:Tower of Hanoi
17144335	File:Tower of Hanoi TORRE DE LUCAS TORRE BRAHMA solucion.jpg	Mastermorfeu	2011-10-27	taken	Category:Tower of Hanoi
23453493	File:UniversumUNAM34.JPG	AlejandroLinaresGarcia	2012-12-30 13:33:52	taken	Category:Tower of Hanoi
40020169	File:Palladium nanosheet on silicon wafer.jpg	Xi Yin	2014-03-17	taken	Category:Tower of Hanoi
44034038	File:BTOHIC.jpg	Chaugule26	2015-09-23	taken	Category:Tower of Hanoi
44034039	File:BTOHFC.jpg	Chaugule26	2015-09-23	taken	Category:Tower of Hanoi
61787861	File:Hanoi 10Ring 3D Small.jpg	GeniXPro at English Wikibooks	14 March 2006 (original upload date)	taken	Category:Tower of Hanoi
61798690	File:ToH.PNG	Anwinkle at English Wikibooks	17 July 2007 (original upload date)	taken	Category:Tower of Hanoi
67777332	File:Torre de Hanói.jpg	JonathanCoimbrax	2018-03-28	taken	Category:Tower of Hanoi
67778041	File:Resolução da torre de Hanói de três discos.png	JonathanCoimbrax	2018-03-22	taken	Category:Tower of Hanoi
82089348	File:Towerofhanoi.PNG	PranavAmbhore	2011-10-26	taken	Category:Tower of Hanoi
85702351	File:Trudne zadanie Hanoi.jpg	Zylla	2020-01-07	taken	Category:Tower of Hanoi
105607491	File:สไลด์1.jpg	Smithmath	2021-05-15	taken	Category:Tower of Hanoi
105608662	File:สไลด์2.jpg	Smithmath	2021-05-15	taken	Category:Tower of Hanoi
110016239	File:Tour d Hanoi Lucas.png	Gallica	1889-01-01	taken	Category:Tower of Hanoi
172893320	File:LucasTourHanoi crop.jpg	Édouard Lucas	1883	taken	Category:Tower of Hanoi
8838512	File:Hanoi Bach Mai Airfield bomb damage assessment.jpg		1967-11-17	taken	Category:Airports in Hanoi
73603471	File:VN-A198 Micha.jpg	LLHZ2805	2018-09-27 08:31	taken	Category:Airports in Hanoi
59938378	File:Udaipur view.jpg	Abhishek sahani123	2017-06-15	taken	Category:Royal City, Hanoi
63803626	File:Vincom Center for Contemporary Art.jpg	Amenoc	2017-09-17 15:59:02	taken	Category:Royal City, Hanoi
63803630	File:Royal City 06.jpg	Amenoc	2017-09-17 17:48:58	taken	Category:Royal City, Hanoi
63803632	File:Royal City 07.jpg	Amenoc	2017-09-17 17:50:28	taken	Category:Royal City, Hanoi
5654379	File:Nhà Chung.jpg	Franklin Heijnen	2008-02-16 07:00:48	taken	Category:Nhà Chung Street, Hanoi
17514899	File:Nha Chung street signs.jpg	Nam-ho Park	2009-03-21 17:44:51	taken	Category:Nhà Chung Street, Hanoi
5831057	File:Hàng Bạc.jpg	Alexis Lê-Quôc	2005-12-21 10:56:37	taken	Category:Hàng Bạc Street, Hanoi
98773048	File:Bovloj ĵus lavitaj kaj lasitaj sur trotuaro en Hanojo 01.jpg	RG72	2013-11-10 13:28:50	taken	Category:Hàng Bạc Street, Hanoi
98773052	File:Bovloj ĵus lavitaj kaj lasitaj sur trotuaro en Hanojo 02.jpg	RG72	2013-11-10 13:28:56	taken	Category:Hàng Bạc Street, Hanoi
134030465	File:Hanoi - Hàng Bạc Street - 1.jpg	Benjamin Smith	2023-04-24 11:41:41	taken	Category:Hàng Bạc Street, Hanoi
134030467	File:Hanoi - Hàng Bạc Street - 2.jpg	Benjamin Smith	2023-04-24 11:44:50	taken	Category:Hàng Bạc Street, Hanoi
155745853	File:Hanoi 1212-0497.jpg	Mozzihh	2012-12-17	taken	Category:Hàng Bạc Street, Hanoi
34555668	File:Nguyễn Trãi Road (20140804 174406).jpg	Quenhitran	2014-08-04 17:44:05	taken	Category:Nguyễn Trãi Road, Hanoi
34555669	File:Nguyễn Trãi Road (20140804 174409).jpg	Quenhitran	2014-08-04 17:44:08	taken	Category:Nguyễn Trãi Road, Hanoi
34555670	File:Nguyễn Trãi Road (20140804 174418).jpg	Quenhitran	2014-08-04 17:44:16	taken	Category:Nguyễn Trãi Road, Hanoi
34555671	File:Nguyễn Trãi Road (20140804 174414).jpg	Quenhitran	2014-08-04 17:44:13	taken	Category:Nguyễn Trãi Road, Hanoi
34555672	File:Nguyễn Trãi Road (20140804 174423).jpg	Quenhitran	2014-08-04 17:44:21	taken	Category:Nguyễn Trãi Road, Hanoi
34555673	File:Nguyễn Trãi Road (20140804 174458).jpg	Quenhitran	2014-08-04 17:44:56	taken	Category:Nguyễn Trãi Road, Hanoi
34555674	File:Nguyễn Trãi Road (20140804 174501).jpg	Quenhitran	2014-08-04 17:45:00	taken	Category:Nguyễn Trãi Road, Hanoi
34555675	File:Royal City on Nguyễn Trãi Road (20140804 174508).jpg	Quenhitran	2014-08-04 17:45:07	taken	Category:Nguyễn Trãi Road, Hanoi
34555676	File:Royal City on Nguyễn Trãi Road (20140804 174505).jpg	Quenhitran	2014-08-04 17:45:03	taken	Category:Nguyễn Trãi Road, Hanoi
34555677	File:Royal City on Nguyễn Trãi Road (20140804 174513).jpg	Quenhitran	2014-08-04 17:45:11	taken	Category:Nguyễn Trãi Road, Hanoi
34555678	File:Royal City on Nguyễn Trãi Road (20140804 174528).jpg	Quenhitran	2014-08-04 17:45:27	taken	Category:Nguyễn Trãi Road, Hanoi
34555679	File:Royal City on Nguyễn Trãi Road (20140804 174522).jpg	Quenhitran	2014-08-04 17:45:20	taken	Category:Nguyễn Trãi Road, Hanoi
34555680	File:Royal City on Nguyễn Trãi Road (20140804 174532).jpg	Quenhitran	2014-08-04 17:45:30	taken	Category:Nguyễn Trãi Road, Hanoi
34555681	File:Royal City on Nguyễn Trãi Road (20140804 174537).jpg	Quenhitran	2014-08-04 17:45:36	taken	Category:Nguyễn Trãi Road, Hanoi
34555682	File:Nguyễn Trãi Road (20140804 174550).jpg	Quenhitran	2014-08-04 17:45:49	taken	Category:Nguyễn Trãi Road, Hanoi
34555684	File:Nguyễn Trãi Road (20140804 174553).jpg	Quenhitran	2014-08-04 17:45:52	taken	Category:Nguyễn Trãi Road, Hanoi
34555685	File:Nguyễn Trãi Road (20140804 174557).jpg	Quenhitran	2014-08-04 17:45:55	taken	Category:Nguyễn Trãi Road, Hanoi
34555686	File:Nguyễn Trãi Road (20140804 174600).jpg	Quenhitran	2014-08-04 17:45:58	taken	Category:Nguyễn Trãi Road, Hanoi
34555688	File:Nguyễn Trãi Road (20140804 174603).jpg	Quenhitran	2014-08-04 17:46:02	taken	Category:Nguyễn Trãi Road, Hanoi
34555689	File:Nguyễn Trãi Road (20140804 174650).jpg	Quenhitran	2014-08-04 17:46:48	taken	Category:Nguyễn Trãi Road, Hanoi
34555691	File:Nguyễn Trãi Road (20140804 174658).jpg	Quenhitran	2014-08-04 17:46:56	taken	Category:Nguyễn Trãi Road, Hanoi
34555692	File:Nguyễn Trãi Road (20140804 174704).jpg	Quenhitran	2014-08-04 17:47:03	taken	Category:Nguyễn Trãi Road, Hanoi
34555693	File:Nguyễn Trãi Road (20140804 174710).jpg	Quenhitran	2014-08-04 17:47:09	taken	Category:Nguyễn Trãi Road, Hanoi
34555694	File:Nguyễn Trãi Road (20140804 174754).jpg	Quenhitran	2014-08-04 17:47:52	taken	Category:Nguyễn Trãi Road, Hanoi
97209003	File:NguyenTrai street.jpg	Nam Hy Hoàng Phong (thảo luận)	2008-10-31	taken	Category:Nguyễn Trãi Road, Hanoi
116025284	File:A road under Vành Đai 3 Station.jpg	Thaolinh0610	2022-03-12	taken	Category:Nguyễn Trãi Road, Hanoi
121828340	File:Ngã tư Thanh Xuân.jpg	NKSTTSSHNVN	2022-08-16	taken	Category:Nguyễn Trãi Road, Hanoi
124726156	File:Một góc phường Thanh Xuân Trung.jpg	Klinh1808	2022-10-30	taken	Category:Nguyễn Trãi Road, Hanoi
34555653	File:Tây Sơn Street, Hanoi (20140804 172408).jpg	Quenhitran	2014-08-04 17:24:06	taken	Category:Tây Sơn Street, Hanoi
34555660	File:Tây Sơn Street (20140804 174346).jpg	Quenhitran	2014-08-04 17:43:44	taken	Category:Tây Sơn Street, Hanoi
34555661	File:Tây Sơn Street (20140804 174350).jpg	Quenhitran	2014-08-04 17:43:48	taken	Category:Tây Sơn Street, Hanoi
34555665	File:Tây Sơn Street (20140804 174353).jpg	Quenhitran	2014-08-04 17:43:51	taken	Category:Tây Sơn Street, Hanoi
34555652	File:Thái Hà Street, Hanoi (20140804 172358).jpg	Quenhitran	2014-08-04 17:23:56	taken	Category:Thái Hà Street, Hanoi
34555655	File:Thái Hà Street, Hanoi (20140804 172354).jpg	Quenhitran	2014-08-04 17:23:52	taken	Category:Thái Hà Street, Hanoi
34556555	File:Hapulico Complex on Vũ Trọng Phụng Street (20140804 175309).jpg	Quenhitran	2014-08-04 17:53:07	taken	Category:Vũ Trọng Phụng Street, Hanoi
34556562	File:Hapulico Complex on Vũ Trọng Phụng Street (20140804 175303).jpg	Quenhitran	2014-08-04 17:53:01	taken	Category:Vũ Trọng Phụng Street, Hanoi
34556567	File:Hapulico Complex on Vũ Trọng Phụng Street (20140804 175257).jpg	Quenhitran	2014-08-04 17:52:55	taken	Category:Vũ Trọng Phụng Street, Hanoi
34556569	File:Hapulico Complex on Vũ Trọng Phụng Street (20140804 175253).jpg	Quenhitran	2014-08-04 17:52:51	taken	Category:Vũ Trọng Phụng Street, Hanoi
34556577	File:Hapulico Complex on Vũ Trọng Phụng Street (20140804 175247).jpg	Quenhitran	2014-08-04 17:52:46	taken	Category:Vũ Trọng Phụng Street, Hanoi
34556584	File:Hapulico Complex on Vũ Trọng Phụng Street (20140804 175241).jpg	Quenhitran	2014-08-04 17:52:39	taken	Category:Vũ Trọng Phụng Street, Hanoi
34556591	File:Hapulico Complex on Vũ Trọng Phụng Street (20140804 175231).jpg	Quenhitran	2014-08-04 17:52:30	taken	Category:Vũ Trọng Phụng Street, Hanoi
34556834	File:Hapulico Complex on Vũ Trọng Phụng Street (20140804 175226).jpg	Quenhitran	2014-08-04 17:52:24	taken	Category:Vũ Trọng Phụng Street, Hanoi
34843025	File:Hapulico Complex on Vũ Trọng Phụng Street (20140804 175219).jpg	Quenhitran	2014-08-04 17:52:18	taken	Category:Vũ Trọng Phụng Street, Hanoi
34843044	File:Hapulico Complex on Vũ Trọng Phụng Street (20140804 175215).jpg	Quenhitran	2014-08-04 17:52:14	taken	Category:Vũ Trọng Phụng Street, Hanoi
34843053	File:Hapulico Complex on Vũ Trọng Phụng Street (20140804 175213).jpg	Quenhitran	2014-08-04 17:52:11	taken	Category:Vũ Trọng Phụng Street, Hanoi
34843059	File:Hapulico Complex on Vũ Trọng Phụng Street (20140804 175202).jpg	Quenhitran	2014-08-04 17:52:00	taken	Category:Vũ Trọng Phụng Street, Hanoi
34843068	File:Hapulico Complex on Vũ Trọng Phụng Street (20140804 175157).jpg	Quenhitran	2014-08-04 17:51:55	taken	Category:Vũ Trọng Phụng Street, Hanoi
34843077	File:Hapulico Complex on Vũ Trọng Phụng Street (20140804 175154).jpg	Quenhitran	2014-08-04 17:51:52	taken	Category:Vũ Trọng Phụng Street, Hanoi
34843131	File:Hapulico Complex on Vũ Trọng Phụng Street (20140804 175107).jpg	Quenhitran	2014-08-04 17:51:06	taken	Category:Vũ Trọng Phụng Street, Hanoi
34843144	File:Hapulico Complex on Vũ Trọng Phụng Street (20140804 175105).jpg	Quenhitran	2014-08-04 17:51:03	taken	Category:Vũ Trọng Phụng Street, Hanoi
34843176	File:Hapulico Complex on Vũ Trọng Phụng Street (20140804 175058).jpg	Quenhitran	2014-08-04 17:50:56	taken	Category:Vũ Trọng Phụng Street, Hanoi
34843189	File:Hapulico Complex on Vũ Trọng Phụng Street (20140804 175049).jpg	Quenhitran	2014-08-04 17:50:47	taken	Category:Vũ Trọng Phụng Street, Hanoi
34843196	File:Hapulico Complex on Vũ Trọng Phụng Street (20140804 175042).jpg	Quenhitran	2014-08-04 17:50:41	taken	Category:Vũ Trọng Phụng Street, Hanoi
34843207	File:Hapulico Complex on Vũ Trọng Phụng Street (20140804 175040).jpg	Quenhitran	2014-08-04 17:50:39	taken	Category:Vũ Trọng Phụng Street, Hanoi
34843271	File:Hapulico Complex on Vũ Trọng Phụng Street (20140804 175037).jpg	Quenhitran	2014-08-04 17:50:36	taken	Category:Vũ Trọng Phụng Street, Hanoi
34843283	File:Vũ Trọng Phụng Street (20140804 175034).jpg	Quenhitran	2014-08-04 17:50:33	taken	Category:Vũ Trọng Phụng Street, Hanoi
34843327	File:Vũ Trọng Phụng Street (20140804 175031).jpg	Quenhitran	2014-08-04 17:50:30	taken	Category:Vũ Trọng Phụng Street, Hanoi
34843339	File:Vũ Trọng Phụng Street (20140804 175029).jpg	Quenhitran	2014-08-04 17:50:27	taken	Category:Vũ Trọng Phụng Street, Hanoi
34843366	File:Vũ Trọng Phụng Street (20140804 174811).jpg	Quenhitran	2014-08-04 17:48:09	taken	Category:Vũ Trọng Phụng Street, Hanoi
34843372	File:Vũ Trọng Phụng Street (20140804 174813).jpg	Quenhitran	2014-08-04 17:48:12	taken	Category:Vũ Trọng Phụng Street, Hanoi
34843382	File:Vũ Trọng Phụng Street (20140804 174816).jpg	Quenhitran	2014-08-04 17:48:15	taken	Category:Vũ Trọng Phụng Street, Hanoi
34843386	File:Vũ Trọng Phụng Street (20140804 174821).jpg	Quenhitran	2014-08-04 17:48:20	taken	Category:Vũ Trọng Phụng Street, Hanoi
34843413	File:Vũ Trọng Phụng Street (20140804 175017).jpg	Quenhitran	2014-08-04 17:50:15	taken	Category:Vũ Trọng Phụng Street, Hanoi
34843422	File:Vũ Trọng Phụng Street (20140804 175014).jpg	Quenhitran	2014-08-04 17:50:12	taken	Category:Vũ Trọng Phụng Street, Hanoi
34843447	File:Vũ Trọng Phụng Street (20140804 175009).jpg	Quenhitran	2014-08-04 17:50:08	taken	Category:Vũ Trọng Phụng Street, Hanoi
34843459	File:Vũ Trọng Phụng Street (20140804 175004).jpg	Quenhitran	2014-08-04 17:50:02	taken	Category:Vũ Trọng Phụng Street, Hanoi
34843473	File:Vũ Trọng Phụng Street (20140804 174949).jpg	Quenhitran	2014-08-04 17:49:48	taken	Category:Vũ Trọng Phụng Street, Hanoi
34843532	File:Vũ Trọng Phụng Street (20140804 174943).jpg	Quenhitran	2014-08-04 17:49:42	taken	Category:Vũ Trọng Phụng Street, Hanoi
34843559	File:Vũ Trọng Phụng Street (20140804 174920).jpg	Quenhitran	2014-08-04 17:49:18	taken	Category:Vũ Trọng Phụng Street, Hanoi
34843597	File:Vũ Trọng Phụng Street (20140804 174912).jpg	Quenhitran	2014-08-04 17:49:11	taken	Category:Vũ Trọng Phụng Street, Hanoi
34843616	File:Vũ Trọng Phụng Street (20140804 174909).jpg	Quenhitran	2014-08-04 17:49:07	taken	Category:Vũ Trọng Phụng Street, Hanoi
34843645	File:Vũ Trọng Phụng Street (20140804 174906).jpg	Quenhitran	2014-08-04 17:49:04	taken	Category:Vũ Trọng Phụng Street, Hanoi
34843675	File:Vũ Trọng Phụng Street (20140804 174854).jpg	Quenhitran	2014-08-04 17:48:52	taken	Category:Vũ Trọng Phụng Street, Hanoi
34843712	File:Vũ Trọng Phụng Street (20140804 174841).jpg	Quenhitran	2014-08-04 17:48:40	taken	Category:Vũ Trọng Phụng Street, Hanoi
183817369	File:Lê Hưng hook tea at Trung Kính Hạ Village 08-02-2026 E1.jpg	Hoàng Đức Xuyên T59	2026-02-08 16:15:43	taken	Category:Vũ Trọng Phụng Street, Hanoi
183817370	File:Lê Hưng hook tea at Trung Kính Hạ Village 08-02-2026 E2.jpg	Hoàng Đức Xuyên T59	2026-02-08 16:16:49	taken	Category:Vũ Trọng Phụng Street, Hanoi
35825526	File:Hoàng Minh Giám Street (IMG 0208).JPG	Quenhitran	2014-08-20 18:07:58	taken	Category:Hoàng Minh Giám Street, Hanoi
35825635	File:Hoàng Minh Giám Street (IMG 0207).JPG	Quenhitran	2014-08-20 18:07:53	taken	Category:Hoàng Minh Giám Street, Hanoi
35825662	File:Hoàng Minh Giám Street (IMG 0206).JPG	Quenhitran	2014-08-20 18:06:54	taken	Category:Hoàng Minh Giám Street, Hanoi
35825711	File:Hoàng Minh Giám Street (IMG 0205).JPG	Quenhitran	2014-08-20 18:06:49	taken	Category:Hoàng Minh Giám Street, Hanoi
35825739	File:Hoàng Minh Giám Street (IMG 0204).JPG	Quenhitran	2014-08-20 18:06:45	taken	Category:Hoàng Minh Giám Street, Hanoi
19079876	File:Skyline hanoi.JPG	Choithuxem	2012-04-14	taken	Category:Huỳnh Thúc Kháng Street, Hanoi
118007857	File:TC KTTV đón nhận Huân chương HCM.jpg	Symptoms 0912AD	2003-10-03	taken	Category:Huỳnh Thúc Kháng Street, Hanoi
133704183	File:Huynh Thuc Khang Street, Ha Noi.jpg	Trung geo	2023-05-22 12:48:57	taken	Category:Huỳnh Thúc Kháng Street, Hanoi
184080602	File:Несподіваний подарунок від милої дівчини 15-02-2026 E2.jpg	Hoàng Đức Xuyên T59	2026-02-15 14:04:46	taken	Category:Huỳnh Thúc Kháng Street, Hanoi
184080603	File:Несподіваний подарунок від милої дівчини 15-02-2026 E5.jpg	Hoàng Đức Xuyên T59	2026-02-15 14:13:59	taken	Category:Huỳnh Thúc Kháng Street, Hanoi
184080605	File:Несподіваний подарунок від милої дівчини 15-02-2026 E1.jpg	Hoàng Đức Xuyên T59	2026-02-15 14:03:55	taken	Category:Huỳnh Thúc Kháng Street, Hanoi
184080607	File:Несподіваний подарунок від милої дівчини 15-02-2026 E4.jpg	Hoàng Đức Xuyên T59	2026-02-15 14:13:50	taken	Category:Huỳnh Thúc Kháng Street, Hanoi
184080608	File:Несподіваний подарунок від милої дівчини 15-02-2026 E3.jpg	Hoàng Đức Xuyên T59	2026-02-15 14:13:41	taken	Category:Huỳnh Thúc Kháng Street, Hanoi
25079836	File:USY - Gặp mặt cựu chiến binh Liên Xô Viktor Nikolayevich Bolyarsky từng tham chiến tại miền Bắc Việt Nam, 3-3-2011.jpg	Kim-Long07	2011-03-03 13:14:05	taken	Category:Giảng Võ Street, Hanoi
35564446	File:Giảng Võ Street (20140922 175215).jpg	Quenhitran	2014-09-22 17:52:14	taken	Category:Giảng Võ Street, Hanoi
35564557	File:Giảng Võ Street (20140922 175315).jpg	Quenhitran	2014-09-22 17:53:14	taken	Category:Giảng Võ Street, Hanoi
35564616	File:Giảng Võ Street (20140922 175438).jpg	Quenhitran	2014-09-22 17:54:36	taken	Category:Giảng Võ Street, Hanoi
35564717	File:Giảng Võ Street (20140922 175442).jpg	Quenhitran	2014-09-22 17:54:40	taken	Category:Giảng Võ Street, Hanoi
35581822	File:Giảng Võ Street (20140922 175459).jpg	Quenhitran	2014-09-22 17:54:57	taken	Category:Giảng Võ Street, Hanoi
35581878	File:Giảng Võ Street (20140922 175513).jpg	Quenhitran	2014-09-22 17:55:12	taken	Category:Giảng Võ Street, Hanoi
35581882	File:Giảng Võ Street (20140922 175523).jpg	Quenhitran	2014-09-22 17:55:21	taken	Category:Giảng Võ Street, Hanoi
35581918	File:Giảng Võ Street (20140922 175526).jpg	Quenhitran	2014-09-22 17:55:25	taken	Category:Giảng Võ Street, Hanoi
35581980	File:Giảng Võ Street (20140922 175558).jpg	Quenhitran	2014-09-22 17:55:56	taken	Category:Giảng Võ Street, Hanoi
35581999	File:Giảng Võ Street (20140922 175615).jpg	Quenhitran	2014-09-22 17:56:14	taken	Category:Giảng Võ Street, Hanoi
35582019	File:Giảng Võ Street (20140922 175619).jpg	Quenhitran	2014-09-22 17:56:18	taken	Category:Giảng Võ Street, Hanoi
35582046	File:Giảng Võ Street (20140922 175623).jpg	Quenhitran	2014-09-22 17:56:21	taken	Category:Giảng Võ Street, Hanoi
35633155	File:Trần Huy Liệu Street (20140922 175023).jpg	Quenhitran	2014-09-22 17:50:22	taken	Category:Giảng Võ Street, Hanoi
35633193	File:Trần Huy Liệu Street (20140922 175027).jpg	Quenhitran	2014-09-22 17:50:25	taken	Category:Giảng Võ Street, Hanoi
35633268	File:Trần Huy Liệu Street (20140922 175034).jpg	Quenhitran	2014-09-22 17:50:33	taken	Category:Giảng Võ Street, Hanoi
35633307	File:Trần Huy Liệu Street (20140922 175038).jpg	Quenhitran	2014-09-22 17:50:37	taken	Category:Giảng Võ Street, Hanoi
93958670	File:VinashinBuilding.JPG	Mai Chí Trung	2010-08-21	taken	Category:Giảng Võ Street, Hanoi
35633020	File:Hanoi Hotel (20140922 174558).jpg	Quenhitran	2014-09-22 17:45:57	taken	Category:Trần Huy Liệu Street, Hanoi
35633052	File:Hanoi Hotel (20140922 174603).jpg	Quenhitran	2014-09-22 17:46:01	taken	Category:Trần Huy Liệu Street, Hanoi
35633097	File:Trần Huy Liệu Street (20140922 174914).jpg	Quenhitran	2014-09-22 17:49:12	taken	Category:Trần Huy Liệu Street, Hanoi
36184355	File:Kim Mã Street (IMG 0082).JPG	Quenhitran	2014-08-20 17:47:03	taken	Category:Kim Mã Street, Hanoi
36184413	File:Kim Mã Street (IMG 0083).JPG	Quenhitran	2014-08-20 17:47:12	taken	Category:Kim Mã Street, Hanoi
36184857	File:Kim Mã Street (IMG 0095).JPG	Quenhitran	2014-08-20 17:49:21	taken	Category:Kim Mã Street, Hanoi
77833200	File:Hàng cây xanh trên phố Kim Mã, khu vực gần ngã ba phố Kim Mã giao với phố Trần Huy Liệu, quận Ba Đình, thành phố Hà Nội.jpg	Nguoivietbao	2019-04-06 12:34:48	taken	Category:Kim Mã Street, Hanoi
77833201	File:Các bạn trẻ đứng chụp ảnh dưới hàng cây xanh trên phố Kim Mã, khu vực gần ngã ba phố Kim Mã giao với phố Vạn Bảo, quận Ba Đình, thành phố Hà Nội.jpg	Nguoivietbao	2019-04-06 12:36:47	taken	Category:Kim Mã Street, Hanoi
77833202	File:Hàng cây xanh trên phố Kim Mã, đoạn gần ngã ba phố Kim Mã giao với phố Trần Huy Liệu, quận Ba Đình, thành phố Hà Nội.jpg	Nguoivietbao	2019-04-06 12:33:10	taken	Category:Kim Mã Street, Hanoi
77833204	File:Một cô gái giúp bà lão sang qua đường, đoạn ngã ba phố Kim Mã giao với phố Giang Văn Minh, gần Nhà hát chèo Việt Nam, quận Ba Đình, thành phố Hà Nội.jpg	Nguoivietbao	2019-04-06 12:40:08	taken	Category:Kim Mã Street, Hanoi
77833205	File:Hàng cây xanh trên phố Kim Mã, khu vực gần ngã ba phố Ngọc Khánh giao với phố Kim Mã, quận Ba Đình, thành phố Hà Nội.jpg	Nguoivietbao	2019-04-06 12:41:26	taken	Category:Kim Mã Street, Hanoi
77833206	File:Hàng cây xanh trên phố Kim Mã, khu vực gần ngã ba phố Kim Mã giao với phố Vạn Bảo, quận Ba Đình, thành phố Hà Nội.jpg	Nguoivietbao	2019-04-06 12:41:01	taken	Category:Kim Mã Street, Hanoi
112499494	File:Kim Ma in 2003.jpg	Syced	29 August 2003 (according to <span lang=	taken	Category:Kim Mã Street, Hanoi
112499495	File:Kim Ma in 2003 2.jpg	Syced	29 August 2003 (according to <span lang=	taken	Category:Kim Mã Street, Hanoi
112499506	File:Kim Ma in 2003 3.jpg	Syced	29 August 2003 (according to <span lang=	taken	Category:Kim Mã Street, Hanoi
112499523	File:Kim Ma in 2003 4.jpg	Syced	29 August 2003 (according to <span lang=	taken	Category:Kim Mã Street, Hanoi
112499537	File:Kim Ma in 2003 5.jpg	Syced	29 August 2003 (according to <span lang=	taken	Category:Kim Mã Street, Hanoi
112499550	File:Kim Ma in 2003 6.jpg	Syced	29 August 2003 (according to <span lang=	taken	Category:Kim Mã Street, Hanoi
112499557	File:Kim Ma in 2003 7.jpg	Syced	29 August 2003 (according to <span lang=	taken	Category:Kim Mã Street, Hanoi
112499564	File:Kim Ma in 2003 8.jpg	Syced	29 August 2003 (according to <span lang=	taken	Category:Kim Mã Street, Hanoi
112500062	File:Hanoi 2003, moving a research center from Kim Ma to NCST headquarters.jpg	Syced	29 August 2003 (according to <span lang=	taken	Category:Kim Mã Street, Hanoi
112500068	File:Hanoi 2003, moving a research center from Kim Ma to NCST headquarters 2.jpg	Syced	29 August 2003 (according to <span lang=	taken	Category:Kim Mã Street, Hanoi
112500071	File:Hanoi 2003, moving a research center from Kim Ma to NCST headquarters 3.jpg	Syced	29 August 2003 (according to <span lang=	taken	Category:Kim Mã Street, Hanoi
112500079	File:Hanoi 2003, moving a research center from Kim Ma to NCST headquarters 4.jpg	Syced	29 August 2003 (according to <span lang=	taken	Category:Kim Mã Street, Hanoi
112500082	File:Hanoi 2003, moving a research center from Kim Ma to NCST headquarters 5.jpg	Syced	29 August 2003 (according to <span lang=	taken	Category:Kim Mã Street, Hanoi
112500089	File:Hanoi 2003, moving a research center from Kim Ma to NCST headquarters 6.jpg	Syced	29 August 2003 (according to <span lang=	taken	Category:Kim Mã Street, Hanoi
112500092	File:Hanoi 2003, moving a research center from Kim Ma to NCST headquarters 7.jpg	Syced	29 August 2003 (according to <span lang=	taken	Category:Kim Mã Street, Hanoi
113138723	File:Kim Ma avenue in 2003.jpg	Syced	"30 June 2003 (according to <span lang=""e"	taken	Category:Kim Mã Street, Hanoi
113138768	File:Kim Ma avenue in 2003 2.jpg	Syced	"30 June 2003 (according to <span lang=""e"	taken	Category:Kim Mã Street, Hanoi
113138776	File:Kim Ma avenue in 2003 3.jpg	Syced	"30 June 2003 (according to <span lang=""e"	taken	Category:Kim Mã Street, Hanoi
113138782	File:Kim Ma avenue in 2003 4.jpg	Syced	"30 June 2003 (according to <span lang=""e"	taken	Category:Kim Mã Street, Hanoi
113138794	File:Kim Ma avenue in 2003 5.jpg	Syced	"30 June 2003 (according to <span lang=""e"	taken	Category:Kim Mã Street, Hanoi
113138799	File:Kim Ma avenue in 2003 6.jpg	Syced	"30 June 2003 (according to <span lang=""e"	taken	Category:Kim Mã Street, Hanoi
113138807	File:Kim Ma avenue in 2003 7.jpg	Syced	"30 June 2003 (according to <span lang=""e"	taken	Category:Kim Mã Street, Hanoi
113138824	File:Kim Ma avenue in 2003 8.jpg	Syced	"30 June 2003 (according to <span lang=""e"	taken	Category:Kim Mã Street, Hanoi
113138833	File:Kim Ma avenue in 2003 9.jpg	Syced	"30 June 2003 (according to <span lang=""e"	taken	Category:Kim Mã Street, Hanoi
113138840	File:Kim Ma avenue in 2003 10.jpg	Syced	"30 June 2003 (according to <span lang=""e"	taken	Category:Kim Mã Street, Hanoi
118391358	File:Nha 300 Kim Ma Ha Noi.jpg	Nguyenmy2302	2022-05-26	taken	Category:Kim Mã Street, Hanoi
36240262	File:Núi Trúc Street (IMG 0081).JPG	Quenhitran	2014-08-20 17:45:05	taken	Category:Núi Trúc Street, Hanoi
36240271	File:Núi Trúc Street (IMG 0080).JPG	Quenhitran	2014-08-20 17:45:00	taken	Category:Núi Trúc Street, Hanoi
36247409	File:Núi Trúc Street (IMG 0079).JPG	Quenhitran	2014-08-20 17:44:53	taken	Category:Núi Trúc Street, Hanoi
36247515	File:Nam Cao - Núi Trúc Street (IMG 0078).JPG	Quenhitran	2014-08-20 17:44:50	taken	Category:Núi Trúc Street, Hanoi
36247602	File:Nao Cao - Núi Trúc Street (IMG 0077).JPG	Quenhitran	2014-08-20 17:44:45	taken	Category:Núi Trúc Street, Hanoi
36247710	File:Nam Cao - Núi Trúc Street (IMG 0076).JPG	Quenhitran	2014-08-20 17:44:42	taken	Category:Núi Trúc Street, Hanoi
115321404	File:Phố Núi Trúc street, Hà Nội 02.jpg	Karel Bilek	2022-02-17 11:38:14	taken	Category:Núi Trúc Street, Hanoi
115321406	File:Phố Núi Trúc street, Hà Nội 03.jpg	Karel Bilek	2022-02-17 11:38:14	taken	Category:Núi Trúc Street, Hanoi
36853616	File:Hoàng Tích Trí Street (20141118 163722).jpg	Quenhitran	2014-11-18 16:37:20	taken	Category:Hoàng Tích Trí Street, Hanoi
36853690	File:Hoàng Tích Trí Street (20141118 163901).jpg	Quenhitran	2014-11-18 16:39:00	taken	Category:Hoàng Tích Trí Street, Hanoi
33373103	File:Kabloj en Hanojo.JPG	RG72	2013-11-10 13:35:43	taken	Category:Phan Đình Phùng Street, Hanoi
17465136	File:Pho Nguyen Thai Hoc tu tren cao (thoi phap thuoc).jpg	Zba	2011-11-24	taken	Category:Nguyễn Thái Học Street, Hanoi
17912194	File:Hanoi Skyline.JPG	Ongbac9999	2011-12-29	taken	Category:Nguyễn Thái Học Street, Hanoi
93326245	File:Pho Ha Noi ngay 10-10-2010.jpg	Buileducanh (thảo luận)	2017-12-07T02:03:03Z	uploaded	Category:Nguyễn Thái Học Street, Hanoi
105754222	File:P1020506 (3390155366).jpg	Nam-ho Park from Seoul, Korea	2009-03-01 15:09	taken	Category:Nguyễn Thái Học Street, Hanoi
145321172	File:Vietnam 1999.Hanoi (6).jpg	Rc1959	1999	taken	Category:Nguyễn Thái Học Street, Hanoi
145321175	File:Vietnam 1999.Hanoi (16).jpg	Rc1959	1999	taken	Category:Nguyễn Thái Học Street, Hanoi
145321182	File:Vietnam 1999.Hanoi (34).jpg	Rc1959	1999	taken	Category:Nguyễn Thái Học Street, Hanoi
145321212	File:Vietnam 1999.Hanoi.Rue et motocyclette (28).jpg	Rc1959	1999	taken	Category:Nguyễn Thái Học Street, Hanoi
