id	user	date	date_kind	lon	lat	accuracy	url
213339277	13451|pradeep-b-v	2018-03-18T03:14:09	taken	105.821494	21.025619	25.7890	https://kartaview.org/details/1137569/0
213339285	13451|pradeep-b-v	2018-03-18T03:14:26	taken	105.821754	21.025516	9.1020	https://kartaview.org/details/1137569/0
213339293	13451|pradeep-b-v	2018-03-18T03:14:43	taken	105.821736	21.025397	4.5510	https://kartaview.org/details/1137569/0
213339317	13451|pradeep-b-v	2018-03-18T03:15:31	taken	105.821226	21.024939	6.0680	https://kartaview.org/details/1137569/0
213339339	13451|pradeep-b-v	2018-03-18T03:16:10	taken	105.820766	21.024571	4.5510	https://kartaview.org/details/1137569/0
213339343	13451|pradeep-b-v	2018-03-18T03:16:17	taken	105.820683	21.024502	4.5510	https://kartaview.org/details/1137569/0
213339363	13451|pradeep-b-v	2018-03-18T03:16:55	taken	105.820274	21.024160	4.5510	https://kartaview.org/details/1137569/0
213339369	13451|pradeep-b-v	2018-03-18T03:17:07	taken	105.820124	21.024073	4.5510	https://kartaview.org/details/1137569/0
213339381	13451|pradeep-b-v	2018-03-18T03:17:32	taken	105.819808	21.024104	4.5510	https://kartaview.org/details/1137569/0
213339405	13451|pradeep-b-v	2018-03-18T03:18:18	taken	105.819346	21.024540	4.5510	https://kartaview.org/details/1137569/0
213339407	13451|pradeep-b-v	2018-03-18T03:18:23	taken	105.819301	21.024597	4.5510	https://kartaview.org/details/1137569/0
1738032521	150937|phuong-hien-do	2023-06-07T04:38:55	taken	105.842223	21.019665	15.9438	https://kartaview.org/details/7357977/0
1738266761	150937|phuong-hien-do	2023-06-08T05:49:16	taken	105.842223	21.019665	15.9438	https://kartaview.org/details/7364345/0
1739928329	150937|phuong-hien-do	2023-06-11T07:48:33	taken	105.842223	21.019665	15.9438	https://kartaview.org/details/7383721/0
1803755833	150937|phuong-hien-do	2023-09-14T14:30:49	taken	105.842176	21.019659	15.7978	https://kartaview.org/details/7745753/0
1803755849	150937|phuong-hien-do	2023-09-16T06:51:23	taken	105.842176	21.019659	15.7978	https://kartaview.org/details/7745769/0
1813863177	150937|phuong-hien-do	2023-09-26T14:36:16	taken	105.842194	21.019652	16.0144	https://kartaview.org/details/7843193/0
1836064153	150937|phuong-hien-do	2023-10-31T12:00:22	taken	105.842212	21.019693	35.0000	https://kartaview.org/details/8115721/0
1890701449	150937|phuong-hien-do	2023-12-13T11:45:56	taken	105.842356	21.019581	35.0000	https://kartaview.org/details/8380313/0
1890701481	150937|phuong-hien-do	2023-12-13T11:46:08	taken	105.842348	21.019611	35.0000	https://kartaview.org/details/8380313/0
1803183161	168681|kien-pham	2023-08-27T05:58:46	taken	105.910392	20.976741	8.7338	https://kartaview.org/details/7741017/0
360088811	17817|ngo-quoc-viet	2019-02-13T07:42:32	taken	105.794796	21.035959	65.0000	https://kartaview.org/details/1340527/0
360088549	17817|ngo-quoc-viet	2019-02-13T11:21:40	taken	105.794270	21.038828	10.0000	https://kartaview.org/details/1340525/0
360088559	17817|ngo-quoc-viet	2019-02-13T11:21:56	taken	105.793791	21.038781	10.0000	https://kartaview.org/details/1340525/0
360088567	17817|ngo-quoc-viet	2019-02-13T11:22:06	taken	105.793493	21.038919	10.0000	https://kartaview.org/details/1340525/0
360088573	17817|ngo-quoc-viet	2019-02-13T11:22:11	taken	105.793260	21.039127	10.0000	https://kartaview.org/details/1340525/0
360088581	17817|ngo-quoc-viet	2019-02-13T11:22:19	taken	105.792856	21.039406	10.0000	https://kartaview.org/details/1340525/0
360088593	17817|ngo-quoc-viet	2019-02-13T11:22:31	taken	105.792364	21.039776	10.0000	https://kartaview.org/details/1340525/0
360088595	17817|ngo-quoc-viet	2019-02-13T11:22:33	taken	105.792277	21.039836	10.0000	https://kartaview.org/details/1340525/0
360088603	17817|ngo-quoc-viet	2019-02-13T11:22:41	taken	105.791883	21.040142	10.0000	https://kartaview.org/details/1340525/0
360088607	17817|ngo-quoc-viet	2019-02-13T11:22:45	taken	105.791708	21.040298	10.0000	https://kartaview.org/details/1340525/0
360088617	17817|ngo-quoc-viet	2019-02-13T11:22:56	taken	105.791348	21.040529	10.0000	https://kartaview.org/details/1340525/0
360088625	17817|ngo-quoc-viet	2019-02-13T11:23:04	taken	105.790859	21.040555	10.0000	https://kartaview.org/details/1340525/0
360088633	17817|ngo-quoc-viet	2019-02-13T11:23:12	taken	105.790535	21.040723	10.0000	https://kartaview.org/details/1340525/0
360088641	17817|ngo-quoc-viet	2019-02-13T11:23:20	taken	105.790530	21.041191	10.0000	https://kartaview.org/details/1340525/0
360088653	17817|ngo-quoc-viet	2019-02-13T11:24:19	taken	105.790441	21.041576	10.0000	https://kartaview.org/details/1340525/0
360088655	17817|ngo-quoc-viet	2019-02-13T11:24:22	taken	105.790349	21.041618	10.0000	https://kartaview.org/details/1340525/0
360088665	17817|ngo-quoc-viet	2019-02-13T11:24:34	taken	105.789937	21.041669	10.0000	https://kartaview.org/details/1340525/0
360088673	17817|ngo-quoc-viet	2019-02-13T11:24:42	taken	105.789419	21.041673	10.0000	https://kartaview.org/details/1340525/0
360088681	17817|ngo-quoc-viet	2019-02-13T11:24:50	taken	105.788906	21.041672	10.0000	https://kartaview.org/details/1340525/0
360088689	17817|ngo-quoc-viet	2019-02-13T11:24:58	taken	105.788460	21.041676	10.0000	https://kartaview.org/details/1340525/0
360088697	17817|ngo-quoc-viet	2019-02-13T11:25:05	taken	105.787971	21.041678	10.0000	https://kartaview.org/details/1340525/0
360088705	17817|ngo-quoc-viet	2019-02-13T11:25:13	taken	105.787440	21.041681	10.0000	https://kartaview.org/details/1340525/0
360088711	17817|ngo-quoc-viet	2019-02-13T11:25:19	taken	105.787055	21.041688	10.0000	https://kartaview.org/details/1340525/0
360088721	17817|ngo-quoc-viet	2019-02-13T11:25:39	taken	105.786582	21.041692	10.0000	https://kartaview.org/details/1340525/0
360088733	17817|ngo-quoc-viet	2019-02-13T11:25:54	taken	105.786112	21.041743	10.0000	https://kartaview.org/details/1340525/0
360088743	17817|ngo-quoc-viet	2019-02-13T11:26:04	taken	105.785542	21.041736	10.0000	https://kartaview.org/details/1340525/0
360088749	17817|ngo-quoc-viet	2019-02-13T11:26:10	taken	105.785141	21.041752	10.0000	https://kartaview.org/details/1340525/0
360088757	17817|ngo-quoc-viet	2019-02-13T11:26:18	taken	105.784676	21.041786	10.0000	https://kartaview.org/details/1340525/0
360088767	17817|ngo-quoc-viet	2019-02-13T11:26:29	taken	105.784118	21.041777	10.0000	https://kartaview.org/details/1340525/0
360088775	17817|ngo-quoc-viet	2019-02-13T11:26:37	taken	105.783643	21.041782	10.0000	https://kartaview.org/details/1340525/0
360088783	17817|ngo-quoc-viet	2019-02-13T11:26:45	taken	105.783133	21.041796	10.0000	https://kartaview.org/details/1340525/0
360088791	17817|ngo-quoc-viet	2019-02-13T11:26:53	taken	105.782636	21.041816	10.0000	https://kartaview.org/details/1340525/0
360088797	17817|ngo-quoc-viet	2019-02-13T11:26:58	taken	105.782275	21.041833	10.0000	https://kartaview.org/details/1340525/0
360088805	17817|ngo-quoc-viet	2019-02-13T11:27:06	taken	105.781773	21.041856	10.0000	https://kartaview.org/details/1340525/0
360088101	17817|ngo-quoc-viet	2019-02-13T11:29:25	taken	105.780804	21.038891	10.0000	https://kartaview.org/details/1340523/0
360088107	17817|ngo-quoc-viet	2019-02-13T11:29:31	taken	105.780752	21.038318	10.0000	https://kartaview.org/details/1340523/0
360088113	17817|ngo-quoc-viet	2019-02-13T11:29:35	taken	105.780694	21.037815	10.0000	https://kartaview.org/details/1340523/0
360088117	17817|ngo-quoc-viet	2019-02-13T11:29:39	taken	105.780627	21.037284	10.0000	https://kartaview.org/details/1340523/0
360088121	17817|ngo-quoc-viet	2019-02-13T11:29:41	taken	105.780606	21.037003	10.0000	https://kartaview.org/details/1340523/0
360088127	17817|ngo-quoc-viet	2019-02-13T11:29:44	taken	105.780548	21.036574	10.0000	https://kartaview.org/details/1340523/0
360088133	17817|ngo-quoc-viet	2019-02-13T11:29:47	taken	105.780483	21.036136	10.0000	https://kartaview.org/details/1340523/0
360088139	17817|ngo-quoc-viet	2019-02-13T11:29:50	taken	105.780409	21.035698	10.0000	https://kartaview.org/details/1340523/0
360088143	17817|ngo-quoc-viet	2019-02-13T11:29:53	taken	105.780346	21.035288	10.0000	https://kartaview.org/details/1340523/0
360088151	17817|ngo-quoc-viet	2019-02-13T11:29:57	taken	105.780244	21.034716	10.0000	https://kartaview.org/details/1340523/0
360088157	17817|ngo-quoc-viet	2019-02-13T11:30:00	taken	105.780168	21.034293	10.0000	https://kartaview.org/details/1340523/0
360088163	17817|ngo-quoc-viet	2019-02-13T11:30:04	taken	105.780070	21.033760	10.0000	https://kartaview.org/details/1340523/0
360088169	17817|ngo-quoc-viet	2019-02-13T11:30:07	taken	105.780009	21.033398	10.0000	https://kartaview.org/details/1340523/0
360088175	17817|ngo-quoc-viet	2019-02-13T11:30:10	taken	105.779946	21.033038	10.0000	https://kartaview.org/details/1340523/0
360088181	17817|ngo-quoc-viet	2019-02-13T11:30:14	taken	105.779867	21.032553	10.0000	https://kartaview.org/details/1340523/0
360088189	17817|ngo-quoc-viet	2019-02-13T11:30:18	taken	105.779775	21.032067	10.0000	https://kartaview.org/details/1340523/0
360088195	17817|ngo-quoc-viet	2019-02-13T11:30:21	taken	105.779707	21.031704	10.0000	https://kartaview.org/details/1340523/0
360088201	17817|ngo-quoc-viet	2019-02-13T11:30:26	taken	105.779601	21.031075	10.0000	https://kartaview.org/details/1340523/0
360088205	17817|ngo-quoc-viet	2019-02-13T11:30:30	taken	105.779522	21.030572	10.0000	https://kartaview.org/details/1340523/0
360088207	17817|ngo-quoc-viet	2019-02-13T11:30:32	taken	105.779478	21.030325	10.0000	https://kartaview.org/details/1340523/0
360088213	17817|ngo-quoc-viet	2019-02-13T11:30:36	taken	105.779391	21.029825	10.0000	https://kartaview.org/details/1340523/0
360088217	17817|ngo-quoc-viet	2019-02-13T11:30:39	taken	105.779332	21.029451	10.0000	https://kartaview.org/details/1340523/0
360088221	17817|ngo-quoc-viet	2019-02-13T11:30:43	taken	105.779244	21.028937	10.0000	https://kartaview.org/details/1340523/0
360088227	17817|ngo-quoc-viet	2019-02-13T11:30:47	taken	105.779163	21.028433	10.0000	https://kartaview.org/details/1340523/0
360088231	17817|ngo-quoc-viet	2019-02-13T11:30:50	taken	105.779089	21.028024	10.0000	https://kartaview.org/details/1340523/0
360088237	17817|ngo-quoc-viet	2019-02-13T11:30:53	taken	105.779013	21.027573	10.0000	https://kartaview.org/details/1340523/0
360088243	17817|ngo-quoc-viet	2019-02-13T11:30:56	taken	105.778936	21.027108	10.0000	https://kartaview.org/details/1340523/0
360088245	17817|ngo-quoc-viet	2019-02-13T11:30:57	taken	105.778907	21.026945	10.0000	https://kartaview.org/details/1340523/0
360088249	17817|ngo-quoc-viet	2019-02-13T11:30:59	taken	105.778853	21.026636	10.0000	https://kartaview.org/details/1340523/0
360088253	17817|ngo-quoc-viet	2019-02-13T11:31:01	taken	105.778798	21.026315	10.0000	https://kartaview.org/details/1340523/0
360088259	17817|ngo-quoc-viet	2019-02-13T11:31:04	taken	105.778720	21.025828	10.0000	https://kartaview.org/details/1340523/0
360088265	17817|ngo-quoc-viet	2019-02-13T11:31:07	taken	105.778642	21.025304	10.0000	https://kartaview.org/details/1340523/0
360088269	17817|ngo-quoc-viet	2019-02-13T11:31:09	taken	105.778605	21.024956	10.0000	https://kartaview.org/details/1340523/0
360088275	17817|ngo-quoc-viet	2019-02-13T11:31:12	taken	105.778596	21.024445	10.0000	https://kartaview.org/details/1340523/0
360088281	17817|ngo-quoc-viet	2019-02-13T11:31:15	taken	105.778622	21.023935	10.0000	https://kartaview.org/details/1340523/0
360088285	17817|ngo-quoc-viet	2019-02-13T11:31:17	taken	105.778654	21.023602	10.0000	https://kartaview.org/details/1340523/0
360088291	17817|ngo-quoc-viet	2019-02-13T11:31:20	taken	105.778737	21.023132	10.0000	https://kartaview.org/details/1340523/0
360088297	17817|ngo-quoc-viet	2019-02-13T11:31:23	taken	105.778844	21.022677	10.0000	https://kartaview.org/details/1340523/0
360088301	17817|ngo-quoc-viet	2019-02-13T11:31:25	taken	105.778929	21.022393	10.0000	https://kartaview.org/details/1340523/0
360088303	17817|ngo-quoc-viet	2019-02-13T11:31:26	taken	105.778975	21.022256	10.0000	https://kartaview.org/details/1340523/0
360088311	17817|ngo-quoc-viet	2019-02-13T11:31:30	taken	105.779193	21.021729	10.0000	https://kartaview.org/details/1340523/0
360088317	17817|ngo-quoc-viet	2019-02-13T11:31:33	taken	105.779372	21.021337	10.0000	https://kartaview.org/details/1340523/0
360088319	17817|ngo-quoc-viet	2019-02-13T11:31:34	taken	105.779439	21.021210	10.0000	https://kartaview.org/details/1340523/0
360088325	17817|ngo-quoc-viet	2019-02-13T11:31:37	taken	105.779658	21.020839	10.0000	https://kartaview.org/details/1340523/0
360088329	17817|ngo-quoc-viet	2019-02-13T11:31:40	taken	105.779901	21.020499	10.0000	https://kartaview.org/details/1340523/0
360088331	17817|ngo-quoc-viet	2019-02-13T11:31:41	taken	105.779971	21.020378	10.0000	https://kartaview.org/details/1340523/0
360088337	17817|ngo-quoc-viet	2019-02-13T11:31:44	taken	105.780242	21.020020	10.0000	https://kartaview.org/details/1340523/0
360088341	17817|ngo-quoc-viet	2019-02-13T11:31:46	taken	105.780445	21.019771	10.0000	https://kartaview.org/details/1340523/0
360088345	17817|ngo-quoc-viet	2019-02-13T11:31:48	taken	105.780650	21.019517	10.0000	https://kartaview.org/details/1340523/0
360088349	17817|ngo-quoc-viet	2019-02-13T11:31:50	taken	105.780857	21.019267	10.0000	https://kartaview.org/details/1340523/0
360088353	17817|ngo-quoc-viet	2019-02-13T11:31:52	taken	105.781054	21.019025	10.0000	https://kartaview.org/details/1340523/0
360088359	17817|ngo-quoc-viet	2019-02-13T11:31:55	taken	105.781343	21.018665	10.0000	https://kartaview.org/details/1340523/0
360088367	17817|ngo-quoc-viet	2019-02-13T11:31:59	taken	105.781736	21.018179	10.0000	https://kartaview.org/details/1340523/0
360088369	17817|ngo-quoc-viet	2019-02-13T11:32:00	taken	105.781836	21.018056	10.0000	https://kartaview.org/details/1340523/0
360088375	17817|ngo-quoc-viet	2019-02-13T11:32:03	taken	105.782145	21.017672	10.0000	https://kartaview.org/details/1340523/0
360088379	17817|ngo-quoc-viet	2019-02-13T11:32:05	taken	105.782357	21.017411	10.0000	https://kartaview.org/details/1340523/0
360088381	17817|ngo-quoc-viet	2019-02-13T11:32:06	taken	105.782460	21.017283	10.0000	https://kartaview.org/details/1340523/0
360088387	17817|ngo-quoc-viet	2019-02-13T11:32:09	taken	105.782778	21.016895	10.0000	https://kartaview.org/details/1340523/0
360088389	17817|ngo-quoc-viet	2019-02-13T11:32:10	taken	105.782883	21.016766	10.0000	https://kartaview.org/details/1340523/0
360088395	17817|ngo-quoc-viet	2019-02-13T11:32:13	taken	105.783196	21.016383	10.0000	https://kartaview.org/details/1340523/0
360088397	17817|ngo-quoc-viet	2019-02-13T11:32:14	taken	105.783300	21.016255	10.0000	https://kartaview.org/details/1340523/0
360088403	17817|ngo-quoc-viet	2019-02-13T11:32:17	taken	105.783618	21.015865	10.0000	https://kartaview.org/details/1340523/0
360088407	17817|ngo-quoc-viet	2019-02-13T11:32:19	taken	105.783828	21.015605	10.0000	https://kartaview.org/details/1340523/0
360088409	17817|ngo-quoc-viet	2019-02-13T11:32:20	taken	105.783935	21.015469	10.0000	https://kartaview.org/details/1340523/0
360088415	17817|ngo-quoc-viet	2019-02-13T11:32:23	taken	105.784248	21.015088	10.0000	https://kartaview.org/details/1340523/0
360088423	17817|ngo-quoc-viet	2019-02-13T11:32:27	taken	105.784645	21.014598	10.0000	https://kartaview.org/details/1340523/0
360088425	17817|ngo-quoc-viet	2019-02-13T11:32:28	taken	105.784746	21.014476	10.0000	https://kartaview.org/details/1340523/0
360088431	17817|ngo-quoc-viet	2019-02-13T11:32:31	taken	105.785028	21.014133	10.0000	https://kartaview.org/details/1340523/0
360088435	17817|ngo-quoc-viet	2019-02-13T11:32:33	taken	105.785217	21.013901	10.0000	https://kartaview.org/details/1340523/0
360088439	17817|ngo-quoc-viet	2019-02-13T11:32:35	taken	105.785398	21.013672	10.0000	https://kartaview.org/details/1340523/0
360088445	17817|ngo-quoc-viet	2019-02-13T11:32:38	taken	105.785685	21.013325	10.0000	https://kartaview.org/details/1340523/0
360088447	17817|ngo-quoc-viet	2019-02-13T11:32:39	taken	105.785781	21.013211	10.0000	https://kartaview.org/details/1340523/0
360088455	17817|ngo-quoc-viet	2019-02-13T11:32:43	taken	105.786161	21.012742	10.0000	https://kartaview.org/details/1340523/0
360088461	17817|ngo-quoc-viet	2019-02-13T11:32:46	taken	105.786443	21.012394	10.0000	https://kartaview.org/details/1340523/0
360088465	17817|ngo-quoc-viet	2019-02-13T11:32:48	taken	105.786625	21.012163	10.0000	https://kartaview.org/details/1340523/0
360088469	17817|ngo-quoc-viet	2019-02-13T11:32:50	taken	105.786822	21.011917	10.0000	https://kartaview.org/details/1340523/0
360088475	17817|ngo-quoc-viet	2019-02-13T11:32:53	taken	105.787107	21.011571	10.0000	https://kartaview.org/details/1340523/0
360088477	17817|ngo-quoc-viet	2019-02-13T11:32:54	taken	105.787199	21.011460	10.0000	https://kartaview.org/details/1340523/0
360088485	17817|ngo-quoc-viet	2019-02-13T11:32:59	taken	105.787607	21.010954	10.0000	https://kartaview.org/details/1340523/0
360088491	17817|ngo-quoc-viet	2019-02-13T11:33:04	taken	105.788023	21.010439	10.0000	https://kartaview.org/details/1340523/0
360088493	17817|ngo-quoc-viet	2019-02-13T11:33:05	taken	105.788118	21.010321	10.0000	https://kartaview.org/details/1340523/0
360088497	17817|ngo-quoc-viet	2019-02-13T11:33:07	taken	105.788307	21.010089	10.0000	https://kartaview.org/details/1340523/0
360088503	17817|ngo-quoc-viet	2019-02-13T11:33:10	taken	105.788599	21.009731	10.0000	https://kartaview.org/details/1340523/0
360088505	17817|ngo-quoc-viet	2019-02-13T11:33:11	taken	105.788695	21.009614	10.0000	https://kartaview.org/details/1340523/0
360088513	17817|ngo-quoc-viet	2019-02-13T11:33:15	taken	105.789079	21.009137	10.0000	https://kartaview.org/details/1340523/0
360088519	17817|ngo-quoc-viet	2019-02-13T11:33:18	taken	105.789375	21.008767	10.0000	https://kartaview.org/details/1340523/0
360088523	17817|ngo-quoc-viet	2019-02-13T11:33:20	taken	105.789562	21.008538	10.0000	https://kartaview.org/details/1340523/0
360088527	17817|ngo-quoc-viet	2019-02-13T11:33:22	taken	105.789742	21.008316	10.0000	https://kartaview.org/details/1340523/0
360088533	17817|ngo-quoc-viet	2019-02-13T11:33:26	taken	105.790096	21.007882	10.0000	https://kartaview.org/details/1340523/0
360088539	17817|ngo-quoc-viet	2019-02-13T11:33:31	taken	105.790529	21.007345	10.0000	https://kartaview.org/details/1340523/0
360088545	17817|ngo-quoc-viet	2019-02-13T11:33:35	taken	105.790881	21.006912	10.0000	https://kartaview.org/details/1340523/0
360088547	17817|ngo-quoc-viet	2019-02-13T11:33:37	taken	105.791047	21.006707	10.0000	https://kartaview.org/details/1340523/0
360186509	17817|ngo-quoc-viet	2019-02-14T02:02:11	taken	105.868849	20.964420	5.0000	https://kartaview.org/details/1340641/0
360186521	17817|ngo-quoc-viet	2019-02-14T02:02:30	taken	105.868339	20.964445	5.0000	https://kartaview.org/details/1340641/0
360186529	17817|ngo-quoc-viet	2019-02-14T02:02:38	taken	105.867831	20.964452	5.0000	https://kartaview.org/details/1340641/0
360186537	17817|ngo-quoc-viet	2019-02-14T02:02:43	taken	105.867436	20.964443	5.0000	https://kartaview.org/details/1340641/0
360186543	17817|ngo-quoc-viet	2019-02-14T02:02:49	taken	105.866855	20.964392	5.0000	https://kartaview.org/details/1340641/0
360186547	17817|ngo-quoc-viet	2019-02-14T02:02:53	taken	105.866454	20.964344	5.0000	https://kartaview.org/details/1340641/0
360186549	17817|ngo-quoc-viet	2019-02-14T02:02:55	taken	105.866261	20.964316	5.0000	https://kartaview.org/details/1340641/0
360186553	17817|ngo-quoc-viet	2019-02-14T02:02:59	taken	105.865875	20.964259	5.0000	https://kartaview.org/details/1340641/0
360186559	17817|ngo-quoc-viet	2019-02-14T02:03:03	taken	105.865430	20.964193	5.0000	https://kartaview.org/details/1340641/0
360186567	17817|ngo-quoc-viet	2019-02-14T02:03:07	taken	105.864947	20.964145	5.0000	https://kartaview.org/details/1340641/0
360186575	17817|ngo-quoc-viet	2019-02-14T02:03:11	taken	105.864449	20.964106	5.0000	https://kartaview.org/details/1340641/0
360186581	17817|ngo-quoc-viet	2019-02-14T02:03:14	taken	105.864065	20.964074	5.0000	https://kartaview.org/details/1340641/0
360186587	17817|ngo-quoc-viet	2019-02-14T02:03:18	taken	105.863531	20.964055	5.0000	https://kartaview.org/details/1340641/0
360186593	17817|ngo-quoc-viet	2019-02-14T02:03:22	taken	105.863004	20.964037	5.0000	https://kartaview.org/details/1340641/0
360186599	17817|ngo-quoc-viet	2019-02-14T02:03:25	taken	105.862573	20.964032	5.0000	https://kartaview.org/details/1340641/0
360186605	17817|ngo-quoc-viet	2019-02-14T02:03:28	taken	105.862122	20.964040	5.0000	https://kartaview.org/details/1340641/0
360186611	17817|ngo-quoc-viet	2019-02-14T02:03:31	taken	105.861665	20.964066	5.0000	https://kartaview.org/details/1340641/0
360186619	17817|ngo-quoc-viet	2019-02-14T02:03:35	taken	105.861067	20.964126	5.0000	https://kartaview.org/details/1340641/0
360186625	17817|ngo-quoc-viet	2019-02-14T02:03:39	taken	105.860474	20.964210	5.0000	https://kartaview.org/details/1340641/0
360186629	17817|ngo-quoc-viet	2019-02-14T02:03:42	taken	105.860044	20.964277	5.0000	https://kartaview.org/details/1340641/0
360186635	17817|ngo-quoc-viet	2019-02-14T02:03:45	taken	105.859613	20.964349	5.0000	https://kartaview.org/details/1340641/0
360186641	17817|ngo-quoc-viet	2019-02-14T02:03:48	taken	105.859173	20.964425	5.0000	https://kartaview.org/details/1340641/0
360186647	17817|ngo-quoc-viet	2019-02-14T02:03:52	taken	105.858603	20.964516	5.0000	https://kartaview.org/details/1340641/0
360186651	17817|ngo-quoc-viet	2019-02-14T02:03:56	taken	105.858052	20.964609	5.0000	https://kartaview.org/details/1340641/0
360186655	17817|ngo-quoc-viet	2019-02-14T02:03:59	taken	105.857630	20.964684	5.0000	https://kartaview.org/details/1340641/0
360186657	17817|ngo-quoc-viet	2019-02-14T02:04:01	taken	105.857343	20.964735	5.0000	https://kartaview.org/details/1340641/0
360186661	17817|ngo-quoc-viet	2019-02-14T02:04:05	taken	105.856786	20.964828	5.0000	https://kartaview.org/details/1340641/0
360186665	17817|ngo-quoc-viet	2019-02-14T02:04:09	taken	105.856244	20.964926	5.0000	https://kartaview.org/details/1340641/0
360186669	17817|ngo-quoc-viet	2019-02-14T02:04:12	taken	105.855809	20.965000	5.0000	https://kartaview.org/details/1340641/0
360186675	17817|ngo-quoc-viet	2019-02-14T02:04:16	taken	105.855243	20.965089	5.0000	https://kartaview.org/details/1340641/0
360186679	17817|ngo-quoc-viet	2019-02-14T02:04:20	taken	105.854683	20.965185	5.0000	https://kartaview.org/details/1340641/0
360186681	17817|ngo-quoc-viet	2019-02-14T02:04:22	taken	105.854404	20.965234	5.0000	https://kartaview.org/details/1340641/0
360186683	17817|ngo-quoc-viet	2019-02-14T02:04:23	taken	105.854260	20.965259	5.0000	https://kartaview.org/details/1340641/0
360186687	17817|ngo-quoc-viet	2019-02-14T02:04:25	taken	105.853960	20.965312	5.0000	https://kartaview.org/details/1340641/0
360186695	17817|ngo-quoc-viet	2019-02-14T02:04:29	taken	105.853357	20.965416	5.0000	https://kartaview.org/details/1340641/0
360186699	17817|ngo-quoc-viet	2019-02-14T02:04:32	taken	105.852948	20.965485	5.0000	https://kartaview.org/details/1340641/0
360186705	17817|ngo-quoc-viet	2019-02-14T02:04:37	taken	105.852427	20.965574	5.0000	https://kartaview.org/details/1340641/0
360186709	17817|ngo-quoc-viet	2019-02-14T02:04:41	taken	105.852057	20.965640	5.0000	https://kartaview.org/details/1340641/0
360186713	17817|ngo-quoc-viet	2019-02-14T02:04:45	taken	105.851617	20.965708	5.0000	https://kartaview.org/details/1340641/0
360186715	17817|ngo-quoc-viet	2019-02-14T02:04:46	taken	105.851499	20.965722	5.0000	https://kartaview.org/details/1340641/0
360186723	17817|ngo-quoc-viet	2019-02-14T02:04:51	taken	105.850902	20.965792	5.0000	https://kartaview.org/details/1340641/0
360186727	17817|ngo-quoc-viet	2019-02-14T02:04:54	taken	105.850561	20.965820	5.0000	https://kartaview.org/details/1340641/0
360186733	17817|ngo-quoc-viet	2019-02-14T02:04:58	taken	105.850088	20.965843	5.0000	https://kartaview.org/details/1340641/0
360186739	17817|ngo-quoc-viet	2019-02-14T02:05:02	taken	105.849615	20.965852	5.0000	https://kartaview.org/details/1340641/0
360186745	17817|ngo-quoc-viet	2019-02-14T02:05:06	taken	105.849089	20.965835	5.0000	https://kartaview.org/details/1340641/0
360186751	17817|ngo-quoc-viet	2019-02-14T02:05:10	taken	105.848509	20.965823	5.0000	https://kartaview.org/details/1340641/0
360186757	17817|ngo-quoc-viet	2019-02-14T02:05:13	taken	105.848069	20.965820	5.0000	https://kartaview.org/details/1340641/0
360186761	17817|ngo-quoc-viet	2019-02-14T02:05:16	taken	105.847628	20.965815	5.0000	https://kartaview.org/details/1340641/0
360186767	17817|ngo-quoc-viet	2019-02-14T02:05:19	taken	105.847175	20.965812	5.0000	https://kartaview.org/details/1340641/0
360186773	17817|ngo-quoc-viet	2019-02-14T02:05:22	taken	105.846729	20.965803	5.0000	https://kartaview.org/details/1340641/0
360186779	17817|ngo-quoc-viet	2019-02-14T02:05:25	taken	105.846278	20.965799	5.0000	https://kartaview.org/details/1340641/0
360186787	17817|ngo-quoc-viet	2019-02-14T02:05:29	taken	105.845667	20.965792	5.0000	https://kartaview.org/details/1340641/0
360186793	17817|ngo-quoc-viet	2019-02-14T02:05:32	taken	105.845220	20.965783	5.0000	https://kartaview.org/details/1340641/0
360186797	17817|ngo-quoc-viet	2019-02-14T02:05:36	taken	105.844643	20.965778	5.0000	https://kartaview.org/details/1340641/0
360186799	17817|ngo-quoc-viet	2019-02-14T02:05:38	taken	105.844357	20.965776	5.0000	https://kartaview.org/details/1340641/0
360186803	17817|ngo-quoc-viet	2019-02-14T02:05:42	taken	105.843778	20.965772	5.0000	https://kartaview.org/details/1340641/0
360186807	17817|ngo-quoc-viet	2019-02-14T02:05:45	taken	105.843345	20.965765	5.0000	https://kartaview.org/details/1340641/0
360186813	17817|ngo-quoc-viet	2019-02-14T02:05:49	taken	105.842776	20.965767	5.0000	https://kartaview.org/details/1340641/0
360186819	17817|ngo-quoc-viet	2019-02-14T02:05:52	taken	105.842407	20.965764	5.0000	https://kartaview.org/details/1340641/0
360186825	17817|ngo-quoc-viet	2019-02-14T02:05:56	taken	105.841928	20.965762	5.0000	https://kartaview.org/details/1340641/0
360186833	17817|ngo-quoc-viet	2019-02-14T02:06:00	taken	105.841430	20.965768	5.0000	https://kartaview.org/details/1340641/0
360186839	17817|ngo-quoc-viet	2019-02-14T02:06:04	taken	105.840890	20.965782	5.0000	https://kartaview.org/details/1340641/0
360186845	17817|ngo-quoc-viet	2019-02-14T02:06:07	taken	105.840498	20.965802	5.0000	https://kartaview.org/details/1340641/0
360186853	17817|ngo-quoc-viet	2019-02-14T02:06:11	taken	105.839973	20.965831	5.0000	https://kartaview.org/details/1340641/0
360186861	17817|ngo-quoc-viet	2019-02-14T02:06:16	taken	105.839305	20.965886	5.0000	https://kartaview.org/details/1340641/0
360186863	17817|ngo-quoc-viet	2019-02-14T02:06:18	taken	105.839025	20.965910	5.0000	https://kartaview.org/details/1340641/0
360186867	17817|ngo-quoc-viet	2019-02-14T02:06:22	taken	105.838473	20.965970	5.0000	https://kartaview.org/details/1340641/0
360186871	17817|ngo-quoc-viet	2019-02-14T02:06:25	taken	105.838041	20.966011	5.0000	https://kartaview.org/details/1340641/0
360186875	17817|ngo-quoc-viet	2019-02-14T02:06:28	taken	105.837614	20.966053	5.0000	https://kartaview.org/details/1340641/0
360186879	17817|ngo-quoc-viet	2019-02-14T02:06:32	taken	105.837067	20.966108	5.0000	https://kartaview.org/details/1340641/0
360186881	17817|ngo-quoc-viet	2019-02-14T02:06:34	taken	105.836799	20.966134	5.0000	https://kartaview.org/details/1340641/0
360186885	17817|ngo-quoc-viet	2019-02-14T02:06:36	taken	105.836536	20.966155	5.0000	https://kartaview.org/details/1340641/0
360186889	17817|ngo-quoc-viet	2019-02-14T02:06:39	taken	105.836139	20.966192	5.0000	https://kartaview.org/details/1340641/0
360186893	17817|ngo-quoc-viet	2019-02-14T02:06:43	taken	105.835577	20.966255	5.0000	https://kartaview.org/details/1340641/0
360186897	17817|ngo-quoc-viet	2019-02-14T02:06:46	taken	105.835154	20.966313	5.0000	https://kartaview.org/details/1340641/0
360186901	17817|ngo-quoc-viet	2019-02-14T02:06:50	taken	105.834612	20.966412	5.0000	https://kartaview.org/details/1340641/0
360186905	17817|ngo-quoc-viet	2019-02-14T02:06:54	taken	105.834072	20.966547	5.0000	https://kartaview.org/details/1340641/0
360186907	17817|ngo-quoc-viet	2019-02-14T02:06:56	taken	105.833801	20.966625	5.0000	https://kartaview.org/details/1340641/0
360186909	17817|ngo-quoc-viet	2019-02-14T02:06:58	taken	105.833537	20.966709	5.0000	https://kartaview.org/details/1340641/0
360186911	17817|ngo-quoc-viet	2019-02-14T02:07:00	taken	105.833277	20.966803	5.0000	https://kartaview.org/details/1340641/0
360186915	17817|ngo-quoc-viet	2019-02-14T02:07:04	taken	105.832778	20.967005	5.0000	https://kartaview.org/details/1340641/0
360186917	17817|ngo-quoc-viet	2019-02-14T02:07:06	taken	105.832524	20.967117	5.0000	https://kartaview.org/details/1340641/0
360186919	17817|ngo-quoc-viet	2019-02-14T02:07:08	taken	105.832287	20.967232	5.0000	https://kartaview.org/details/1340641/0
360186925	17817|ngo-quoc-viet	2019-02-14T02:07:13	taken	105.831670	20.967546	5.0000	https://kartaview.org/details/1340641/0
360186929	17817|ngo-quoc-viet	2019-02-14T02:07:16	taken	105.831291	20.967747	5.0000	https://kartaview.org/details/1340641/0
360186933	17817|ngo-quoc-viet	2019-02-14T02:07:19	taken	105.830916	20.967945	5.0000	https://kartaview.org/details/1340641/0
360186935	17817|ngo-quoc-viet	2019-02-14T02:07:21	taken	105.830667	20.968077	5.0000	https://kartaview.org/details/1340641/0
360186941	17817|ngo-quoc-viet	2019-02-14T02:07:25	taken	105.830185	20.968329	5.0000	https://kartaview.org/details/1340641/0
360186943	17817|ngo-quoc-viet	2019-02-14T02:07:27	taken	105.829946	20.968452	5.0000	https://kartaview.org/details/1340641/0
360186945	17817|ngo-quoc-viet	2019-02-14T02:07:29	taken	105.829701	20.968579	5.0000	https://kartaview.org/details/1340641/0
360186949	17817|ngo-quoc-viet	2019-02-14T02:07:33	taken	105.829212	20.968837	5.0000	https://kartaview.org/details/1340641/0
360186953	17817|ngo-quoc-viet	2019-02-14T02:07:36	taken	105.828833	20.969038	5.0000	https://kartaview.org/details/1340641/0
360186959	17817|ngo-quoc-viet	2019-02-14T02:07:40	taken	105.828332	20.969305	5.0000	https://kartaview.org/details/1340641/0
360186963	17817|ngo-quoc-viet	2019-02-14T02:07:44	taken	105.827868	20.969549	5.0000	https://kartaview.org/details/1340641/0
360186967	17817|ngo-quoc-viet	2019-02-14T02:07:48	taken	105.827383	20.969804	5.0000	https://kartaview.org/details/1340641/0
360186971	17817|ngo-quoc-viet	2019-02-14T02:07:51	taken	105.826995	20.970007	5.0000	https://kartaview.org/details/1340641/0
360186975	17817|ngo-quoc-viet	2019-02-14T02:07:54	taken	105.826601	20.970194	5.0000	https://kartaview.org/details/1340641/0
360186977	17817|ngo-quoc-viet	2019-02-14T02:07:55	taken	105.826469	20.970252	5.0000	https://kartaview.org/details/1340641/0
360186983	17817|ngo-quoc-viet	2019-02-14T02:08:00	taken	105.825817	20.970508	5.0000	https://kartaview.org/details/1340641/0
360186985	17817|ngo-quoc-viet	2019-02-14T02:08:02	taken	105.825553	20.970598	5.0000	https://kartaview.org/details/1340641/0
360186987	17817|ngo-quoc-viet	2019-02-14T02:08:04	taken	105.825294	20.970685	5.0000	https://kartaview.org/details/1340641/0
360186991	17817|ngo-quoc-viet	2019-02-14T02:08:06	taken	105.825045	20.970762	5.0000	https://kartaview.org/details/1340641/0
360186999	17817|ngo-quoc-viet	2019-02-14T02:08:10	taken	105.824544	20.970912	5.0000	https://kartaview.org/details/1340641/0
360187007	17817|ngo-quoc-viet	2019-02-14T02:08:14	taken	105.824058	20.971060	5.0000	https://kartaview.org/details/1340641/0
360187009	17817|ngo-quoc-viet	2019-02-14T02:08:15	taken	105.823943	20.971096	5.0000	https://kartaview.org/details/1340641/0
360187015	17817|ngo-quoc-viet	2019-02-14T02:08:18	taken	105.823606	20.971200	5.0000	https://kartaview.org/details/1340641/0
360187023	17817|ngo-quoc-viet	2019-02-14T02:08:22	taken	105.823143	20.971343	5.0000	https://kartaview.org/details/1340641/0
360187031	17817|ngo-quoc-viet	2019-02-14T02:08:27	taken	105.822495	20.971543	5.0000	https://kartaview.org/details/1340641/0
360187035	17817|ngo-quoc-viet	2019-02-14T02:08:30	taken	105.822107	20.971661	5.0000	https://kartaview.org/details/1340641/0
360187043	17817|ngo-quoc-viet	2019-02-14T02:08:34	taken	105.821627	20.971806	5.0000	https://kartaview.org/details/1340641/0
360187051	17817|ngo-quoc-viet	2019-02-14T02:08:38	taken	105.821153	20.971955	5.0000	https://kartaview.org/details/1340641/0
360187053	17817|ngo-quoc-viet	2019-02-14T02:08:39	taken	105.821035	20.971992	5.0000	https://kartaview.org/details/1340641/0
360187059	17817|ngo-quoc-viet	2019-02-14T02:08:42	taken	105.820678	20.972100	5.0000	https://kartaview.org/details/1340641/0
360187067	17817|ngo-quoc-viet	2019-02-14T02:08:46	taken	105.820210	20.972243	5.0000	https://kartaview.org/details/1340641/0
360187073	17817|ngo-quoc-viet	2019-02-14T02:08:50	taken	105.819714	20.972401	5.0000	https://kartaview.org/details/1340641/0
360187075	17817|ngo-quoc-viet	2019-02-14T02:08:52	taken	105.819447	20.972490	5.0000	https://kartaview.org/details/1340641/0
360187077	17817|ngo-quoc-viet	2019-02-14T02:08:54	taken	105.819184	20.972584	5.0000	https://kartaview.org/details/1340641/0
360187081	17817|ngo-quoc-viet	2019-02-14T02:08:58	taken	105.818664	20.972800	5.0000	https://kartaview.org/details/1340641/0
360187083	17817|ngo-quoc-viet	2019-02-14T02:09:00	taken	105.818404	20.972920	5.0000	https://kartaview.org/details/1340641/0
360187085	17817|ngo-quoc-viet	2019-02-14T02:09:02	taken	105.818152	20.973045	5.0000	https://kartaview.org/details/1340641/0
360187089	17817|ngo-quoc-viet	2019-02-14T02:09:06	taken	105.817676	20.973307	5.0000	https://kartaview.org/details/1340641/0
360187091	17817|ngo-quoc-viet	2019-02-14T02:09:07	taken	105.817566	20.973376	5.0000	https://kartaview.org/details/1340641/0
360187093	17817|ngo-quoc-viet	2019-02-14T02:09:09	taken	105.817339	20.973521	5.0000	https://kartaview.org/details/1340641/0
360187097	17817|ngo-quoc-viet	2019-02-14T02:09:13	taken	105.816887	20.973823	5.0000	https://kartaview.org/details/1340641/0
360187107	17817|ngo-quoc-viet	2019-02-14T02:09:18	taken	105.816405	20.974202	5.0000	https://kartaview.org/details/1340641/0
360187109	17817|ngo-quoc-viet	2019-02-14T02:09:19	taken	105.816319	20.974275	5.0000	https://kartaview.org/details/1340641/0
360187115	17817|ngo-quoc-viet	2019-02-14T02:09:24	taken	105.815902	20.974655	5.0000	https://kartaview.org/details/1340641/0
360187117	17817|ngo-quoc-viet	2019-02-14T02:09:26	taken	105.815748	20.974813	5.0000	https://kartaview.org/details/1340641/0
360187123	17817|ngo-quoc-viet	2019-02-14T02:09:30	taken	105.815438	20.975147	5.0000	https://kartaview.org/details/1340641/0
360187131	17817|ngo-quoc-viet	2019-02-14T02:09:36	taken	105.815014	20.975652	5.0000	https://kartaview.org/details/1340641/0
360187133	17817|ngo-quoc-viet	2019-02-14T02:09:38	taken	105.814888	20.975821	5.0000	https://kartaview.org/details/1340641/0
360187137	17817|ngo-quoc-viet	2019-02-14T02:09:42	taken	105.814634	20.976162	5.0000	https://kartaview.org/details/1340641/0
360187139	17817|ngo-quoc-viet	2019-02-14T02:09:44	taken	105.814510	20.976331	5.0000	https://kartaview.org/details/1340641/0
360187141	17817|ngo-quoc-viet	2019-02-14T02:09:46	taken	105.814384	20.976499	5.0000	https://kartaview.org/details/1340641/0
360187149	17817|ngo-quoc-viet	2019-02-14T02:09:54	taken	105.813978	20.977045	5.0000	https://kartaview.org/details/1340641/0
360187153	17817|ngo-quoc-viet	2019-02-14T02:09:58	taken	105.813747	20.977364	5.0000	https://kartaview.org/details/1340641/0
360187157	17817|ngo-quoc-viet	2019-02-14T02:10:01	taken	105.813556	20.977623	5.0000	https://kartaview.org/details/1340641/0
360187161	17817|ngo-quoc-viet	2019-02-14T02:10:05	taken	105.813302	20.977968	5.0000	https://kartaview.org/details/1340641/0
360187165	17817|ngo-quoc-viet	2019-02-14T02:10:09	taken	105.813050	20.978307	5.0000	https://kartaview.org/details/1340641/0
360187171	17817|ngo-quoc-viet	2019-02-14T02:10:14	taken	105.812724	20.978752	5.0000	https://kartaview.org/details/1340641/0
360187175	17817|ngo-quoc-viet	2019-02-14T02:10:16	taken	105.812590	20.978933	5.0000	https://kartaview.org/details/1340641/0
360187179	17817|ngo-quoc-viet	2019-02-14T02:10:19	taken	105.812394	20.979195	5.0000	https://kartaview.org/details/1340641/0
360187185	17817|ngo-quoc-viet	2019-02-14T02:10:25	taken	105.812021	20.979712	5.0000	https://kartaview.org/details/1340641/0
360187193	17817|ngo-quoc-viet	2019-02-14T02:10:29	taken	105.811753	20.980074	5.0000	https://kartaview.org/details/1340641/0
360187195	17817|ngo-quoc-viet	2019-02-14T02:10:31	taken	105.811620	20.980250	5.0000	https://kartaview.org/details/1340641/0
360187201	17817|ngo-quoc-viet	2019-02-14T02:10:34	taken	105.811413	20.980531	5.0000	https://kartaview.org/details/1340641/0
360187209	17817|ngo-quoc-viet	2019-02-14T02:10:38	taken	105.811133	20.980917	5.0000	https://kartaview.org/details/1340641/0
360187211	17817|ngo-quoc-viet	2019-02-14T02:10:40	taken	105.810982	20.981122	5.0000	https://kartaview.org/details/1340641/0
360187215	17817|ngo-quoc-viet	2019-02-14T02:10:43	taken	105.810745	20.981443	5.0000	https://kartaview.org/details/1340641/0
360187217	17817|ngo-quoc-viet	2019-02-14T02:10:44	taken	105.810667	20.981550	5.0000	https://kartaview.org/details/1340641/0
360187225	17817|ngo-quoc-viet	2019-02-14T02:10:48	taken	105.810376	20.981940	5.0000	https://kartaview.org/details/1340641/0
360187231	17817|ngo-quoc-viet	2019-02-14T02:10:51	taken	105.810169	20.982219	5.0000	https://kartaview.org/details/1340641/0
360187233	17817|ngo-quoc-viet	2019-02-14T02:10:52	taken	105.810100	20.982314	5.0000	https://kartaview.org/details/1340641/0
360187239	17817|ngo-quoc-viet	2019-02-14T02:10:57	taken	105.809775	20.982764	5.0000	https://kartaview.org/details/1340641/0
360187241	17817|ngo-quoc-viet	2019-02-14T02:10:59	taken	105.809648	20.982936	5.0000	https://kartaview.org/details/1340641/0
360187245	17817|ngo-quoc-viet	2019-02-14T02:11:03	taken	105.809390	20.983279	5.0000	https://kartaview.org/details/1340641/0
360187251	17817|ngo-quoc-viet	2019-02-14T02:11:07	taken	105.809133	20.983631	5.0000	https://kartaview.org/details/1340641/0
360187253	17817|ngo-quoc-viet	2019-02-14T02:11:08	taken	105.809068	20.983725	5.0000	https://kartaview.org/details/1340641/0
360187261	17817|ngo-quoc-viet	2019-02-14T02:11:12	taken	105.808789	20.984107	5.0000	https://kartaview.org/details/1340641/0
360187263	17817|ngo-quoc-viet	2019-02-14T02:11:13	taken	105.808712	20.984212	5.0000	https://kartaview.org/details/1340641/0
360187271	17817|ngo-quoc-viet	2019-02-14T02:11:17	taken	105.808415	20.984598	5.0000	https://kartaview.org/details/1340641/0
360187277	17817|ngo-quoc-viet	2019-02-14T02:11:21	taken	105.808154	20.984960	5.0000	https://kartaview.org/details/1340641/0
360187279	17817|ngo-quoc-viet	2019-02-14T02:11:23	taken	105.808034	20.985126	5.0000	https://kartaview.org/details/1340641/0
360187285	17817|ngo-quoc-viet	2019-02-14T02:11:29	taken	105.807686	20.985600	5.0000	https://kartaview.org/details/1340641/0
360187289	17817|ngo-quoc-viet	2019-02-14T02:11:33	taken	105.807439	20.985936	5.0000	https://kartaview.org/details/1340641/0
360187293	17817|ngo-quoc-viet	2019-02-14T02:11:37	taken	105.807181	20.986284	5.0000	https://kartaview.org/details/1340641/0
360187295	17817|ngo-quoc-viet	2019-02-14T02:11:38	taken	105.807114	20.986374	5.0000	https://kartaview.org/details/1340641/0
360187303	17817|ngo-quoc-viet	2019-02-14T02:11:43	taken	105.806792	20.986820	5.0000	https://kartaview.org/details/1340641/0
360187313	17817|ngo-quoc-viet	2019-02-14T02:11:48	taken	105.806443	20.987287	5.0000	https://kartaview.org/details/1340641/0
360187317	17817|ngo-quoc-viet	2019-02-14T02:11:50	taken	105.806298	20.987480	5.0000	https://kartaview.org/details/1340641/0
360187323	17817|ngo-quoc-viet	2019-02-14T02:11:53	taken	105.806078	20.987780	5.0000	https://kartaview.org/details/1340641/0
360187329	17817|ngo-quoc-viet	2019-02-14T02:11:56	taken	105.805857	20.988087	5.0000	https://kartaview.org/details/1340641/0
360187331	17817|ngo-quoc-viet	2019-02-14T02:11:57	taken	105.805784	20.988186	5.0000	https://kartaview.org/details/1340641/0
360187341	17817|ngo-quoc-viet	2019-02-14T02:12:02	taken	105.805417	20.988674	5.0000	https://kartaview.org/details/1340641/0
360187345	17817|ngo-quoc-viet	2019-02-14T02:12:03	taken	105.805342	20.988773	5.0000	https://kartaview.org/details/1340641/0
360187351	17817|ngo-quoc-viet	2019-02-14T02:12:07	taken	105.805040	20.989184	5.0000	https://kartaview.org/details/1340641/0
360187353	17817|ngo-quoc-viet	2019-02-14T02:12:09	taken	105.804878	20.989404	5.0000	https://kartaview.org/details/1340641/0
360187355	17817|ngo-quoc-viet	2019-02-14T02:12:11	taken	105.804715	20.989618	5.0000	https://kartaview.org/details/1340641/0
360187359	17817|ngo-quoc-viet	2019-02-14T02:12:15	taken	105.804401	20.990038	5.0000	https://kartaview.org/details/1340641/0
360187367	17817|ngo-quoc-viet	2019-02-14T02:12:19	taken	105.804104	20.990434	5.0000	https://kartaview.org/details/1340641/0
360187373	17817|ngo-quoc-viet	2019-02-14T02:12:23	taken	105.803832	20.990797	5.0000	https://kartaview.org/details/1340641/0
360187375	17817|ngo-quoc-viet	2019-02-14T02:12:25	taken	105.803708	20.990963	5.0000	https://kartaview.org/details/1340641/0
360187383	17817|ngo-quoc-viet	2019-02-14T02:12:32	taken	105.803386	20.991379	5.0000	https://kartaview.org/details/1340641/0
360187395	17817|ngo-quoc-viet	2019-02-14T02:12:49	taken	105.803098	20.991756	5.0000	https://kartaview.org/details/1340641/0
360187399	17817|ngo-quoc-viet	2019-02-14T02:12:55	taken	105.802971	20.991921	5.0000	https://kartaview.org/details/1340641/0
360187407	17817|ngo-quoc-viet	2019-02-14T02:13:07	taken	105.802729	20.992233	5.0000	https://kartaview.org/details/1340641/0
360187421	17817|ngo-quoc-viet	2019-02-14T02:13:38	taken	105.802484	20.992548	5.0000	https://kartaview.org/details/1340641/0
360187425	17817|ngo-quoc-viet	2019-02-14T02:13:44	taken	105.802370	20.992680	5.0000	https://kartaview.org/details/1340641/0
360187445	17817|ngo-quoc-viet	2019-02-14T02:14:27	taken	105.802014	20.993108	5.0000	https://kartaview.org/details/1340641/0
360187447	17817|ngo-quoc-viet	2019-02-14T02:14:30	taken	105.801978	20.993153	5.0000	https://kartaview.org/details/1340641/0
360187461	17817|ngo-quoc-viet	2019-02-14T02:14:51	taken	105.801667	20.993552	5.0000	https://kartaview.org/details/1340641/0
360187469	17817|ngo-quoc-viet	2019-02-14T02:15:02	taken	105.801489	20.993790	5.0000	https://kartaview.org/details/1340641/0
360187477	17817|ngo-quoc-viet	2019-02-14T02:15:14	taken	105.801288	20.994044	5.0000	https://kartaview.org/details/1340641/0
360187491	17817|ngo-quoc-viet	2019-02-14T02:15:33	taken	105.801015	20.994403	5.0000	https://kartaview.org/details/1340641/0
360187493	17817|ngo-quoc-viet	2019-02-14T02:15:36	taken	105.800972	20.994458	5.0000	https://kartaview.org/details/1340641/0
360187511	17817|ngo-quoc-viet	2019-02-14T02:16:04	taken	105.800595	20.994930	5.0000	https://kartaview.org/details/1340641/0
360187513	17817|ngo-quoc-viet	2019-02-14T02:16:07	taken	105.800539	20.995003	5.0000	https://kartaview.org/details/1340641/0
584238182	28378|nguyen-son	2020-02-03T10:30:13	taken	105.805936	21.069024	65.0000	https://kartaview.org/details/2077138/0
1313022105	44|OpenStreetView	2019-11-14T04:06:01	taken	105.843212	21.026544		https://kartaview.org/details/3620137/0
1551825737	44|OpenStreetView	2019-11-14T04:17:07	taken	105.857556	21.021284		https://kartaview.org/details/5742121/0
1352799073	44|OpenStreetView	2019-11-14T05:00:03	taken	105.852495	21.022078		https://kartaview.org/details/3757265/0
1352802461	44|OpenStreetView	2019-11-14T05:14:35	taken	105.856178	21.022410		https://kartaview.org/details/3757373/0
1343419525	44|OpenStreetView	2019-11-14T05:43:23	taken	105.845780	21.020783		https://kartaview.org/details/3727793/0
1551824857	44|OpenStreetView	2019-11-15T00:19:39	taken	105.844705	21.029760		https://kartaview.org/details/5741705/0
1313022873	44|OpenStreetView	2019-11-15T01:52:43	taken	105.846284	21.029084		https://kartaview.org/details/3620161/0
1309494685	44|OpenStreetView	2019-11-15T02:15:07	taken	105.846371	21.032692		https://kartaview.org/details/3612509/0
1309494665	44|OpenStreetView	2019-11-15T02:15:27	taken	105.845994	21.033575		https://kartaview.org/details/3612505/0
1551825801	44|OpenStreetView	2019-11-15T02:27:19	taken	105.856790	21.029753		https://kartaview.org/details/5742185/0
1551825753	44|OpenStreetView	2019-11-15T02:29:45	taken	105.855524	21.032457		https://kartaview.org/details/5742137/0
1619146665	44|OpenStreetView	2019-11-15T02:30:05	taken	105.855040	21.033118		https://kartaview.org/details/6171177/0
1309494217	44|OpenStreetView	2019-11-15T02:30:17	taken	105.854530	21.033100		https://kartaview.org/details/3612473/0
1551824793	44|OpenStreetView	2019-11-15T03:18:21	taken	105.846182	21.035570		https://kartaview.org/details/5741641/0
1309496421	44|OpenStreetView	2019-11-15T03:18:45	taken	105.846409	21.036657		https://kartaview.org/details/3612613/0
1309495913	44|OpenStreetView	2019-11-15T03:38:21	taken	105.849634	21.036345		https://kartaview.org/details/3612589/0
1309493021	44|OpenStreetView	2019-11-15T07:48:03	taken	105.862112	21.024626		https://kartaview.org/details/3612341/0
1343419837	44|OpenStreetView	2019-11-15T07:58:19	taken	105.860616	21.028911		https://kartaview.org/details/3727829/0
1309493153	44|OpenStreetView	2019-11-15T08:13:41	taken	105.857867	21.030395		https://kartaview.org/details/3612409/0
1309493213	44|OpenStreetView	2019-11-15T08:14:03	taken	105.857524	21.031303		https://kartaview.org/details/3612413/0
1309493685	44|OpenStreetView	2019-11-15T08:15:47	taken	105.858148	21.031502		https://kartaview.org/details/3612413/0
1352802261	44|OpenStreetView	2019-11-15T08:15:57	taken	105.857894	21.031818		https://kartaview.org/details/3612413/0
1309494205	44|OpenStreetView	2019-11-15T08:23:29	taken	105.857951	21.032653		https://kartaview.org/details/3612469/0
1309495849	44|OpenStreetView	2019-11-15T08:58:01	taken	105.855564	21.035481		https://kartaview.org/details/3612581/0
1309495297	44|OpenStreetView	2019-11-15T09:01:39	taken	105.855462	21.034358		https://kartaview.org/details/3612537/0
1634074553	44|OpenStreetView	2019-11-15T09:04:09	taken	105.856767	21.032679		https://kartaview.org/details/6233209/0
1309494197	44|OpenStreetView	2019-11-15T09:10:37	taken	105.856292	21.032570		https://kartaview.org/details/3612457/0
1309493749	44|OpenStreetView	2019-11-15T09:10:47	taken	105.856416	21.032299		https://kartaview.org/details/3612453/0
1777070185	44|OpenStreetView	2019-11-15T09:12:17	taken	105.856915	21.032004		https://kartaview.org/details/7608633/0
1352804757	44|OpenStreetView	2019-11-15T09:20:35	taken	105.861788	21.021498		https://kartaview.org/details/3757413/0
1632704041	44|OpenStreetView	2019-11-16T00:51:49	taken	105.851343	21.040344		https://kartaview.org/details/6225913/0
1632704057	44|OpenStreetView	2019-11-16T00:57:13	taken	105.854089	21.039516		https://kartaview.org/details/6225929/0
1309496393	44|OpenStreetView	2019-11-16T01:10:34	taken	105.855014	21.036566		https://kartaview.org/details/3612605/0
1551819193	44|OpenStreetView	2019-11-16T01:22:43	taken	105.858930	21.024784		https://kartaview.org/details/5740313/0
1309493737	44|OpenStreetView	2019-11-16T01:42:31	taken	105.848254	21.031976		https://kartaview.org/details/3612445/0
1313023265	44|OpenStreetView	2019-11-16T02:02:49	taken	105.848047	21.037560		https://kartaview.org/details/3620173/0
1313022277	44|OpenStreetView	2019-11-16T02:47:57	taken	105.847746	21.027127		https://kartaview.org/details/3620141/0
1313022697	44|OpenStreetView	2019-11-16T02:48:29	taken	105.847705	21.028276		https://kartaview.org/details/3620141/0
1551824921	44|OpenStreetView	2019-11-16T02:48:49	taken	105.847788	21.029310		https://kartaview.org/details/5741769/0
1313022785	44|OpenStreetView	2019-11-16T02:51:51	taken	105.847728	21.028835		https://kartaview.org/details/3620141/0
1309492725	44|OpenStreetView	2019-11-21T03:02:46	taken	105.846141	21.009785		https://kartaview.org/details/3612225/0
1313020317	44|OpenStreetView	2019-11-23T04:38:55	taken	105.857025	21.017481		https://kartaview.org/details/3620089/0
1313019441	44|OpenStreetView	2019-11-23T04:55:43	taken	105.857702	21.013597		https://kartaview.org/details/3620053/0
1313019369	44|OpenStreetView	2019-11-23T04:56:31	taken	105.857914	21.013467		https://kartaview.org/details/3620053/0
1402379385	44|OpenStreetView	2019-11-23T05:04:41	taken	105.858609	21.012277		https://kartaview.org/details/4083049/0
1313018189	44|OpenStreetView	2019-11-23T05:20:45	taken	105.860013	21.011891		https://kartaview.org/details/3620033/0
1513743801	44|OpenStreetView	2019-11-23T05:23:45	taken	105.858068	21.011590		https://kartaview.org/details/5330313/0
1313018105	44|OpenStreetView	2019-11-23T05:32:39	taken	105.856454	21.011454		https://kartaview.org/details/3620033/0
1313018941	44|OpenStreetView	2019-11-23T05:33:27	taken	105.856039	21.012948		https://kartaview.org/details/3620033/0
1352800305	44|OpenStreetView	2019-11-23T08:41:43	taken	105.850687	21.007922		https://kartaview.org/details/3757325/0
1537295193	44|OpenStreetView	2019-11-23T08:56:43	taken	105.846125	21.001948		https://kartaview.org/details/5582473/0
1352807209	44|OpenStreetView	2019-11-24T04:37:30	taken	105.845437	21.001876		https://kartaview.org/details/3757485/0
1313016189	44|OpenStreetView	2019-11-24T06:00:10	taken	105.856705	20.996812		https://kartaview.org/details/3619993/0
1621452633	44|OpenStreetView	2019-11-25T02:42:55	taken	105.862899	21.018883		https://kartaview.org/details/6178009/0
1996093033	44|OpenStreetView	2019-11-25T02:47:39	taken	105.864486	21.017330		https://kartaview.org/details/9089705/0
1309492637	44|OpenStreetView	2019-11-25T03:44:42	taken	105.868009	21.008484		https://kartaview.org/details/3612205/0
1551745705	44|OpenStreetView	2019-11-25T03:45:08	taken	105.868701	21.008976		https://kartaview.org/details/5737065/0
1352800705	44|OpenStreetView	2019-11-25T03:58:14	taken	105.865417	21.012139		https://kartaview.org/details/3757333/0
1455747945	44|OpenStreetView	2019-11-25T03:59:00	taken	105.864437	21.012901		https://kartaview.org/details/4877033/0
1397464509	44|OpenStreetView	2019-11-25T03:59:16	taken	105.864610	21.012427		https://kartaview.org/details/4020281/0
1397465881	44|OpenStreetView	2019-11-25T03:59:18	taken	105.864603	21.012359		https://kartaview.org/details/4020317/0
1397465885	44|OpenStreetView	2019-11-25T03:59:32	taken	105.864763	21.011924		https://kartaview.org/details/4020321/0
1499706073	44|OpenStreetView	2019-11-25T03:59:52	taken	105.864286	21.012150		https://kartaview.org/details/5251833/0
1313016581	44|OpenStreetView	2019-11-26T02:38:54	taken	105.871132	20.997898		https://kartaview.org/details/3620001/0
1352802445	44|OpenStreetView	2019-11-26T03:30:04	taken	105.871534	21.000765		https://kartaview.org/details/3757369/0
1352805493	44|OpenStreetView	2019-11-27T02:14:42	taken	105.815371	21.007727		https://kartaview.org/details/3620061/0
1313020497	44|OpenStreetView	2019-11-27T02:28:28	taken	105.803904	21.018193		https://kartaview.org/details/3620061/0
1313019801	44|OpenStreetView	2019-11-27T02:32:10	taken	105.806202	21.016928		https://kartaview.org/details/3620061/0
1313019529	44|OpenStreetView	2019-11-27T02:32:28	taken	105.805811	21.016551		https://kartaview.org/details/3620061/0
1313020417	44|OpenStreetView	2019-11-27T02:34:16	taken	105.806724	21.017610		https://kartaview.org/details/3620061/0
1313021477	44|OpenStreetView	2019-11-27T02:41:06	taken	105.802305	21.019503		https://kartaview.org/details/3620113/0
1339028973	44|OpenStreetView	2019-11-27T02:55:54	taken	105.801626	21.021075		https://kartaview.org/details/3715033/0
1551819113	44|OpenStreetView	2019-11-27T03:16:02	taken	105.798576	21.024104		https://kartaview.org/details/5740233/0
1309493037	44|OpenStreetView	2019-11-27T03:20:56	taken	105.798174	21.025197		https://kartaview.org/details/3612321/0
1313019713	44|OpenStreetView	2019-11-27T06:19:59	taken	105.807518	21.016656		https://kartaview.org/details/3620069/0
1352799289	44|OpenStreetView	2019-11-28T02:19:53	taken	105.826274	21.022060		https://kartaview.org/details/3757277/0
1313021669	44|OpenStreetView	2019-11-28T02:30:03	taken	105.824170	21.025135		https://kartaview.org/details/3620121/0
1541332681	44|OpenStreetView	2019-11-28T02:41:21	taken	105.826578	21.026337		https://kartaview.org/details/5620073/0
1309493073	44|OpenStreetView	2019-11-28T03:45:04	taken	105.826840	21.029320		https://kartaview.org/details/3612365/0
1309493709	44|OpenStreetView	2019-11-28T03:52:34	taken	105.829672	21.031812		https://kartaview.org/details/3612437/0
1313022633	44|OpenStreetView	2019-11-28T04:16:44	taken	105.833857	21.028024		https://kartaview.org/details/3620153/0
1621673529	44|OpenStreetView	2019-11-28T04:34:28	taken	105.832857	21.025417		https://kartaview.org/details/6178729/0
1352799317	44|OpenStreetView	2019-11-28T04:54:56	taken	105.831678	21.022338		https://kartaview.org/details/3715045/0
1352807273	44|OpenStreetView	2019-11-28T04:56:44	taken	105.831447	21.021998		https://kartaview.org/details/3715045/0
1352799325	44|OpenStreetView	2019-11-28T04:57:02	taken	105.831362	21.021672		https://kartaview.org/details/3715045/0
1313020913	44|OpenStreetView	2019-11-29T06:53:07	taken	105.840073	21.018693		https://kartaview.org/details/3620085/0
1313021181	44|OpenStreetView	2019-11-29T07:01:19	taken	105.837897	21.019105		https://kartaview.org/details/3620085/0
1313020221	44|OpenStreetView	2019-11-29T07:06:03	taken	105.838769	21.017459		https://kartaview.org/details/3620085/0
1996451833	44|OpenStreetView	2019-11-29T07:28:27	taken	105.841038	21.009946		https://kartaview.org/details/9101337/0
1313021093	44|OpenStreetView	2019-11-29T07:53:55	taken	105.830475	21.018918		https://kartaview.org/details/3620101/0
1313021281	44|OpenStreetView	2019-11-29T07:59:29	taken	105.832991	21.019409		https://kartaview.org/details/3620105/0
1352800985	44|OpenStreetView	2019-11-30T00:40:52	taken	105.847006	21.008269		https://kartaview.org/details/3757341/0
1352806769	44|OpenStreetView	2019-11-30T01:32:47	taken	105.905585	21.016593		https://kartaview.org/details/3612285/0
1309492889	44|OpenStreetView	2019-11-30T01:38:49	taken	105.907311	21.015053		https://kartaview.org/details/3612285/0
1343417273	44|OpenStreetView	2019-11-30T02:10:15	taken	105.816563	20.980118		https://kartaview.org/details/3727533/0
1387072845	44|OpenStreetView	2019-11-30T02:10:29	taken	105.909715	21.019167		https://kartaview.org/details/3878289/0
1343417217	44|OpenStreetView	2019-11-30T02:11:33	taken	105.816831	20.979770		https://kartaview.org/details/3727533/0
1343417209	44|OpenStreetView	2019-11-30T02:13:03	taken	105.817489	20.979435		https://kartaview.org/details/3727533/0
1778754825	44|OpenStreetView	2019-11-30T02:14:45	taken	105.817848	20.980561		https://kartaview.org/details/7614905/0
1536425865	44|OpenStreetView	2019-11-30T02:22:35	taken	105.818703	20.980123		https://kartaview.org/details/5579097/0
1309490733	44|OpenStreetView	2019-11-30T02:22:53	taken	105.818077	20.979540		https://kartaview.org/details/3612109/0
1343291849	44|OpenStreetView	2019-11-30T02:26:13	taken	105.905019	21.012995		https://kartaview.org/details/3726437/0
1343291845	44|OpenStreetView	2019-11-30T02:30:07	taken	105.905226	21.012490		https://kartaview.org/details/3612257/0
1309492805	44|OpenStreetView	2019-11-30T02:30:41	taken	105.904490	21.011978		https://kartaview.org/details/3612257/0
1519638649	44|OpenStreetView	2019-11-30T02:40:57	taken	105.906841	21.008418		https://kartaview.org/details/5386569/0
1525623769	44|OpenStreetView	2019-11-30T02:42:41	taken	105.906965	21.008628		https://kartaview.org/details/5451337/0
1343417833	44|OpenStreetView	2019-11-30T02:46:19	taken	105.767090	20.985365		https://kartaview.org/details/3727625/0
1309492829	44|OpenStreetView	2019-11-30T02:47:33	taken	105.906091	21.010898		https://kartaview.org/details/3612269/0
1632718889	44|OpenStreetView	2019-11-30T02:48:01	taken	105.906148	21.011214		https://kartaview.org/details/6227177/0
1360021257	44|OpenStreetView	2019-11-30T02:48:04	taken	105.767093	20.985643		https://kartaview.org/details/3727625/0
1536425657	44|OpenStreetView	2019-11-30T02:50:31	taken	105.816103	20.978150		https://kartaview.org/details/5578889/0
1343417861	44|OpenStreetView	2019-11-30T02:53:21	taken	105.766960	20.986012		https://kartaview.org/details/3727625/0
1352807201	44|OpenStreetView	2019-11-30T02:57:41	taken	105.907569	21.010676		https://kartaview.org/details/3612269/0
1618979321	44|OpenStreetView	2019-11-30T03:00:53	taken	105.764248	20.986230		https://kartaview.org/details/6167065/0
1309490797	44|OpenStreetView	2019-11-30T03:15:19	taken	105.796779	20.986741		https://kartaview.org/details/3612133/0
1618979337	44|OpenStreetView	2019-11-30T03:15:39	taken	105.761978	20.984907		https://kartaview.org/details/6167081/0
1343419229	44|OpenStreetView	2019-11-30T03:15:41	taken	105.909210	21.007606		https://kartaview.org/details/3612269/0
1343417909	44|OpenStreetView	2019-11-30T03:17:25	taken	105.797921	20.986216		https://kartaview.org/details/3612133/0
1309492781	44|OpenStreetView	2019-11-30T03:24:37	taken	105.825187	21.010518		https://kartaview.org/details/3612249/0
1343395997	44|OpenStreetView	2019-11-30T03:27:01	taken	105.821230	20.976672		https://kartaview.org/details/3727469/0
1309492817	44|OpenStreetView	2019-11-30T03:30:15	taken	105.825359	21.010805		https://kartaview.org/details/3612265/0
1313018597	44|OpenStreetView	2019-11-30T03:32:23	taken	105.826242	21.012362		https://kartaview.org/details/3612265/0
1342928853	44|OpenStreetView	2019-11-30T03:32:29	taken	105.911103	21.009764		https://kartaview.org/details/3724317/0
1313015241	44|OpenStreetView	2019-11-30T03:33:41	taken	105.766465	20.987816		https://kartaview.org/details/3619973/0
1313018777	44|OpenStreetView	2019-11-30T03:34:25	taken	105.826516	21.012797		https://kartaview.org/details/3612265/0
1313019017	44|OpenStreetView	2019-11-30T03:35:15	taken	105.826673	21.013011		https://kartaview.org/details/3612265/0
1343396105	44|OpenStreetView	2019-11-30T03:35:51	taken	105.823769	20.977560		https://kartaview.org/details/3727493/0
1779712201	44|OpenStreetView	2019-11-30T03:36:09	taken	105.822995	20.976880		https://kartaview.org/details/7625769/0
1342928849	44|OpenStreetView	2019-11-30T03:41:29	taken	105.913060	21.009978		https://kartaview.org/details/3724313/0
1343396001	44|OpenStreetView	2019-11-30T03:43:27	taken	105.824281	20.976693		https://kartaview.org/details/3727473/0
1342928845	44|OpenStreetView	2019-11-30T03:43:55	taken	105.913534	21.009892		https://kartaview.org/details/3724313/0
1339027737	44|OpenStreetView	2019-11-30T03:44:01	taken	105.798954	20.988177		https://kartaview.org/details/3612133/0
1455749001	44|OpenStreetView	2019-11-30T03:45:03	taken	105.828153	21.010688		https://kartaview.org/details/4878089/0
1342928869	44|OpenStreetView	2019-11-30T03:47:41	taken	105.914741	21.008942		https://kartaview.org/details/3724313/0
1343395833	44|OpenStreetView	2019-11-30T03:48:35	taken	105.822771	20.974163		https://kartaview.org/details/3727437/0
1313019201	44|OpenStreetView	2019-11-30T03:51:11	taken	105.833823	21.013380		https://kartaview.org/details/3620049/0
1309491217	44|OpenStreetView	2019-11-30T03:56:17	taken	105.802661	20.990651		https://kartaview.org/details/3612133/0
1343418069	44|OpenStreetView	2019-11-30T03:59:45	taken	105.804295	20.989493		https://kartaview.org/details/3612133/0
1342928813	44|OpenStreetView	2019-11-30T04:04:59	taken	105.911443	21.005274		https://kartaview.org/details/3724249/0
1343417925	44|OpenStreetView	2019-11-30T04:12:41	taken	105.806240	20.986429		https://kartaview.org/details/3612133/0
1401795929	44|OpenStreetView	2019-11-30T04:13:43	taken	105.908968	21.007096		https://kartaview.org/details/4061961/0
1309491201	44|OpenStreetView	2019-11-30T04:13:51	taken	105.805307	20.987685		https://kartaview.org/details/3612133/0
1313014993	44|OpenStreetView	2019-11-30T04:26:27	taken	105.807598	20.985230		https://kartaview.org/details/3612133/0
1339028077	44|OpenStreetView	2019-11-30T04:33:28	taken	105.754889	20.993427		https://kartaview.org/details/3714993/0
1343418445	44|OpenStreetView	2019-11-30T04:41:27	taken	105.753824	20.993483		https://kartaview.org/details/3727721/0
1551819481	44|OpenStreetView	2019-11-30T04:41:33	taken	105.811718	20.982703		https://kartaview.org/details/5740601/0
1343418473	44|OpenStreetView	2019-11-30T04:45:24	taken	105.753183	20.994302		https://kartaview.org/details/3727721/0
1309490761	44|OpenStreetView	2019-11-30T05:09:40	taken	105.814466	20.983583		https://kartaview.org/details/3612121/0
1309490785	44|OpenStreetView	2019-11-30T05:18:07	taken	105.813982	20.985245		https://kartaview.org/details/3612121/0
1313014921	44|OpenStreetView	2019-11-30T05:18:41	taken	105.814047	20.985115		https://kartaview.org/details/3612121/0
1778675993	44|OpenStreetView	2019-11-30T05:24:55	taken	105.813170	20.985639		https://kartaview.org/details/7614409/0
1343395497	44|OpenStreetView	2019-11-30T05:40:01	taken	105.836355	20.967664		https://kartaview.org/details/3727373/0
1343395445	44|OpenStreetView	2019-11-30T05:45:35	taken	105.838099	20.966524		https://kartaview.org/details/3727369/0
1343418509	44|OpenStreetView	2019-11-30T06:02:26	taken	105.747839	20.995240		https://kartaview.org/details/3727725/0
1343418497	44|OpenStreetView	2019-11-30T06:02:50	taken	105.747241	20.995327		https://kartaview.org/details/3727725/0
1313015669	44|OpenStreetView	2019-11-30T06:08:56	taken	105.747108	20.995701		https://kartaview.org/details/3619985/0
1343418613	44|OpenStreetView	2019-11-30T06:25:46	taken	105.744991	20.995841		https://kartaview.org/details/3619985/0
1575716057	44|OpenStreetView	2019-11-30T06:28:28	taken	105.745880	20.995477		https://kartaview.org/details/5914073/0
1622121017	44|OpenStreetView	2019-11-30T06:30:06	taken	105.745680	20.994962		https://kartaview.org/details/6180777/0
1622121001	44|OpenStreetView	2019-11-30T06:30:14	taken	105.745707	20.994794		https://kartaview.org/details/6180761/0
1622121065	44|OpenStreetView	2019-11-30T06:30:42	taken	105.745935	20.994242		https://kartaview.org/details/6180825/0
1622121033	44|OpenStreetView	2019-11-30T06:31:34	taken	105.745687	20.994491		https://kartaview.org/details/6180793/0
1622121049	44|OpenStreetView	2019-11-30T06:32:04	taken	105.745691	20.994351		https://kartaview.org/details/6180809/0
1343418481	44|OpenStreetView	2019-11-30T06:33:56	taken	105.745209	20.994341		https://kartaview.org/details/3619985/0
1622137305	44|OpenStreetView	2019-11-30T06:36:22	taken	105.744737	20.994771		https://kartaview.org/details/6181049/0
1622137513	44|OpenStreetView	2019-11-30T06:36:38	taken	105.744657	20.994427		https://kartaview.org/details/6181081/0
1309492153	44|OpenStreetView	2019-11-30T06:37:38	taken	105.744535	20.995473		https://kartaview.org/details/3612177/0
1632687625	44|OpenStreetView	2019-11-30T06:40:22	taken	105.744629	20.995108		https://kartaview.org/details/6224889/0
1513636729	44|OpenStreetView	2019-11-30T06:50:38	taken	105.746398	20.999832		https://kartaview.org/details/5329961/0
1513636745	44|OpenStreetView	2019-11-30T06:50:56	taken	105.746302	21.000494		https://kartaview.org/details/5329977/0
1352801121	44|OpenStreetView	2019-11-30T06:58:16	taken	105.745911	21.002686		https://kartaview.org/details/3612189/0
1343419113	44|OpenStreetView	2019-11-30T07:03:00	taken	105.747164	21.003113		https://kartaview.org/details/3612189/0
1343419081	44|OpenStreetView	2019-11-30T07:03:44	taken	105.747901	21.002938		https://kartaview.org/details/3612189/0
1309492577	44|OpenStreetView	2019-11-30T07:04:48	taken	105.747910	21.002294		https://kartaview.org/details/3612189/0
1309492509	44|OpenStreetView	2019-11-30T07:12:58	taken	105.747607	21.001679		https://kartaview.org/details/3612189/0
1401774857	44|OpenStreetView	2019-11-30T07:17:50	taken	105.746915	21.000211		https://kartaview.org/details/4055625/0
1343395217	44|OpenStreetView	2019-11-30T07:22:13	taken	105.821208	20.959053		https://kartaview.org/details/3619893/0
1343395245	44|OpenStreetView	2019-11-30T07:22:41	taken	105.821260	20.959202		https://kartaview.org/details/3619893/0
1343395201	44|OpenStreetView	2019-11-30T07:23:05	taken	105.821569	20.958824		https://kartaview.org/details/3619893/0
1313012941	44|OpenStreetView	2019-11-30T07:23:37	taken	105.821763	20.959235		https://kartaview.org/details/3619893/0
1455747913	44|OpenStreetView	2019-11-30T07:30:58	taken	105.748389	21.005314		https://kartaview.org/details/4877001/0
1397464285	44|OpenStreetView	2019-11-30T07:31:20	taken	105.748918	21.005432		https://kartaview.org/details/4020217/0
1309492621	44|OpenStreetView	2019-11-30T07:32:40	taken	105.749453	21.004776		https://kartaview.org/details/3612189/0
1309492601	44|OpenStreetView	2019-11-30T07:36:48	taken	105.747953	21.004562		https://kartaview.org/details/3612189/0
1309492529	44|OpenStreetView	2019-11-30T07:38:30	taken	105.749724	21.003975		https://kartaview.org/details/3612189/0
1313017053	44|OpenStreetView	2019-11-30T07:48:36	taken	105.749629	20.999249		https://kartaview.org/details/3620009/0
1343395125	44|OpenStreetView	2019-11-30T08:21:29	taken	105.829658	20.954433		https://kartaview.org/details/3727341/0
1343395341	44|OpenStreetView	2019-11-30T08:51:23	taken	105.838607	20.961423		https://kartaview.org/details/3727357/0
1779712265	44|OpenStreetView	2019-11-30T08:56:37	taken	105.841144	20.959052		https://kartaview.org/details/7625833/0
1343395297	44|OpenStreetView	2019-11-30T09:24:21	taken	105.840368	20.960841		https://kartaview.org/details/3727349/0
1343395329	44|OpenStreetView	2019-11-30T09:26:17	taken	105.840069	20.961333		https://kartaview.org/details/3727349/0
1343395853	44|OpenStreetView	2019-12-01T02:10:10	taken	105.850398	20.974398		https://kartaview.org/details/3727441/0
1339027145	44|OpenStreetView	2019-12-01T02:38:42	taken	105.864622	20.964406		https://kartaview.org/details/3714913/0
1996093305	44|OpenStreetView	2019-12-01T03:03:36	taken	105.865003	20.967845		https://kartaview.org/details/9089977/0
2000015385	44|OpenStreetView	2019-12-01T03:28:46	taken	105.864824	20.974552		https://kartaview.org/details/9105257/0
1343395257	44|OpenStreetView	2019-12-01T05:04:48	taken	105.868365	20.959909		https://kartaview.org/details/3619897/0
1343395425	44|OpenStreetView	2019-12-01T05:09:10	taken	105.866861	20.963219		https://kartaview.org/details/3619897/0
1313013153	44|OpenStreetView	2019-12-01T05:09:18	taken	105.866815	20.963586		https://kartaview.org/details/3619897/0
1343395401	44|OpenStreetView	2019-12-01T05:11:38	taken	105.867476	20.962497		https://kartaview.org/details/3619897/0
1343395361	44|OpenStreetView	2019-12-01T05:11:48	taken	105.867624	20.962082		https://kartaview.org/details/3619897/0
1343395309	44|OpenStreetView	2019-12-01T05:19:42	taken	105.868039	20.961323		https://kartaview.org/details/3619897/0
1309498073	44|OpenStreetView	2019-12-01T06:55:24	taken	105.733075	21.054282		https://kartaview.org/details/3612737/0
1618971225	44|OpenStreetView	2019-12-01T07:02:33	taken	105.736266	21.084745		https://kartaview.org/details/6164825/0
1621675513	44|OpenStreetView	2019-12-01T07:05:28	taken	105.734534	21.095028		https://kartaview.org/details/6178793/0
1313042449	44|OpenStreetView	2019-12-01T07:06:32	taken	105.731192	21.100531		https://kartaview.org/details/3612741/0
1313041669	44|OpenStreetView	2019-12-01T07:29:52	taken	105.748528	21.086217		https://kartaview.org/details/3620489/0
1618971481	44|OpenStreetView	2019-12-01T07:30:35	taken	105.752155	21.086563		https://kartaview.org/details/6165081/0
1632704953	44|OpenStreetView	2019-12-01T07:31:47	taken	105.759669	21.088904		https://kartaview.org/details/6226825/0
1632587177	44|OpenStreetView	2019-12-01T07:36:50	taken	105.779860	21.093072		https://kartaview.org/details/6221833/0
1343391693	44|OpenStreetView	2019-12-01T07:53:54	taken	105.824105	21.074231		https://kartaview.org/details/3726721/0
1551820009	44|OpenStreetView	2019-12-01T08:04:15	taken	105.843837	21.046474		https://kartaview.org/details/5741129/0
1309498385	44|OpenStreetView	2019-12-01T08:36:22	taken	105.902056	21.061281		https://kartaview.org/details/3612833/0
1313035261	44|OpenStreetView	2019-12-01T08:39:35	taken	105.900584	21.062503		https://kartaview.org/details/3612829/0
1309498357	44|OpenStreetView	2019-12-01T08:39:40	taken	105.900889	21.062298		https://kartaview.org/details/3612829/0
1309498309	44|OpenStreetView	2019-12-01T08:40:29	taken	105.903621	21.058290		https://kartaview.org/details/3612829/0
1309498317	44|OpenStreetView	2019-12-01T08:41:27	taken	105.905406	21.055136		https://kartaview.org/details/3612829/0
1309498333	44|OpenStreetView	2019-12-01T08:42:06	taken	105.907078	21.052216		https://kartaview.org/details/3612829/0
1309498345	44|OpenStreetView	2019-12-01T08:42:28	taken	105.907849	21.050857		https://kartaview.org/details/3612829/0
1309498297	44|OpenStreetView	2019-12-01T08:43:12	taken	105.909706	21.047545		https://kartaview.org/details/3612825/0
1381410593	44|OpenStreetView	2019-12-02T01:01:34	taken	105.847219	20.961696		https://kartaview.org/details/3860477/0
1343419501	44|OpenStreetView	2019-12-02T01:34:44	taken	105.910856	21.019231		https://kartaview.org/details/3727789/0
1343417685	44|OpenStreetView	2019-12-02T01:48:01	taken	105.770234	20.983769		https://kartaview.org/details/3727601/0
1343418045	44|OpenStreetView	2019-12-02T01:58:08	taken	105.843459	20.989261		https://kartaview.org/details/3727653/0
1343419845	44|OpenStreetView	2019-12-02T02:00:12	taken	105.925139	21.029156		https://kartaview.org/details/3727833/0
1339029113	44|OpenStreetView	2019-12-02T02:06:40	taken	105.921913	21.022981		https://kartaview.org/details/3715053/0
2534019865	44|OpenStreetView	2019-12-02T02:12:40	taken	105.920764	21.021805		https://kartaview.org/details/10433593/0
1352807265	44|OpenStreetView	2019-12-02T02:26:58	taken	105.918803	21.021904		https://kartaview.org/details/3757489/0
1343419617	44|OpenStreetView	2019-12-02T02:35:00	taken	105.920088	21.022392		https://kartaview.org/details/3727801/0
1343419637	44|OpenStreetView	2019-12-02T02:38:04	taken	105.920614	21.024318		https://kartaview.org/details/3727809/0
1343419693	44|OpenStreetView	2019-12-02T02:39:48	taken	105.921191	21.024977		https://kartaview.org/details/3727809/0
1551819897	44|OpenStreetView	2019-12-02T03:06:28	taken	105.913003	21.029666		https://kartaview.org/details/5741017/0
1309493141	44|OpenStreetView	2019-12-02T03:24:18	taken	105.910231	21.030250		https://kartaview.org/details/3612401/0
1343395701	44|OpenStreetView	2019-12-02T03:30:32	taken	105.841231	20.971519		https://kartaview.org/details/3727413/0
1339027697	44|OpenStreetView	2019-12-02T03:30:45	taken	105.809794	20.983641		https://kartaview.org/details/3714981/0
1343419809	44|OpenStreetView	2019-12-02T03:33:08	taken	105.909432	21.027927		https://kartaview.org/details/3727825/0
1339027725	44|OpenStreetView	2019-12-02T03:44:12	taken	105.807323	20.986558		https://kartaview.org/details/3714985/0
1352805069	44|OpenStreetView	2019-12-02T04:04:40	taken	105.817208	21.000748		https://kartaview.org/details/3612141/0
1339028353	44|OpenStreetView	2019-12-02T04:09:58	taken	105.815381	20.996505		https://kartaview.org/details/3612141/0
1343395637	44|OpenStreetView	2019-12-02T04:13:08	taken	105.845916	20.970672		https://kartaview.org/details/3727401/0
1313016297	44|OpenStreetView	2019-12-02T04:15:34	taken	105.813705	20.996880		https://kartaview.org/details/3612141/0
1996420217	44|OpenStreetView	2019-12-02T04:17:33	taken	105.814367	20.995054		https://kartaview.org/details/9099401/0
1996420249	44|OpenStreetView	2019-12-02T04:17:56	taken	105.814036	20.995171		https://kartaview.org/details/9099433/0
1309491689	44|OpenStreetView	2019-12-02T04:20:17	taken	105.813990	20.993596		https://kartaview.org/details/3612141/0
1309491657	44|OpenStreetView	2019-12-02T04:22:03	taken	105.813578	20.992383		https://kartaview.org/details/3612141/0
1309491253	44|OpenStreetView	2019-12-02T04:23:20	taken	105.813439	20.991871		https://kartaview.org/details/3612141/0
1309491229	44|OpenStreetView	2019-12-02T04:27:27	taken	105.813130	20.991274		https://kartaview.org/details/3612141/0
1996450137	44|OpenStreetView	2019-12-02T04:54:26	taken	105.816220	20.983536		https://kartaview.org/details/9099641/0
1343417665	44|OpenStreetView	2019-12-02T04:56:01	taken	105.817079	20.983745		https://kartaview.org/details/3612137/0
1773740329	44|OpenStreetView	2019-12-02T05:00:45	taken	105.818552	20.981822		https://kartaview.org/details/7586825/0
1309492949	44|OpenStreetView	2019-12-02T05:08:10	taken	105.907330	21.022597		https://kartaview.org/details/3612305/0
1632676185	44|OpenStreetView	2019-12-02T05:09:33	taken	105.819803	20.986767		https://kartaview.org/details/6224089/0
1619086905	44|OpenStreetView	2019-12-02T05:09:42	taken	105.907693	21.023621		https://kartaview.org/details/6169561/0
1313015089	44|OpenStreetView	2019-12-02T05:09:52	taken	105.819020	20.986425		https://kartaview.org/details/3612137/0
1309492937	44|OpenStreetView	2019-12-02T05:10:00	taken	105.907488	21.022936		https://kartaview.org/details/3612301/0
1343395941	44|OpenStreetView	2019-12-02T05:22:36	taken	105.845956	20.975998		https://kartaview.org/details/3727457/0
1343395945	44|OpenStreetView	2019-12-02T05:22:42	taken	105.846130	20.976058		https://kartaview.org/details/3727457/0
1309491189	44|OpenStreetView	2019-12-02T05:22:52	taken	105.818802	20.987308		https://kartaview.org/details/3612137/0
1779347049	44|OpenStreetView	2019-12-02T05:32:12	taken	105.848398	20.975561		https://kartaview.org/details/7624297/0
1339029265	44|OpenStreetView	2019-12-02T05:32:30	taken	105.907958	21.024979		https://kartaview.org/details/3612353/0
1339029213	44|OpenStreetView	2019-12-02T05:32:42	taken	105.908208	21.024640		https://kartaview.org/details/3612353/0
1309493053	44|OpenStreetView	2019-12-02T05:33:20	taken	105.908479	21.025278		https://kartaview.org/details/3612349/0
1352805357	44|OpenStreetView	2019-12-02T05:35:24	taken	105.909842	21.026139		https://kartaview.org/details/3612353/0
1343396033	44|OpenStreetView	2019-12-02T05:41:44	taken	105.843840	20.976806		https://kartaview.org/details/3727477/0
1343417181	44|OpenStreetView	2019-12-02T06:02:30	taken	105.844376	20.979255		https://kartaview.org/details/3727529/0
1343417393	44|OpenStreetView	2019-12-02T06:22:02	taken	105.844524	20.980732		https://kartaview.org/details/3727557/0
1343417533	44|OpenStreetView	2019-12-02T06:25:16	taken	105.844462	20.982172		https://kartaview.org/details/3727581/0
1343417549	44|OpenStreetView	2019-12-02T06:25:30	taken	105.843862	20.982181		https://kartaview.org/details/3727581/0
1343417721	44|OpenStreetView	2019-12-02T06:36:20	taken	105.843749	20.984404		https://kartaview.org/details/3727609/0
1343418009	44|OpenStreetView	2019-12-02T06:42:30	taken	105.841873	20.989125		https://kartaview.org/details/3727609/0
1360021253	44|OpenStreetView	2019-12-02T06:55:14	taken	105.842414	20.985337		https://kartaview.org/details/3727617/0
1343417813	44|OpenStreetView	2019-12-02T06:59:02	taken	105.843484	20.985233		https://kartaview.org/details/3727617/0
1343417777	44|OpenStreetView	2019-12-02T06:59:44	taken	105.843524	20.984960		https://kartaview.org/details/3727617/0
1343418521	44|OpenStreetView	2019-12-02T07:02:58	taken	105.827059	20.995280		https://kartaview.org/details/3612157/0
1343417765	44|OpenStreetView	2019-12-02T07:05:16	taken	105.842459	20.984739		https://kartaview.org/details/3727617/0
1352802741	44|OpenStreetView	2019-12-02T07:07:07	taken	105.811526	21.011428		https://kartaview.org/details/3612261/0
1343417577	44|OpenStreetView	2019-12-02T07:12:42	taken	105.841199	20.982563		https://kartaview.org/details/3727589/0
1401795945	44|OpenStreetView	2019-12-02T07:15:55	taken	105.815220	21.011113		https://kartaview.org/details/4061977/0
1339029321	44|OpenStreetView	2019-12-02T07:17:12	taken	105.898910	21.025237		https://kartaview.org/details/3715065/0
1309492809	44|OpenStreetView	2019-12-02T07:18:13	taken	105.816160	21.010851		https://kartaview.org/details/3612261/0
1401795689	44|OpenStreetView	2019-12-02T07:19:21	taken	105.815358	21.011024		https://kartaview.org/details/4061721/0
1313016093	44|OpenStreetView	2019-12-02T07:21:00	taken	105.819466	20.996258		https://kartaview.org/details/3612157/0
1339029369	44|OpenStreetView	2019-12-02T07:22:04	taken	105.896840	21.025403		https://kartaview.org/details/3715069/0
1343418573	44|OpenStreetView	2019-12-02T07:24:30	taken	105.822033	20.995529		https://kartaview.org/details/3612157/0
1339028333	44|OpenStreetView	2019-12-02T07:26:36	taken	105.821849	20.996152		https://kartaview.org/details/3612157/0
1339028517	44|OpenStreetView	2019-12-02T07:29:14	taken	105.820115	20.998527		https://kartaview.org/details/3612157/0
1343418757	44|OpenStreetView	2019-12-02T07:33:04	taken	105.818276	20.997365		https://kartaview.org/details/3612157/0
1339029013	44|OpenStreetView	2019-12-02T07:41:32	taken	105.899179	21.022720		https://kartaview.org/details/3715049/0
1343418553	44|OpenStreetView	2019-12-02T07:42:18	taken	105.815353	20.995332		https://kartaview.org/details/3612157/0
1343419625	44|OpenStreetView	2019-12-02T07:46:10	taken	105.897927	21.024075		https://kartaview.org/details/3727805/0
1309491665	44|OpenStreetView	2019-12-02T07:48:10	taken	105.814743	20.992672		https://kartaview.org/details/3612157/0
1309491637	44|OpenStreetView	2019-12-02T07:50:16	taken	105.814077	20.991773		https://kartaview.org/details/3612157/0
1516899481	44|OpenStreetView	2019-12-02T07:51:46	taken	105.895328	21.023078		https://kartaview.org/details/5359369/0
1343418293	44|OpenStreetView	2019-12-02T07:52:00	taken	105.842700	20.992015		https://kartaview.org/details/3727705/0
1339028985	44|OpenStreetView	2019-12-02T07:52:20	taken	105.894750	21.021836		https://kartaview.org/details/3715037/0
1313019093	44|OpenStreetView	2019-12-02T07:55:57	taken	105.815839	21.013370		https://kartaview.org/details/3620045/0
1313015489	44|OpenStreetView	2019-12-02T07:56:22	taken	105.813703	20.990065		https://kartaview.org/details/3612157/0
1343390185	44|OpenStreetView	2019-12-02T07:56:27	taken	105.816487	21.013741		https://kartaview.org/details/3620045/0
1996450185	44|OpenStreetView	2019-12-02T07:56:43	taken	105.814171	20.990075		https://kartaview.org/details/9099689/0
1996450169	44|OpenStreetView	2019-12-02T07:56:56	taken	105.814175	20.989856		https://kartaview.org/details/9099673/0
1996450201	44|OpenStreetView	2019-12-02T07:57:04	taken	105.813862	20.989896		https://kartaview.org/details/9099705/0
1551824873	44|OpenStreetView	2019-12-02T07:59:18	taken	105.896334	21.026857		https://kartaview.org/details/5741721/0
1343418365	44|OpenStreetView	2019-12-02T08:01:30	taken	105.843648	20.992835		https://kartaview.org/details/3727717/0
1339029397	44|OpenStreetView	2019-12-02T08:09:52	taken	105.891109	21.025784		https://kartaview.org/details/3715073/0
1343419737	44|OpenStreetView	2019-12-02T08:10:14	taken	105.890493	21.025796		https://kartaview.org/details/3715073/0
1401795961	44|OpenStreetView	2019-12-02T08:12:12	taken	105.821393	21.000332		https://kartaview.org/details/4061993/0
1551824889	44|OpenStreetView	2019-12-02T08:21:19	taken	105.818574	21.013994		https://kartaview.org/details/5741737/0
1309492993	44|OpenStreetView	2019-12-02T08:22:38	taken	105.890289	21.024500		https://kartaview.org/details/3612325/0
1313016685	44|OpenStreetView	2019-12-02T08:24:10	taken	105.823655	20.997906		https://kartaview.org/details/3612157/0
1621452153	44|OpenStreetView	2019-12-02T08:24:36	taken	105.892191	21.024015		https://kartaview.org/details/6177529/0
1552010329	44|OpenStreetView	2019-12-02T08:25:28	taken	105.822773	20.998212		https://kartaview.org/details/5744521/0
1313016785	44|OpenStreetView	2019-12-02T08:25:44	taken	105.823344	20.998119		https://kartaview.org/details/3612157/0
1352800221	44|OpenStreetView	2019-12-02T08:30:06	taken	105.890080	21.022591		https://kartaview.org/details/3612329/0
1309492773	44|OpenStreetView	2019-12-02T08:32:37	taken	105.818410	21.010449		https://kartaview.org/details/3612241/0
1343419673	44|OpenStreetView	2019-12-02T08:36:26	taken	105.893530	21.024566		https://kartaview.org/details/3620125/0
1313021749	44|OpenStreetView	2019-12-02T08:37:58	taken	105.894102	21.025852		https://kartaview.org/details/3620125/0
1343418105	44|OpenStreetView	2019-12-02T08:38:20	taken	105.845563	20.989908		https://kartaview.org/details/3727661/0
1343419757	44|OpenStreetView	2019-12-02T08:38:26	taken	105.893133	21.026330		https://kartaview.org/details/3612361/0
1352805325	44|OpenStreetView	2019-12-02T08:38:58	taken	105.893002	21.026089		https://kartaview.org/details/3612361/0
1634021353	44|OpenStreetView	2019-12-02T08:40:28	taken	105.892765	21.025525		https://kartaview.org/details/6230841/0
1309493061	44|OpenStreetView	2019-12-02T08:40:48	taken	105.892332	21.025548		https://kartaview.org/details/3612357/0
1339029297	44|OpenStreetView	2019-12-02T08:44:40	taken	105.892632	21.025048		https://kartaview.org/details/3612361/0
1343418697	44|OpenStreetView	2019-12-02T08:47:16	taken	105.826466	20.996565		https://kartaview.org/details/3612157/0
1339029197	44|OpenStreetView	2019-12-02T09:25:16	taken	105.887603	21.024226		https://kartaview.org/details/3620133/0
1339029445	44|OpenStreetView	2019-12-02T09:36:20	taken	105.886763	21.026131		https://kartaview.org/details/3620133/0
1343417425	44|OpenStreetView	2019-12-02T09:36:48	taken	105.857826	20.981133		https://kartaview.org/details/3727565/0
1313021945	44|OpenStreetView	2019-12-02T09:37:30	taken	105.887007	21.026552		https://kartaview.org/details/3620133/0
1343419989	44|OpenStreetView	2019-12-03T01:35:35	taken	105.891581	21.033216		https://kartaview.org/details/3727841/0
1343419881	44|OpenStreetView	2019-12-03T01:42:17	taken	105.891029	21.030918		https://kartaview.org/details/3727841/0
1343419865	44|OpenStreetView	2019-12-03T01:46:27	taken	105.886726	21.030425		https://kartaview.org/details/3727837/0
1309493125	44|OpenStreetView	2019-12-03T01:51:27	taken	105.885350	21.030244		https://kartaview.org/details/3612389/0
1343390265	44|OpenStreetView	2019-12-03T02:00:49	taken	105.883972	21.027583		https://kartaview.org/details/3726617/0
1343419785	44|OpenStreetView	2019-12-03T02:03:07	taken	105.884556	21.026948		https://kartaview.org/details/3726617/0
1360021249	44|OpenStreetView	2019-12-03T02:07:43	taken	105.885660	21.027681		https://kartaview.org/details/3726617/0
1634334665	44|OpenStreetView	2019-12-03T02:08:23	taken	105.884484	21.028883		https://kartaview.org/details/6241113/0
1996420121	44|OpenStreetView	2019-12-03T02:08:28	taken	105.834969	20.986537		https://kartaview.org/details/9099305/0
1343419653	44|OpenStreetView	2019-12-03T02:15:29	taken	105.885366	21.024502		https://kartaview.org/details/3727813/0
1343419721	44|OpenStreetView	2019-12-03T02:16:01	taken	105.884525	21.025555		https://kartaview.org/details/3727813/0
1339029145	44|OpenStreetView	2019-12-03T02:31:01	taken	105.881593	21.023499		https://kartaview.org/details/3715057/0
1516899417	44|OpenStreetView	2019-12-03T02:31:23	taken	105.881161	21.023861		https://kartaview.org/details/5359305/0
1516899401	44|OpenStreetView	2019-12-03T02:31:35	taken	105.880758	21.024190		https://kartaview.org/details/5359289/0
1516899513	44|OpenStreetView	2019-12-03T02:31:51	taken	105.880211	21.024662		https://kartaview.org/details/5359401/0
1516899529	44|OpenStreetView	2019-12-03T02:31:59	taken	105.879918	21.024908		https://kartaview.org/details/5359417/0
1343418829	44|OpenStreetView	2019-12-03T02:43:22	taken	105.826871	20.998643		https://kartaview.org/details/3619997/0
1343418821	44|OpenStreetView	2019-12-03T02:45:40	taken	105.826903	20.998358		https://kartaview.org/details/3619997/0
1343419681	44|OpenStreetView	2019-12-03T02:47:41	taken	105.877855	21.024802		https://kartaview.org/details/3727817/0
1343418881	44|OpenStreetView	2019-12-03T02:50:46	taken	105.827949	20.999065		https://kartaview.org/details/3619997/0
1495176201	44|OpenStreetView	2019-12-03T02:55:35	taken	105.872970	21.031613		https://kartaview.org/details/5227209/0
1339029601	44|OpenStreetView	2019-12-03T02:59:47	taken	105.869880	21.032574		https://kartaview.org/details/3715089/0
1313016869	44|OpenStreetView	2019-12-03T02:59:58	taken	105.827278	20.998732		https://kartaview.org/details/3619997/0
1551819033	44|OpenStreetView	2019-12-03T03:00:53	taken	105.785008	21.018075		https://kartaview.org/details/5740153/0
1313016493	44|OpenStreetView	2019-12-03T03:01:46	taken	105.826572	20.997708		https://kartaview.org/details/3619997/0
1343420093	44|OpenStreetView	2019-12-03T03:03:39	taken	105.870050	21.034454		https://kartaview.org/details/3715089/0
1343418341	44|OpenStreetView	2019-12-03T03:06:40	taken	105.826366	20.992531		https://kartaview.org/details/3619997/0
1339028129	44|OpenStreetView	2019-12-03T03:07:28	taken	105.825649	20.993598		https://kartaview.org/details/3619997/0
1339028149	44|OpenStreetView	2019-12-03T03:08:46	taken	105.826128	20.993626		https://kartaview.org/details/3619997/0
1343419981	44|OpenStreetView	2019-12-03T03:09:19	taken	105.869486	21.033092		https://kartaview.org/details/3727849/0
1343420017	44|OpenStreetView	2019-12-03T03:12:31	taken	105.869032	21.033473		https://kartaview.org/details/3727853/0
1343420057	44|OpenStreetView	2019-12-03T03:13:01	taken	105.868786	21.034257		https://kartaview.org/details/3727853/0
1313015765	44|OpenStreetView	2019-12-03T03:18:06	taken	105.830135	20.995822		https://kartaview.org/details/3612145/0
1401795737	44|OpenStreetView	2019-12-03T03:20:44	taken	105.830510	20.995269		https://kartaview.org/details/4061769/0
1339028285	44|OpenStreetView	2019-12-03T03:21:00	taken	105.830941	20.994694		https://kartaview.org/details/3612145/0
1339028101	44|OpenStreetView	2019-12-03T03:25:00	taken	105.830149	20.993577		https://kartaview.org/details/3612145/0
1309491237	44|OpenStreetView	2019-12-03T03:30:14	taken	105.831887	20.991274		https://kartaview.org/details/3612145/0
1339027901	44|OpenStreetView	2019-12-03T03:31:26	taken	105.832944	20.991467		https://kartaview.org/details/3612145/0
1343421061	44|OpenStreetView	2019-12-03T03:36:29	taken	105.868095	21.040071		https://kartaview.org/details/3715161/0
1634378825	44|OpenStreetView	2019-12-03T03:36:34	taken	105.833840	20.989840		https://kartaview.org/details/6243833/0
1352805861	44|OpenStreetView	2019-12-03T03:37:11	taken	105.868699	21.040355		https://kartaview.org/details/3715161/0
1343421005	44|OpenStreetView	2019-12-03T03:39:03	taken	105.869325	21.038868		https://kartaview.org/details/3715161/0
1343421625	44|OpenStreetView	2019-12-03T03:41:11	taken	105.869480	21.040541		https://kartaview.org/details/3715161/0
1343421049	44|OpenStreetView	2019-12-03T03:44:11	taken	105.871838	21.039957		https://kartaview.org/details/3715161/0
1632687881	44|OpenStreetView	2019-12-03T03:44:16	taken	105.835928	20.986867		https://kartaview.org/details/6225145/0
1632687897	44|OpenStreetView	2019-12-03T03:45:14	taken	105.836132	20.986637		https://kartaview.org/details/6225161/0
1343417913	44|OpenStreetView	2019-12-03T03:47:12	taken	105.836528	20.986406		https://kartaview.org/details/3612145/0
1339030465	44|OpenStreetView	2019-12-03T03:47:19	taken	105.871131	21.039909		https://kartaview.org/details/3715161/0
1313015157	44|OpenStreetView	2019-12-03T03:51:44	taken	105.838300	20.987283		https://kartaview.org/details/3612145/0
1339027741	44|OpenStreetView	2019-12-03T03:55:18	taken	105.838363	20.988204		https://kartaview.org/details/3612145/0
1309491649	44|OpenStreetView	2019-12-03T03:59:26	taken	105.837570	20.991812		https://kartaview.org/details/3612145/0
1343420781	44|OpenStreetView	2019-12-03T03:59:31	taken	105.870334	21.037181		https://kartaview.org/details/3727873/0
1343418061	44|OpenStreetView	2019-12-03T04:01:20	taken	105.838057	20.989392		https://kartaview.org/details/3612145/0
1537193513	44|OpenStreetView	2019-12-03T04:11:55	taken	105.875348	21.035297		https://kartaview.org/details/5582329/0
1313015573	44|OpenStreetView	2019-12-03T04:15:08	taken	105.840512	20.990128		https://kartaview.org/details/3612145/0
1343420797	44|OpenStreetView	2019-12-03T04:20:55	taken	105.877556	21.037146		https://kartaview.org/details/3715129/0
1339030089	44|OpenStreetView	2019-12-03T04:23:25	taken	105.875895	21.036978		https://kartaview.org/details/3715129/0
1343420261	44|OpenStreetView	2019-12-03T04:24:19	taken	105.875785	21.036590		https://kartaview.org/details/3715129/0
1343420237	44|OpenStreetView	2019-12-03T04:29:45	taken	105.873723	21.036525		https://kartaview.org/details/3612481/0
1343420941	44|OpenStreetView	2019-12-03T04:30:49	taken	105.872834	21.038149		https://kartaview.org/details/3612481/0
1343420965	44|OpenStreetView	2019-12-03T04:30:59	taken	105.872961	21.038472		https://kartaview.org/details/3612481/0
1343417717	44|OpenStreetView	2019-12-03T04:32:28	taken	105.826359	20.983926		https://kartaview.org/details/3727605/0
1313024041	44|OpenStreetView	2019-12-03T04:32:55	taken	105.870999	21.038291		https://kartaview.org/details/3612481/0
1309495049	44|OpenStreetView	2019-12-03T04:38:11	taken	105.877447	21.033891		https://kartaview.org/details/3612481/0
1309495285	44|OpenStreetView	2019-12-03T04:38:49	taken	105.878001	21.034154		https://kartaview.org/details/3612481/0
1352803421	44|OpenStreetView	2019-12-03T04:39:07	taken	105.878099	21.034136		https://kartaview.org/details/3612481/0
1309494233	44|OpenStreetView	2019-12-03T04:43:01	taken	105.879173	21.033264		https://kartaview.org/details/3612477/0
1309494973	44|OpenStreetView	2019-12-03T04:45:13	taken	105.877585	21.033836		https://kartaview.org/details/3612521/0
1343420033	44|OpenStreetView	2019-12-03T04:46:21	taken	105.875870	21.033652		https://kartaview.org/details/3612525/0
1339027857	44|OpenStreetView	2019-12-03T04:47:25	taken	105.840944	20.990924		https://kartaview.org/details/3612129/0
1339029657	44|OpenStreetView	2019-12-03T04:47:59	taken	105.877296	21.032774		https://kartaview.org/details/3715097/0
1309490777	44|OpenStreetView	2019-12-03T04:58:33	taken	105.838403	20.984448		https://kartaview.org/details/3612129/0
1339027785	44|OpenStreetView	2019-12-03T05:23:33	taken	105.837018	20.989901		https://kartaview.org/details/3612129/0
1309491213	44|OpenStreetView	2019-12-03T05:28:35	taken	105.837035	20.990196		https://kartaview.org/details/3612129/0
1339027977	44|OpenStreetView	2019-12-03T05:32:05	taken	105.836644	20.992458		https://kartaview.org/details/3612129/0
1343418381	44|OpenStreetView	2019-12-03T05:32:45	taken	105.836610	20.992974		https://kartaview.org/details/3612129/0
1339028497	44|OpenStreetView	2019-12-03T05:45:17	taken	105.837687	20.998425		https://kartaview.org/details/3612129/0
1551819593	44|OpenStreetView	2019-12-03T05:46:09	taken	105.838676	20.998201		https://kartaview.org/details/5740713/0
1339028309	44|OpenStreetView	2019-12-03T05:48:41	taken	105.838599	20.996091		https://kartaview.org/details/3612129/0
1402379881	44|OpenStreetView	2019-12-03T05:56:35	taken	105.840450	20.996013		https://kartaview.org/details/4083561/0
1343418429	44|OpenStreetView	2019-12-03T06:01:15	taken	105.840438	20.993359		https://kartaview.org/details/3612129/0
1339028005	44|OpenStreetView	2019-12-03T06:02:45	taken	105.840842	20.992997		https://kartaview.org/details/3612129/0
1339027917	44|OpenStreetView	2019-12-03T06:03:47	taken	105.840890	20.991647		https://kartaview.org/details/3612129/0
1339028025	44|OpenStreetView	2019-12-03T06:04:53	taken	105.840332	20.992913		https://kartaview.org/details/3612129/0
1343417485	44|OpenStreetView	2019-12-03T06:18:58	taken	105.822415	20.981681		https://kartaview.org/details/3727577/0
1343420885	44|OpenStreetView	2019-12-03T06:25:49	taken	105.880543	21.037658		https://kartaview.org/details/3727877/0
1313023697	44|OpenStreetView	2019-12-03T06:32:45	taken	105.881498	21.037930		https://kartaview.org/details/3620177/0
1342378017	44|OpenStreetView	2019-12-03T06:33:11	taken	105.881795	21.037275		https://kartaview.org/details/3620177/0
1313024445	44|OpenStreetView	2019-12-03T06:35:01	taken	105.882254	21.038419		https://kartaview.org/details/3620177/0
1339027625	44|OpenStreetView	2019-12-03T06:36:54	taken	105.781890	20.980582		https://kartaview.org/details/3714965/0
1343421021	44|OpenStreetView	2019-12-03T06:37:55	taken	105.881926	21.038901		https://kartaview.org/details/3620177/0
1343390449	44|OpenStreetView	2019-12-03T06:39:09	taken	105.880026	21.039517		https://kartaview.org/details/3620177/0
1349664033	44|OpenStreetView	2019-12-03T06:39:29	taken	105.879397	21.039060		https://kartaview.org/details/3620177/0
1402379369	44|OpenStreetView	2019-12-03T06:41:04	taken	105.834184	21.007937		https://kartaview.org/details/4083033/0
1343419013	44|OpenStreetView	2019-12-03T06:41:09	taken	105.813876	21.001263		https://kartaview.org/details/3612197/0
1352807161	44|OpenStreetView	2019-12-03T06:41:49	taken	105.813862	21.000937		https://kartaview.org/details/3612197/0
1352803153	44|OpenStreetView	2019-12-03T06:43:41	taken	105.882379	21.039412		https://kartaview.org/details/3620197/0
1313024937	44|OpenStreetView	2019-12-03T06:44:03	taken	105.882313	21.038712		https://kartaview.org/details/3620197/0
1622088089	44|OpenStreetView	2019-12-03T06:44:11	taken	105.813491	20.998811		https://kartaview.org/details/6180233/0
1339028945	44|OpenStreetView	2019-12-03T06:44:24	taken	105.791962	21.017714		https://kartaview.org/details/3715025/0
1996450441	44|OpenStreetView	2019-12-03T06:44:43	taken	105.813387	20.998938		https://kartaview.org/details/9099945/0
1352798637	44|OpenStreetView	2019-12-03T06:47:33	taken	105.881049	21.042144		https://kartaview.org/details/3757249/0
1343418765	44|OpenStreetView	2019-12-03T06:51:49	taken	105.811281	20.997402		https://kartaview.org/details/3612197/0
1343418949	44|OpenStreetView	2019-12-03T06:54:51	taken	105.809867	21.000079		https://kartaview.org/details/3612197/0
1343418957	44|OpenStreetView	2019-12-03T06:56:33	taken	105.811180	20.999916		https://kartaview.org/details/3612197/0
1352805305	44|OpenStreetView	2019-12-03T06:59:09	taken	105.876739	21.041842		https://kartaview.org/details/3715177/0
1343419461	44|OpenStreetView	2019-12-03T06:59:58	taken	105.794209	21.014579		https://kartaview.org/details/3727781/0
1339028597	44|OpenStreetView	2019-12-03T07:01:29	taken	105.810431	21.001190		https://kartaview.org/details/3612197/0
1352805709	44|OpenStreetView	2019-12-03T07:04:17	taken	105.813189	21.003052		https://kartaview.org/details/3612197/0
1309492593	44|OpenStreetView	2019-12-03T07:04:21	taken	105.812920	21.002938		https://kartaview.org/details/3612197/0
1352807253	44|OpenStreetView	2019-12-03T07:04:29	taken	105.812533	21.002852		https://kartaview.org/details/3612197/0
1339028629	44|OpenStreetView	2019-12-03T07:04:37	taken	105.812480	21.003001		https://kartaview.org/details/3612197/0
1339030605	44|OpenStreetView	2019-12-03T07:05:43	taken	105.874627	21.041069		https://kartaview.org/details/3715177/0
1343390481	44|OpenStreetView	2019-12-03T07:07:01	taken	105.874093	21.040738		https://kartaview.org/details/3715177/0
1343419153	44|OpenStreetView	2019-12-03T07:08:37	taken	105.811350	21.004757		https://kartaview.org/details/3612197/0
1343390489	44|OpenStreetView	2019-12-03T07:09:33	taken	105.872957	21.041291		https://kartaview.org/details/3715177/0
1309490737	44|OpenStreetView	2019-12-03T07:10:20	taken	105.785311	20.981499		https://kartaview.org/details/3612113/0
1352799409	44|OpenStreetView	2019-12-03T07:10:20	taken	105.830678	21.017246		https://kartaview.org/details/3757281/0
1343390505	44|OpenStreetView	2019-12-03T07:11:05	taken	105.872158	21.041906		https://kartaview.org/details/3715177/0
1996093017	44|OpenStreetView	2019-12-03T07:12:05	taken	105.812000	21.006549		https://kartaview.org/details/9089689/0
1309492857	44|OpenStreetView	2019-12-03T07:12:24	taken	105.797575	21.013957		https://kartaview.org/details/3612281/0
1309490281	44|OpenStreetView	2019-12-03T07:13:47	taken	105.757461	20.955987		https://kartaview.org/details/3612089/0
1309492853	44|OpenStreetView	2019-12-03T07:14:14	taken	105.797993	21.013883		https://kartaview.org/details/3612281/0
1343419201	44|OpenStreetView	2019-12-03T07:14:27	taken	105.812067	21.006994		https://kartaview.org/details/3612197/0
1343419425	44|OpenStreetView	2019-12-03T07:15:28	taken	105.800711	21.013349		https://kartaview.org/details/3612281/0
1309492629	44|OpenStreetView	2019-12-03T07:16:41	taken	105.813176	21.008389		https://kartaview.org/details/3612197/0
1313018293	44|OpenStreetView	2019-12-03T07:18:36	taken	105.800616	21.011807		https://kartaview.org/details/3612281/0
1621675609	44|OpenStreetView	2019-12-03T07:18:50	taken	105.800535	21.012031		https://kartaview.org/details/6178889/0
1352800157	44|OpenStreetView	2019-12-03T07:20:49	taken	105.872848	21.039961		https://kartaview.org/details/3757317/0
1309492849	44|OpenStreetView	2019-12-03T07:27:54	taken	105.798482	21.013724		https://kartaview.org/details/3612277/0
1343395825	44|OpenStreetView	2019-12-03T07:34:00	taken	105.840307	20.974122		https://kartaview.org/details/3727433/0
1313025029	44|OpenStreetView	2019-12-03T07:35:47	taken	105.871257	21.038870		https://kartaview.org/details/3620201/0
1343421737	44|OpenStreetView	2019-12-03T07:41:29	taken	105.874269	21.041687		https://kartaview.org/details/3727913/0
1343422993	44|OpenStreetView	2019-12-03T07:43:07	taken	105.876321	21.043364		https://kartaview.org/details/3727913/0
1343395717	44|OpenStreetView	2019-12-03T07:51:34	taken	105.836482	20.971603		https://kartaview.org/details/3727417/0
1343390573	44|OpenStreetView	2019-12-03T07:52:19	taken	105.875067	21.043452		https://kartaview.org/details/3726629/0
1339027305	44|OpenStreetView	2019-12-03T07:53:44	taken	105.835104	20.971395		https://kartaview.org/details/3714929/0
1343423041	44|OpenStreetView	2019-12-03T08:16:40	taken	105.879134	21.044090		https://kartaview.org/details/3727941/0
1309492917	44|OpenStreetView	2019-12-03T08:27:32	taken	105.799587	21.016553		https://kartaview.org/details/3612293/0
1339030925	44|OpenStreetView	2019-12-03T08:33:52	taken	105.879853	21.044474		https://kartaview.org/details/3715201/0
1309492777	44|OpenStreetView	2019-12-03T08:34:03	taken	105.822410	21.010473		https://kartaview.org/details/3612245/0
1309492737	44|OpenStreetView	2019-12-03T08:36:00	taken	105.823177	21.009892		https://kartaview.org/details/3612229/0
1313020117	44|OpenStreetView	2019-12-03T08:42:34	taken	105.801586	21.017397		https://kartaview.org/details/3620081/0
1634115417	44|OpenStreetView	2019-12-03T08:42:56	taken	105.802291	21.017801		https://kartaview.org/details/6234169/0
1343423209	44|OpenStreetView	2019-12-03T08:48:54	taken	105.879199	21.046425		https://kartaview.org/details/3620233/0
1313027145	44|OpenStreetView	2019-12-03T08:49:44	taken	105.880208	21.045831		https://kartaview.org/details/3620233/0
1339028953	44|OpenStreetView	2019-12-03T08:57:50	taken	105.800616	21.018258		https://kartaview.org/details/3715029/0
1339031045	44|OpenStreetView	2019-12-03T09:06:08	taken	105.881964	21.046466		https://kartaview.org/details/3620237/0
1343423233	44|OpenStreetView	2019-12-03T09:07:14	taken	105.881815	21.046816		https://kartaview.org/details/3620237/0
1343423257	44|OpenStreetView	2019-12-03T09:08:00	taken	105.881637	21.047228		https://kartaview.org/details/3620237/0
1313017333	44|OpenStreetView	2019-12-03T09:09:02	taken	105.822060	21.005112		https://kartaview.org/details/3620017/0
1339031081	44|OpenStreetView	2019-12-03T09:12:12	taken	105.882598	21.046736		https://kartaview.org/details/3620237/0
1313027241	44|OpenStreetView	2019-12-03T09:13:30	taken	105.883483	21.045862		https://kartaview.org/details/3620237/0
1551947401	44|OpenStreetView	2019-12-03T09:13:50	taken	105.883921	21.046301		https://kartaview.org/details/5743945/0
1313029337	44|OpenStreetView	2019-12-03T09:19:12	taken	105.883106	21.049054		https://kartaview.org/details/3620237/0
1343423353	44|OpenStreetView	2019-12-03T09:21:40	taken	105.884615	21.047601		https://kartaview.org/details/3620237/0
1551947449	44|OpenStreetView	2019-12-03T09:30:10	taken	105.884970	21.046925		https://kartaview.org/details/5743993/0
1339031213	44|OpenStreetView	2019-12-03T09:36:34	taken	105.882151	21.048205		https://kartaview.org/details/3715213/0
1313030301	44|OpenStreetView	2019-12-03T09:47:32	taken	105.880738	21.047982		https://kartaview.org/details/3620285/0
1339031121	44|OpenStreetView	2019-12-03T09:49:26	taken	105.881641	21.047742		https://kartaview.org/details/3620285/0
1343423377	44|OpenStreetView	2019-12-03T09:55:40	taken	105.886816	21.049094		https://kartaview.org/details/3727973/0
1381506857	44|OpenStreetView	2019-12-04T00:40:04	taken	105.853392	20.965398		https://kartaview.org/details/3860857/0
1343427381	44|OpenStreetView	2019-12-04T00:48:21	taken	105.783821	21.093354		https://kartaview.org/details/3728125/0
1343427377	44|OpenStreetView	2019-12-04T00:51:37	taken	105.779960	21.093239		https://kartaview.org/details/3728125/0
1343427401	44|OpenStreetView	2019-12-04T00:51:59	taken	105.780223	21.093984		https://kartaview.org/details/3728125/0
1343427277	44|OpenStreetView	2019-12-04T01:17:43	taken	105.774276	21.092087		https://kartaview.org/details/3613185/0
1309499557	44|OpenStreetView	2019-12-04T01:18:15	taken	105.773941	21.092744		https://kartaview.org/details/3613181/0
1343427285	44|OpenStreetView	2019-12-04T01:21:49	taken	105.773876	21.092169		https://kartaview.org/details/3613185/0
1345360321	44|OpenStreetView	2019-12-04T01:23:59	taken	105.774225	21.090541		https://kartaview.org/details/3613185/0
1345360305	44|OpenStreetView	2019-12-04T01:24:19	taken	105.774604	21.090622		https://kartaview.org/details/3613185/0
1343427225	44|OpenStreetView	2019-12-04T01:33:59	taken	105.774177	21.090790		https://kartaview.org/details/3613185/0
1343427217	44|OpenStreetView	2019-12-04T01:36:01	taken	105.775943	21.090463		https://kartaview.org/details/3613185/0
1632587193	44|OpenStreetView	2019-12-04T01:42:09	taken	105.778641	21.090768		https://kartaview.org/details/6221849/0
1343417353	44|OpenStreetView	2019-12-04T01:51:49	taken	105.838466	20.980468		https://kartaview.org/details/3727549/0
1309499301	44|OpenStreetView	2019-12-04T02:00:39	taken	105.777877	21.089054		https://kartaview.org/details/3613097/0
1343392157	44|OpenStreetView	2019-12-04T02:03:45	taken	105.774318	21.089475		https://kartaview.org/details/3613101/0
1343392181	44|OpenStreetView	2019-12-04T02:04:13	taken	105.774145	21.089902		https://kartaview.org/details/3613101/0
1339028457	44|OpenStreetView	2019-12-04T02:11:29	taken	105.795676	20.997822		https://kartaview.org/details/3612169/0
1309491701	44|OpenStreetView	2019-12-04T02:23:43	taken	105.796388	20.993857		https://kartaview.org/details/3612169/0
1313015873	44|OpenStreetView	2019-12-04T02:27:41	taken	105.795461	20.995823		https://kartaview.org/details/3612169/0
1343392117	44|OpenStreetView	2019-12-04T02:33:07	taken	105.782424	21.088392		https://kartaview.org/details/3726769/0
1343427313	44|OpenStreetView	2019-12-04T02:38:03	taken	105.781751	21.092181		https://kartaview.org/details/3726769/0
1536359561	44|OpenStreetView	2019-12-04T03:05:13	taken	105.772598	21.082933		https://kartaview.org/details/5578137/0
1313040285	44|OpenStreetView	2019-12-04T03:06:41	taken	105.772627	21.083714		https://kartaview.org/details/3613177/0
1343426717	44|OpenStreetView	2019-12-04T03:11:13	taken	105.771562	21.084727		https://kartaview.org/details/3613177/0
1313041305	44|OpenStreetView	2019-12-04T03:12:43	taken	105.771470	21.085690		https://kartaview.org/details/3613177/0
1309491737	44|OpenStreetView	2019-12-04T03:15:09	taken	105.800743	20.994153		https://kartaview.org/details/3612169/0
1343392173	44|OpenStreetView	2019-12-04T03:16:21	taken	105.771331	21.089549		https://kartaview.org/details/3613177/0
1343397153	44|OpenStreetView	2019-12-04T03:16:38	taken	105.828585	20.978316		https://kartaview.org/details/3727465/0
1343395981	44|OpenStreetView	2019-12-04T03:17:31	taken	105.828984	20.976357		https://kartaview.org/details/3727465/0
1309499545	44|OpenStreetView	2019-12-04T03:19:13	taken	105.772716	21.092066		https://kartaview.org/details/3613177/0
1343392265	44|OpenStreetView	2019-12-04T03:24:25	taken	105.772532	21.091437		https://kartaview.org/details/3726785/0
1343396037	44|OpenStreetView	2019-12-04T03:28:22	taken	105.828363	20.976910		https://kartaview.org/details/3727481/0
1621452265	44|OpenStreetView	2019-12-04T03:30:07	taken	105.820921	21.011179		https://kartaview.org/details/6177641/0
1343396109	44|OpenStreetView	2019-12-04T03:34:22	taken	105.827438	20.977590		https://kartaview.org/details/3727497/0
1352807613	44|OpenStreetView	2019-12-04T03:34:51	taken	105.772447	21.090008		https://kartaview.org/details/3728109/0
1343427193	44|OpenStreetView	2019-12-04T03:36:53	taken	105.771222	21.089147		https://kartaview.org/details/3728109/0
1343417409	44|OpenStreetView	2019-12-04T03:42:44	taken	105.826856	20.980745		https://kartaview.org/details/3727561/0
1519631577	44|OpenStreetView	2019-12-04T03:44:51	taken	105.802746	21.002371		https://kartaview.org/details/5386489/0
1352806881	44|OpenStreetView	2019-12-04T03:44:55	taken	105.829214	21.017159		https://kartaview.org/details/3757473/0
1552683497	44|OpenStreetView	2019-12-04T03:48:05	taken	105.773459	21.088708		https://kartaview.org/details/5745833/0
1552683513	44|OpenStreetView	2019-12-04T03:48:27	taken	105.772905	21.088066		https://kartaview.org/details/5745849/0
1552683545	44|OpenStreetView	2019-12-04T03:50:59	taken	105.772397	21.087570		https://kartaview.org/details/5745881/0
1309499209	44|OpenStreetView	2019-12-04T03:51:29	taken	105.771370	21.087524		https://kartaview.org/details/3613073/0
1313021853	44|OpenStreetView	2019-12-04T03:52:05	taken	105.833511	21.026008		https://kartaview.org/details/3620129/0
1352805149	44|OpenStreetView	2019-12-04T03:52:09	taken	105.806080	21.004334		https://kartaview.org/details/3612169/0
1343404641	44|OpenStreetView	2019-12-04T03:52:53	taken	105.832543	20.978732		https://kartaview.org/details/3727513/0
1343391865	44|OpenStreetView	2019-12-04T03:58:53	taken	105.771917	21.080947		https://kartaview.org/details/3620277/0
1313022205	44|OpenStreetView	2019-12-04T03:59:17	taken	105.833887	21.026841		https://kartaview.org/details/3620129/0
1339027653	44|OpenStreetView	2019-12-04T04:01:50	taken	105.832873	20.980866		https://kartaview.org/details/3714969/0
1313037889	44|OpenStreetView	2019-12-04T04:02:11	taken	105.772428	21.072966		https://kartaview.org/details/3620277/0
1343426393	44|OpenStreetView	2019-12-04T04:04:01	taken	105.772896	21.071795		https://kartaview.org/details/3620277/0
1343417325	44|OpenStreetView	2019-12-04T04:04:08	taken	105.833700	20.980375		https://kartaview.org/details/3727545/0
1343407665	44|OpenStreetView	2019-12-04T04:06:44	taken	105.833906	20.978892		https://kartaview.org/details/3727517/0
1541325625	44|OpenStreetView	2019-12-04T04:09:57	taken	105.805896	21.006852		https://kartaview.org/details/5619817/0
1343410697	44|OpenStreetView	2019-12-04T04:16:44	taken	105.833743	20.979043		https://kartaview.org/details/3727521/0
1343417201	44|OpenStreetView	2019-12-04T04:17:42	taken	105.832407	20.979373		https://kartaview.org/details/3727521/0
1313018365	44|OpenStreetView	2019-12-04T04:18:17	taken	105.826000	21.012055		https://kartaview.org/details/3620037/0
1309492649	44|OpenStreetView	2019-12-04T04:18:41	taken	105.804581	21.008521		https://kartaview.org/details/3612169/0
1352803077	44|OpenStreetView	2019-12-04T04:27:25	taken	105.768574	21.045651		https://kartaview.org/details/3620277/0
1352803097	44|OpenStreetView	2019-12-04T04:27:47	taken	105.769057	21.046232		https://kartaview.org/details/3620277/0
1551660937	44|OpenStreetView	2019-12-04T04:30:17	taken	105.769130	21.047293		https://kartaview.org/details/5725945/0
1313029521	44|OpenStreetView	2019-12-04T04:30:33	taken	105.769565	21.047124		https://kartaview.org/details/3620277/0
1313029249	44|OpenStreetView	2019-12-04T04:33:53	taken	105.769274	21.046916		https://kartaview.org/details/3620277/0
1779747865	44|OpenStreetView	2019-12-04T04:36:49	taken	105.839272	20.999126		https://kartaview.org/details/7626921/0
1313031153	44|OpenStreetView	2019-12-04T04:40:29	taken	105.772440	21.049313		https://kartaview.org/details/3620277/0
1343423369	44|OpenStreetView	2019-12-04T04:41:53	taken	105.772000	21.048604		https://kartaview.org/details/3727969/0
1339028561	44|OpenStreetView	2019-12-04T04:49:11	taken	105.795905	20.998917		https://kartaview.org/details/3612169/0
1343086937	44|OpenStreetView	2019-12-04T05:04:27	taken	105.781139	21.051364		https://kartaview.org/details/3725357/0
1343423645	44|OpenStreetView	2019-12-04T05:08:35	taken	105.779650	21.053523		https://kartaview.org/details/3727985/0
1536359545	44|OpenStreetView	2019-12-04T05:12:03	taken	105.777138	21.054811		https://kartaview.org/details/5578121/0
1343423673	44|OpenStreetView	2019-12-04T05:12:59	taken	105.776157	21.053673		https://kartaview.org/details/3727989/0
1343423629	44|OpenStreetView	2019-12-04T05:26:21	taken	105.774091	21.053460		https://kartaview.org/details/3620309/0
1339027321	44|OpenStreetView	2019-12-04T05:26:44	taken	105.742547	20.972184		https://kartaview.org/details/3714933/0
1313030921	44|OpenStreetView	2019-12-04T05:31:23	taken	105.777012	21.049045		https://kartaview.org/details/3620309/0
1339027513	44|OpenStreetView	2019-12-04T05:31:24	taken	105.744116	20.974598		https://kartaview.org/details/3714957/0
1343395893	44|OpenStreetView	2019-12-04T05:31:58	taken	105.743143	20.975036		https://kartaview.org/details/3714957/0
1339031329	44|OpenStreetView	2019-12-04T05:49:47	taken	105.778335	21.051508		https://kartaview.org/details/3715229/0
1343423553	44|OpenStreetView	2019-12-04T05:50:07	taken	105.778246	21.052496		https://kartaview.org/details/3715229/0
1343423849	44|OpenStreetView	2019-12-04T06:01:23	taken	105.782041	21.056211		https://kartaview.org/details/3728009/0
1309498233	44|OpenStreetView	2019-12-04T06:09:05	taken	105.781995	21.060447		https://kartaview.org/details/3612805/0
1309498429	44|OpenStreetView	2019-12-04T06:10:43	taken	105.780861	21.061931		https://kartaview.org/details/3612805/0
1352805381	44|OpenStreetView	2019-12-04T06:11:05	taken	105.780343	21.062707		https://kartaview.org/details/3612805/0
1352807369	44|OpenStreetView	2019-12-04T06:11:59	taken	105.779338	21.065320		https://kartaview.org/details/3612805/0
1413895081	44|OpenStreetView	2019-12-04T06:58:42	taken	105.732886	20.958288		https://kartaview.org/details/4226249/0
1339026881	44|OpenStreetView	2019-12-04T06:59:20	taken	105.731541	20.957316		https://kartaview.org/details/3714885/0
1343395149	44|OpenStreetView	2019-12-04T07:00:06	taken	105.730427	20.955700		https://kartaview.org/details/3714885/0
1343420833	44|OpenStreetView	2019-12-04T07:35:27	taken	105.900461	21.037346		https://kartaview.org/details/3715137/0
1343390417	44|OpenStreetView	2019-12-04T07:36:27	taken	105.901020	21.037612		https://kartaview.org/details/3715137/0
1339030241	44|OpenStreetView	2019-12-04T07:37:39	taken	105.901369	21.038644		https://kartaview.org/details/3715137/0
1309495933	44|OpenStreetView	2019-12-04T07:40:22	taken	105.831013	21.036391		https://kartaview.org/details/3612597/0
1343421717	44|OpenStreetView	2019-12-04T07:45:31	taken	105.899430	21.041589		https://kartaview.org/details/3727905/0
1343421689	44|OpenStreetView	2019-12-04T07:46:41	taken	105.898944	21.041263		https://kartaview.org/details/3727905/0
1619095097	44|OpenStreetView	2019-12-04T07:49:19	taken	105.896955	21.042477		https://kartaview.org/details/6169833/0
1339030713	44|OpenStreetView	2019-12-04T07:50:19	taken	105.897432	21.042855		https://kartaview.org/details/3715189/0
1343421761	44|OpenStreetView	2019-12-04T07:51:49	taken	105.898085	21.042639		https://kartaview.org/details/3715189/0
1339030829	44|OpenStreetView	2019-12-04T07:59:13	taken	105.900778	21.043647		https://kartaview.org/details/3715189/0
1352800129	44|OpenStreetView	2019-12-04T08:01:47	taken	105.898867	21.044141		https://kartaview.org/details/3715189/0
1634302953	44|OpenStreetView	2019-12-04T08:04:34	taken	105.818041	21.044559		https://kartaview.org/details/6238073/0
1313026513	44|OpenStreetView	2019-12-04T08:07:12	taken	105.825142	21.043204		https://kartaview.org/details/3612641/0
1352804853	44|OpenStreetView	2019-12-04T08:16:04	taken	105.827335	21.041121		https://kartaview.org/details/3612641/0
1352804825	44|OpenStreetView	2019-12-04T08:18:04	taken	105.825591	21.041973		https://kartaview.org/details/3612641/0
1352804805	44|OpenStreetView	2019-12-04T08:18:24	taken	105.825449	21.042048		https://kartaview.org/details/3612641/0
1313026617	44|OpenStreetView	2019-12-04T08:20:46	taken	105.824768	21.042507		https://kartaview.org/details/3612641/0
1352800201	44|OpenStreetView	2019-12-04T08:22:25	taken	105.901581	21.041638		https://kartaview.org/details/3620181/0
1313025509	44|OpenStreetView	2019-12-04T08:23:27	taken	105.901604	21.042622		https://kartaview.org/details/3620181/0
1313026421	44|OpenStreetView	2019-12-04T08:23:42	taken	105.823251	21.043506		https://kartaview.org/details/3612641/0
1309496933	44|OpenStreetView	2019-12-04T08:24:14	taken	105.822396	21.043268		https://kartaview.org/details/3612637/0
1339030661	44|OpenStreetView	2019-12-04T08:25:45	taken	105.902256	21.041909		https://kartaview.org/details/3620181/0
1352804793	44|OpenStreetView	2019-12-04T08:28:56	taken	105.820610	21.043616		https://kartaview.org/details/3612641/0
1352805429	44|OpenStreetView	2019-12-04T08:31:04	taken	105.819901	21.043677		https://kartaview.org/details/3612641/0
1637938345	44|OpenStreetView	2019-12-04T08:31:45	taken	105.902628	21.038507		https://kartaview.org/details/6269881/0
1313024145	44|OpenStreetView	2019-12-04T08:32:03	taken	105.903001	21.038301		https://kartaview.org/details/3620181/0
1309497009	44|OpenStreetView	2019-12-04T08:33:44	taken	105.818282	21.043491		https://kartaview.org/details/3612641/0
1996419945	44|OpenStreetView	2019-12-04T08:34:08	taken	105.817954	21.043855		https://kartaview.org/details/9099129/0
1343420841	44|OpenStreetView	2019-12-04T08:34:43	taken	105.901362	21.037520		https://kartaview.org/details/3620181/0
1313026141	44|OpenStreetView	2019-12-04T08:38:40	taken	105.818683	21.042985		https://kartaview.org/details/3612641/0
1339030337	44|OpenStreetView	2019-12-04T08:42:19	taken	105.901088	21.039204		https://kartaview.org/details/3715149/0
1309495605	44|OpenStreetView	2019-12-04T08:42:32	taken	105.827369	21.034689		https://kartaview.org/details/3612541/0
1343422957	44|OpenStreetView	2019-12-04T08:45:36	taken	105.823113	21.043000		https://kartaview.org/details/3612641/0
1343390525	44|OpenStreetView	2019-12-04T08:48:06	taken	105.823819	21.042953		https://kartaview.org/details/3612641/0
1352807325	44|OpenStreetView	2019-12-04T08:51:18	taken	105.825288	21.041618		https://kartaview.org/details/3612641/0
1774031113	44|OpenStreetView	2019-12-04T08:52:36	taken	105.824951	21.041907		https://kartaview.org/details/7595753/0
1551824809	44|OpenStreetView	2019-12-04T08:53:20	taken	105.819648	21.023254		https://kartaview.org/details/5741657/0
1339030497	44|OpenStreetView	2019-12-04T08:56:45	taken	105.902551	21.040065		https://kartaview.org/details/3715165/0
1343420857	44|OpenStreetView	2019-12-04T09:15:07	taken	105.902889	21.037534		https://kartaview.org/details/3727861/0
1343420201	44|OpenStreetView	2019-12-04T09:16:37	taken	105.903325	21.035995		https://kartaview.org/details/3727861/0
1313026061	44|OpenStreetView	2019-12-04T09:18:44	taken	105.818781	21.042931		https://kartaview.org/details/3612641/0
1381412605	44|OpenStreetView	2019-12-04T09:39:58	taken	105.756323	21.007604		https://kartaview.org/details/3860693/0
1381525653	44|OpenStreetView	2019-12-04T09:42:02	taken	105.777686	21.003118		https://kartaview.org/details/3860693/0
1309494613	44|OpenStreetView	2019-12-04T09:46:21	taken	105.909704	21.033629		https://kartaview.org/details/3612485/0
1309498881	44|OpenStreetView	2019-12-05T00:24:32	taken	105.805021	21.071943		https://kartaview.org/details/3612921/0
1343426377	44|OpenStreetView	2019-12-05T00:26:46	taken	105.802580	21.071700		https://kartaview.org/details/3612921/0
1309498669	44|OpenStreetView	2019-12-05T00:32:10	taken	105.801864	21.069735		https://kartaview.org/details/3612917/0
1551947497	44|OpenStreetView	2019-12-05T00:41:36	taken	105.802411	21.067822		https://kartaview.org/details/5744041/0
1343391025	44|OpenStreetView	2019-12-05T00:46:10	taken	105.802698	21.066716		https://kartaview.org/details/3726661/0
1773735097	44|OpenStreetView	2019-12-05T00:46:40	taken	105.802042	21.065986		https://kartaview.org/details/7586249/0
1339029633	44|OpenStreetView	2019-12-05T00:59:09	taken	105.910664	21.032667		https://kartaview.org/details/3715093/0
1343426173	44|OpenStreetView	2019-12-05T01:07:42	taken	105.803207	21.066640		https://kartaview.org/details/3726665/0
1343390997	44|OpenStreetView	2019-12-05T01:09:18	taken	105.802157	21.066586		https://kartaview.org/details/3726665/0
1343420729	44|OpenStreetView	2019-12-05T01:09:18	taken	105.909210	21.036705		https://kartaview.org/details/3727869/0
1352800893	44|OpenStreetView	2019-12-05T01:10:40	taken	105.801562	21.067153		https://kartaview.org/details/3726665/0
1551947481	44|OpenStreetView	2019-12-05T01:10:52	taken	105.801190	21.066946		https://kartaview.org/details/5744025/0
1538875513	44|OpenStreetView	2019-12-05T01:13:06	taken	105.779830	20.968602		https://kartaview.org/details/5598313/0
1309490297	44|OpenStreetView	2019-12-05T01:18:44	taken	105.780592	20.971002		https://kartaview.org/details/3612097/0
1619095033	44|OpenStreetView	2019-12-05T01:19:04	taken	105.780032	20.970599		https://kartaview.org/details/6169769/0
1309490309	44|OpenStreetView	2019-12-05T01:20:04	taken	105.780300	20.971335		https://kartaview.org/details/3612097/0
1619095049	44|OpenStreetView	2019-12-05T01:30:18	taken	105.778215	20.971416		https://kartaview.org/details/6169785/0
1309490293	44|OpenStreetView	2019-12-05T01:30:28	taken	105.777793	20.971114		https://kartaview.org/details/3612093/0
1618979257	44|OpenStreetView	2019-12-05T01:31:48	taken	105.778686	20.970066		https://kartaview.org/details/6167001/0
1343420817	44|OpenStreetView	2019-12-05T01:37:39	taken	105.911740	21.037301		https://kartaview.org/details/3715121/0
1343420229	44|OpenStreetView	2019-12-05T01:40:01	taken	105.911819	21.036216		https://kartaview.org/details/3715121/0
1313014329	44|OpenStreetView	2019-12-05T01:40:30	taken	105.776382	20.967683		https://kartaview.org/details/3619917/0
1339030021	44|OpenStreetView	2019-12-05T01:40:42	taken	105.911821	21.035594		https://kartaview.org/details/3715121/0
1632704601	44|OpenStreetView	2019-12-05T01:43:12	taken	105.777335	20.966804		https://kartaview.org/details/6226473/0
1313013757	44|OpenStreetView	2019-12-05T01:45:58	taken	105.772693	20.965227		https://kartaview.org/details/3619917/0
1309496497	44|OpenStreetView	2019-12-05T01:46:36	taken	105.911613	21.036776		https://kartaview.org/details/3612629/0
1339029797	44|OpenStreetView	2019-12-05T02:04:03	taken	105.915931	21.034118		https://kartaview.org/details/3715105/0
1551824665	44|OpenStreetView	2019-12-05T02:08:53	taken	105.831682	21.032433		https://kartaview.org/details/5741513/0
1343420117	44|OpenStreetView	2019-12-05T02:10:37	taken	105.913170	21.034887		https://kartaview.org/details/3715105/0
1619086937	44|OpenStreetView	2019-12-05T02:15:02	taken	105.913589	21.032698		https://kartaview.org/details/6169593/0
1343395385	44|OpenStreetView	2019-12-05T02:15:58	taken	105.775182	20.962427		https://kartaview.org/details/3727361/0
1619086921	44|OpenStreetView	2019-12-05T02:19:11	taken	105.913400	21.032353		https://kartaview.org/details/6169577/0
1622007705	44|OpenStreetView	2019-12-05T02:29:45	taken	105.916057	21.030653		https://kartaview.org/details/6179305/0
1622008601	44|OpenStreetView	2019-12-05T02:29:51	taken	105.916163	21.030735		https://kartaview.org/details/6179337/0
1309493661	44|OpenStreetView	2019-12-05T02:30:46	taken	105.915156	21.031423		https://kartaview.org/details/3612433/0
1352805837	44|OpenStreetView	2019-12-05T02:43:30	taken	105.922208	21.027744		https://kartaview.org/details/3620145/0
1313036957	44|OpenStreetView	2019-12-05T03:04:30	taken	105.787449	21.068429		https://kartaview.org/details/3620413/0
1313014177	44|OpenStreetView	2019-12-05T03:10:14	taken	105.780660	20.967453		https://kartaview.org/details/3619933/0
1339030209	44|OpenStreetView	2019-12-05T03:14:15	taken	105.935151	21.037669		https://kartaview.org/details/3715133/0
1634122793	44|OpenStreetView	2019-12-05T03:16:59	taken	105.933771	21.037528		https://kartaview.org/details/6234377/0
1343391145	44|OpenStreetView	2019-12-05T03:17:18	taken	105.791960	21.067572		https://kartaview.org/details/3726681/0
1634122745	44|OpenStreetView	2019-12-05T03:21:15	taken	105.931831	21.039463		https://kartaview.org/details/6234361/0
1343395417	44|OpenStreetView	2019-12-05T03:21:50	taken	105.783398	20.962719		https://kartaview.org/details/3727365/0
1313024745	44|OpenStreetView	2019-12-05T03:24:55	taken	105.931985	21.038547		https://kartaview.org/details/3620193/0
1634122681	44|OpenStreetView	2019-12-05T03:25:13	taken	105.931489	21.038791		https://kartaview.org/details/6234345/0
1343421033	44|OpenStreetView	2019-12-05T03:33:57	taken	105.929677	21.039035		https://kartaview.org/details/3620193/0
1343421705	44|OpenStreetView	2019-12-05T03:42:39	taken	105.930223	21.041437		https://kartaview.org/details/3727909/0
1352805849	44|OpenStreetView	2019-12-05T03:43:53	taken	105.930186	21.042039		https://kartaview.org/details/3727909/0
1343421753	44|OpenStreetView	2019-12-05T03:53:15	taken	105.928438	21.042415		https://kartaview.org/details/3727917/0
2000015481	44|OpenStreetView	2019-12-05T03:54:15	taken	105.900605	20.983475		https://kartaview.org/details/9105353/0
2000015593	44|OpenStreetView	2019-12-05T03:54:37	taken	105.900418	20.984444		https://kartaview.org/details/9105465/0
2000015465	44|OpenStreetView	2019-12-05T03:55:17	taken	105.900167	20.983938		https://kartaview.org/details/9105337/0
1343426429	44|OpenStreetView	2019-12-05T04:01:08	taken	105.789277	21.072824		https://kartaview.org/details/3612897/0
1343391493	44|OpenStreetView	2019-12-05T04:01:34	taken	105.788438	21.072404		https://kartaview.org/details/3612897/0
1349664049	44|OpenStreetView	2019-12-05T04:03:32	taken	105.786491	21.071972		https://kartaview.org/details/3612897/0
1343391385	44|OpenStreetView	2019-12-05T04:05:44	taken	105.786491	21.070958		https://kartaview.org/details/3612897/0
1343423013	44|OpenStreetView	2019-12-05T04:11:31	taken	105.926583	21.043755		https://kartaview.org/details/3727937/0
1352807481	44|OpenStreetView	2019-12-05T04:12:39	taken	105.927181	21.044241		https://kartaview.org/details/3727937/0
1339029345	44|OpenStreetView	2019-12-05T04:13:56	taken	105.793945	21.025363		https://kartaview.org/details/3715061/0
1455748825	44|OpenStreetView	2019-12-05T04:14:21	taken	105.817277	21.086115		https://kartaview.org/details/4877913/0
1455748809	44|OpenStreetView	2019-12-05T04:15:21	taken	105.816306	21.086397		https://kartaview.org/details/4877897/0
1339029253	44|OpenStreetView	2019-12-05T04:16:02	taken	105.794438	21.024708		https://kartaview.org/details/3715061/0
1815416073	44|OpenStreetView	2019-12-05T04:16:42	taken	105.784633	20.959675		https://kartaview.org/details/7865321/0
1815416041	44|OpenStreetView	2019-12-05T04:16:56	taken	105.784556	20.960059		https://kartaview.org/details/7865289/0
1343419749	44|OpenStreetView	2019-12-05T04:17:00	taken	105.796303	21.025987		https://kartaview.org/details/3715061/0
1309498585	44|OpenStreetView	2019-12-05T04:17:08	taken	105.789304	21.068957		https://kartaview.org/details/3612893/0
1343423153	44|OpenStreetView	2019-12-05T04:17:15	taken	105.928221	21.045412		https://kartaview.org/details/3727937/0
1552034361	44|OpenStreetView	2019-12-05T04:17:50	taken	105.789474	21.070133		https://kartaview.org/details/5744617/0
1343426769	44|OpenStreetView	2019-12-05T04:17:53	taken	105.817562	21.085642		https://kartaview.org/details/3620473/0
1343391317	44|OpenStreetView	2019-12-05T04:18:10	taken	105.789937	21.070503		https://kartaview.org/details/3612897/0
1343419713	44|OpenStreetView	2019-12-05T04:18:44	taken	105.797387	21.025229		https://kartaview.org/details/3715061/0
1313039905	44|OpenStreetView	2019-12-05T04:19:05	taken	105.818324	21.083456		https://kartaview.org/details/3620473/0
1309498849	44|OpenStreetView	2019-12-05T04:20:32	taken	105.790245	21.071626		https://kartaview.org/details/3612897/0
1339029509	44|OpenStreetView	2019-12-05T04:24:48	taken	105.796331	21.026480		https://kartaview.org/details/3715077/0
1552010297	44|OpenStreetView	2019-12-05T04:25:27	taken	105.817371	21.082963		https://kartaview.org/details/5744489/0
1552034345	44|OpenStreetView	2019-12-05T04:29:54	taken	105.791356	21.068679		https://kartaview.org/details/5744601/0
1309498525	44|OpenStreetView	2019-12-05T04:30:24	taken	105.790441	21.068261		https://kartaview.org/details/3612869/0
1339026989	44|OpenStreetView	2019-12-05T04:30:48	taken	105.785857	20.958217		https://kartaview.org/details/3714897/0
1552048681	44|OpenStreetView	2019-12-05T04:31:02	taken	105.789205	21.067933		https://kartaview.org/details/5744761/0
1339027029	44|OpenStreetView	2019-12-05T04:32:58	taken	105.784540	20.958602		https://kartaview.org/details/3714897/0
1343423309	44|OpenStreetView	2019-12-05T04:42:05	taken	105.926701	21.047389		https://kartaview.org/details/3727965/0
1343423445	44|OpenStreetView	2019-12-05T04:49:15	taken	105.923468	21.050239		https://kartaview.org/details/3715217/0
1339031257	44|OpenStreetView	2019-12-05T04:51:25	taken	105.923511	21.048963		https://kartaview.org/details/3715217/0
1343423501	44|OpenStreetView	2019-12-05T04:58:19	taken	105.922943	21.051541		https://kartaview.org/details/3715217/0
1309492925	44|OpenStreetView	2019-12-05T05:00:02	taken	105.793393	21.023647		https://kartaview.org/details/3612297/0
1339031449	44|OpenStreetView	2019-12-05T05:03:25	taken	105.923732	21.052171		https://kartaview.org/details/3612697/0
1309498809	44|OpenStreetView	2019-12-05T05:03:44	taken	105.793082	21.071333		https://kartaview.org/details/3612973/0
1309498797	44|OpenStreetView	2019-12-05T05:35:34	taken	105.791868	21.071349		https://kartaview.org/details/3612961/0
1343426585	44|OpenStreetView	2019-12-05T05:51:56	taken	105.787311	21.075160		https://kartaview.org/details/3620429/0
1313038741	44|OpenStreetView	2019-12-05T05:52:44	taken	105.786191	21.075730		https://kartaview.org/details/3620429/0
1343426493	44|OpenStreetView	2019-12-05T05:54:50	taken	105.786436	21.073190		https://kartaview.org/details/3620429/0
1313037977	44|OpenStreetView	2019-12-05T05:57:18	taken	105.788792	21.073675		https://kartaview.org/details/3620429/0
1343426533	44|OpenStreetView	2019-12-05T06:01:38	taken	105.787964	21.074557		https://kartaview.org/details/3728097/0
1778438761	44|OpenStreetView	2019-12-05T06:11:06	taken	105.792557	21.071342		https://kartaview.org/details/7612569/0
1313038809	44|OpenStreetView	2019-12-05T06:24:54	taken	105.794398	21.076000		https://kartaview.org/details/3613005/0
1309498917	44|OpenStreetView	2019-12-05T06:26:36	taken	105.793951	21.072526		https://kartaview.org/details/3613005/0
1313037397	44|OpenStreetView	2019-12-05T06:32:48	taken	105.794973	21.070808		https://kartaview.org/details/3613005/0
1313037325	44|OpenStreetView	2019-12-05T06:32:50	taken	105.794988	21.070784		https://kartaview.org/details/3613005/0
1634334137	44|OpenStreetView	2019-12-05T06:35:14	taken	105.794855	21.071346		https://kartaview.org/details/6240585/0
1343391445	44|OpenStreetView	2019-12-05T06:50:06	taken	105.798066	21.071518		https://kartaview.org/details/3726705/0
1309498717	44|OpenStreetView	2019-12-05T06:55:56	taken	105.798546	21.070222		https://kartaview.org/details/3612925/0
1309498757	44|OpenStreetView	2019-12-05T07:00:34	taken	105.799867	21.071098		https://kartaview.org/details/3612949/0
1343391237	44|OpenStreetView	2019-12-05T07:01:04	taken	105.799454	21.069786		https://kartaview.org/details/3612953/0
1343427101	44|OpenStreetView	2019-12-05T07:51:00	taken	105.786224	21.089120		https://kartaview.org/details/3726773/0
1343392129	44|OpenStreetView	2019-12-05T07:58:40	taken	105.787803	21.088962		https://kartaview.org/details/3726773/0
1313033277	44|OpenStreetView	2019-12-05T08:01:09	taken	105.917273	21.056924		https://kartaview.org/details/3620361/0
1632718921	44|OpenStreetView	2019-12-05T08:02:03	taken	105.918186	21.057352		https://kartaview.org/details/6227209/0
1375572821	44|OpenStreetView	2019-12-05T08:04:04	taken	105.818364	21.019115		https://kartaview.org/details/3843309/0
1343391173	44|OpenStreetView	2019-12-05T08:04:22	taken	105.828486	21.068766		https://kartaview.org/details/3620425/0
1343391153	44|OpenStreetView	2019-12-05T08:04:30	taken	105.828572	21.068523		https://kartaview.org/details/3620425/0
1375572817	44|OpenStreetView	2019-12-05T08:10:14	taken	105.818933	21.019389		https://kartaview.org/details/3843305/0
1309499417	44|OpenStreetView	2019-12-05T08:10:16	taken	105.788227	21.090721		https://kartaview.org/details/3613145/0
1343395177	44|OpenStreetView	2019-12-05T08:12:45	taken	105.795541	20.956638		https://kartaview.org/details/3727345/0
1343426337	44|OpenStreetView	2019-12-05T08:18:32	taken	105.828766	21.069579		https://kartaview.org/details/3620425/0
1551819449	44|OpenStreetView	2019-12-05T08:21:48	taken	105.789115	21.087869		https://kartaview.org/details/5740569/0
1309493161	44|OpenStreetView	2019-12-05T08:25:11	taken	105.739728	21.030588		https://kartaview.org/details/3612417/0
1309499197	44|OpenStreetView	2019-12-05T08:25:24	taken	105.788354	21.087245		https://kartaview.org/details/3613065/0
1313037705	44|OpenStreetView	2019-12-05T08:28:14	taken	105.827772	21.071279		https://kartaview.org/details/3620425/0
1996450601	44|OpenStreetView	2019-12-05T08:31:16	taken	105.796649	20.958376		https://kartaview.org/details/9100105/0
1350851689	44|OpenStreetView	2019-12-05T08:35:20	taken	105.827660	21.069283		https://kartaview.org/details/3620425/0
1343418177	44|OpenStreetView	2019-12-05T08:36:47	taken	105.860272	20.990898		https://kartaview.org/details/3727681/0
1352799541	44|OpenStreetView	2019-12-05T08:36:54	taken	105.826647	21.068201		https://kartaview.org/details/3620425/0
1343418405	44|OpenStreetView	2019-12-05T08:41:31	taken	105.861005	20.993206		https://kartaview.org/details/3727681/0
1343425889	44|OpenStreetView	2019-12-05T08:44:17	taken	105.917031	21.062590		https://kartaview.org/details/3612813/0
1309498257	44|OpenStreetView	2019-12-05T08:56:35	taken	105.919203	21.060401		https://kartaview.org/details/3612809/0
1309498269	44|OpenStreetView	2019-12-05T09:01:25	taken	105.917810	21.060625		https://kartaview.org/details/3612813/0
1352799353	44|OpenStreetView	2019-12-05T09:01:43	taken	105.917240	21.060736		https://kartaview.org/details/3612813/0
1339032201	44|OpenStreetView	2019-12-05T09:02:30	taken	105.837914	21.059481		https://kartaview.org/details/3620425/0
1339027101	44|OpenStreetView	2019-12-05T09:02:51	taken	105.801103	20.960528		https://kartaview.org/details/3714909/0
1738277129	44|OpenStreetView	2019-12-05T09:03:20	taken	105.841511	20.969949		https://kartaview.org/details/7364969/0
1550089529	44|OpenStreetView	2019-12-05T09:04:51	taken	105.916588	21.060962		https://kartaview.org/details/5716009/0
1550089625	44|OpenStreetView	2019-12-05T09:05:05	taken	105.916091	21.061137		https://kartaview.org/details/5716105/0
1343417953	44|OpenStreetView	2019-12-05T09:05:23	taken	105.862438	20.988355		https://kartaview.org/details/3727641/0
1339032141	44|OpenStreetView	2019-12-05T09:05:32	taken	105.838016	21.058105		https://kartaview.org/details/3620425/0
1352799369	44|OpenStreetView	2019-12-05T09:08:03	taken	105.915522	21.061302		https://kartaview.org/details/3612813/0
1551824953	44|OpenStreetView	2019-12-05T09:17:44	taken	105.848991	21.008503		https://kartaview.org/details/5741801/0
1343392197	44|OpenStreetView	2019-12-06T00:27:03	taken	105.765553	21.090559		https://kartaview.org/details/3726777/0
1343427137	44|OpenStreetView	2019-12-06T01:20:57	taken	105.738295	21.089300		https://kartaview.org/details/3728105/0
1343392109	44|OpenStreetView	2019-12-06T01:37:57	taken	105.738431	21.088192		https://kartaview.org/details/3613133/0
1309499365	44|OpenStreetView	2019-12-06T01:38:53	taken	105.737502	21.089864		https://kartaview.org/details/3613129/0
1343392245	44|OpenStreetView	2019-12-06T01:41:53	taken	105.737029	21.091189		https://kartaview.org/details/3613169/0
1309499509	44|OpenStreetView	2019-12-06T01:42:23	taken	105.736162	21.091933		https://kartaview.org/details/3613169/0
1343427249	44|OpenStreetView	2019-12-06T01:44:19	taken	105.735752	21.091940		https://kartaview.org/details/3613169/0
1309499497	44|OpenStreetView	2019-12-06T01:45:33	taken	105.735275	21.091800		https://kartaview.org/details/3613169/0
1309499469	44|OpenStreetView	2019-12-06T01:45:57	taken	105.734103	21.091660		https://kartaview.org/details/3613169/0
1621675529	44|OpenStreetView	2019-12-06T01:46:41	taken	105.733464	21.093382		https://kartaview.org/details/6178809/0
1621675545	44|OpenStreetView	2019-12-06T01:47:55	taken	105.733849	21.094313		https://kartaview.org/details/6178825/0
1621675561	44|OpenStreetView	2019-12-06T01:48:03	taken	105.733581	21.094070		https://kartaview.org/details/6178841/0
1313042005	44|OpenStreetView	2019-12-06T02:00:59	taken	105.732802	21.090878		https://kartaview.org/details/3613165/0
1343392217	44|OpenStreetView	2019-12-06T02:02:25	taken	105.731090	21.090595		https://kartaview.org/details/3613165/0
1343427329	44|OpenStreetView	2019-12-06T02:04:29	taken	105.729851	21.092261		https://kartaview.org/details/3613165/0
1343392285	44|OpenStreetView	2019-12-06T02:09:37	taken	105.732093	21.096125		https://kartaview.org/details/3726793/0
1313040205	44|OpenStreetView	2019-12-06T02:21:09	taken	105.737390	21.083585		https://kartaview.org/details/3620477/0
1343426629	44|OpenStreetView	2019-12-06T02:25:03	taken	105.744155	21.081934		https://kartaview.org/details/3728101/0
1339032241	44|OpenStreetView	2019-12-06T02:37:42	taken	105.909568	21.060606		https://kartaview.org/details/3715289/0
1343391881	44|OpenStreetView	2019-12-06T02:37:51	taken	105.739508	21.082606		https://kartaview.org/details/3726749/0
1343426689	44|OpenStreetView	2019-12-06T02:39:31	taken	105.739601	21.082949		https://kartaview.org/details/3726749/0
1343391929	44|OpenStreetView	2019-12-06T02:40:57	taken	105.738529	21.084397		https://kartaview.org/details/3726749/0
1343391889	44|OpenStreetView	2019-12-06T02:43:11	taken	105.739929	21.083473		https://kartaview.org/details/3726749/0
1343395865	44|OpenStreetView	2019-12-06T02:44:21	taken	105.886495	20.974447		https://kartaview.org/details/3727445/0
1343391989	44|OpenStreetView	2019-12-06T02:45:41	taken	105.740023	21.085049		https://kartaview.org/details/3620485/0
1343391941	44|OpenStreetView	2019-12-06T02:49:33	taken	105.740569	21.084555		https://kartaview.org/details/3620485/0
1313041213	44|OpenStreetView	2019-12-06T02:50:03	taken	105.740634	21.085597		https://kartaview.org/details/3620485/0
1343392037	44|OpenStreetView	2019-12-06T02:50:33	taken	105.741189	21.085548		https://kartaview.org/details/3620485/0
1343423685	44|OpenStreetView	2019-12-06T02:55:58	taken	105.839975	21.054012		https://kartaview.org/details/3612673/0
1343391981	44|OpenStreetView	2019-12-06T02:58:07	taken	105.742376	21.085013		https://kartaview.org/details/3726765/0
1343423793	44|OpenStreetView	2019-12-06T02:59:02	taken	105.840264	21.055587		https://kartaview.org/details/3612673/0
1343395749	44|OpenStreetView	2019-12-06T02:59:05	taken	105.882493	20.972591		https://kartaview.org/details/3727421/0
1343426757	44|OpenStreetView	2019-12-06T03:00:49	taken	105.745223	21.085539		https://kartaview.org/details/3726765/0
1343391885	44|OpenStreetView	2019-12-06T03:03:55	taken	105.743770	21.082963		https://kartaview.org/details/3726753/0
1343395569	44|OpenStreetView	2019-12-06T03:11:39	taken	105.883503	20.968791		https://kartaview.org/details/3727381/0
1343395513	44|OpenStreetView	2019-12-06T03:12:55	taken	105.882239	20.967836		https://kartaview.org/details/3727381/0
1309498409	44|OpenStreetView	2019-12-06T03:34:25	taken	105.739125	21.067161		https://kartaview.org/details/3612837/0
1352807149	44|OpenStreetView	2019-12-06T03:34:39	taken	105.738869	21.066580		https://kartaview.org/details/3612837/0
1343423429	44|OpenStreetView	2019-12-06T03:35:10	taken	105.839339	21.050231		https://kartaview.org/details/3612673/0
1309497489	44|OpenStreetView	2019-12-06T03:36:30	taken	105.838470	21.051526		https://kartaview.org/details/3612669/0
1309498393	44|OpenStreetView	2019-12-06T03:36:37	taken	105.735216	21.061475		https://kartaview.org/details/3612837/0
1343395533	44|OpenStreetView	2019-12-06T03:37:23	taken	105.880032	20.968601		https://kartaview.org/details/3727385/0
1309498401	44|OpenStreetView	2019-12-06T03:37:43	taken	105.731452	21.058965		https://kartaview.org/details/3612837/0
1343395529	44|OpenStreetView	2019-12-06T03:46:21	taken	105.880651	20.968015		https://kartaview.org/details/3727377/0
1343395493	44|OpenStreetView	2019-12-06T03:47:43	taken	105.881179	20.967612		https://kartaview.org/details/3727377/0
1313035845	44|OpenStreetView	2019-12-06T03:49:09	taken	105.737402	21.064059		https://kartaview.org/details/3612837/0
1313035933	44|OpenStreetView	2019-12-06T03:50:01	taken	105.736024	21.065242		https://kartaview.org/details/3612837/0
1343426037	44|OpenStreetView	2019-12-06T03:51:16	taken	105.898398	21.064770		https://kartaview.org/details/3728065/0
1343426005	44|OpenStreetView	2019-12-06T03:51:58	taken	105.898969	21.064242		https://kartaview.org/details/3728065/0
1313036413	44|OpenStreetView	2019-12-06T03:53:35	taken	105.737675	21.064790		https://kartaview.org/details/3620397/0
1634009465	44|OpenStreetView	2019-12-06T03:54:01	taken	105.737093	21.065072		https://kartaview.org/details/6230105/0
1996093225	44|OpenStreetView	2019-12-06T03:55:53	taken	105.880508	20.967625		https://kartaview.org/details/9089897/0
1996093241	44|OpenStreetView	2019-12-06T03:56:07	taken	105.880400	20.967394		https://kartaview.org/details/9089913/0
1343390905	44|OpenStreetView	2019-12-06T03:56:41	taken	105.737852	21.065276		https://kartaview.org/details/3620397/0
1352800597	44|OpenStreetView	2019-12-06T03:57:37	taken	105.738133	21.065524		https://kartaview.org/details/3620397/0
1352807013	44|OpenStreetView	2019-12-06T03:57:47	taken	105.737917	21.065648		https://kartaview.org/details/3620397/0
1313033585	44|OpenStreetView	2019-12-06T04:01:48	taken	105.830584	21.058691		https://kartaview.org/details/3612673/0
1552683465	44|OpenStreetView	2019-12-06T04:02:45	taken	105.737599	21.066154		https://kartaview.org/details/5745801/0
1352801649	44|OpenStreetView	2019-12-06T04:02:55	taken	105.737480	21.066322		https://kartaview.org/details/3612865/0
1352801613	44|OpenStreetView	2019-12-06T04:03:33	taken	105.736412	21.067030		https://kartaview.org/details/3612865/0
1343395729	44|OpenStreetView	2019-12-06T04:03:45	taken	105.881878	20.971609		https://kartaview.org/details/3727405/0
1343395661	44|OpenStreetView	2019-12-06T04:04:09	taken	105.882042	20.971308		https://kartaview.org/details/3727405/0
1352801629	44|OpenStreetView	2019-12-06T04:04:43	taken	105.736248	21.066688		https://kartaview.org/details/3612865/0
1352801597	44|OpenStreetView	2019-12-06T04:08:09	taken	105.735549	21.066568		https://kartaview.org/details/3612865/0
1552769113	44|OpenStreetView	2019-12-06T04:09:19	taken	105.735113	21.065964		https://kartaview.org/details/5756473/0
1343426105	44|OpenStreetView	2019-12-06T04:09:31	taken	105.735327	21.065606		https://kartaview.org/details/3612865/0
1779329289	44|OpenStreetView	2019-12-06T04:10:33	taken	105.810679	21.040475		https://kartaview.org/details/7624153/0
1632779977	44|OpenStreetView	2019-12-06T04:11:19	taken	105.734449	21.065670		https://kartaview.org/details/6227321/0
1552769369	44|OpenStreetView	2019-12-06T04:12:27	taken	105.734051	21.065943		https://kartaview.org/details/5756729/0
1352801589	44|OpenStreetView	2019-12-06T04:14:03	taken	105.734286	21.066422		https://kartaview.org/details/3612865/0
1343426233	44|OpenStreetView	2019-12-06T04:15:31	taken	105.734667	21.067195		https://kartaview.org/details/3612865/0
1343426245	44|OpenStreetView	2019-12-06T04:16:17	taken	105.735997	21.067229		https://kartaview.org/details/3612865/0
1619099849	44|OpenStreetView	2019-12-06T04:17:11	taken	105.736346	21.067900		https://kartaview.org/details/6170809/0
1352801665	44|OpenStreetView	2019-12-06T04:21:17	taken	105.737706	21.067208		https://kartaview.org/details/3612865/0
1352807049	44|OpenStreetView	2019-12-06T04:22:31	taken	105.736891	21.066178		https://kartaview.org/details/3612865/0
1343390937	44|OpenStreetView	2019-12-06T04:24:45	taken	105.736993	21.065707		https://kartaview.org/details/3726657/0
1343426321	44|OpenStreetView	2019-12-06T04:25:10	taken	105.825960	21.068785		https://kartaview.org/details/3612673/0
1343391305	44|OpenStreetView	2019-12-06T04:27:18	taken	105.903981	21.070499		https://kartaview.org/details/3726693/0
1536359705	44|OpenStreetView	2019-12-06T04:28:53	taken	105.735137	21.067889		https://kartaview.org/details/5578281/0
1343391669	44|OpenStreetView	2019-12-06T04:30:54	taken	105.824197	21.073985		https://kartaview.org/details/3612673/0
1309498469	44|OpenStreetView	2019-12-06T04:31:01	taken	105.734393	21.067622		https://kartaview.org/details/3612849/0
1309498505	44|OpenStreetView	2019-12-06T04:31:09	taken	105.734309	21.067701		https://kartaview.org/details/3612849/0
1551659609	44|OpenStreetView	2019-12-06T04:33:52	taken	105.906202	21.070045		https://kartaview.org/details/5725033/0
1309498749	44|OpenStreetView	2019-12-06T04:34:24	taken	105.907082	21.071072		https://kartaview.org/details/3612941/0
1309498557	44|OpenStreetView	2019-12-06T04:35:07	taken	105.734677	21.068677		https://kartaview.org/details/3612849/0
1352801553	44|OpenStreetView	2019-12-06T04:37:01	taken	105.733658	21.068462		https://kartaview.org/details/3612857/0
1632704025	44|OpenStreetView	2019-12-06T04:37:09	taken	105.733834	21.068519		https://kartaview.org/details/6225897/0
1309498517	44|OpenStreetView	2019-12-06T04:38:09	taken	105.733041	21.068070		https://kartaview.org/details/3612857/0
1634021913	44|OpenStreetView	2019-12-06T04:38:35	taken	105.732200	21.068359		https://kartaview.org/details/6231001/0
1309498457	44|OpenStreetView	2019-12-06T04:40:13	taken	105.733232	21.067615		https://kartaview.org/details/3612853/0
1343426617	44|OpenStreetView	2019-12-06T04:40:14	taken	105.817658	21.081510		https://kartaview.org/details/3612673/0
1343391065	44|OpenStreetView	2019-12-06T04:41:53	taken	105.732934	21.067011		https://kartaview.org/details/3612857/0
1352800613	44|OpenStreetView	2019-12-06T04:43:01	taken	105.733537	21.068082		https://kartaview.org/details/3612857/0
1552034329	44|OpenStreetView	2019-12-06T04:44:25	taken	105.733540	21.069158		https://kartaview.org/details/5744585/0
1634024313	44|OpenStreetView	2019-12-06T04:44:43	taken	105.734146	21.068936		https://kartaview.org/details/6231961/0
1343395097	44|OpenStreetView	2019-12-06T04:44:55	taken	105.757171	20.953762		https://kartaview.org/details/3727333/0
1309498597	44|OpenStreetView	2019-12-06T04:45:41	taken	105.732757	21.069046		https://kartaview.org/details/3612857/0
1596330537	44|OpenStreetView	2019-12-06T04:48:07	taken	105.909870	21.070049		https://kartaview.org/details/6018729/0
1596330553	44|OpenStreetView	2019-12-06T04:48:59	taken	105.908860	21.072337		https://kartaview.org/details/6018745/0
1343426573	44|OpenStreetView	2019-12-06T04:49:57	taken	105.728301	21.075023		https://kartaview.org/details/3612857/0
1309498565	44|OpenStreetView	2019-12-06T04:51:53	taken	105.908664	21.068800		https://kartaview.org/details/3612889/0
1596330521	44|OpenStreetView	2019-12-06T04:52:36	taken	105.907357	21.067395		https://kartaview.org/details/6018697/0
1596330505	44|OpenStreetView	2019-12-06T04:54:20	taken	105.904335	21.064388		https://kartaview.org/details/6018681/0
1596330489	44|OpenStreetView	2019-12-06T04:56:14	taken	105.902074	21.062003		https://kartaview.org/details/6018665/0
1309489833	44|OpenStreetView	2019-12-06T04:57:03	taken	105.756913	20.948090		https://kartaview.org/details/3612073/0
1343391393	44|OpenStreetView	2019-12-06T05:09:52	taken	105.906177	21.071113		https://kartaview.org/details/3726701/0
1309498773	44|OpenStreetView	2019-12-06T05:11:35	taken	105.728253	21.071304		https://kartaview.org/details/3612965/0
1339026645	44|OpenStreetView	2019-12-06T05:12:45	taken	105.754853	20.945729		https://kartaview.org/details/3714857/0
1343426409	44|OpenStreetView	2019-12-06T05:14:02	taken	105.906346	21.072453		https://kartaview.org/details/3726701/0
1339026633	44|OpenStreetView	2019-12-06T05:14:39	taken	105.754452	20.945102		https://kartaview.org/details/3714857/0
1343426293	44|OpenStreetView	2019-12-06T05:15:00	taken	105.808165	21.068175		https://kartaview.org/details/3612673/0
1339026601	44|OpenStreetView	2019-12-06T05:16:35	taken	105.753339	20.943930		https://kartaview.org/details/3714857/0
1343391581	44|OpenStreetView	2019-12-06T05:18:30	taken	105.906733	21.073234		https://kartaview.org/details/3726701/0
1343391633	44|OpenStreetView	2019-12-06T05:22:38	taken	105.907518	21.073903		https://kartaview.org/details/3726701/0
1352804973	44|OpenStreetView	2019-12-06T05:23:48	taken	105.810318	21.065930		https://kartaview.org/details/3612673/0
1352804989	44|OpenStreetView	2019-12-06T05:27:56	taken	105.809680	21.064492		https://kartaview.org/details/3612673/0
1619095145	44|OpenStreetView	2019-12-06T05:33:19	taken	105.753172	20.946790		https://kartaview.org/details/6169881/0
1343425921	44|OpenStreetView	2019-12-06T05:34:20	taken	105.807901	21.063703		https://kartaview.org/details/3612673/0
1309489813	44|OpenStreetView	2019-12-06T05:34:31	taken	105.752681	20.945653		https://kartaview.org/details/3612061/0
1339032365	44|OpenStreetView	2019-12-06T05:45:10	taken	105.806362	21.064088		https://kartaview.org/details/3612673/0
1339032309	44|OpenStreetView	2019-12-06T05:46:40	taken	105.804896	21.062695		https://kartaview.org/details/3612673/0
1343425745	44|OpenStreetView	2019-12-06T05:48:00	taken	105.806528	21.060548		https://kartaview.org/details/3612673/0
1313038089	44|OpenStreetView	2019-12-06T05:52:58	taken	105.728707	21.073864		https://kartaview.org/details/3620433/0
2010215161	44|OpenStreetView	2019-12-06T05:53:44	taken	105.806478	21.061921		https://kartaview.org/details/9154649/0
1313038337	44|OpenStreetView	2019-12-06T05:54:12	taken	105.728953	21.074365		https://kartaview.org/details/3620433/0
1550259513	44|OpenStreetView	2019-12-06T05:54:34	taken	105.729151	21.074987		https://kartaview.org/details/5721673/0
1343426525	44|OpenStreetView	2019-12-06T05:54:58	taken	105.729940	21.074621		https://kartaview.org/details/3620433/0
1343426513	44|OpenStreetView	2019-12-06T05:55:14	taken	105.729572	21.074396		https://kartaview.org/details/3620433/0
1339026425	44|OpenStreetView	2019-12-06T05:56:23	taken	105.756652	20.938068		https://kartaview.org/details/3714833/0
1343391609	44|OpenStreetView	2019-12-06T05:57:48	taken	105.730752	21.073489		https://kartaview.org/details/3620433/0
1309498889	44|OpenStreetView	2019-12-06T06:00:38	taken	105.731252	21.072156		https://kartaview.org/details/3613001/0
1313034869	44|OpenStreetView	2019-12-06T06:02:26	taken	105.807936	21.058843		https://kartaview.org/details/3612673/0
1343391421	44|OpenStreetView	2019-12-06T06:04:28	taken	105.731395	21.071489		https://kartaview.org/details/3613001/0
1309498645	44|OpenStreetView	2019-12-06T06:09:28	taken	105.731652	21.069570		https://kartaview.org/details/3612913/0
1402379465	44|OpenStreetView	2019-12-06T06:11:22	taken	105.730995	21.069743		https://kartaview.org/details/4083129/0
1309498661	44|OpenStreetView	2019-12-06T06:12:02	taken	105.730655	21.069741		https://kartaview.org/details/3612913/0
1343391329	44|OpenStreetView	2019-12-06T06:13:02	taken	105.730510	21.070759		https://kartaview.org/details/3612913/0
1343394841	44|OpenStreetView	2019-12-06T06:13:29	taken	105.766721	20.933913		https://kartaview.org/details/3714833/0
1343391341	44|OpenStreetView	2019-12-06T06:14:22	taken	105.729598	21.070813		https://kartaview.org/details/3612913/0
1343391501	44|OpenStreetView	2019-12-06T06:22:42	taken	105.728350	21.072412		https://kartaview.org/details/3612913/0
1309498925	44|OpenStreetView	2019-12-06T06:24:12	taken	105.728413	21.072573		https://kartaview.org/details/3612913/0
1343426453	44|OpenStreetView	2019-12-06T06:26:14	taken	105.728613	21.072950		https://kartaview.org/details/3612913/0
1343426497	44|OpenStreetView	2019-12-06T06:27:04	taken	105.729027	21.073789		https://kartaview.org/details/3612913/0
1343391529	44|OpenStreetView	2019-12-06T06:31:20	taken	105.729068	21.072800		https://kartaview.org/details/3726713/0
1343391513	44|OpenStreetView	2019-12-06T06:31:30	taken	105.729394	21.072739		https://kartaview.org/details/3726713/0
1343426357	44|OpenStreetView	2019-12-06T06:37:08	taken	105.728644	21.070391		https://kartaview.org/details/3728093/0
1618971241	44|OpenStreetView	2019-12-06T06:45:56	taken	105.729127	21.067955		https://kartaview.org/details/6164841/0
1309494645	44|OpenStreetView	2019-12-06T06:52:07	taken	105.806366	21.033692		https://kartaview.org/details/3612497/0
1343391217	44|OpenStreetView	2019-12-06T06:54:08	taken	105.730265	21.069719		https://kartaview.org/details/3620421/0
1343391205	44|OpenStreetView	2019-12-06T06:54:26	taken	105.730301	21.069220		https://kartaview.org/details/3620421/0
1632718873	44|OpenStreetView	2019-12-06T07:41:12	taken	105.738723	21.066010		https://kartaview.org/details/6227161/0
1339031797	44|OpenStreetView	2019-12-06T07:48:34	taken	105.876580	21.054333		https://kartaview.org/details/3715261/0
1352806469	44|OpenStreetView	2019-12-06T07:55:30	taken	105.878838	21.056086		https://kartaview.org/details/3612781/0
1309498157	44|OpenStreetView	2019-12-06T07:56:00	taken	105.877993	21.055667		https://kartaview.org/details/3612777/0
1309498169	44|OpenStreetView	2019-12-06T07:56:20	taken	105.877301	21.055661		https://kartaview.org/details/3612781/0
1516899449	44|OpenStreetView	2019-12-06T07:59:22	taken	105.879171	21.054740		https://kartaview.org/details/5359337/0
1339026505	44|OpenStreetView	2019-12-06T08:04:18	taken	105.764629	20.940808		https://kartaview.org/details/3714845/0
1343394989	44|OpenStreetView	2019-12-06T08:04:56	taken	105.764204	20.942052		https://kartaview.org/details/3714845/0
1343394973	44|OpenStreetView	2019-12-06T08:06:33	taken	105.763466	20.941828		https://kartaview.org/details/3714845/0
1339032073	44|OpenStreetView	2019-12-06T08:07:32	taken	105.882289	21.056183		https://kartaview.org/details/3612773/0
1309498149	44|OpenStreetView	2019-12-06T08:08:58	taken	105.881803	21.055578		https://kartaview.org/details/3612769/0
1352806125	44|OpenStreetView	2019-12-06T08:11:42	taken	105.742182	21.067469		https://kartaview.org/details/3728077/0
1339031901	44|OpenStreetView	2019-12-06T08:12:44	taken	105.881754	21.054942		https://kartaview.org/details/3715269/0
1552769097	44|OpenStreetView	2019-12-06T08:15:42	taken	105.742997	21.068658		https://kartaview.org/details/5756457/0
1552769081	44|OpenStreetView	2019-12-06T08:16:14	taken	105.744770	21.068335		https://kartaview.org/details/5756441/0
1352801449	44|OpenStreetView	2019-12-06T08:17:02	taken	105.745534	21.066763		https://kartaview.org/details/3728077/0
1343426157	44|OpenStreetView	2019-12-06T08:17:32	taken	105.744844	21.066468		https://kartaview.org/details/3728077/0
1343426057	44|OpenStreetView	2019-12-06T08:21:20	taken	105.744307	21.065111		https://kartaview.org/details/3726653/0
1343390925	44|OpenStreetView	2019-12-06T08:21:58	taken	105.744612	21.065440		https://kartaview.org/details/3726653/0
1352803577	44|OpenStreetView	2019-12-06T08:24:40	taken	105.745075	21.066179		https://kartaview.org/details/3726653/0
1352801485	44|OpenStreetView	2019-12-06T08:25:10	taken	105.744558	21.066655		https://kartaview.org/details/3726653/0
1343423245	44|OpenStreetView	2019-12-06T08:28:10	taken	105.877284	21.047207		https://kartaview.org/details/3620281/0
1339026553	44|OpenStreetView	2019-12-06T08:28:22	taken	105.764030	20.942758		https://kartaview.org/details/3714853/0
1313029429	44|OpenStreetView	2019-12-06T08:28:42	taken	105.877842	21.047045		https://kartaview.org/details/3620281/0
1552010313	44|OpenStreetView	2019-12-06T08:30:10	taken	105.744862	21.066911		https://kartaview.org/details/5744505/0
1343391085	44|OpenStreetView	2019-12-06T08:30:20	taken	105.744638	21.067125		https://kartaview.org/details/3726677/0
1343391121	44|OpenStreetView	2019-12-06T08:30:52	taken	105.743890	21.067437		https://kartaview.org/details/3726677/0
1352801441	44|OpenStreetView	2019-12-06T08:31:12	taken	105.743685	21.067437		https://kartaview.org/details/3726677/0
1996200425	44|OpenStreetView	2019-12-06T08:31:32	taken	105.743225	21.067266		https://kartaview.org/details/9094281/0
1352801473	44|OpenStreetView	2019-12-06T08:35:20	taken	105.745491	21.067485		https://kartaview.org/details/3757349/0
1313028717	44|OpenStreetView	2019-12-06T08:47:02	taken	105.871113	21.046438		https://kartaview.org/details/3620265/0
1343426313	44|OpenStreetView	2019-12-06T08:49:26	taken	105.747105	21.068709		https://kartaview.org/details/3726685/0
1339026697	44|OpenStreetView	2019-12-06T08:49:38	taken	105.760026	20.946410		https://kartaview.org/details/3612065/0
1309489817	44|OpenStreetView	2019-12-06T08:50:03	taken	105.760866	20.946007		https://kartaview.org/details/3612065/0
1595756329	44|OpenStreetView	2019-12-06T08:50:49	taken	105.812425	21.031485		https://kartaview.org/details/6009961/0
1352805253	44|OpenStreetView	2019-12-06T08:56:34	taken	105.872332	21.043997		https://kartaview.org/details/3757421/0
1343426237	44|OpenStreetView	2019-12-06T08:57:26	taken	105.746469	21.067198		https://kartaview.org/details/3728081/0
1343426217	44|OpenStreetView	2019-12-06T08:58:08	taken	105.746153	21.067089		https://kartaview.org/details/3728081/0
1343426265	44|OpenStreetView	2019-12-06T09:00:14	taken	105.747288	21.067485		https://kartaview.org/details/3728085/0
1343395081	44|OpenStreetView	2019-12-06T09:14:04	taken	105.757167	20.950872		https://kartaview.org/details/3727329/0
1352798613	44|OpenStreetView	2019-12-06T09:14:40	taken	105.867611	21.044808		https://kartaview.org/details/3757245/0
1339026781	44|OpenStreetView	2019-12-06T09:23:39	taken	105.760443	20.953357		https://kartaview.org/details/3714869/0
1313026721	44|OpenStreetView	2019-12-06T09:30:08	taken	105.865511	21.043354		https://kartaview.org/details/3620221/0
1343395109	44|OpenStreetView	2019-12-06T09:30:10	taken	105.760304	20.954148		https://kartaview.org/details/3727337/0
1343421781	44|OpenStreetView	2019-12-06T09:35:58	taken	105.865228	21.042700		https://kartaview.org/details/3727921/0
1339030857	44|OpenStreetView	2019-12-06T09:39:20	taken	105.865409	21.044288		https://kartaview.org/details/3715193/0
1343391965	44|OpenStreetView	2019-12-06T09:40:16	taken	105.769823	21.084884		https://kartaview.org/details/3726761/0
1343426797	44|OpenStreetView	2019-12-06T09:41:06	taken	105.770300	21.086282		https://kartaview.org/details/3613109/0
1343395285	44|OpenStreetView	2019-12-06T09:41:20	taken	105.762734	20.960837		https://kartaview.org/details/3727353/0
1309499309	44|OpenStreetView	2019-12-06T09:42:30	taken	105.769958	21.089662		https://kartaview.org/details/3613105/0
1339031201	44|OpenStreetView	2019-12-06T09:42:36	taken	105.865147	21.048176		https://kartaview.org/details/3715209/0
1519646137	44|OpenStreetView	2019-12-06T10:04:39	taken	105.863341	21.059944		https://kartaview.org/details/5386777/0
1519646185	44|OpenStreetView	2019-12-06T10:14:24	taken	105.861622	21.059433		https://kartaview.org/details/5386809/0
1520214553	44|OpenStreetView	2019-12-06T23:46:39	taken	105.762074	21.044421		https://kartaview.org/details/5398217/0
1619087001	44|OpenStreetView	2019-12-06T23:57:59	taken	105.764854	21.047997		https://kartaview.org/details/6169657/0
1551824729	44|OpenStreetView	2019-12-07T01:22:38	taken	105.849858	20.995876		https://kartaview.org/details/5741577/0
1551824905	44|OpenStreetView	2019-12-07T01:29:17	taken	105.841229	20.997588		https://kartaview.org/details/5741753/0
1738277145	44|OpenStreetView	2019-12-07T01:36:01	taken	105.841424	20.969952		https://kartaview.org/details/7364985/0
1551824681	44|OpenStreetView	2019-12-07T02:11:49	taken	105.782734	21.017137		https://kartaview.org/details/5741529/0
1551825769	44|OpenStreetView	2019-12-07T02:23:23	taken	105.789842	21.036240		https://kartaview.org/details/5742153/0
1309495713	44|OpenStreetView	2019-12-07T02:27:56	taken	105.794386	21.034729		https://kartaview.org/details/3612545/0
1551824649	44|OpenStreetView	2019-12-07T02:40:28	taken	105.828544	21.032459		https://kartaview.org/details/5741497/0
1309498545	44|OpenStreetView	2019-12-07T03:01:10	taken	105.803129	21.068297		https://kartaview.org/details/3612881/0
1343418713	44|OpenStreetView	2019-12-07T03:43:46	taken	105.879827	20.996679		https://kartaview.org/details/3727737/0
1343418589	44|OpenStreetView	2019-12-07T03:54:00	taken	105.880242	20.995444		https://kartaview.org/details/3727729/0
1536520169	44|OpenStreetView	2019-12-07T04:11:20	taken	105.812771	21.027871		https://kartaview.org/details/5580377/0
1343418197	44|OpenStreetView	2019-12-07T04:14:37	taken	105.877061	20.991013		https://kartaview.org/details/3727685/0
1343418281	44|OpenStreetView	2019-12-07T04:17:25	taken	105.876283	20.991629		https://kartaview.org/details/3727685/0
1996093593	44|OpenStreetView	2019-12-07T04:18:51	taken	105.874337	20.992117		https://kartaview.org/details/9090265/0
1343392233	44|OpenStreetView	2019-12-07T05:25:48	taken	105.795976	21.090700		https://kartaview.org/details/3726781/0
1343427185	44|OpenStreetView	2019-12-07T05:27:16	taken	105.795487	21.089719		https://kartaview.org/details/3726781/0
1343426921	44|OpenStreetView	2019-12-07T05:30:22	taken	105.794829	21.087577		https://kartaview.org/details/3726781/0
1551819465	44|OpenStreetView	2019-12-07T05:34:44	taken	105.795557	21.088576		https://kartaview.org/details/5740585/0
1343426817	44|OpenStreetView	2019-12-07T06:12:38	taken	105.795675	21.086603		https://kartaview.org/details/3613085/0
1309493193	44|OpenStreetView	2019-12-07T06:14:40	taken	105.783468	21.030832		https://kartaview.org/details/3612425/0
1343427037	44|OpenStreetView	2019-12-07T06:22:34	taken	105.798803	21.088313		https://kartaview.org/details/3613085/0
1343426909	44|OpenStreetView	2019-12-07T06:24:29	taken	105.800206	21.087528		https://kartaview.org/details/3613085/0
1343427005	44|OpenStreetView	2019-12-07T06:25:44	taken	105.800156	21.087992		https://kartaview.org/details/3613085/0
1339026245	44|OpenStreetView	2019-12-07T06:26:10	taken	105.736975	20.926451		https://kartaview.org/details/3612049/0
1539908329	44|OpenStreetView	2019-12-07T06:26:46	taken	105.800778	21.088624		https://kartaview.org/details/5609209/0
1309495829	44|OpenStreetView	2019-12-07T06:27:10	taken	105.785804	21.035400		https://kartaview.org/details/3612573/0
1539908425	44|OpenStreetView	2019-12-07T06:27:28	taken	105.801093	21.089425		https://kartaview.org/details/5609225/0
1339029977	44|OpenStreetView	2019-12-07T06:30:42	taken	105.786784	21.035415		https://kartaview.org/details/3612577/0
1309489789	44|OpenStreetView	2019-12-07T06:32:30	taken	105.735887	20.928812		https://kartaview.org/details/3612049/0
1343390365	44|OpenStreetView	2019-12-07T06:33:02	taken	105.786625	21.035135		https://kartaview.org/details/3612577/0
1343427073	44|OpenStreetView	2019-12-07T06:37:41	taken	105.799667	21.088475		https://kartaview.org/details/3613085/0
1339029993	44|OpenStreetView	2019-12-07T06:39:12	taken	105.787162	21.035487		https://kartaview.org/details/3612577/0
1343426885	44|OpenStreetView	2019-12-07T06:41:44	taken	105.800161	21.087021		https://kartaview.org/details/3613085/0
1339029865	44|OpenStreetView	2019-12-07T06:42:16	taken	105.787828	21.034239		https://kartaview.org/details/3612577/0
1343394821	44|OpenStreetView	2019-12-07T06:44:46	taken	105.732689	20.933875		https://kartaview.org/details/3612049/0
1339029741	44|OpenStreetView	2019-12-07T06:45:32	taken	105.786795	21.033159		https://kartaview.org/details/3612577/0
1343390357	44|OpenStreetView	2019-12-07T06:46:44	taken	105.785599	21.033744		https://kartaview.org/details/3612577/0
1815414681	44|OpenStreetView	2019-12-07T06:48:06	taken	105.734051	20.929293		https://kartaview.org/details/7863929/0
1343394729	44|OpenStreetView	2019-12-07T06:50:18	taken	105.733592	20.931535		https://kartaview.org/details/3612049/0
1343394757	44|OpenStreetView	2019-12-07T06:53:30	taken	105.733180	20.931809		https://kartaview.org/details/3612049/0
1343426973	44|OpenStreetView	2019-12-07T06:54:44	taken	105.806703	21.088210		https://kartaview.org/details/3613085/0
1339029773	44|OpenStreetView	2019-12-07T06:55:06	taken	105.785693	21.033810		https://kartaview.org/details/3715101/0
1343394793	44|OpenStreetView	2019-12-07T06:55:30	taken	105.734373	20.932029		https://kartaview.org/details/3612049/0
1343394785	44|OpenStreetView	2019-12-07T06:55:32	taken	105.734281	20.931972		https://kartaview.org/details/3612049/0
1343390325	44|OpenStreetView	2019-12-07T06:55:32	taken	105.785554	21.033192		https://kartaview.org/details/3715101/0
1343394749	44|OpenStreetView	2019-12-07T06:55:54	taken	105.733555	20.931624		https://kartaview.org/details/3612049/0
1343419957	44|OpenStreetView	2019-12-07T06:56:26	taken	105.785473	21.032518		https://kartaview.org/details/3715101/0
1343394805	44|OpenStreetView	2019-12-07T06:57:30	taken	105.733307	20.933758		https://kartaview.org/details/3612049/0
1343394849	44|OpenStreetView	2019-12-07T06:57:52	taken	105.732746	20.933965		https://kartaview.org/details/3612049/0
1339026385	44|OpenStreetView	2019-12-07T06:58:10	taken	105.732456	20.934585		https://kartaview.org/details/3612049/0
1343427157	44|OpenStreetView	2019-12-07T06:59:59	taken	105.803509	21.089571		https://kartaview.org/details/3613085/0
1343394869	44|OpenStreetView	2019-12-07T07:00:52	taken	105.730642	20.935295		https://kartaview.org/details/3612049/0
1343426961	44|OpenStreetView	2019-12-07T07:02:22	taken	105.805726	21.087878		https://kartaview.org/details/3613085/0
1313022549	44|OpenStreetView	2019-12-07T07:03:08	taken	105.786203	21.030473		https://kartaview.org/details/3620149/0
1343427057	44|OpenStreetView	2019-12-07T07:03:38	taken	105.803620	21.088324		https://kartaview.org/details/3613085/0
1343394901	44|OpenStreetView	2019-12-07T07:07:04	taken	105.731826	20.935570		https://kartaview.org/details/3612049/0
1413895097	44|OpenStreetView	2019-12-07T07:08:42	taken	105.732428	20.936597		https://kartaview.org/details/4226265/0
1343394929	44|OpenStreetView	2019-12-07T07:09:32	taken	105.731446	20.936028		https://kartaview.org/details/3612049/0
1343394941	44|OpenStreetView	2019-12-07T07:11:08	taken	105.730419	20.937131		https://kartaview.org/details/3612049/0
1343426865	44|OpenStreetView	2019-12-07T07:16:55	taken	105.806464	21.086693		https://kartaview.org/details/3613085/0
1343426809	44|OpenStreetView	2019-12-07T07:21:06	taken	105.804183	21.086444		https://kartaview.org/details/3613085/0
1343426837	44|OpenStreetView	2019-12-07T07:21:14	taken	105.804134	21.086653		https://kartaview.org/details/3613085/0
1343426857	44|OpenStreetView	2019-12-07T07:22:56	taken	105.804515	21.085619		https://kartaview.org/details/3613085/0
1343394953	44|OpenStreetView	2019-12-07T07:23:38	taken	105.736903	20.937407		https://kartaview.org/details/3714837/0
1343394905	44|OpenStreetView	2019-12-07T07:25:32	taken	105.735355	20.935673		https://kartaview.org/details/3714837/0
1343394861	44|OpenStreetView	2019-12-07T07:27:46	taken	105.734566	20.934866		https://kartaview.org/details/3714837/0
1343394889	44|OpenStreetView	2019-12-07T07:28:00	taken	105.734490	20.935352		https://kartaview.org/details/3714837/0
1339026457	44|OpenStreetView	2019-12-07T07:31:22	taken	105.733522	20.939533		https://kartaview.org/details/3714837/0
1996088473	44|OpenStreetView	2019-12-07T07:33:56	taken	105.737136	20.938171		https://kartaview.org/details/9089513/0
1343427165	44|OpenStreetView	2019-12-07T07:50:32	taken	105.807191	21.089655		https://kartaview.org/details/3613085/0
1343392093	44|OpenStreetView	2019-12-07T07:51:28	taken	105.808339	21.087979		https://kartaview.org/details/3613085/0
1343427117	44|OpenStreetView	2019-12-07T07:54:59	taken	105.808485	21.089181		https://kartaview.org/details/3613085/0
1313031717	44|OpenStreetView	2019-12-07T07:56:51	taken	105.795603	21.046334		https://kartaview.org/details/3620257/0
1313028509	44|OpenStreetView	2019-12-07T07:57:09	taken	105.794766	21.046313		https://kartaview.org/details/3620257/0
1309499317	44|OpenStreetView	2019-12-07T07:57:54	taken	105.808748	21.089748		https://kartaview.org/details/3613085/0
1343392145	44|OpenStreetView	2019-12-07T08:00:20	taken	105.809294	21.088971		https://kartaview.org/details/3613085/0
1343427013	44|OpenStreetView	2019-12-07T08:09:51	taken	105.813648	21.088179		https://kartaview.org/details/3613085/0
1343426977	44|OpenStreetView	2019-12-07T08:14:21	taken	105.812855	21.087915		https://kartaview.org/details/3613085/0
1339026953	44|OpenStreetView	2019-12-07T08:14:24	taken	105.758043	20.958247		https://kartaview.org/details/3714893/0
1343427093	44|OpenStreetView	2019-12-07T08:16:43	taken	105.810561	21.088541		https://kartaview.org/details/3613085/0
1343392077	44|OpenStreetView	2019-12-07T08:17:51	taken	105.810493	21.087835		https://kartaview.org/details/3613085/0
1309499237	44|OpenStreetView	2019-12-07T08:18:21	taken	105.809862	21.088339		https://kartaview.org/details/3613085/0
1313013389	44|OpenStreetView	2019-12-07T08:28:56	taken	105.768023	20.963401		https://kartaview.org/details/3619905/0
1634074713	44|OpenStreetView	2019-12-07T08:59:05	taken	105.898355	21.067669		https://kartaview.org/details/6233321/0
1309498533	44|OpenStreetView	2019-12-07T09:01:01	taken	105.899018	21.068294		https://kartaview.org/details/3612873/0
1352805197	44|OpenStreetView	2019-12-07T09:01:57	taken	105.900335	21.069921		https://kartaview.org/details/3612877/0
1539710169	44|OpenStreetView	2019-12-07T09:06:19	taken	105.897892	21.068622		https://kartaview.org/details/5608905/0
1309498821	44|OpenStreetView	2019-12-07T09:19:07	taken	105.898709	21.071373		https://kartaview.org/details/3612981/0
1343391717	44|OpenStreetView	2019-12-07T09:25:41	taken	105.897081	21.074233		https://kartaview.org/details/3726725/0
1309498933	44|OpenStreetView	2019-12-07T09:32:03	taken	105.901423	21.076461		https://kartaview.org/details/3613009/0
1313038445	44|OpenStreetView	2019-12-07T09:44:55	taken	105.902429	21.074370		https://kartaview.org/details/3620445/0
1313038505	44|OpenStreetView	2019-12-07T09:45:51	taken	105.901871	21.074784		https://kartaview.org/details/3620445/0
1343391753	44|OpenStreetView	2019-12-07T09:46:47	taken	105.903102	21.075512		https://kartaview.org/details/3620445/0
1621442441	44|OpenStreetView	2019-12-08T02:32:31	taken	105.862426	21.061650		https://kartaview.org/details/6177241/0
1621429673	44|OpenStreetView	2019-12-08T02:33:36	taken	105.861019	21.062969		https://kartaview.org/details/6177177/0
1621429689	44|OpenStreetView	2019-12-08T02:33:49	taken	105.860898	21.063512		https://kartaview.org/details/6177193/0
1343391117	44|OpenStreetView	2019-12-08T02:37:01	taken	105.859348	21.067348		https://kartaview.org/details/3620417/0
1516899049	44|OpenStreetView	2019-12-08T02:40:55	taken	105.857948	21.067075		https://kartaview.org/details/5359001/0
1343391093	44|OpenStreetView	2019-12-08T02:41:07	taken	105.857679	21.067345		https://kartaview.org/details/3620417/0
1516899081	44|OpenStreetView	2019-12-08T02:41:32	taken	105.856762	21.068256		https://kartaview.org/details/5359033/0
1313037049	44|OpenStreetView	2019-12-08T02:41:47	taken	105.856143	21.068877		https://kartaview.org/details/3620417/0
1516899177	44|OpenStreetView	2019-12-08T02:42:05	taken	105.855422	21.069525		https://kartaview.org/details/5359129/0
1516899161	44|OpenStreetView	2019-12-08T02:42:17	taken	105.855015	21.069914		https://kartaview.org/details/5359113/0
1516899113	44|OpenStreetView	2019-12-08T02:42:23	taken	105.854804	21.070127		https://kartaview.org/details/5359065/0
1343391281	44|OpenStreetView	2019-12-08T02:42:34	taken	105.854389	21.070421		https://kartaview.org/details/3620417/0
1313037581	44|OpenStreetView	2019-12-08T02:42:52	taken	105.854321	21.071041		https://kartaview.org/details/3620417/0
1343391453	44|OpenStreetView	2019-12-08T02:43:05	taken	105.854480	21.071624		https://kartaview.org/details/3620417/0
1343391477	44|OpenStreetView	2019-12-08T02:44:58	taken	105.853279	21.072361		https://kartaview.org/details/3726709/0
1343391749	44|OpenStreetView	2019-12-08T02:49:30	taken	105.848120	21.075140		https://kartaview.org/details/3726709/0
1343391773	44|OpenStreetView	2019-12-08T02:50:15	taken	105.846577	21.076776		https://kartaview.org/details/3726709/0
1343391589	44|OpenStreetView	2019-12-08T02:54:14	taken	105.850598	21.073486		https://kartaview.org/details/3726697/0
1343426141	44|OpenStreetView	2019-12-08T02:59:40	taken	105.859382	21.065777		https://kartaview.org/details/3620401/0
1621451961	44|OpenStreetView	2019-12-08T02:59:59	taken	105.860102	21.065308		https://kartaview.org/details/6177337/0
1621452217	44|OpenStreetView	2019-12-08T03:04:07	taken	105.865250	21.063847		https://kartaview.org/details/6177593/0
1313035649	44|OpenStreetView	2019-12-08T03:08:08	taken	105.865477	21.063396		https://kartaview.org/details/3620389/0
1551825817	44|OpenStreetView	2019-12-08T03:20:48	taken	105.829990	21.031913		https://kartaview.org/details/5742201/0
1339032257	44|OpenStreetView	2019-12-08T03:20:51	taken	105.883056	21.060677		https://kartaview.org/details/3612821/0
1343425777	44|OpenStreetView	2019-12-08T03:21:09	taken	105.883455	21.060773		https://kartaview.org/details/3612821/0
1343425785	44|OpenStreetView	2019-12-08T03:21:24	taken	105.883899	21.060842		https://kartaview.org/details/3612821/0
1343425793	44|OpenStreetView	2019-12-08T03:21:40	taken	105.884471	21.060933		https://kartaview.org/details/3612821/0
1313035181	44|OpenStreetView	2019-12-08T03:24:53	taken	105.885302	21.062300		https://kartaview.org/details/3612821/0
1309498289	44|OpenStreetView	2019-12-08T03:26:11	taken	105.886090	21.061233		https://kartaview.org/details/3612821/0
1309498281	44|OpenStreetView	2019-12-08T03:28:29	taken	105.887250	21.060748		https://kartaview.org/details/3612817/0
1622018233	44|OpenStreetView	2019-12-08T03:29:52	taken	105.839573	21.029013		https://kartaview.org/details/6179609/0
1343425721	44|OpenStreetView	2019-12-08T03:35:56	taken	105.888369	21.060411		https://kartaview.org/details/3728045/0
1343425841	44|OpenStreetView	2019-12-08T03:36:49	taken	105.887628	21.061552		https://kartaview.org/details/3728045/0
1339029549	44|OpenStreetView	2019-12-08T03:41:21	taken	105.790724	21.031155		https://kartaview.org/details/3715081/0
1343425945	44|OpenStreetView	2019-12-08T03:45:02	taken	105.889933	21.063809		https://kartaview.org/details/3728061/0
1343425969	44|OpenStreetView	2019-12-08T03:45:56	taken	105.890485	21.063860		https://kartaview.org/details/3728061/0
1343420145	44|OpenStreetView	2019-12-08T03:46:53	taken	105.789445	21.034957		https://kartaview.org/details/3715081/0
1343420137	44|OpenStreetView	2019-12-08T03:49:10	taken	105.789755	21.034912		https://kartaview.org/details/3715081/0
1309493777	44|OpenStreetView	2019-12-08T03:50:38	taken	105.843369	21.032507		https://kartaview.org/details/3612461/0
1309494253	44|OpenStreetView	2019-12-08T03:50:54	taken	105.843446	21.033342		https://kartaview.org/details/3612465/0
1313035093	44|OpenStreetView	2019-12-08T04:01:49	taken	105.886028	21.059040		https://kartaview.org/details/3612801/0
1309498217	44|OpenStreetView	2019-12-08T04:02:24	taken	105.885848	21.060031		https://kartaview.org/details/3612801/0
1402244137	44|OpenStreetView	2019-12-08T04:03:16	taken	105.885588	21.060546		https://kartaview.org/details/4073529/0
1513722985	44|OpenStreetView	2019-12-08T04:03:30	taken	105.885421	21.060971		https://kartaview.org/details/5330217/0
1343419897	44|OpenStreetView	2019-12-08T04:10:47	taken	105.801616	21.031145		https://kartaview.org/details/3727845/0
1343419905	44|OpenStreetView	2019-12-08T04:13:24	taken	105.802131	21.031604		https://kartaview.org/details/3727845/0
1343423953	44|OpenStreetView	2019-12-08T04:14:10	taken	105.887948	21.057389		https://kartaview.org/details/3728025/0
1343423929	44|OpenStreetView	2019-12-08T04:14:22	taken	105.888229	21.057150		https://kartaview.org/details/3728025/0
1343423985	44|OpenStreetView	2019-12-08T04:19:08	taken	105.889302	21.057859		https://kartaview.org/details/3728025/0
1343420041	44|OpenStreetView	2019-12-08T04:19:55	taken	105.803451	21.034305		https://kartaview.org/details/3727857/0
1343390305	44|OpenStreetView	2019-12-08T04:22:03	taken	105.803180	21.033209		https://kartaview.org/details/3715085/0
1339032329	44|OpenStreetView	2019-12-08T04:23:52	taken	105.895232	21.063733		https://kartaview.org/details/3715293/0
1339029577	44|OpenStreetView	2019-12-08T04:25:31	taken	105.801121	21.031784		https://kartaview.org/details/3715085/0
1343420001	44|OpenStreetView	2019-12-08T04:34:37	taken	105.799428	21.033225		https://kartaview.org/details/3715117/0
1343420105	44|OpenStreetView	2019-12-08T04:37:57	taken	105.800084	21.034474		https://kartaview.org/details/3715117/0
1339029933	44|OpenStreetView	2019-12-08T04:44:03	taken	105.802419	21.035297		https://kartaview.org/details/3715117/0
1343420157	44|OpenStreetView	2019-12-08T04:47:25	taken	105.801321	21.035117		https://kartaview.org/details/3715117/0
1339030157	44|OpenStreetView	2019-12-08T04:55:21	taken	105.799223	21.037214		https://kartaview.org/details/3715117/0
1343420757	44|OpenStreetView	2019-12-08T04:58:23	taken	105.799840	21.036877		https://kartaview.org/details/3715117/0
1343390389	44|OpenStreetView	2019-12-08T05:05:37	taken	105.799222	21.036687		https://kartaview.org/details/3715117/0
1343420221	44|OpenStreetView	2019-12-08T05:06:05	taken	105.798740	21.036212		https://kartaview.org/details/3715117/0
1343420905	44|OpenStreetView	2019-12-08T05:16:35	taken	105.798016	21.038031		https://kartaview.org/details/3727881/0
1401840729	44|OpenStreetView	2019-12-08T05:20:37	taken	105.798434	21.035191		https://kartaview.org/details/4066297/0
1339029845	44|OpenStreetView	2019-12-08T05:22:01	taken	105.797960	21.034164		https://kartaview.org/details/3715109/0
1352802573	44|OpenStreetView	2019-12-08T05:42:25	taken	105.801887	21.039544		https://kartaview.org/details/3715145/0
1339030305	44|OpenStreetView	2019-12-08T05:47:27	taken	105.800338	21.039085		https://kartaview.org/details/3715145/0
1343421669	44|OpenStreetView	2019-12-08T06:50:47	taken	105.802426	21.041051		https://kartaview.org/details/3727897/0
1339030429	44|OpenStreetView	2019-12-08T07:02:49	taken	105.800995	21.039792		https://kartaview.org/details/3715157/0
1774716857	44|OpenStreetView	2019-12-08T07:05:51	taken	105.799915	21.039583		https://kartaview.org/details/7597673/0
1313025117	44|OpenStreetView	2019-12-08T07:12:59	taken	105.803147	21.038972		https://kartaview.org/details/3620205/0
1343420809	44|OpenStreetView	2019-12-08T07:17:45	taken	105.802586	21.037243		https://kartaview.org/details/3715141/0
1339030277	44|OpenStreetView	2019-12-08T07:28:32	taken	105.804436	21.038648		https://kartaview.org/details/3715141/0
1343420769	44|OpenStreetView	2019-12-08T07:36:23	taken	105.803292	21.037004		https://kartaview.org/details/3620189/0
1343390393	44|OpenStreetView	2019-12-08T07:38:57	taken	105.805354	21.037160		https://kartaview.org/details/3620189/0
1313024369	44|OpenStreetView	2019-12-08T07:40:47	taken	105.806087	21.038384		https://kartaview.org/details/3620189/0
1343423189	44|OpenStreetView	2019-12-08T08:25:03	taken	105.804712	21.045624		https://kartaview.org/details/3727953/0
1343421793	44|OpenStreetView	2019-12-08T08:44:21	taken	105.803454	21.042868		https://kartaview.org/details/3715185/0
1339030701	44|OpenStreetView	2019-12-08T08:47:33	taken	105.802713	21.042062		https://kartaview.org/details/3715185/0
1343418649	44|OpenStreetView	2019-12-08T09:06:20	taken	105.885531	20.996336		https://kartaview.org/details/3727733/0
1343418897	44|OpenStreetView	2019-12-08T09:10:58	taken	105.885725	20.999155		https://kartaview.org/details/3727733/0
1343418301	44|OpenStreetView	2019-12-08T09:29:50	taken	105.890402	20.992177		https://kartaview.org/details/3727709/0
1309493241	44|OpenStreetView	2019-12-09T01:17:38	taken	105.856740	21.031367		https://kartaview.org/details/3612429/0
1309499109	44|OpenStreetView	2019-12-09T01:40:31	taken	105.905423	21.081447		https://kartaview.org/details/3613053/0
1778438777	44|OpenStreetView	2019-12-09T02:19:21	taken	105.822208	21.036373		https://kartaview.org/details/7612585/0
1778791321	44|OpenStreetView	2019-12-09T02:54:59	taken	105.826848	21.039830		https://kartaview.org/details/7619049/0
1413895145	44|OpenStreetView	2019-12-09T03:00:17	taken	105.888521	20.988665		https://kartaview.org/details/4226281/0
1343417969	44|OpenStreetView	2019-12-09T03:02:47	taken	105.887750	20.988798		https://kartaview.org/details/3727645/0
1343418145	44|OpenStreetView	2019-12-09T03:07:11	taken	105.888559	20.990871		https://kartaview.org/details/3727677/0
1343418237	44|OpenStreetView	2019-12-09T03:11:39	taken	105.888648	20.991380		https://kartaview.org/details/3727697/0
1343418017	44|OpenStreetView	2019-12-09T03:55:13	taken	105.880256	20.989190		https://kartaview.org/details/3727649/0
1339030369	44|OpenStreetView	2019-12-09T04:35:54	taken	105.792470	21.039634		https://kartaview.org/details/3715153/0
1343421649	44|OpenStreetView	2019-12-09T04:39:04	taken	105.792415	21.040949		https://kartaview.org/details/3727893/0
1995649609	44|OpenStreetView	2019-12-09T04:42:26	taken	105.816588	21.039125		https://kartaview.org/details/9079577/0
1995649625	44|OpenStreetView	2019-12-09T04:42:38	taken	105.816785	21.039406		https://kartaview.org/details/9079593/0
1815494553	44|OpenStreetView	2019-12-09T06:05:08	taken	105.821429	21.033038		https://kartaview.org/details/7869753/0
1996420105	44|OpenStreetView	2019-12-09T06:14:26	taken	105.824407	21.034706		https://kartaview.org/details/9099289/0
1343423093	44|OpenStreetView	2019-12-09T06:21:49	taken	105.795428	21.044545		https://kartaview.org/details/3620245/0
1313027449	44|OpenStreetView	2019-12-09T06:28:05	taken	105.793865	21.046023		https://kartaview.org/details/3620245/0
1352798817	44|OpenStreetView	2019-12-09T06:30:39	taken	105.794612	21.044691		https://kartaview.org/details/3620245/0
1343423025	44|OpenStreetView	2019-12-09T06:40:37	taken	105.790790	21.043996		https://kartaview.org/details/3620245/0
1343423001	44|OpenStreetView	2019-12-09T07:02:53	taken	105.790792	21.043388		https://kartaview.org/details/3727933/0
1313025781	44|OpenStreetView	2019-12-09T07:25:35	taken	105.784796	21.042679		https://kartaview.org/details/3620185/0
1343422961	44|OpenStreetView	2019-12-09T07:28:21	taken	105.784914	21.043189		https://kartaview.org/details/3620185/0
1343422937	44|OpenStreetView	2019-12-09T07:30:37	taken	105.785922	21.042969		https://kartaview.org/details/3620185/0
1619095129	44|OpenStreetView	2019-12-09T07:37:09	taken	105.785998	21.038473		https://kartaview.org/details/6169865/0
1339030181	44|OpenStreetView	2019-12-09T07:38:17	taken	105.785953	21.037227		https://kartaview.org/details/3620185/0
1343420917	44|OpenStreetView	2019-12-09T07:39:43	taken	105.785452	21.038109		https://kartaview.org/details/3620185/0
1343420981	44|OpenStreetView	2019-12-09T07:40:05	taken	105.785323	21.038762		https://kartaview.org/details/3620185/0
1352798797	44|OpenStreetView	2019-12-09T07:45:27	taken	105.788851	21.040625		https://kartaview.org/details/3727885/0
1343421633	44|OpenStreetView	2019-12-09T07:45:39	taken	105.789204	21.040629		https://kartaview.org/details/3727885/0
1352798809	44|OpenStreetView	2019-12-09T07:48:03	taken	105.789215	21.039717		https://kartaview.org/details/3727885/0
1343421469	44|OpenStreetView	2019-12-09T07:52:37	taken	105.787287	21.040332		https://kartaview.org/details/3727885/0
1339030053	44|OpenStreetView	2019-12-09T08:20:02	taken	105.788191	21.036662		https://kartaview.org/details/3715125/0
1339030645	44|OpenStreetView	2019-12-09T08:53:55	taken	105.782998	21.041695		https://kartaview.org/details/3715181/0
1339030573	44|OpenStreetView	2019-12-09T09:00:32	taken	105.784008	21.040692		https://kartaview.org/details/3715173/0
1343421677	44|OpenStreetView	2019-12-09T09:13:01	taken	105.785251	21.041194		https://kartaview.org/details/3727901/0
1550259081	44|OpenStreetView	2019-12-09T09:34:52	taken	105.793836	21.036542		https://kartaview.org/details/5721241/0
1550259065	44|OpenStreetView	2019-12-09T09:35:22	taken	105.793303	21.036729		https://kartaview.org/details/5721225/0
1550259049	44|OpenStreetView	2019-12-09T09:35:34	taken	105.792723	21.036921		https://kartaview.org/details/5721209/0
1313023189	44|OpenStreetView	2019-12-09T09:35:51	taken	105.792032	21.037178		https://kartaview.org/details/3620169/0
1309496477	44|OpenStreetView	2019-12-09T09:41:10	taken	105.794890	21.036764		https://kartaview.org/details/3612621/0
1996093945	44|OpenStreetView	2019-12-10T01:17:06	taken	105.914438	20.998806		https://kartaview.org/details/9090617/0
1343419037	44|OpenStreetView	2019-12-10T01:22:14	taken	105.914614	21.001292		https://kartaview.org/details/3727753/0
1343418737	44|OpenStreetView	2019-12-10T01:35:10	taken	105.912029	20.997221		https://kartaview.org/details/3727741/0
1397631561	44|OpenStreetView	2019-12-10T01:36:38	taken	105.911708	20.998220		https://kartaview.org/details/4028473/0
1536505577	44|OpenStreetView	2019-12-10T01:42:28	taken	105.913074	20.993962		https://kartaview.org/details/5579369/0
1536505593	44|OpenStreetView	2019-12-10T01:42:56	taken	105.913852	20.994907		https://kartaview.org/details/5579385/0
1536505609	44|OpenStreetView	2019-12-10T01:43:44	taken	105.914408	20.995431		https://kartaview.org/details/5579401/0
1516899225	44|OpenStreetView	2019-12-10T02:14:20	taken	105.915783	20.985519		https://kartaview.org/details/5359177/0
1309490769	44|OpenStreetView	2019-12-10T02:19:22	taken	105.915083	20.984104		https://kartaview.org/details/3612125/0
1343417757	44|OpenStreetView	2019-12-10T02:22:34	taken	105.914246	20.984596		https://kartaview.org/details/3612125/0
1352803001	44|OpenStreetView	2019-12-10T02:24:26	taken	105.914378	20.982906		https://kartaview.org/details/3612125/0
1550226809	44|OpenStreetView	2019-12-10T02:27:08	taken	105.916877	20.981880		https://kartaview.org/details/5719513/0
1550259641	44|OpenStreetView	2019-12-10T02:27:22	taken	105.917475	20.981858		https://kartaview.org/details/5721801/0
1313014669	44|OpenStreetView	2019-12-10T02:29:54	taken	105.917534	20.981028		https://kartaview.org/details/3619957/0
1343417249	44|OpenStreetView	2019-12-10T02:34:20	taken	105.916004	20.979961		https://kartaview.org/details/3619949/0
1313014589	44|OpenStreetView	2019-12-10T02:34:54	taken	105.916896	20.980914		https://kartaview.org/details/3619949/0
1313014833	44|OpenStreetView	2019-12-10T02:37:08	taken	105.915893	20.982525		https://kartaview.org/details/3619965/0
1513219305	44|OpenStreetView	2019-12-10T02:38:14	taken	105.915914	20.981903		https://kartaview.org/details/5323529/0
1313014761	44|OpenStreetView	2019-12-10T02:39:40	taken	105.913840	20.981916		https://kartaview.org/details/3619961/0
1455748345	44|OpenStreetView	2019-12-10T02:40:14	taken	105.913386	20.981099		https://kartaview.org/details/4877433/0
1343417465	44|OpenStreetView	2019-12-10T02:40:40	taken	105.914692	20.981306		https://kartaview.org/details/3619961/0
1513277673	44|OpenStreetView	2019-12-10T02:41:12	taken	105.915941	20.980948		https://kartaview.org/details/5324681/0
1455748361	44|OpenStreetView	2019-12-10T02:43:14	taken	105.914008	20.979566		https://kartaview.org/details/4877449/0
1513272681	44|OpenStreetView	2019-12-10T02:45:48	taken	105.914360	20.978580		https://kartaview.org/details/5324633/0
1352802861	44|OpenStreetView	2019-12-10T02:48:02	taken	105.911954	20.976306		https://kartaview.org/details/3619945/0
1313014417	44|OpenStreetView	2019-12-10T02:51:54	taken	105.912970	20.976975		https://kartaview.org/details/3619945/0
1313014505	44|OpenStreetView	2019-12-10T02:53:12	taken	105.912683	20.977169		https://kartaview.org/details/3619945/0
1370578221	44|OpenStreetView	2019-12-10T03:20:32	taken	105.915227	20.974878		https://kartaview.org/details/3831625/0
1779875097	44|OpenStreetView	2019-12-10T10:23:30	taken	105.932163	20.997511		https://kartaview.org/details/7627369/0
1779712185	44|OpenStreetView	2019-12-11T00:31:25	taken	105.793758	21.049603		https://kartaview.org/details/7625753/0
1313028613	44|OpenStreetView	2019-12-11T01:35:12	taken	105.791251	21.046312		https://kartaview.org/details/3620261/0
1313028409	44|OpenStreetView	2019-12-11T01:57:12	taken	105.793430	21.046300		https://kartaview.org/details/3620253/0
1536509513	44|OpenStreetView	2019-12-11T01:57:38	taken	105.793476	21.046829		https://kartaview.org/details/5579561/0
1343423277	44|OpenStreetView	2019-12-11T02:00:02	taken	105.794353	21.047300		https://kartaview.org/details/3620253/0
1313028209	44|OpenStreetView	2019-12-11T02:01:32	taken	105.792996	21.046312		https://kartaview.org/details/3620253/0
1313030025	44|OpenStreetView	2019-12-11T02:11:52	taken	105.784407	21.047718		https://kartaview.org/details/3620253/0
1536652505	44|OpenStreetView	2019-12-11T02:16:10	taken	105.784472	21.049970		https://kartaview.org/details/5581897/0
1339031669	44|OpenStreetView	2019-12-11T02:18:16	taken	105.783720	21.053632		https://kartaview.org/details/3620253/0
1455747993	44|OpenStreetView	2019-12-11T02:35:34	taken	105.784633	21.059147		https://kartaview.org/details/4877081/0
1343423905	44|OpenStreetView	2019-12-11T02:46:00	taken	105.784080	21.057025		https://kartaview.org/details/3728017/0
1401779705	44|OpenStreetView	2019-12-11T02:46:20	taken	105.784356	21.056593		https://kartaview.org/details/4060473/0
1313033193	44|OpenStreetView	2019-12-11T02:50:01	taken	105.783940	21.056217		https://kartaview.org/details/3620357/0
1622158025	44|OpenStreetView	2019-12-11T02:59:48	taken	105.786440	21.054576		https://kartaview.org/details/6181849/0
1339031745	44|OpenStreetView	2019-12-11T03:00:50	taken	105.784922	21.053897		https://kartaview.org/details/3715253/0
1313032741	44|OpenStreetView	2019-12-11T03:03:04	taken	105.785838	21.053302		https://kartaview.org/details/3620345/0
1313032661	44|OpenStreetView	2019-12-11T03:03:08	taken	105.785920	21.053235		https://kartaview.org/details/3620345/0
1339031537	44|OpenStreetView	2019-12-11T03:05:58	taken	105.785519	21.053172		https://kartaview.org/details/3620341/0
1313032557	44|OpenStreetView	2019-12-11T03:07:40	taken	105.786114	21.052712		https://kartaview.org/details/3620341/0
1343423541	44|OpenStreetView	2019-12-11T03:10:08	taken	105.787972	21.052358		https://kartaview.org/details/3620341/0
1536647465	44|OpenStreetView	2019-12-11T03:14:18	taken	105.787279	21.054091		https://kartaview.org/details/5581817/0
1618977801	44|OpenStreetView	2019-12-11T03:26:00	taken	105.789256	21.051963		https://kartaview.org/details/6166169/0
1313030625	44|OpenStreetView	2019-12-11T03:29:54	taken	105.790035	21.048554		https://kartaview.org/details/3620293/0
1313030693	44|OpenStreetView	2019-12-11T03:30:38	taken	105.790233	21.046378		https://kartaview.org/details/3620293/0
1536652473	44|OpenStreetView	2019-12-11T03:33:34	taken	105.784442	21.046282		https://kartaview.org/details/5581865/0
1313029601	44|OpenStreetView	2019-12-11T03:35:02	taken	105.783354	21.047184		https://kartaview.org/details/3620249/0
1313027653	44|OpenStreetView	2019-12-11T03:41:10	taken	105.783519	21.046010		https://kartaview.org/details/3620249/0
1634074697	44|OpenStreetView	2019-12-11T03:44:14	taken	105.785862	21.045975		https://kartaview.org/details/6233305/0
1313028097	44|OpenStreetView	2019-12-11T03:50:08	taken	105.785888	21.045249		https://kartaview.org/details/3620249/0
1352798897	44|OpenStreetView	2019-12-11T03:50:44	taken	105.786265	21.045041		https://kartaview.org/details/3620249/0
1343423125	44|OpenStreetView	2019-12-11T03:54:30	taken	105.785129	21.045232		https://kartaview.org/details/3620249/0
1352798953	44|OpenStreetView	2019-12-11T03:55:40	taken	105.784946	21.044601		https://kartaview.org/details/3620249/0
1352804717	44|OpenStreetView	2019-12-11T03:56:08	taken	105.784942	21.044061		https://kartaview.org/details/3620249/0
1343423181	44|OpenStreetView	2019-12-11T04:00:08	taken	105.784244	21.045595		https://kartaview.org/details/3620249/0
1352803649	44|OpenStreetView	2019-12-11T04:12:43	taken	105.778504	21.043759		https://kartaview.org/details/3757401/0
1339032189	44|OpenStreetView	2019-12-11T04:20:20	taken	105.783377	21.059208		https://kartaview.org/details/3715285/0
1397465973	44|OpenStreetView	2019-12-11T04:22:44	taken	105.783270	21.058590		https://kartaview.org/details/4020333/0
1313026925	44|OpenStreetView	2019-12-11T04:32:37	taken	105.779772	21.045217		https://kartaview.org/details/3620225/0
1343425805	44|OpenStreetView	2019-12-11T04:45:38	taken	105.780350	21.060949		https://kartaview.org/details/3726641/0
1343390845	44|OpenStreetView	2019-12-11T04:46:34	taken	105.780037	21.061410		https://kartaview.org/details/3726641/0
1343426021	44|OpenStreetView	2019-12-11T05:06:44	taken	105.776473	21.064372		https://kartaview.org/details/3726645/0
1621452025	44|OpenStreetView	2019-12-11T05:07:03	taken	105.778903	21.032523		https://kartaview.org/details/6177401/0
1343390885	44|OpenStreetView	2019-12-11T05:08:58	taken	105.775449	21.064675		https://kartaview.org/details/3726645/0
1343425977	44|OpenStreetView	2019-12-11T05:11:12	taken	105.778094	21.063867		https://kartaview.org/details/3726645/0
1343425893	44|OpenStreetView	2019-12-11T05:13:34	taken	105.778166	21.062925		https://kartaview.org/details/3726645/0
1621452073	44|OpenStreetView	2019-12-11T05:18:19	taken	105.776658	21.033514		https://kartaview.org/details/6177449/0
1309494633	44|OpenStreetView	2019-12-11T05:19:27	taken	105.775595	21.033642		https://kartaview.org/details/3612489/0
1621452057	44|OpenStreetView	2019-12-11T05:19:41	taken	105.775064	21.033355		https://kartaview.org/details/6177433/0
1343390893	44|OpenStreetView	2019-12-11T05:21:34	taken	105.778805	21.065021		https://kartaview.org/details/3726649/0
1343391013	44|OpenStreetView	2019-12-11T05:25:32	taken	105.779199	21.066666		https://kartaview.org/details/3726669/0
1343426253	44|OpenStreetView	2019-12-11T05:28:54	taken	105.777707	21.067196		https://kartaview.org/details/3726669/0
1309495765	44|OpenStreetView	2019-12-11T05:33:21	taken	105.772736	21.035333		https://kartaview.org/details/3612557/0
1343426121	44|OpenStreetView	2019-12-11T05:33:22	taken	105.777016	21.065661		https://kartaview.org/details/3726669/0
1402379577	44|OpenStreetView	2019-12-11T05:36:43	taken	105.925735	21.011331		https://kartaview.org/details/4083241/0
1995573881	44|OpenStreetView	2019-12-11T05:42:57	taken	105.866544	21.078407		https://kartaview.org/details/9077481/0
1309495749	44|OpenStreetView	2019-12-11T05:46:59	taken	105.778848	21.035121		https://kartaview.org/details/3612553/0
1309498693	44|OpenStreetView	2019-12-11T05:49:26	taken	105.777999	21.069782		https://kartaview.org/details/3612905/0
1343391245	44|OpenStreetView	2019-12-11T05:50:58	taken	105.777283	21.069976		https://kartaview.org/details/3612905/0
1309498617	44|OpenStreetView	2019-12-11T05:52:24	taken	105.777214	21.069440		https://kartaview.org/details/3612901/0
1343391209	44|OpenStreetView	2019-12-11T05:55:10	taken	105.779445	21.069453		https://kartaview.org/details/3612905/0
1309498653	44|OpenStreetView	2019-12-11T05:55:32	taken	105.780171	21.069644		https://kartaview.org/details/3612905/0
1516899337	44|OpenStreetView	2019-12-11T06:02:04	taken	105.780636	21.065157		https://kartaview.org/details/5359257/0
1313021005	44|OpenStreetView	2019-12-11T06:05:13	taken	105.937027	21.018758		https://kartaview.org/details/3620093/0
1313020593	44|OpenStreetView	2019-12-11T06:05:29	taken	105.936931	21.018244		https://kartaview.org/details/3620093/0
1632687833	44|OpenStreetView	2019-12-11T06:16:25	taken	105.936295	21.017505		https://kartaview.org/details/6225097/0
1343418561	44|OpenStreetView	2019-12-11T06:19:00	taken	105.774283	20.995508		https://kartaview.org/details/3612149/0
1352805373	44|OpenStreetView	2019-12-11T06:20:38	taken	105.781253	21.063601		https://kartaview.org/details/3757437/0
1621673545	44|OpenStreetView	2019-12-11T06:30:04	taken	105.778698	21.059805		https://kartaview.org/details/6178745/0
1313034941	44|OpenStreetView	2019-12-11T06:30:50	taken	105.779038	21.058866		https://kartaview.org/details/3620373/0
1309492237	44|OpenStreetView	2019-12-11T06:38:56	taken	105.782030	21.000958		https://kartaview.org/details/3612149/0
1621101769	44|OpenStreetView	2019-12-11T06:44:17	taken	105.951546	21.008240		https://kartaview.org/details/6175657/0
1575717865	44|OpenStreetView	2019-12-11T06:44:39	taken	105.951016	21.008753		https://kartaview.org/details/5915881/0
1455748393	44|OpenStreetView	2019-12-11T06:46:39	taken	105.951593	21.009791		https://kartaview.org/details/4877497/0
1352800617	44|OpenStreetView	2019-12-11T06:52:34	taken	105.782593	21.063832		https://kartaview.org/details/3620385/0
1617740569	44|OpenStreetView	2019-12-11T06:53:18	taken	105.781991	21.063365		https://kartaview.org/details/6158329/0
1402379449	44|OpenStreetView	2019-12-11T06:53:43	taken	105.950710	21.008156		https://kartaview.org/details/4083113/0
1313035549	44|OpenStreetView	2019-12-11T06:54:28	taken	105.781273	21.062889		https://kartaview.org/details/3620385/0
1513327017	44|OpenStreetView	2019-12-11T06:54:49	taken	105.950555	21.008313		https://kartaview.org/details/5325369/0
1352800069	44|OpenStreetView	2019-12-11T06:56:38	taken	105.782956	21.064027		https://kartaview.org/details/3757313/0
1621452377	44|OpenStreetView	2019-12-11T06:56:50	taken	105.788177	20.996752		https://kartaview.org/details/6177753/0
1621452361	44|OpenStreetView	2019-12-11T06:57:06	taken	105.788639	20.997065		https://kartaview.org/details/6177737/0
1313016393	44|OpenStreetView	2019-12-11T06:57:14	taken	105.788485	20.997291		https://kartaview.org/details/3612149/0
1352800061	44|OpenStreetView	2019-12-11T06:58:18	taken	105.781150	21.061599		https://kartaview.org/details/3757313/0
1343425865	44|OpenStreetView	2019-12-11T06:58:50	taken	105.780480	21.062390		https://kartaview.org/details/3728053/0
1339028677	44|OpenStreetView	2019-12-11T07:08:44	taken	105.792905	21.003880		https://kartaview.org/details/3612149/0
1619100089	44|OpenStreetView	2019-12-11T07:11:49	taken	105.778378	21.043821		https://kartaview.org/details/6171049/0
1352801941	44|OpenStreetView	2019-12-11T07:14:09	taken	105.778312	21.044567		https://kartaview.org/details/3612657/0
1619095833	44|OpenStreetView	2019-12-11T07:16:21	taken	105.777812	21.045400		https://kartaview.org/details/6170569/0
1352801965	44|OpenStreetView	2019-12-11T07:16:39	taken	105.777444	21.045130		https://kartaview.org/details/3612657/0
1634073353	44|OpenStreetView	2019-12-11T07:18:03	taken	105.777661	21.044552		https://kartaview.org/details/6233193/0
1551672633	44|OpenStreetView	2019-12-11T07:19:45	taken	105.779058	21.043837		https://kartaview.org/details/5729465/0
1309497029	44|OpenStreetView	2019-12-11T07:20:05	taken	105.779199	21.044247		https://kartaview.org/details/3612653/0
1634065769	44|OpenStreetView	2019-12-11T07:20:21	taken	105.778655	21.044334		https://kartaview.org/details/6233049/0
1551672585	44|OpenStreetView	2019-12-11T07:20:39	taken	105.778177	21.044241		https://kartaview.org/details/5729417/0
1313017421	44|OpenStreetView	2019-12-11T07:20:45	taken	105.935736	21.005694		https://kartaview.org/details/3620013/0
1352803657	44|OpenStreetView	2019-12-11T07:21:03	taken	105.777651	21.044917		https://kartaview.org/details/3612657/0
1343391053	44|OpenStreetView	2019-12-11T07:21:19	taken	105.779098	21.066879		https://kartaview.org/details/3726673/0
1313017157	44|OpenStreetView	2019-12-11T07:21:59	taken	105.938025	21.004949		https://kartaview.org/details/3620013/0
1343426273	44|OpenStreetView	2019-12-11T07:23:41	taken	105.778817	21.068158		https://kartaview.org/details/3728089/0
1313017697	44|OpenStreetView	2019-12-11T07:25:19	taken	105.936982	21.006417		https://kartaview.org/details/3620029/0
1339027957	44|OpenStreetView	2019-12-11T07:25:52	taken	105.793988	20.992036		https://kartaview.org/details/3612149/0
1617740617	44|OpenStreetView	2019-12-11T07:26:25	taken	105.933541	21.007411		https://kartaview.org/details/6158377/0
1309491241	44|OpenStreetView	2019-12-11T07:26:40	taken	105.793102	20.991675		https://kartaview.org/details/3612149/0
1632653017	44|OpenStreetView	2019-12-11T07:31:17	taken	105.935648	21.007637		https://kartaview.org/details/6222073/0
1617740601	44|OpenStreetView	2019-12-11T07:33:39	taken	105.936911	21.007679		https://kartaview.org/details/6158361/0
1309492625	44|OpenStreetView	2019-12-11T07:35:37	taken	105.936179	21.008432		https://kartaview.org/details/3612201/0
1352800673	44|OpenStreetView	2019-12-11T07:37:55	taken	105.775422	21.043544		https://kartaview.org/details/3757329/0
1313038177	44|OpenStreetView	2019-12-11T07:45:01	taken	105.774976	21.074224		https://kartaview.org/details/3620437/0
1313038585	44|OpenStreetView	2019-12-11T07:45:27	taken	105.774896	21.075120		https://kartaview.org/details/3620437/0
1621442473	44|OpenStreetView	2019-12-11T07:51:15	taken	105.774579	21.043622		https://kartaview.org/details/6177273/0
1343391825	44|OpenStreetView	2019-12-11T07:51:23	taken	105.773021	21.079662		https://kartaview.org/details/3620437/0
1352802725	44|OpenStreetView	2019-12-11T07:55:09	taken	105.774593	21.040716		https://kartaview.org/details/3757377/0
1634336009	44|OpenStreetView	2019-12-11T08:18:57	taken	105.934818	21.010408		https://kartaview.org/details/6242457/0
1551825609	44|OpenStreetView	2019-12-11T08:27:20	taken	105.794277	20.992424		https://kartaview.org/details/5741993/0
1309492689	44|OpenStreetView	2019-12-11T08:27:21	taken	105.937422	21.008901		https://kartaview.org/details/3612221/0
1778474985	44|OpenStreetView	2019-12-11T08:34:06	taken	105.768660	21.041342		https://kartaview.org/details/7613065/0
1339027801	44|OpenStreetView	2019-12-11T08:35:42	taken	105.793109	20.990273		https://kartaview.org/details/3714989/0
1339027845	44|OpenStreetView	2019-12-11T08:36:02	taken	105.792737	20.990366		https://kartaview.org/details/3714989/0
1309492665	44|OpenStreetView	2019-12-11T08:36:15	taken	105.938699	21.008512		https://kartaview.org/details/3612209/0
1339027745	44|OpenStreetView	2019-12-11T08:39:03	taken	105.793167	20.989174		https://kartaview.org/details/3714989/0
1352805289	44|OpenStreetView	2019-12-11T08:44:09	taken	105.940254	21.007979		https://kartaview.org/details/3757425/0
1634336073	44|OpenStreetView	2019-12-11T08:44:55	taken	105.939402	21.008530		https://kartaview.org/details/6242521/0
1635779817	44|OpenStreetView	2019-12-11T09:01:08	taken	105.793224	20.989562		https://kartaview.org/details/6254825/0
1343417989	44|OpenStreetView	2019-12-11T09:08:00	taken	105.790414	20.988918		https://kartaview.org/details/3714989/0
1309492833	44|OpenStreetView	2019-12-11T09:27:45	taken	105.936353	21.013652		https://kartaview.org/details/3612273/0
1313018877	44|OpenStreetView	2019-12-11T09:29:43	taken	105.936134	21.012893		https://kartaview.org/details/3612273/0
1551819945	44|OpenStreetView	2019-12-11T09:30:46	taken	105.786528	20.989268		https://kartaview.org/details/5741065/0
1313019285	44|OpenStreetView	2019-12-11T09:32:01	taken	105.936148	21.013457		https://kartaview.org/details/3612273/0
1309492877	44|OpenStreetView	2019-12-11T09:34:43	taken	105.936480	21.014890		https://kartaview.org/details/3612273/0
1309492897	44|OpenStreetView	2019-12-11T09:35:19	taken	105.936507	21.015481		https://kartaview.org/details/3612273/0
1313019613	44|OpenStreetView	2019-12-11T09:38:37	taken	105.936541	21.016555		https://kartaview.org/details/3620065/0
1343426025	44|OpenStreetView	2019-12-12T01:15:58	taken	105.749320	21.050690		https://kartaview.org/details/3728069/0
1525023241	44|OpenStreetView	2019-12-12T01:19:06	taken	105.839721	21.109776		https://kartaview.org/details/5440089/0
1525023257	44|OpenStreetView	2019-12-12T01:19:38	taken	105.841202	21.109328		https://kartaview.org/details/5440105/0
1525023273	44|OpenStreetView	2019-12-12T01:19:56	taken	105.842290	21.108966		https://kartaview.org/details/5440121/0
1339031273	44|OpenStreetView	2019-12-12T01:43:00	taken	105.743846	21.049892		https://kartaview.org/details/3715221/0
1617736681	44|OpenStreetView	2019-12-12T01:43:48	taken	105.743839	21.051091		https://kartaview.org/details/6157561/0
1617736665	44|OpenStreetView	2019-12-12T01:45:58	taken	105.745112	21.051143		https://kartaview.org/details/6157545/0
1343423573	44|OpenStreetView	2019-12-12T01:50:36	taken	105.742938	21.052693		https://kartaview.org/details/3715221/0
1402379593	44|OpenStreetView	2019-12-12T01:55:04	taken	105.744461	21.053300		https://kartaview.org/details/4083257/0
1996419833	44|OpenStreetView	2019-12-12T01:55:58	taken	105.743773	21.052505		https://kartaview.org/details/9099017/0
1339031317	44|OpenStreetView	2019-12-12T02:00:24	taken	105.738146	21.051507		https://kartaview.org/details/3715225/0
1339031989	44|OpenStreetView	2019-12-12T02:09:00	taken	105.740658	21.055513		https://kartaview.org/details/3715265/0
1339031925	44|OpenStreetView	2019-12-12T02:09:30	taken	105.740351	21.054979		https://kartaview.org/details/3715265/0
1339031841	44|OpenStreetView	2019-12-12T02:09:46	taken	105.740633	21.054568		https://kartaview.org/details/3715265/0
1339031733	44|OpenStreetView	2019-12-12T02:17:24	taken	105.740044	21.053813		https://kartaview.org/details/3612789/0
1309498189	44|OpenStreetView	2019-12-12T02:21:24	taken	105.742455	21.055827		https://kartaview.org/details/3612789/0
1519853865	44|OpenStreetView	2019-12-12T02:23:38	taken	105.741147	21.057809		https://kartaview.org/details/5388041/0
1339032057	44|OpenStreetView	2019-12-12T02:28:36	taken	105.746017	21.056156		https://kartaview.org/details/3715277/0
1309498137	44|OpenStreetView	2019-12-12T02:31:16	taken	105.747271	21.055567		https://kartaview.org/details/3612761/0
1339031961	44|OpenStreetView	2019-12-12T02:31:36	taken	105.746920	21.055443		https://kartaview.org/details/3612765/0
1309498089	44|OpenStreetView	2019-12-12T02:33:50	taken	105.744890	21.055177		https://kartaview.org/details/3612753/0
1309498113	44|OpenStreetView	2019-12-12T02:33:58	taken	105.744546	21.055324		https://kartaview.org/details/3612757/0
1309498101	44|OpenStreetView	2019-12-12T02:34:10	taken	105.744454	21.055600		https://kartaview.org/details/3612757/0
1525707673	44|OpenStreetView	2019-12-12T02:35:00	taken	105.744661	21.056037		https://kartaview.org/details/5456633/0
1343423889	44|OpenStreetView	2019-12-12T02:43:00	taken	105.743245	21.057008		https://kartaview.org/details/3715245/0
1343423857	44|OpenStreetView	2019-12-12T02:46:34	taken	105.743638	21.056399		https://kartaview.org/details/3715245/0
1352801821	44|OpenStreetView	2019-12-12T02:47:20	taken	105.743144	21.056012		https://kartaview.org/details/3715245/0
1339031513	44|OpenStreetView	2019-12-12T02:50:46	taken	105.744669	21.052913		https://kartaview.org/details/3715245/0
1313031557	44|OpenStreetView	2019-12-12T03:00:34	taken	105.748933	21.049311		https://kartaview.org/details/3620321/0
1634302521	44|OpenStreetView	2019-12-12T03:05:06	taken	105.748397	21.050220		https://kartaview.org/details/6237641/0
1313031889	44|OpenStreetView	2019-12-12T03:05:14	taken	105.748579	21.050030		https://kartaview.org/details/3612665/0
1313031801	44|OpenStreetView	2019-12-12T03:05:28	taken	105.749184	21.050089		https://kartaview.org/details/3612665/0
1634302473	44|OpenStreetView	2019-12-12T03:08:30	taken	105.747655	21.050461		https://kartaview.org/details/6237593/0
1634302489	44|OpenStreetView	2019-12-12T03:09:12	taken	105.746715	21.050399		https://kartaview.org/details/6237609/0
1634302505	44|OpenStreetView	2019-12-12T03:09:26	taken	105.746803	21.050044		https://kartaview.org/details/6237625/0
1634302313	44|OpenStreetView	2019-12-12T03:09:46	taken	105.746138	21.049525		https://kartaview.org/details/6237433/0
1634302297	44|OpenStreetView	2019-12-12T03:09:52	taken	105.746252	21.049339		https://kartaview.org/details/6237417/0
1634302281	44|OpenStreetView	2019-12-12T03:10:04	taken	105.745881	21.049010		https://kartaview.org/details/6237401/0
1313030113	44|OpenStreetView	2019-12-12T03:10:48	taken	105.746733	21.048106		https://kartaview.org/details/3612665/0
1309492185	44|OpenStreetView	2019-12-12T03:13:09	taken	105.754403	20.995681		https://kartaview.org/details/3612181/0
1313030537	44|OpenStreetView	2019-12-12T03:13:24	taken	105.747343	21.048431		https://kartaview.org/details/3612665/0
1313030993	44|OpenStreetView	2019-12-12T03:14:04	taken	105.747071	21.049100		https://kartaview.org/details/3612665/0
1313015997	44|OpenStreetView	2019-12-12T03:14:05	taken	105.753593	20.995953		https://kartaview.org/details/3612181/0
1339031649	44|OpenStreetView	2019-12-12T03:20:48	taken	105.742745	21.053513		https://kartaview.org/details/3620353/0
1313032917	44|OpenStreetView	2019-12-12T03:23:08	taken	105.742577	21.054893		https://kartaview.org/details/3620353/0
1343423717	44|OpenStreetView	2019-12-12T03:23:52	taken	105.743354	21.054265		https://kartaview.org/details/3620353/0
1313032837	44|OpenStreetView	2019-12-12T03:25:50	taken	105.740894	21.056102		https://kartaview.org/details/3620349/0
1339031785	44|OpenStreetView	2019-12-12T03:28:06	taken	105.739179	21.054313		https://kartaview.org/details/3715257/0
1595604857	44|OpenStreetView	2019-12-12T03:32:40	taken	105.741336	21.052528		https://kartaview.org/details/6008313/0
1339031613	44|OpenStreetView	2019-12-12T03:35:12	taken	105.741387	21.053483		https://kartaview.org/details/3715249/0
1339031573	44|OpenStreetView	2019-12-12T03:35:58	taken	105.741065	21.053254		https://kartaview.org/details/3715249/0
1309492261	44|OpenStreetView	2019-12-12T03:36:43	taken	105.756449	21.001475		https://kartaview.org/details/3612181/0
1343423809	44|OpenStreetView	2019-12-12T03:57:56	taken	105.731094	21.055726		https://kartaview.org/details/3728005/0
1339028937	44|OpenStreetView	2019-12-12T04:05:19	taken	105.748595	21.017572		https://kartaview.org/details/3612181/0
1343390837	44|OpenStreetView	2019-12-12T04:07:18	taken	105.733419	21.053623		https://kartaview.org/details/3726637/0
1309497541	44|OpenStreetView	2019-12-12T04:09:31	taken	105.805876	21.051764		https://kartaview.org/details/3612685/0
2000014953	44|OpenStreetView	2019-12-12T04:11:35	taken	105.747533	21.018518		https://kartaview.org/details/9104825/0
1339028993	44|OpenStreetView	2019-12-12T04:31:57	taken	105.754093	21.022253		https://kartaview.org/details/3612181/0
1343390233	44|OpenStreetView	2019-12-12T04:32:19	taken	105.754283	21.023010		https://kartaview.org/details/3612181/0
1343423217	44|OpenStreetView	2019-12-12T04:35:48	taken	105.739424	21.046461		https://kartaview.org/details/3727957/0
1313023597	44|OpenStreetView	2019-12-12T04:42:09	taken	105.757978	21.037764		https://kartaview.org/details/3612181/0
1618978521	44|OpenStreetView	2019-12-12T04:42:31	taken	105.757371	21.038043		https://kartaview.org/details/6166889/0
1309498077	44|OpenStreetView	2019-12-12T04:42:39	taken	105.808816	21.054674		https://kartaview.org/details/3612745/0
1622088057	44|OpenStreetView	2019-12-12T04:44:41	taken	105.756501	21.038452		https://kartaview.org/details/6180201/0
1622088041	44|OpenStreetView	2019-12-12T04:44:51	taken	105.756657	21.038154		https://kartaview.org/details/6180185/0
1622176089	44|OpenStreetView	2019-12-12T04:46:32	taken	105.748593	21.046333		https://kartaview.org/details/6182377/0
1343390441	44|OpenStreetView	2019-12-12T04:47:13	taken	105.755628	21.037816		https://kartaview.org/details/3612181/0
1313025693	44|OpenStreetView	2019-12-12T04:47:36	taken	105.747888	21.044389		https://kartaview.org/details/3620217/0
1313025609	44|OpenStreetView	2019-12-12T04:48:30	taken	105.748707	21.042659		https://kartaview.org/details/3620217/0
1376006909	44|OpenStreetView	2019-12-12T04:48:54	taken	105.749308	21.041814		https://kartaview.org/details/3620217/0
1352803609	44|OpenStreetView	2019-12-12T04:51:26	taken	105.747930	21.044271		https://kartaview.org/details/3727925/0
1551742089	44|OpenStreetView	2019-12-12T04:52:08	taken	105.749438	21.044720		https://kartaview.org/details/5735833/0
1352802621	44|OpenStreetView	2019-12-12T04:57:00	taken	105.747982	21.043770		https://kartaview.org/details/3612649/0
1622175913	44|OpenStreetView	2019-12-12T04:58:36	taken	105.751109	21.044644		https://kartaview.org/details/6182201/0
1622175897	44|OpenStreetView	2019-12-12T04:58:50	taken	105.751288	21.045034		https://kartaview.org/details/6182185/0
1343423077	44|OpenStreetView	2019-12-12T05:00:02	taken	105.749710	21.044442		https://kartaview.org/details/3612649/0
1313026209	44|OpenStreetView	2019-12-12T05:00:46	taken	105.749571	21.043088		https://kartaview.org/details/3612649/0
1339030777	44|OpenStreetView	2019-12-12T05:00:54	taken	105.749336	21.042979		https://kartaview.org/details/3612649/0
1343390473	44|OpenStreetView	2019-12-12T05:02:27	taken	105.745252	21.040080		https://kartaview.org/details/3612181/0
1339030401	44|OpenStreetView	2019-12-12T05:02:49	taken	105.744885	21.039747		https://kartaview.org/details/3612181/0
1313025969	44|OpenStreetView	2019-12-12T05:03:22	taken	105.750355	21.043322		https://kartaview.org/details/3612649/0
1313025881	44|OpenStreetView	2019-12-12T05:03:38	taken	105.750542	21.042864		https://kartaview.org/details/3612649/0
1622176121	44|OpenStreetView	2019-12-12T05:03:54	taken	105.750839	21.042440		https://kartaview.org/details/6182409/0
1309496949	44|OpenStreetView	2019-12-12T05:04:54	taken	105.751421	21.043309		https://kartaview.org/details/3612645/0
1309496985	44|OpenStreetView	2019-12-12T05:06:10	taken	105.750907	21.043385		https://kartaview.org/details/3612649/0
1622175881	44|OpenStreetView	2019-12-12T05:06:12	taken	105.750897	21.043426		https://kartaview.org/details/6182169/0
1352802669	44|OpenStreetView	2019-12-12T05:08:10	taken	105.752525	21.043826		https://kartaview.org/details/3612649/0
1622190185	44|OpenStreetView	2019-12-12T05:08:26	taken	105.753136	21.043609		https://kartaview.org/details/6182601/0
1779744505	44|OpenStreetView	2019-12-12T05:13:11	taken	105.739174	21.043008		https://kartaview.org/details/7626809/0
1779744489	44|OpenStreetView	2019-12-12T05:16:09	taken	105.739064	21.043604		https://kartaview.org/details/7626793/0
1779744473	44|OpenStreetView	2019-12-12T05:20:03	taken	105.739039	21.044502		https://kartaview.org/details/7626777/0
1343423081	44|OpenStreetView	2019-12-12T05:20:36	taken	105.752756	21.044463		https://kartaview.org/details/3727945/0
1779744521	44|OpenStreetView	2019-12-12T05:21:47	taken	105.738024	21.043088		https://kartaview.org/details/7626825/0
1343390537	44|OpenStreetView	2019-12-12T05:24:14	taken	105.751763	21.043233		https://kartaview.org/details/3726625/0
1339030537	44|OpenStreetView	2019-12-12T05:35:28	taken	105.757704	21.040143		https://kartaview.org/details/3715169/0
1352802949	44|OpenStreetView	2019-12-12T05:37:16	taken	105.758800	21.039413		https://kartaview.org/details/3757381/0
1996050201	44|OpenStreetView	2019-12-12T05:59:32	taken	105.802328	21.116582		https://kartaview.org/details/9087257/0
1352807537	44|OpenStreetView	2019-12-12T06:07:06	taken	105.762099	21.044429		https://kartaview.org/details/3757497/0
1352807545	44|OpenStreetView	2019-12-12T06:07:18	taken	105.762340	21.044754		https://kartaview.org/details/3757497/0
1621429385	44|OpenStreetView	2019-12-12T06:09:52	taken	105.757996	21.046336		https://kartaview.org/details/6176889/0
1343423133	44|OpenStreetView	2019-12-12T06:10:20	taken	105.757357	21.045303		https://kartaview.org/details/3727949/0
1313027825	44|OpenStreetView	2019-12-12T06:11:48	taken	105.757688	21.045072		https://kartaview.org/details/3620241/0
1339030981	44|OpenStreetView	2019-12-12T06:12:14	taken	105.758004	21.045293		https://kartaview.org/details/3620241/0
1313027749	44|OpenStreetView	2019-12-12T06:13:38	taken	105.758224	21.046019		https://kartaview.org/details/3620241/0
1313027349	44|OpenStreetView	2019-12-12T06:13:58	taken	105.758825	21.045866		https://kartaview.org/details/3620241/0
1343423105	44|OpenStreetView	2019-12-12T06:15:32	taken	105.759534	21.045206		https://kartaview.org/details/3620241/0
1313029829	44|OpenStreetView	2019-12-12T06:20:00	taken	105.765831	21.047591		https://kartaview.org/details/3620273/0
1313029681	44|OpenStreetView	2019-12-12T06:20:12	taken	105.766503	21.047265		https://kartaview.org/details/3620273/0
1313029757	44|OpenStreetView	2019-12-12T06:20:40	taken	105.765681	21.045894		https://kartaview.org/details/3620273/0
1551742105	44|OpenStreetView	2019-12-12T06:29:46	taken	105.763637	21.047512		https://kartaview.org/details/5735849/0
1313029169	44|OpenStreetView	2019-12-12T06:32:46	taken	105.765259	21.046800		https://kartaview.org/details/3620273/0
1619086985	44|OpenStreetView	2019-12-12T06:35:10	taken	105.763866	21.048443		https://kartaview.org/details/6169641/0
1619087017	44|OpenStreetView	2019-12-12T06:35:42	taken	105.763503	21.048774		https://kartaview.org/details/6169673/0
1343423757	44|OpenStreetView	2019-12-12T06:42:18	taken	105.760543	21.055279		https://kartaview.org/details/3727993/0
1343423709	44|OpenStreetView	2019-12-12T06:43:30	taken	105.760982	21.054216		https://kartaview.org/details/3727993/0
1352807333	44|OpenStreetView	2019-12-12T06:46:58	taken	105.759836	21.052374		https://kartaview.org/details/3715241/0
1352807337	44|OpenStreetView	2019-12-12T06:47:00	taken	105.759823	21.052365		https://kartaview.org/details/3715241/0
1339031473	44|OpenStreetView	2019-12-12T06:48:44	taken	105.759286	21.052380		https://kartaview.org/details/3715241/0
1343423613	44|OpenStreetView	2019-12-12T06:49:48	taken	105.759373	21.053310		https://kartaview.org/details/3612681/0
1313030469	44|OpenStreetView	2019-12-12T06:52:15	taken	105.733932	21.048874		https://kartaview.org/details/3620165/0
1309497529	44|OpenStreetView	2019-12-12T06:56:26	taken	105.758622	21.051761		https://kartaview.org/details/3612677/0
1525947833	44|OpenStreetView	2019-12-12T06:57:04	taken	105.759708	21.051576		https://kartaview.org/details/5458169/0
1525947865	44|OpenStreetView	2019-12-12T06:57:24	taken	105.760205	21.051513		https://kartaview.org/details/5458201/0
1525947849	44|OpenStreetView	2019-12-12T06:59:12	taken	105.758784	21.051241		https://kartaview.org/details/5458185/0
1343423449	44|OpenStreetView	2019-12-12T07:01:30	taken	105.760456	21.050615		https://kartaview.org/details/3612681/0
1313032041	44|OpenStreetView	2019-12-12T07:01:42	taken	105.759999	21.050506		https://kartaview.org/details/3612681/0
1619100793	44|OpenStreetView	2019-12-12T07:02:44	taken	105.759856	21.050930		https://kartaview.org/details/6171129/0
1309498009	44|OpenStreetView	2019-12-12T07:09:04	taken	105.763720	21.052504		https://kartaview.org/details/3612709/0
1621456537	44|OpenStreetView	2019-12-12T07:13:13	taken	105.737909	21.038938		https://kartaview.org/details/6178281/0
1621456553	44|OpenStreetView	2019-12-12T07:13:21	taken	105.737765	21.038829		https://kartaview.org/details/6178297/0
1621456585	44|OpenStreetView	2019-12-12T07:13:41	taken	105.737239	21.038720		https://kartaview.org/details/6178329/0
1343423481	44|OpenStreetView	2019-12-12T07:14:24	taken	105.761363	21.051483		https://kartaview.org/details/3612725/0
1621456505	44|OpenStreetView	2019-12-12T07:14:29	taken	105.736929	21.039025		https://kartaview.org/details/6178249/0
1621456601	44|OpenStreetView	2019-12-12T07:14:49	taken	105.737287	21.039527		https://kartaview.org/details/6178345/0
1339031429	44|OpenStreetView	2019-12-12T07:15:00	taken	105.761280	21.052029		https://kartaview.org/details/3612725/0
1621456617	44|OpenStreetView	2019-12-12T07:15:11	taken	105.736930	21.039513		https://kartaview.org/details/6178361/0
1343423577	44|OpenStreetView	2019-12-12T07:18:12	taken	105.760748	21.052833		https://kartaview.org/details/3612725/0
1309498037	44|OpenStreetView	2019-12-12T07:18:30	taken	105.760155	21.052747		https://kartaview.org/details/3612721/0
1621456473	44|OpenStreetView	2019-12-12T07:18:33	taken	105.737870	21.038382		https://kartaview.org/details/6178217/0
1455749049	44|OpenStreetView	2019-12-12T07:23:35	taken	105.739371	21.029620		https://kartaview.org/details/4878121/0
1343423661	44|OpenStreetView	2019-12-12T07:26:24	taken	105.761502	21.053589		https://kartaview.org/details/3727981/0
1343423589	44|OpenStreetView	2019-12-12T07:27:16	taken	105.761311	21.052968		https://kartaview.org/details/3727981/0
1313022977	44|OpenStreetView	2019-12-12T07:28:49	taken	105.740070	21.029217		https://kartaview.org/details/3620165/0
1343423833	44|OpenStreetView	2019-12-12T07:41:00	taken	105.762958	21.056017		https://kartaview.org/details/3728001/0
1343423749	44|OpenStreetView	2019-12-12T07:43:34	taken	105.762145	21.055277		https://kartaview.org/details/3728001/0
1343423777	44|OpenStreetView	2019-12-12T07:47:40	taken	105.763988	21.055570		https://kartaview.org/details/3728001/0
1551819673	44|OpenStreetView	2019-12-12T07:51:29	taken	105.742403	21.024528		https://kartaview.org/details/5740793/0
1551819657	44|OpenStreetView	2019-12-12T07:51:45	taken	105.743091	21.024725		https://kartaview.org/details/5740777/0
1343424397	44|OpenStreetView	2019-12-12T08:04:02	taken	105.763586	21.058861		https://kartaview.org/details/3728037/0
1313032149	44|OpenStreetView	2019-12-12T08:24:34	taken	105.758399	21.052155		https://kartaview.org/details/3620329/0
1313031301	44|OpenStreetView	2019-12-12T08:27:06	taken	105.749632	21.049395		https://kartaview.org/details/3620313/0
1619095497	44|OpenStreetView	2019-12-12T08:29:02	taken	105.750899	21.049810		https://kartaview.org/details/6170233/0
1343423473	44|OpenStreetView	2019-12-12T08:32:54	taken	105.752255	21.051190		https://kartaview.org/details/3620325/0
1313031969	44|OpenStreetView	2019-12-12T08:33:16	taken	105.752469	21.050245		https://kartaview.org/details/3620325/0
1339031145	44|OpenStreetView	2019-12-12T08:39:38	taken	105.752098	21.047808		https://kartaview.org/details/3620325/0
1343423301	44|OpenStreetView	2019-12-12T08:40:38	taken	105.750183	21.047586		https://kartaview.org/details/3620325/0
1313030841	44|OpenStreetView	2019-12-12T08:42:20	taken	105.749750	21.048689		https://kartaview.org/details/3620301/0
1621675577	44|OpenStreetView	2019-12-12T08:42:36	taken	105.749131	21.048544		https://kartaview.org/details/6178857/0
1339031177	44|OpenStreetView	2019-12-12T08:43:16	taken	105.749939	21.048125		https://kartaview.org/details/3620301/0
1619095401	44|OpenStreetView	2019-12-12T08:45:44	taken	105.752253	21.051573		https://kartaview.org/details/6170137/0
1352802037	44|OpenStreetView	2019-12-12T08:46:00	taken	105.751640	21.051911		https://kartaview.org/details/3612733/0
1352802057	44|OpenStreetView	2019-12-12T08:46:18	taken	105.751943	21.052561		https://kartaview.org/details/3612733/0
1619095513	44|OpenStreetView	2019-12-12T08:49:34	taken	105.751371	21.052933		https://kartaview.org/details/6170249/0
1309498061	44|OpenStreetView	2019-12-12T08:51:18	taken	105.750861	21.053661		https://kartaview.org/details/3612729/0
1551673033	44|OpenStreetView	2019-12-12T08:51:38	taken	105.750391	21.052999		https://kartaview.org/details/5729865/0
1313032357	44|OpenStreetView	2019-12-12T08:54:36	taken	105.753364	21.054872		https://kartaview.org/details/3620337/0
1313022381	44|OpenStreetView	2019-12-12T08:55:16	taken	105.744667	21.027509		https://kartaview.org/details/3612533/0
1621483673	44|OpenStreetView	2019-12-12T08:55:26	taken	105.745038	21.027268		https://kartaview.org/details/6178505/0
1498381753	44|OpenStreetView	2019-12-12T09:04:08	taken	105.753841	21.051979		https://kartaview.org/details/5240617/0
1498381769	44|OpenStreetView	2019-12-12T09:14:10	taken	105.753784	21.051868		https://kartaview.org/details/5240633/0
1313032253	44|OpenStreetView	2019-12-12T09:15:28	taken	105.754502	21.050804		https://kartaview.org/details/3620333/0
1309495697	44|OpenStreetView	2019-12-12T09:20:50	taken	105.747156	21.034696		https://kartaview.org/details/3612533/0
1309495729	44|OpenStreetView	2019-12-12T09:26:30	taken	105.746920	21.034766		https://kartaview.org/details/3612533/0
1455748057	44|OpenStreetView	2019-12-12T09:28:16	taken	105.749179	21.033872		https://kartaview.org/details/4877145/0
1309495069	44|OpenStreetView	2019-12-12T09:28:20	taken	105.749225	21.033989		https://kartaview.org/details/3612529/0
1313027029	44|OpenStreetView	2019-12-12T09:30:12	taken	105.751843	21.045455		https://kartaview.org/details/3620229/0
1313028825	44|OpenStreetView	2019-12-12T09:32:30	taken	105.749117	21.046503		https://kartaview.org/details/3620269/0
1513299689	44|OpenStreetView	2019-12-12T09:50:28	taken	105.952418	21.012840		https://kartaview.org/details/5325113/0
1513299705	44|OpenStreetView	2019-12-12T09:51:34	taken	105.951176	21.013748		https://kartaview.org/details/5325129/0
1513297929	44|OpenStreetView	2019-12-12T09:51:52	taken	105.950407	21.014339		https://kartaview.org/details/5325001/0
1452120153	44|OpenStreetView	2019-12-12T09:56:46	taken	105.951971	21.014643		https://kartaview.org/details/4744553/0
1513297913	44|OpenStreetView	2019-12-12T09:58:28	taken	105.951638	21.014228		https://kartaview.org/details/5324985/0
1309499189	44|OpenStreetView	2019-12-13T01:07:02	taken	105.759270	21.086821		https://kartaview.org/details/3613057/0
1313041589	44|OpenStreetView	2019-12-13T01:12:58	taken	105.759595	21.086062		https://kartaview.org/details/3613061/0
1495150793	44|OpenStreetView	2019-12-13T01:15:52	taken	105.754739	21.085327		https://kartaview.org/details/5226409/0
1309499229	44|OpenStreetView	2019-12-13T01:21:30	taken	105.757771	21.087625		https://kartaview.org/details/3613061/0
1551948489	44|OpenStreetView	2019-12-13T01:24:28	taken	105.756967	21.086383		https://kartaview.org/details/5744153/0
1313041401	44|OpenStreetView	2019-12-13T01:25:00	taken	105.755862	21.085853		https://kartaview.org/details/3613061/0
1996032969	44|OpenStreetView	2019-12-13T01:26:22	taken	105.916133	21.081131		https://kartaview.org/details/9086041/0
1996032985	44|OpenStreetView	2019-12-13T01:26:32	taken	105.916142	21.080964		https://kartaview.org/details/9086057/0
1996033017	44|OpenStreetView	2019-12-13T01:29:08	taken	105.916207	21.080555		https://kartaview.org/details/9086089/0
1622191721	44|OpenStreetView	2019-12-13T01:38:18	taken	105.750372	21.083890		https://kartaview.org/details/6182953/0
1401778937	44|OpenStreetView	2019-12-13T01:40:38	taken	105.916332	21.084189		https://kartaview.org/details/4059705/0
1313039685	44|OpenStreetView	2019-12-13T01:43:00	taken	105.752509	21.083112		https://kartaview.org/details/3620465/0
1313039297	44|OpenStreetView	2019-12-13T01:58:58	taken	105.753656	21.082656		https://kartaview.org/details/3620461/0
1313039401	44|OpenStreetView	2019-12-13T01:59:56	taken	105.753768	21.083318		https://kartaview.org/details/3620461/0
1622191769	44|OpenStreetView	2019-12-13T02:06:24	taken	105.751458	21.083456		https://kartaview.org/details/6183001/0
1455748089	44|OpenStreetView	2019-12-13T02:07:02	taken	105.750839	21.083742		https://kartaview.org/details/4877177/0
1618971433	44|OpenStreetView	2019-12-13T02:10:34	taken	105.751963	21.085399		https://kartaview.org/details/6165033/0
1618971449	44|OpenStreetView	2019-12-13T02:19:20	taken	105.751722	21.086100		https://kartaview.org/details/6165049/0
1538875561	44|OpenStreetView	2019-12-13T02:45:16	taken	105.757690	21.084560		https://kartaview.org/details/5598361/0
1313041017	44|OpenStreetView	2019-12-13T02:47:24	taken	105.757401	21.085168		https://kartaview.org/details/3613081/0
1309499225	44|OpenStreetView	2019-12-13T02:47:56	taken	105.757809	21.083912		https://kartaview.org/details/3613081/0
1313040473	44|OpenStreetView	2019-12-13T02:54:44	taken	105.759154	21.084405		https://kartaview.org/details/3620481/0
1313040661	44|OpenStreetView	2019-12-13T02:55:50	taken	105.758516	21.084470		https://kartaview.org/details/3620481/0
1313041773	44|OpenStreetView	2019-12-13T02:56:16	taken	105.759111	21.084020		https://kartaview.org/details/3620481/0
2002398729	44|OpenStreetView	2019-12-13T03:04:10	taken	105.876361	21.123634		https://kartaview.org/details/9115801/0
1694066393	44|OpenStreetView	2019-12-13T03:12:52	taken	105.769339	21.088529		https://kartaview.org/details/6750985/0
1694066377	44|OpenStreetView	2019-12-13T03:13:08	taken	105.769841	21.088524		https://kartaview.org/details/6750969/0
1538882009	44|OpenStreetView	2019-12-13T03:18:16	taken	105.766066	21.089333		https://kartaview.org/details/5598457/0
1309499433	44|OpenStreetView	2019-12-13T03:23:50	taken	105.769302	21.091433		https://kartaview.org/details/3613153/0
1538882025	44|OpenStreetView	2019-12-13T03:24:42	taken	105.766968	21.090623		https://kartaview.org/details/5598473/0
1552748953	44|OpenStreetView	2019-12-13T03:30:24	taken	105.760364	21.088722		https://kartaview.org/details/5750249/0
1309499405	44|OpenStreetView	2019-12-13T03:33:46	taken	105.769855	21.090558		https://kartaview.org/details/3613125/0
1309499349	44|OpenStreetView	2019-12-13T03:35:04	taken	105.769908	21.089840		https://kartaview.org/details/3613121/0
1342928805	44|OpenStreetView	2019-12-13T03:38:14	taken	105.769618	21.086857		https://kartaview.org/details/3724121/0
1309499061	44|OpenStreetView	2019-12-13T03:42:30	taken	105.767928	21.080907		https://kartaview.org/details/3613029/0
1309498861	44|OpenStreetView	2019-12-13T03:43:43	taken	105.929745	21.071760		https://kartaview.org/details/3612997/0
1309498901	44|OpenStreetView	2019-12-13T03:43:56	taken	105.929962	21.072213		https://kartaview.org/details/3612997/0
1401795769	44|OpenStreetView	2019-12-13T03:46:16	taken	105.929340	21.071269		https://kartaview.org/details/4061801/0
1309498737	44|OpenStreetView	2019-12-13T03:48:00	taken	105.929154	21.070328		https://kartaview.org/details/3612933/0
1996417577	44|OpenStreetView	2019-12-13T03:50:39	taken	105.931283	21.071475		https://kartaview.org/details/9096761/0
1996417561	44|OpenStreetView	2019-12-13T03:52:40	taken	105.931494	21.071351		https://kartaview.org/details/9096745/0
1401779689	44|OpenStreetView	2019-12-13T04:01:34	taken	105.763833	21.073977		https://kartaview.org/details/4060457/0
1619095305	44|OpenStreetView	2019-12-13T04:09:08	taken	105.768126	21.080495		https://kartaview.org/details/6170041/0
1996418521	44|OpenStreetView	2019-12-13T04:09:34	taken	105.869540	21.113522		https://kartaview.org/details/9097705/0
1455748153	44|OpenStreetView	2019-12-13T04:09:48	taken	105.768240	21.081158		https://kartaview.org/details/4877241/0
1313039001	44|OpenStreetView	2019-12-13T04:12:02	taken	105.767564	21.081760		https://kartaview.org/details/3613041/0
1634334441	44|OpenStreetView	2019-12-13T04:12:22	taken	105.767250	21.082226		https://kartaview.org/details/6240889/0
1455748121	44|OpenStreetView	2019-12-13T04:14:18	taken	105.767354	21.082662		https://kartaview.org/details/4877209/0
1621429433	44|OpenStreetView	2019-12-13T04:16:52	taken	105.877562	21.109639		https://kartaview.org/details/6176937/0
1309499681	44|OpenStreetView	2019-12-13T04:18:50	taken	105.873749	21.102758		https://kartaview.org/details/3613205/0
1402379417	44|OpenStreetView	2019-12-13T05:09:23	taken	105.952045	21.056587		https://kartaview.org/details/4083081/0
1402379433	44|OpenStreetView	2019-12-13T05:28:29	taken	105.957754	21.052854		https://kartaview.org/details/4083097/0
1634302777	44|OpenStreetView	2019-12-13T05:40:12	taken	105.772691	21.080812		https://kartaview.org/details/6237897/0
1309499077	44|OpenStreetView	2019-12-13T05:45:22	taken	105.772756	21.081130		https://kartaview.org/details/3613045/0
1402379481	44|OpenStreetView	2019-12-13T05:47:34	taken	105.773162	21.081839		https://kartaview.org/details/4083145/0
1996198937	44|OpenStreetView	2019-12-13T06:08:30	taken	105.774798	21.079961		https://kartaview.org/details/9092793/0
1309498985	44|OpenStreetView	2019-12-13T06:09:34	taken	105.774424	21.078569		https://kartaview.org/details/3613013/0
1309498945	44|OpenStreetView	2019-12-13T06:10:50	taken	105.772840	21.076563		https://kartaview.org/details/3613013/0
1996419721	44|OpenStreetView	2019-12-13T06:27:12	taken	105.774533	21.028661		https://kartaview.org/details/9098905/0
1996419769	44|OpenStreetView	2019-12-13T06:27:20	taken	105.774793	21.028945		https://kartaview.org/details/9098953/0
1996419817	44|OpenStreetView	2019-12-13T06:27:24	taken	105.774904	21.029031		https://kartaview.org/details/9099001/0
1551745241	44|OpenStreetView	2019-12-13T06:56:28	taken	105.773844	21.018515		https://kartaview.org/details/5736601/0
1313019917	44|OpenStreetView	2019-12-13T06:56:56	taken	105.774875	21.017267		https://kartaview.org/details/3620073/0
1339028969	44|OpenStreetView	2019-12-13T07:03:50	taken	105.774865	21.019913		https://kartaview.org/details/3620073/0
1343390213	44|OpenStreetView	2019-12-13T07:10:22	taken	105.773752	21.021334		https://kartaview.org/details/3620073/0
1339028989	44|OpenStreetView	2019-12-13T07:13:02	taken	105.774759	21.021871		https://kartaview.org/details/3620073/0
1343419597	44|OpenStreetView	2019-12-13T07:17:18	taken	105.778226	21.021993		https://kartaview.org/details/3620073/0
1401779001	44|OpenStreetView	2019-12-13T07:18:48	taken	105.776548	21.022057		https://kartaview.org/details/4059753/0
1339029057	44|OpenStreetView	2019-12-13T07:20:40	taken	105.775264	21.022876		https://kartaview.org/details/3620073/0
1352802585	44|OpenStreetView	2019-12-13T07:22:26	taken	105.775724	21.021955		https://kartaview.org/details/3620073/0
1551745257	44|OpenStreetView	2019-12-13T07:27:10	taken	105.777295	21.014339		https://kartaview.org/details/5736617/0
1343390253	44|OpenStreetView	2019-12-13T07:50:02	taken	105.771675	21.023749		https://kartaview.org/details/3620073/0
1343390269	44|OpenStreetView	2019-12-13T08:04:14	taken	105.770315	21.028413		https://kartaview.org/details/3620073/0
1695247017	44|OpenStreetView	2019-12-14T01:27:28	taken	105.929841	21.073574		https://kartaview.org/details/6756617/0
1313038265	44|OpenStreetView	2019-12-14T01:28:46	taken	105.929887	21.074255		https://kartaview.org/details/3620441/0
1313038661	44|OpenStreetView	2019-12-14T01:31:36	taken	105.930263	21.075261		https://kartaview.org/details/3620449/0
1352806849	44|OpenStreetView	2019-12-14T02:42:21	taken	105.739805	21.016786		https://kartaview.org/details/3612173/0
1401795881	44|OpenStreetView	2019-12-14T03:00:53	taken	105.737320	21.018608		https://kartaview.org/details/4061913/0
1538875577	44|OpenStreetView	2019-12-14T03:27:07	taken	105.741321	21.001358		https://kartaview.org/details/5598377/0
1575716025	44|OpenStreetView	2019-12-14T03:29:57	taken	105.745672	20.995698		https://kartaview.org/details/5914041/0
1575716041	44|OpenStreetView	2019-12-14T03:30:19	taken	105.745679	20.995103		https://kartaview.org/details/5914057/0
1622126473	44|OpenStreetView	2019-12-14T03:31:45	taken	105.744715	20.994971		https://kartaview.org/details/6180953/0
1996031849	44|OpenStreetView	2019-12-14T03:32:27	taken	105.745144	20.995034		https://kartaview.org/details/9084921/0
1499433993	44|OpenStreetView	2019-12-14T03:41:45	taken	105.749422	20.998691		https://kartaview.org/details/5250329/0
1309492561	44|OpenStreetView	2019-12-14T04:19:23	taken	105.746467	21.002236		https://kartaview.org/details/3612193/0
1352800289	44|OpenStreetView	2019-12-14T05:11:25	taken	105.767626	21.124286		https://kartaview.org/details/3757321/0
1622120857	44|OpenStreetView	2019-12-14T05:50:49	taken	105.769487	21.127887		https://kartaview.org/details/6180617/0
1309499853	44|OpenStreetView	2019-12-14T05:53:21	taken	105.766986	21.124701		https://kartaview.org/details/3613245/0
1360021241	44|OpenStreetView	2019-12-14T06:20:07	taken	105.789936	21.010322		https://kartaview.org/details/3612217/0
1551824745	44|OpenStreetView	2019-12-14T06:25:43	taken	105.787417	21.013905		https://kartaview.org/details/5741593/0
1360021245	44|OpenStreetView	2019-12-14T06:29:53	taken	105.784568	21.018756		https://kartaview.org/details/3612217/0
1313020709	44|OpenStreetView	2019-12-14T06:32:55	taken	105.782011	21.018256		https://kartaview.org/details/3612217/0
1309493761	44|OpenStreetView	2019-12-14T06:43:13	taken	105.779655	21.032436		https://kartaview.org/details/3612217/0
1309493677	44|OpenStreetView	2019-12-14T06:47:31	taken	105.776352	21.031572		https://kartaview.org/details/3612217/0
1519079833	44|OpenStreetView	2019-12-14T06:48:07	taken	105.776464	21.030960		https://kartaview.org/details/5378185/0
1309493181	44|OpenStreetView	2019-12-14T06:49:01	taken	105.775324	21.030829		https://kartaview.org/details/3612217/0
1519079849	44|OpenStreetView	2019-12-14T06:50:17	taken	105.774524	21.031864		https://kartaview.org/details/5378201/0
1352802701	44|OpenStreetView	2019-12-14T06:51:23	taken	105.774744	21.032258		https://kartaview.org/details/3612217/0
1309494281	44|OpenStreetView	2019-12-14T07:13:09	taken	105.762481	21.034169		https://kartaview.org/details/3612217/0
1343390341	44|OpenStreetView	2019-12-14T07:15:15	taken	105.760714	21.033538		https://kartaview.org/details/3612217/0
1309495253	44|OpenStreetView	2019-12-14T07:16:13	taken	105.761700	21.034146		https://kartaview.org/details/3612217/0
1309494189	44|OpenStreetView	2019-12-14T07:16:59	taken	105.760714	21.032543		https://kartaview.org/details/3612217/0
1309494597	44|OpenStreetView	2019-12-14T07:24:01	taken	105.764899	21.033410		https://kartaview.org/details/3612217/0
1309495209	44|OpenStreetView	2019-12-14T07:24:31	taken	105.764475	21.034020		https://kartaview.org/details/3612217/0
1309495233	44|OpenStreetView	2019-12-14T07:24:55	taken	105.763497	21.034038		https://kartaview.org/details/3612217/0
1343420065	44|OpenStreetView	2019-12-14T07:25:29	taken	105.762544	21.034408		https://kartaview.org/details/3612217/0
1309494265	44|OpenStreetView	2019-12-14T07:25:55	taken	105.762041	21.033373		https://kartaview.org/details/3612217/0
1309495241	44|OpenStreetView	2019-12-14T07:29:23	taken	105.764017	21.032749		https://kartaview.org/details/3612217/0
1309495217	44|OpenStreetView	2019-12-14T07:30:07	taken	105.762653	21.034202		https://kartaview.org/details/3612217/0
1309493201	44|OpenStreetView	2019-12-14T07:32:23	taken	105.763404	21.030998		https://kartaview.org/details/3612217/0
1493184233	44|OpenStreetView	2019-12-14T07:33:15	taken	105.763534	21.032296		https://kartaview.org/details/5205945/0
1309493721	44|OpenStreetView	2019-12-14T07:33:27	taken	105.763432	21.031845		https://kartaview.org/details/3612217/0
1313017829	44|OpenStreetView	2019-12-14T08:03:27	taken	105.766989	21.007606		https://kartaview.org/details/3612217/0
1309492685	44|OpenStreetView	2019-12-14T08:03:53	taken	105.766314	21.008313		https://kartaview.org/details/3612217/0
1634091673	44|OpenStreetView	2019-12-14T08:04:29	taken	105.767313	21.008812		https://kartaview.org/details/6233705/0
1634091609	44|OpenStreetView	2019-12-14T08:16:45	taken	105.768305	21.010693		https://kartaview.org/details/6233689/0
1339028761	44|OpenStreetView	2019-12-14T08:21:13	taken	105.765894	21.008791		https://kartaview.org/details/3612217/0
1343419277	44|OpenStreetView	2019-12-14T08:23:45	taken	105.765325	21.008966		https://kartaview.org/details/3612217/0
1309492709	44|OpenStreetView	2019-12-14T08:24:09	taken	105.765364	21.009302		https://kartaview.org/details/3612217/0
1343419369	44|OpenStreetView	2019-12-14T08:26:57	taken	105.766681	21.010616		https://kartaview.org/details/3612217/0
1339028829	44|OpenStreetView	2019-12-14T08:27:55	taken	105.766558	21.009326		https://kartaview.org/details/3612217/0
1343419325	44|OpenStreetView	2019-12-14T08:28:57	taken	105.765364	21.009937		https://kartaview.org/details/3612217/0
1621452169	44|OpenStreetView	2019-12-14T08:29:17	taken	105.765307	21.010462		https://kartaview.org/details/6177545/0
1343419413	44|OpenStreetView	2019-12-14T08:32:37	taken	105.765922	21.013168		https://kartaview.org/details/3612217/0
1313018497	44|OpenStreetView	2019-12-14T08:36:41	taken	105.770812	21.012214		https://kartaview.org/details/3612217/0
1551825721	44|OpenStreetView	2019-12-14T08:54:13	taken	105.764049	21.028760		https://kartaview.org/details/5742105/0
1343419585	44|OpenStreetView	2019-12-14T09:18:09	taken	105.759525	21.021492		https://kartaview.org/details/3612217/0
1339028981	44|OpenStreetView	2019-12-14T09:19:49	taken	105.759945	21.021477		https://kartaview.org/details/3612217/0
1339028977	44|OpenStreetView	2019-12-14T09:22:21	taken	105.760353	21.021365		https://kartaview.org/details/3612217/0
1343390169	44|OpenStreetView	2019-12-14T09:35:03	taken	105.763762	21.013490		https://kartaview.org/details/3612217/0
1339028921	44|OpenStreetView	2019-12-14T09:35:13	taken	105.763989	21.013236		https://kartaview.org/details/3612217/0
1387072833	44|OpenStreetView	2019-12-14T09:41:07	taken	105.763868	21.011045		https://kartaview.org/details/3612217/0
1309492701	44|OpenStreetView	2019-12-14T09:47:09	taken	105.765634	21.009242		https://kartaview.org/details/3612217/0
1352803057	44|OpenStreetView	2019-12-14T09:48:19	taken	105.766861	21.007609		https://kartaview.org/details/3612217/0
1309492697	44|OpenStreetView	2019-12-14T09:48:49	taken	105.767291	21.007182		https://kartaview.org/details/3612217/0
1996048441	44|OpenStreetView	2019-12-15T01:25:44	taken	105.787219	21.130034		https://kartaview.org/details/9087225/0
1996048457	44|OpenStreetView	2019-12-15T01:27:40	taken	105.787144	21.128089		https://kartaview.org/details/9087241/0
1995631065	44|OpenStreetView	2019-12-15T02:12:02	taken	105.785255	21.141975		https://kartaview.org/details/9079257/0
1995631081	44|OpenStreetView	2019-12-15T02:13:20	taken	105.785218	21.141714		https://kartaview.org/details/9079273/0
1995631113	44|OpenStreetView	2019-12-15T02:21:44	taken	105.783581	21.142181		https://kartaview.org/details/9079305/0
1622120873	44|OpenStreetView	2019-12-16T01:54:36	taken	105.767113	21.120027		https://kartaview.org/details/6180633/0
2002398409	44|OpenStreetView	2019-12-16T05:07:13	taken	105.936934	21.082256		https://kartaview.org/details/9115481/0
2002398377	44|OpenStreetView	2019-12-16T05:09:42	taken	105.936316	21.082012		https://kartaview.org/details/9115449/0
1313042257	44|OpenStreetView	2019-12-16T09:01:56	taken	105.904542	21.096961		https://kartaview.org/details/3620493/0
1634163833	44|OpenStreetView	2019-12-16T09:09:46	taken	105.905713	21.097568		https://kartaview.org/details/6235097/0
1402441593	44|OpenStreetView	2019-12-16T09:11:24	taken	105.906659	21.095556		https://kartaview.org/details/4087129/0
1309499569	44|OpenStreetView	2019-12-16T09:31:04	taken	105.906501	21.092734		https://kartaview.org/details/3613189/0
1632718841	44|OpenStreetView	2019-12-16T09:31:20	taken	105.906905	21.093010		https://kartaview.org/details/6227129/0
1513569833	44|OpenStreetView	2019-12-17T02:22:18	taken	105.813720	21.140024		https://kartaview.org/details/5328537/0
1455748953	44|OpenStreetView	2019-12-17T02:44:35	taken	105.922014	21.095988		https://kartaview.org/details/4878041/0
1996451673	44|OpenStreetView	2019-12-17T09:10:10	taken	105.849782	21.142286		https://kartaview.org/details/9101177/0
1397590833	44|OpenStreetView	2019-12-18T08:26:48	taken	105.897863	21.118997		https://kartaview.org/details/4022761/0
1996093561	44|OpenStreetView	2019-12-18T09:47:20	taken	105.903097	21.088047		https://kartaview.org/details/9090233/0
1996093577	44|OpenStreetView	2019-12-18T09:47:26	taken	105.902941	21.088216		https://kartaview.org/details/9090249/0
1343427809	44|OpenStreetView	2019-12-19T08:39:28	taken	105.781264	21.124860		https://kartaview.org/details/3728189/0
1390794029	44|OpenStreetView	2019-12-23T06:18:04	taken	105.951351	21.057992		https://kartaview.org/details/3918165/0
1389962573	44|OpenStreetView	2019-12-23T06:26:38	taken	105.955992	21.078625		https://kartaview.org/details/3860841/0
1381504765	44|OpenStreetView	2019-12-23T06:26:59	taken	105.956115	21.080493		https://kartaview.org/details/3860841/0
1384498313	44|OpenStreetView	2019-12-23T08:33:31	taken	105.949028	21.085476		https://kartaview.org/details/3872005/0
1381410581	44|OpenStreetView	2019-12-24T03:44:16	taken	105.848992	20.962550		https://kartaview.org/details/3860469/0
1381410585	44|OpenStreetView	2019-12-24T03:45:02	taken	105.847400	20.964102		https://kartaview.org/details/3860469/0
2534159209	44|OpenStreetView	2019-12-24T04:19:54	taken	105.877778	21.075750		https://kartaview.org/details/10440537/0
1352807465	44|OpenStreetView	2019-12-24T04:43:24	taken	105.957573	21.007362		https://kartaview.org/details/3757493/0
1381502525	44|OpenStreetView	2019-12-24T09:32:20	taken	105.957961	21.086898		https://kartaview.org/details/3860833/0
1621429417	44|OpenStreetView	2019-12-24T10:06:00	taken	105.860943	21.137522		https://kartaview.org/details/6176921/0
1352800737	44|OpenStreetView	2019-12-25T00:50:09	taken	105.860972	21.137699		https://kartaview.org/details/3757337/0
1352800721	44|OpenStreetView	2019-12-25T00:50:43	taken	105.863374	21.137642		https://kartaview.org/details/3757337/0
1996088409	44|OpenStreetView	2019-12-25T01:13:55	taken	105.861152	21.141293		https://kartaview.org/details/9089449/0
1996088457	44|OpenStreetView	2019-12-25T01:14:53	taken	105.860665	21.141004		https://kartaview.org/details/9089497/0
1694065673	44|OpenStreetView	2019-12-25T01:29:39	taken	105.861566	21.138925		https://kartaview.org/details/6750473/0
1694065689	44|OpenStreetView	2019-12-25T01:30:17	taken	105.861710	21.138572		https://kartaview.org/details/6750489/0
1309499889	44|OpenStreetView	2019-12-25T01:34:51	taken	105.860666	21.138299		https://kartaview.org/details/3613261/0
1309499905	44|OpenStreetView	2019-12-25T01:35:25	taken	105.859364	21.138341		https://kartaview.org/details/3613265/0
1309499917	44|OpenStreetView	2019-12-25T01:35:41	taken	105.859143	21.137983		https://kartaview.org/details/3613265/0
1619201593	44|OpenStreetView	2019-12-25T01:55:09	taken	105.859770	21.137795		https://kartaview.org/details/6171401/0
1309499865	44|OpenStreetView	2019-12-25T01:55:51	taken	105.859831	21.137413		https://kartaview.org/details/3613253/0
1996088345	44|OpenStreetView	2019-12-25T02:03:45	taken	105.856917	21.136943		https://kartaview.org/details/9089385/0
1996088361	44|OpenStreetView	2019-12-25T02:03:49	taken	105.856864	21.136897		https://kartaview.org/details/9089401/0
1401795849	44|OpenStreetView	2019-12-25T04:05:55	taken	105.732177	21.032268		https://kartaview.org/details/4061881/0
2003408825	44|OpenStreetView	2019-12-25T04:07:09	taken	105.732736	21.031657		https://kartaview.org/details/9127721/0
1996029497	44|OpenStreetView	2019-12-25T04:08:33	taken	105.734671	21.032428		https://kartaview.org/details/9082953/0
1401795865	44|OpenStreetView	2019-12-25T04:18:05	taken	105.735467	21.032861		https://kartaview.org/details/4061897/0
1622157705	44|OpenStreetView	2019-12-25T04:25:01	taken	105.732461	21.032664		https://kartaview.org/details/6181529/0
1455750425	44|OpenStreetView	2019-12-25T04:39:49	taken	105.728491	21.035021		https://kartaview.org/details/4879513/0
1622157513	44|OpenStreetView	2019-12-25T08:35:16	taken	105.857134	20.940077		https://kartaview.org/details/6181337/0
1343394965	44|OpenStreetView	2019-12-27T03:29:56	taken	105.854987	20.939762		https://kartaview.org/details/3727321/0
1309489805	44|OpenStreetView	2019-12-27T03:34:38	taken	105.848932	20.941986		https://kartaview.org/details/3612057/0
1352803353	44|OpenStreetView	2019-12-27T07:23:02	taken	105.941541	21.136990		https://kartaview.org/details/3757393/0
1387072821	44|OpenStreetView	2019-12-27T08:48:36	taken	105.951028	21.113172		https://kartaview.org/details/3613241/0
1309489801	44|OpenStreetView	2019-12-28T03:56:59	taken	105.795798	20.929416		https://kartaview.org/details/3612053/0
1401842153	44|OpenStreetView	2019-12-28T05:41:21	taken	105.806030	20.940792		https://kartaview.org/details/4067737/0
1551824825	44|OpenStreetView	2019-12-29T01:47:11	taken	105.819675	21.023252		https://kartaview.org/details/5741673/0
1551825097	44|OpenStreetView	2019-12-29T01:56:02	taken	105.797439	20.999862		https://kartaview.org/details/5741945/0
1551824777	44|OpenStreetView	2019-12-29T04:05:19	taken	105.824516	21.009749		https://kartaview.org/details/5741625/0
1313020833	44|OpenStreetView	2019-12-29T04:13:03	taken	105.802760	21.018605		https://kartaview.org/details/3620097/0
1339029097	44|OpenStreetView	2019-12-29T04:16:27	taken	105.799909	21.022911		https://kartaview.org/details/3620097/0
1395254981	44|OpenStreetView	2019-12-29T04:21:42	taken	105.806499	21.048581		https://kartaview.org/details/3991709/0
1313021373	44|OpenStreetView	2019-12-29T05:16:17	taken	105.817027	21.019393		https://kartaview.org/details/3620109/0
1551825081	44|OpenStreetView	2019-12-29T05:23:28	taken	105.831904	21.028697		https://kartaview.org/details/5741929/0
1996450809	44|OpenStreetView	2020-01-02T06:48:37	taken	105.796978	20.978712		https://kartaview.org/details/9100313/0
1996450857	44|OpenStreetView	2020-01-02T06:49:03	taken	105.796570	20.978959		https://kartaview.org/details/9100361/0
1541325689	44|OpenStreetView	2020-01-02T08:10:47	taken	105.804507	20.980240		https://kartaview.org/details/5619881/0
1313013277	44|OpenStreetView	2020-01-03T06:30:43	taken	105.807681	20.962335		https://kartaview.org/details/3619901/0
1313013477	44|OpenStreetView	2020-01-03T06:46:39	taken	105.818058	20.965221		https://kartaview.org/details/3619909/0
1313013909	44|OpenStreetView	2020-01-03T06:47:37	taken	105.817144	20.966084		https://kartaview.org/details/3619909/0
1313014253	44|OpenStreetView	2020-01-03T08:12:29	taken	105.821210	20.967704		https://kartaview.org/details/3619937/0
1313013977	44|OpenStreetView	2020-01-03T08:18:33	taken	105.819910	20.966409		https://kartaview.org/details/3619921/0
1313014109	44|OpenStreetView	2020-01-03T08:26:38	taken	105.823723	20.967384		https://kartaview.org/details/3619929/0
1309490249	44|OpenStreetView	2020-01-05T03:25:02	taken	105.817003	20.952247		https://kartaview.org/details/3612081/0
1309490265	44|OpenStreetView	2020-01-05T05:13:18	taken	105.838503	20.952267		https://kartaview.org/details/3612085/0
2000014889	44|OpenStreetView	2020-01-08T02:32:09	taken	105.834992	20.932837		https://kartaview.org/details/9104761/0
1343418409	44|OpenStreetView	2020-01-08T09:01:57	taken	105.893932	20.993286		https://kartaview.org/details/3727673/0
1343418137	44|OpenStreetView	2020-01-08T09:06:16	taken	105.894938	20.990733		https://kartaview.org/details/3727673/0
1309491245	44|OpenStreetView	2020-01-08T09:17:27	taken	105.894588	20.991520		https://kartaview.org/details/3612153/0
1343417433	44|OpenStreetView	2020-01-08T09:53:30	taken	105.895632	20.981139		https://kartaview.org/details/3727569/0
1343425937	44|OpenStreetView	2020-01-08T09:58:20	taken	105.866737	21.063678		https://kartaview.org/details/3728049/0
1343425861	44|OpenStreetView	2020-01-08T09:59:56	taken	105.866761	21.061916		https://kartaview.org/details/3728049/0
1343425821	44|OpenStreetView	2020-01-08T10:00:25	taken	105.865781	21.061208		https://kartaview.org/details/3728049/0
1343425757	44|OpenStreetView	2020-01-08T10:01:10	taken	105.865330	21.060670		https://kartaview.org/details/3728049/0
1343395761	44|OpenStreetView	2020-01-08T10:07:57	taken	105.895936	20.972726		https://kartaview.org/details/3727425/0
1343395769	44|OpenStreetView	2020-01-08T10:09:09	taken	105.896740	20.976709		https://kartaview.org/details/3727425/0
1343423965	44|OpenStreetView	2020-01-08T10:28:43	taken	105.865843	21.057410		https://kartaview.org/details/3728029/0
1343423917	44|OpenStreetView	2020-01-08T10:35:37	taken	105.868971	21.057080		https://kartaview.org/details/3728021/0
1343396053	44|OpenStreetView	2020-01-08T10:37:02	taken	105.895414	20.977160		https://kartaview.org/details/3727485/0
1343390821	44|OpenStreetView	2020-01-08T10:53:57	taken	105.867405	21.047125		https://kartaview.org/details/3726633/0
1996417785	44|OpenStreetView	2020-01-08T10:57:06	taken	105.892466	20.973431		https://kartaview.org/details/9096969/0
1537513625	44|OpenStreetView	2020-01-08T10:57:08	taken	105.775576	20.973486		https://kartaview.org/details/5582569/0
1339027449	44|OpenStreetView	2020-01-08T10:58:02	taken	105.775695	20.974081		https://kartaview.org/details/3714941/0
1343395841	44|OpenStreetView	2020-01-08T10:58:12	taken	105.775517	20.974174		https://kartaview.org/details/3714941/0
1537295209	44|OpenStreetView	2020-01-08T11:01:34	taken	105.780900	20.970818		https://kartaview.org/details/5582489/0
1339027373	44|OpenStreetView	2020-01-08T11:04:16	taken	105.785906	20.973743		https://kartaview.org/details/3714941/0
1343395925	44|OpenStreetView	2020-01-08T11:18:14	taken	105.893914	20.975898		https://kartaview.org/details/3727453/0
1343395977	44|OpenStreetView	2020-01-08T11:23:06	taken	105.893616	20.976108		https://kartaview.org/details/3727461/0
1309490313	44|OpenStreetView	2020-01-08T11:28:37	taken	105.797752	20.977175		https://kartaview.org/details/3612101/0
1551659305	44|OpenStreetView	2020-01-08T11:28:55	taken	105.798574	20.977284		https://kartaview.org/details/5724729/0
1343396125	44|OpenStreetView	2020-01-08T11:30:02	taken	105.798439	20.977810		https://kartaview.org/details/3612101/0
1343396069	44|OpenStreetView	2020-01-08T11:46:47	taken	105.791954	20.977489		https://kartaview.org/details/3727489/0
1343396085	44|OpenStreetView	2020-01-08T12:11:11	taken	105.787497	20.977551		https://kartaview.org/details/3727489/0
1343425985	44|OpenStreetView	2020-01-08T12:17:32	taken	105.883972	21.064153		https://kartaview.org/details/3728057/0
1343425909	44|OpenStreetView	2020-01-08T12:19:25	taken	105.882969	21.063408		https://kartaview.org/details/3728057/0
1343426109	44|OpenStreetView	2020-01-08T12:23:41	taken	105.884311	21.065614		https://kartaview.org/details/3728057/0
1343426145	44|OpenStreetView	2020-01-08T12:28:06	taken	105.883925	21.066228		https://kartaview.org/details/3728057/0
1339027461	44|OpenStreetView	2020-01-08T12:42:11	taken	105.779793	20.974148		https://kartaview.org/details/3714949/0
1343418225	44|OpenStreetView	2020-01-08T12:50:59	taken	105.865479	20.991268		https://kartaview.org/details/3727693/0
1313015321	44|OpenStreetView	2020-01-08T13:16:05	taken	105.863537	20.987825		https://kartaview.org/details/3619977/0
1343417961	44|OpenStreetView	2020-01-08T13:18:29	taken	105.864010	20.988433		https://kartaview.org/details/3619977/0
1343423733	44|OpenStreetView	2020-01-08T13:24:02	taken	105.887288	21.054558		https://kartaview.org/details/3727997/0
1343418349	44|OpenStreetView	2020-01-08T13:29:45	taken	105.873476	20.992687		https://kartaview.org/details/3727713/0
1343291833	44|OpenStreetView	2020-01-08T13:42:24	taken	105.879826	20.987601		https://kartaview.org/details/3726433/0
1343291837	44|OpenStreetView	2020-01-08T13:43:58	taken	105.880352	20.988698		https://kartaview.org/details/3726433/0
1621675497	44|OpenStreetView	2020-01-08T13:45:14	taken	105.880116	20.988287		https://kartaview.org/details/6178777/0
1313015385	44|OpenStreetView	2020-01-08T13:45:37	taken	105.879130	20.988610		https://kartaview.org/details/3619981/0
1343417873	44|OpenStreetView	2020-01-08T13:51:35	taken	105.874292	20.986074		https://kartaview.org/details/3727633/0
1339027269	44|OpenStreetView	2020-01-08T14:02:19	taken	105.790480	20.970899		https://kartaview.org/details/3714917/0
1343417749	44|OpenStreetView	2020-01-08T14:08:01	taken	105.876003	20.984514		https://kartaview.org/details/3727613/0
1339027177	44|OpenStreetView	2020-01-08T14:09:31	taken	105.790976	20.969641		https://kartaview.org/details/3714917/0
1343395597	44|OpenStreetView	2020-01-08T14:12:28	taken	105.785629	20.970077		https://kartaview.org/details/3714917/0
1339027193	44|OpenStreetView	2020-01-08T14:14:39	taken	105.792252	20.969696		https://kartaview.org/details/3714921/0
1343319177	44|OpenStreetView	2020-01-08T14:14:39	taken	105.876457	20.986253		https://kartaview.org/details/3726517/0
1343395565	44|OpenStreetView	2020-01-08T14:15:17	taken	105.793527	20.968765		https://kartaview.org/details/3714921/0
1349930801	44|OpenStreetView	2020-01-08T14:19:31	taken	105.879987	20.986136		https://kartaview.org/details/3727637/0
1309492957	44|OpenStreetView	2020-01-08T14:32:52	taken	105.832520	21.024075		https://kartaview.org/details/3612309/0
1343415917	44|OpenStreetView	2020-01-08T14:42:15	taken	105.877886	20.979222		https://kartaview.org/details/3727525/0
1343423977	44|OpenStreetView	2020-01-08T14:43:04	taken	105.897025	21.057785		https://kartaview.org/details/3728033/0
1343417237	44|OpenStreetView	2020-01-08T14:43:44	taken	105.878997	20.979926		https://kartaview.org/details/3727537/0
1343424017	44|OpenStreetView	2020-01-08T14:44:46	taken	105.899873	21.058734		https://kartaview.org/details/3728033/0
1343417261	44|OpenStreetView	2020-01-08T14:44:59	taken	105.879086	20.980092		https://kartaview.org/details/3727537/0
1343417317	44|OpenStreetView	2020-01-08T14:45:08	taken	105.879001	20.980306		https://kartaview.org/details/3727537/0
1778785017	44|OpenStreetView	2020-01-08T14:49:30	taken	105.891988	21.050984		https://kartaview.org/details/7616601/0
1343417561	44|OpenStreetView	2020-01-08T14:53:09	taken	105.884146	20.982555		https://kartaview.org/details/3727585/0
1401795977	44|OpenStreetView	2020-01-08T14:54:11	taken	105.887023	20.983183		https://kartaview.org/details/4062009/0
1343417697	44|OpenStreetView	2020-01-08T15:00:22	taken	105.883995	20.983790		https://kartaview.org/details/3727585/0
1618946297	44|OpenStreetView	2020-01-08T15:02:58	taken	105.837879	21.027547		https://kartaview.org/details/6164057/0
1339032113	44|OpenStreetView	2020-01-08T15:06:34	taken	105.894000	21.057480		https://kartaview.org/details/3715281/0
1339032025	44|OpenStreetView	2020-01-08T15:10:25	taken	105.893113	21.055657		https://kartaview.org/details/3715273/0
1343417793	44|OpenStreetView	2020-01-08T15:16:54	taken	105.888210	20.985011		https://kartaview.org/details/3727621/0
1343423869	44|OpenStreetView	2020-01-08T15:21:48	taken	105.890938	21.056895		https://kartaview.org/details/3728013/0
1401795913	44|OpenStreetView	2020-01-08T15:22:19	taken	105.889225	20.981689		https://kartaview.org/details/4061945/0
1343395229	44|OpenStreetView	2020-01-08T15:22:39	taken	105.769596	20.959229		https://kartaview.org/details/3714905/0
1343417509	44|OpenStreetView	2020-01-08T15:24:39	taken	105.884128	20.981843		https://kartaview.org/details/3727573/0
1343417453	44|OpenStreetView	2020-01-08T15:24:55	taken	105.883908	20.981218		https://kartaview.org/details/3727573/0
1343417589	44|OpenStreetView	2020-01-08T15:30:04	taken	105.885139	20.982570		https://kartaview.org/details/3727593/0
1309490625	44|OpenStreetView	2020-01-08T15:32:16	taken	105.886008	20.977658		https://kartaview.org/details/3612105/0
1343330033	44|OpenStreetView	2020-01-08T15:40:44	taken	105.887757	20.980398		https://kartaview.org/details/3612105/0
1343413277	44|OpenStreetView	2020-01-08T15:43:18	taken	105.884929	20.979178		https://kartaview.org/details/3612105/0
1339027125	44|OpenStreetView	2020-01-08T15:45:39	taken	105.771103	20.963034		https://kartaview.org/details/3714905/0
1339027061	44|OpenStreetView	2020-01-08T15:55:18	taken	105.761644	20.959234		https://kartaview.org/details/3714901/0
1343395357	44|OpenStreetView	2020-01-08T16:01:03	taken	105.765258	20.961696		https://kartaview.org/details/3714901/0
1339026941	44|OpenStreetView	2020-01-08T16:34:24	taken	105.762860	20.958174		https://kartaview.org/details/3714881/0
1339027009	44|OpenStreetView	2020-01-08T16:38:42	taken	105.762720	20.958509		https://kartaview.org/details/3714881/0
1343395169	44|OpenStreetView	2020-01-08T16:42:06	taken	105.763719	20.955889		https://kartaview.org/details/3714881/0
1343395189	44|OpenStreetView	2020-01-08T16:54:58	taken	105.763879	20.957186		https://kartaview.org/details/3714881/0
1309490241	44|OpenStreetView	2020-01-09T04:11:17	taken	105.846165	20.948321		https://kartaview.org/details/3612077/0
1996055977	44|OpenStreetView	2020-01-09T04:23:57	taken	105.847894	20.946686		https://kartaview.org/details/9087321/0
1343418209	44|OpenStreetView	2020-01-09T09:20:02	taken	105.854699	20.991096		https://kartaview.org/details/3727689/0
1343418117	44|OpenStreetView	2020-01-09T09:28:29	taken	105.856607	20.990260		https://kartaview.org/details/3727665/0
1345360289	44|OpenStreetView	2020-01-09T09:30:46	taken	105.855565	20.990057		https://kartaview.org/details/3727701/0
1343418257	44|OpenStreetView	2020-01-09T09:32:59	taken	105.855492	20.991447		https://kartaview.org/details/3727701/0
1343423329	44|OpenStreetView	2020-01-09T09:34:18	taken	105.847499	21.047509		https://kartaview.org/details/3727961/0
1343423289	44|OpenStreetView	2020-01-09T09:34:30	taken	105.847535	21.047378		https://kartaview.org/details/3727961/0
1343395881	44|OpenStreetView	2020-01-09T10:00:13	taken	105.765380	20.974494		https://kartaview.org/details/3714945/0
1339027417	44|OpenStreetView	2020-01-09T10:00:28	taken	105.766075	20.974008		https://kartaview.org/details/3714945/0
1343395781	44|OpenStreetView	2020-01-09T10:43:12	taken	105.764209	20.973871		https://kartaview.org/details/3714937/0
1339027349	44|OpenStreetView	2020-01-09T10:43:18	taken	105.764498	20.973648		https://kartaview.org/details/3714937/0
1387072829	44|OpenStreetView	2020-01-09T10:44:42	taken	105.765644	20.975984		https://kartaview.org/details/3714937/0
1339027541	44|OpenStreetView	2020-01-09T10:46:44	taken	105.765328	20.975586		https://kartaview.org/details/3714937/0
1343423385	44|OpenStreetView	2020-01-09T10:55:02	taken	105.840596	21.049124		https://kartaview.org/details/3727977/0
1343423421	44|OpenStreetView	2020-01-09T11:00:29	taken	105.839305	21.049801		https://kartaview.org/details/3727977/0
1343417369	44|OpenStreetView	2020-01-09T11:10:40	taken	105.772142	20.980495		https://kartaview.org/details/3714961/0
1339027569	44|OpenStreetView	2020-01-09T11:14:10	taken	105.773308	20.979621		https://kartaview.org/details/3714961/0
1343395581	44|OpenStreetView	2020-01-09T11:15:13	taken	105.877485	20.969919		https://kartaview.org/details/3727389/0
1343417477	44|OpenStreetView	2020-01-09T11:31:40	taken	105.773757	20.981380		https://kartaview.org/details/3714961/0
1343417285	44|OpenStreetView	2020-01-09T11:40:57	taken	105.774966	20.980146		https://kartaview.org/details/3612117/0
1309490745	44|OpenStreetView	2020-01-09T11:43:07	taken	105.776401	20.981185		https://kartaview.org/details/3612117/0
1339027705	44|OpenStreetView	2020-01-09T11:44:27	taken	105.775144	20.983506		https://kartaview.org/details/3612117/0
1343395665	44|OpenStreetView	2020-01-09T12:03:13	taken	105.869277	20.971391		https://kartaview.org/details/3727409/0
1343395737	44|OpenStreetView	2020-01-09T12:04:53	taken	105.871281	20.972585		https://kartaview.org/details/3727409/0
1551825033	44|OpenStreetView	2020-01-09T12:06:17	taken	105.800678	20.995203		https://kartaview.org/details/5741881/0
1339028573	44|OpenStreetView	2020-01-09T12:19:02	taken	105.808884	21.000486		https://kartaview.org/details/3715013/0
1339028749	44|OpenStreetView	2020-01-09T12:36:41	taken	105.807848	21.005270		https://kartaview.org/details/3715013/0
1339028385	44|OpenStreetView	2020-01-09T14:14:11	taken	105.804760	20.996602		https://kartaview.org/details/3715005/0
1343417657	44|OpenStreetView	2020-01-09T14:17:36	taken	105.849238	20.983547		https://kartaview.org/details/3727597/0
1352805089	44|OpenStreetView	2020-01-09T14:38:20	taken	105.779420	21.003522		https://kartaview.org/details/3757417/0
1343399389	44|OpenStreetView	2020-01-09T14:41:41	taken	105.846743	20.978565		https://kartaview.org/details/3727505/0
1397469725	44|OpenStreetView	2020-01-09T14:57:20	taken	105.780516	21.007286		https://kartaview.org/details/4021609/0
1343419137	44|OpenStreetView	2020-01-09T15:00:59	taken	105.777205	21.004248		https://kartaview.org/details/3715017/0
1343419213	44|OpenStreetView	2020-01-09T15:04:42	taken	105.778381	21.007484		https://kartaview.org/details/3715017/0
1343419161	44|OpenStreetView	2020-01-09T15:10:09	taken	105.778621	21.005140		https://kartaview.org/details/3715017/0
1339027685	44|OpenStreetView	2020-01-09T15:10:11	taken	105.851119	20.982222		https://kartaview.org/details/3714977/0
1619191785	44|OpenStreetView	2020-01-09T15:10:32	taken	105.778845	21.004696		https://kartaview.org/details/6171321/0
1343419225	44|OpenStreetView	2020-01-09T15:17:57	taken	105.777722	21.006894		https://kartaview.org/details/3715017/0
1343419261	44|OpenStreetView	2020-01-09T15:20:37	taken	105.779671	21.008709		https://kartaview.org/details/3715017/0
1339028865	44|OpenStreetView	2020-01-09T15:21:39	taken	105.778541	21.010251		https://kartaview.org/details/3715017/0
1343419317	44|OpenStreetView	2020-01-09T15:22:00	taken	105.777934	21.009837		https://kartaview.org/details/3715017/0
1343419289	44|OpenStreetView	2020-01-09T15:22:12	taken	105.777638	21.009354		https://kartaview.org/details/3715017/0
1550259433	44|OpenStreetView	2020-01-09T15:28:28	taken	105.778638	21.012694		https://kartaview.org/details/5721593/0
1550259449	44|OpenStreetView	2020-01-09T15:29:30	taken	105.779140	21.010869		https://kartaview.org/details/5721609/0
1343419337	44|OpenStreetView	2020-01-09T15:36:51	taken	105.784220	21.010022		https://kartaview.org/details/3620041/0
1339028885	44|OpenStreetView	2020-01-09T15:39:27	taken	105.781916	21.012093		https://kartaview.org/details/3620041/0
1313018693	44|OpenStreetView	2020-01-09T15:44:37	taken	105.778277	21.012543		https://kartaview.org/details/3620041/0
1343390201	44|OpenStreetView	2020-01-09T15:47:53	taken	105.780589	21.015579		https://kartaview.org/details/3620041/0
1343419349	44|OpenStreetView	2020-01-09T15:51:09	taken	105.780498	21.014534		https://kartaview.org/details/3620041/0
1343419553	44|OpenStreetView	2020-01-09T16:08:54	taken	105.778984	21.020916		https://kartaview.org/details/3715021/0
1339028957	44|OpenStreetView	2020-01-09T16:09:40	taken	105.778738	21.019702		https://kartaview.org/details/3715021/0
1343395689	44|OpenStreetView	2020-01-09T16:22:49	taken	105.853588	20.971485		https://kartaview.org/details/3727397/0
1339028933	44|OpenStreetView	2020-01-09T16:24:42	taken	105.778270	21.015989		https://kartaview.org/details/3715021/0
1343419465	44|OpenStreetView	2020-01-09T16:25:12	taken	105.776679	21.014823		https://kartaview.org/details/3715021/0
1343395625	44|OpenStreetView	2020-01-09T16:25:55	taken	105.852041	20.970648		https://kartaview.org/details/3727397/0
1343419509	44|OpenStreetView	2020-01-09T16:32:50	taken	105.778889	21.019263		https://kartaview.org/details/3715021/0
1339026801	44|OpenStreetView	2020-01-10T08:50:30	taken	105.740486	20.954628		https://kartaview.org/details/3714873/0
1387072825	44|OpenStreetView	2020-01-10T08:54:26	taken	105.833778	20.973185		https://kartaview.org/details/3714953/0
1339027493	44|OpenStreetView	2020-01-10T08:55:09	taken	105.832873	20.974216		https://kartaview.org/details/3714953/0
1339026813	44|OpenStreetView	2020-01-10T08:57:35	taken	105.731899	20.955031		https://kartaview.org/details/3714873/0
1814489721	44|OpenStreetView	2020-01-10T08:59:23	taken	105.736902	20.954136		https://kartaview.org/details/7857817/0
1814489753	44|OpenStreetView	2020-01-10T09:01:51	taken	105.737480	20.953345		https://kartaview.org/details/7857849/0
1814489737	44|OpenStreetView	2020-01-10T09:01:59	taken	105.737343	20.953776		https://kartaview.org/details/7857833/0
1814489833	44|OpenStreetView	2020-01-10T09:02:07	taken	105.737103	20.954190		https://kartaview.org/details/7857929/0
1814489785	44|OpenStreetView	2020-01-10T09:02:29	taken	105.736107	20.954676		https://kartaview.org/details/7857881/0
1343395917	44|OpenStreetView	2020-01-10T09:02:31	taken	105.834616	20.975711		https://kartaview.org/details/3727449/0
1339026833	44|OpenStreetView	2020-01-10T09:04:25	taken	105.733273	20.955292		https://kartaview.org/details/3714873/0
1343395141	44|OpenStreetView	2020-01-10T09:05:48	taken	105.733508	20.954552		https://kartaview.org/details/3714861/0
1339030889	44|OpenStreetView	2020-01-10T09:06:06	taken	105.846099	21.044368		https://kartaview.org/details/3715197/0
1339026701	44|OpenStreetView	2020-01-10T09:12:14	taken	105.739648	20.949652		https://kartaview.org/details/3714861/0
1343395041	44|OpenStreetView	2020-01-10T09:25:59	taken	105.743520	20.946262		https://kartaview.org/details/3714861/0
1339026673	44|OpenStreetView	2020-01-10T09:26:29	taken	105.742918	20.946168		https://kartaview.org/details/3714861/0
1339026753	44|OpenStreetView	2020-01-10T09:33:37	taken	105.740543	20.952534		https://kartaview.org/details/3714861/0
1343395813	44|OpenStreetView	2020-01-10T09:55:23	taken	105.824817	20.974016		https://kartaview.org/details/3727429/0
1313014049	44|OpenStreetView	2020-01-10T10:11:08	taken	105.844489	20.967091		https://kartaview.org/details/3619925/0
1339027229	44|OpenStreetView	2020-01-10T11:43:12	taken	105.761852	20.969965		https://kartaview.org/details/3714925/0
1513636761	44|OpenStreetView	2020-01-10T13:31:01	taken	105.743239	20.997956		https://kartaview.org/details/5329993/0
1495656809	44|OpenStreetView	2020-01-10T13:38:17	taken	105.745702	21.001778		https://kartaview.org/details/5231177/0
1343419005	44|OpenStreetView	2020-01-10T13:40:14	taken	105.743126	21.001122		https://kartaview.org/details/3612185/0
1309499397	44|OpenStreetView	2020-01-10T13:47:33	taken	105.868336	21.090668		https://kartaview.org/details/3613137/0
1495656825	44|OpenStreetView	2020-01-10T13:48:28	taken	105.745773	21.001788		https://kartaview.org/details/5231193/0
1343418981	44|OpenStreetView	2020-01-10T13:53:09	taken	105.747238	21.000867		https://kartaview.org/details/3612185/0
1309492213	44|OpenStreetView	2020-01-10T13:53:27	taken	105.747633	21.000459		https://kartaview.org/details/3612185/0
1343427433	44|OpenStreetView	2020-01-10T13:54:17	taken	105.871303	21.095430		https://kartaview.org/details/3728129/0
1551948329	44|OpenStreetView	2020-01-10T13:57:32	taken	105.746870	21.004377		https://kartaview.org/details/5744137/0
1343427441	44|OpenStreetView	2020-01-10T13:57:38	taken	105.870176	21.095758		https://kartaview.org/details/3728133/0
1343427481	44|OpenStreetView	2020-01-10T13:59:26	taken	105.869716	21.095879		https://kartaview.org/details/3728133/0
1634334313	44|OpenStreetView	2020-01-10T14:04:21	taken	105.745884	21.005838		https://kartaview.org/details/6240761/0
1499434009	44|OpenStreetView	2020-01-10T14:12:47	taken	105.749489	20.998696		https://kartaview.org/details/5250345/0
1343427513	44|OpenStreetView	2020-01-10T14:13:18	taken	105.864979	21.102244		https://kartaview.org/details/3728141/0
1339028437	44|OpenStreetView	2020-01-10T14:17:21	taken	105.750275	20.997383		https://kartaview.org/details/3612165/0
1309491685	44|OpenStreetView	2020-01-10T14:23:57	taken	105.756157	20.993341		https://kartaview.org/details/3612165/0
1339028269	44|OpenStreetView	2020-01-10T14:32:00	taken	105.757973	20.994687		https://kartaview.org/details/3612165/0
1343418245	44|OpenStreetView	2020-01-10T14:59:16	taken	105.774370	20.991482		https://kartaview.org/details/3727657/0
1343418325	44|OpenStreetView	2020-01-10T15:00:05	taken	105.772689	20.992256		https://kartaview.org/details/3727657/0
1343418385	44|OpenStreetView	2020-01-10T15:00:52	taken	105.770815	20.993038		https://kartaview.org/details/3727657/0
1343418181	44|OpenStreetView	2020-01-10T15:03:00	taken	105.773564	20.990917		https://kartaview.org/details/3727657/0
1343418081	44|OpenStreetView	2020-01-10T15:04:06	taken	105.775486	20.989903		https://kartaview.org/details/3727657/0
1343418681	44|OpenStreetView	2020-01-10T15:12:21	taken	105.764197	20.997055		https://kartaview.org/details/3727657/0
1343418665	44|OpenStreetView	2020-01-10T15:13:43	taken	105.767352	20.996529		https://kartaview.org/details/3727657/0
1996417881	44|OpenStreetView	2020-01-10T15:50:40	taken	105.865366	21.108301		https://kartaview.org/details/9097065/0
1996418121	44|OpenStreetView	2020-01-10T15:55:48	taken	105.864438	21.110170		https://kartaview.org/details/9097305/0
1996418169	44|OpenStreetView	2020-01-10T15:56:00	taken	105.864171	21.110313		https://kartaview.org/details/9097353/0
1309492905	44|OpenStreetView	2020-01-10T16:16:19	taken	105.811260	21.016121		https://kartaview.org/details/3612289/0
1309492901	44|OpenStreetView	2020-01-10T16:16:56	taken	105.812482	21.015548		https://kartaview.org/details/3612289/0
1635771721	44|OpenStreetView	2020-01-10T16:19:20	taken	105.812753	21.016229		https://kartaview.org/details/6252601/0
1551824969	44|OpenStreetView	2020-01-10T16:28:01	taken	105.765838	21.034643		https://kartaview.org/details/5741817/0
1779217049	44|OpenStreetView	2020-01-10T16:49:43	taken	105.812393	21.015020		https://kartaview.org/details/7623177/0
1343392341	44|OpenStreetView	2020-01-10T16:51:47	taken	105.848464	21.107219		https://kartaview.org/details/3726809/0
1343427653	44|OpenStreetView	2020-01-11T08:39:09	taken	105.844191	21.110387		https://kartaview.org/details/3726817/0
1343427621	44|OpenStreetView	2020-01-11T08:39:51	taken	105.845281	21.108974		https://kartaview.org/details/3726817/0
1516899545	44|OpenStreetView	2020-01-11T08:40:41	taken	105.846244	21.106780		https://kartaview.org/details/5359433/0
1343392369	44|OpenStreetView	2020-01-11T08:41:19	taken	105.846409	21.107586		https://kartaview.org/details/3726817/0
1343427561	44|OpenStreetView	2020-01-11T08:46:20	taken	105.845966	21.107457		https://kartaview.org/details/3726817/0
1343427613	44|OpenStreetView	2020-01-11T08:48:02	taken	105.843816	21.108756		https://kartaview.org/details/3726817/0
1339026521	44|OpenStreetView	2020-01-11T08:56:02	taken	105.807793	20.941675		https://kartaview.org/details/3714849/0
1343427629	44|OpenStreetView	2020-01-11T08:56:34	taken	105.845688	21.109143		https://kartaview.org/details/3726817/0
1343392417	44|OpenStreetView	2020-01-11T09:00:18	taken	105.844797	21.108720		https://kartaview.org/details/3726829/0
1313017513	44|OpenStreetView	2020-01-11T09:43:03	taken	105.799922	21.007078		https://kartaview.org/details/3620025/0
1339026249	44|OpenStreetView	2020-01-11T09:53:19	taken	105.792504	20.927602		https://kartaview.org/details/3714813/0
1996419161	44|OpenStreetView	2020-01-11T09:59:13	taken	105.792083	20.926671		https://kartaview.org/details/9098345/0
1309492753	44|OpenStreetView	2020-01-11T10:07:34	taken	105.804892	21.010181		https://kartaview.org/details/3612237/0
1779255929	44|OpenStreetView	2020-01-11T10:12:37	taken	105.804274	21.014038		https://kartaview.org/details/7623353/0
1309492873	44|OpenStreetView	2020-01-11T10:13:11	taken	105.804126	21.014367		https://kartaview.org/details/3612237/0
1339026285	44|OpenStreetView	2020-01-11T10:20:05	taken	105.798387	20.931379		https://kartaview.org/details/3714817/0
1343394801	44|OpenStreetView	2020-01-11T10:22:31	taken	105.798810	20.932506		https://kartaview.org/details/3714817/0
1339026301	44|OpenStreetView	2020-01-11T10:23:53	taken	105.799054	20.933107		https://kartaview.org/details/3714821/0
1313017901	44|OpenStreetView	2020-01-11T10:25:33	taken	105.803766	21.010769		https://kartaview.org/details/3612237/0
1339026357	44|OpenStreetView	2020-01-11T10:26:38	taken	105.799724	20.933886		https://kartaview.org/details/3714829/0
1339026353	44|OpenStreetView	2020-01-11T10:26:48	taken	105.799946	20.933579		https://kartaview.org/details/3714829/0
1352802781	44|OpenStreetView	2020-01-11T10:31:09	taken	105.802994	21.010250		https://kartaview.org/details/3612237/0
1309492765	44|OpenStreetView	2020-01-11T10:31:48	taken	105.802933	21.010273		https://kartaview.org/details/3612237/0
1313017997	44|OpenStreetView	2020-01-11T10:32:26	taken	105.801885	21.011311		https://kartaview.org/details/3612237/0
1339028805	44|OpenStreetView	2020-01-11T10:40:41	taken	105.801657	21.009063		https://kartaview.org/details/3612253/0
1309492793	44|OpenStreetView	2020-01-11T10:42:11	taken	105.802480	21.010615		https://kartaview.org/details/3612253/0
1352805125	44|OpenStreetView	2020-01-11T10:56:42	taken	105.808327	21.008240		https://kartaview.org/details/3612253/0
1339031397	44|OpenStreetView	2020-01-11T13:16:22	taken	105.811334	21.051848		https://kartaview.org/details/3715237/0
1343423529	44|OpenStreetView	2020-01-11T13:17:54	taken	105.809817	21.051937		https://kartaview.org/details/3715237/0
1339031697	44|OpenStreetView	2020-01-11T13:19:17	taken	105.809984	21.053806		https://kartaview.org/details/3715237/0
1343423157	44|OpenStreetView	2020-01-11T13:25:35	taken	105.815264	21.045585		https://kartaview.org/details/3715237/0
1339031373	44|OpenStreetView	2020-01-11T13:48:47	taken	105.809974	21.051708		https://kartaview.org/details/3715233/0
1339026741	44|OpenStreetView	2020-01-11T13:49:10	taken	105.805670	20.951131		https://kartaview.org/details/3714865/0
1343427353	44|OpenStreetView	2020-01-11T13:53:00	taken	105.959500	21.093224		https://kartaview.org/details/3728121/0
1343392321	44|OpenStreetView	2020-01-11T14:07:26	taken	105.948171	21.106811		https://kartaview.org/details/3726801/0
1343426593	44|OpenStreetView	2020-01-11T14:13:03	taken	105.818788	21.078917		https://kartaview.org/details/3726733/0
1343391789	44|OpenStreetView	2020-01-11T14:24:22	taken	105.819955	21.077020		https://kartaview.org/details/3726733/0
1996450489	44|OpenStreetView	2020-01-11T14:26:54	taken	105.803179	20.951752		https://kartaview.org/details/9099993/0
1343395085	44|OpenStreetView	2020-01-11T14:38:48	taken	105.808164	20.951491		https://kartaview.org/details/3727325/0
1343395053	44|OpenStreetView	2020-01-11T14:43:17	taken	105.807767	20.950519		https://kartaview.org/details/3727325/0
1343392537	44|OpenStreetView	2020-01-11T14:51:57	taken	105.778812	21.130931		https://kartaview.org/details/3726857/0
1343427237	44|OpenStreetView	2020-01-11T15:03:32	taken	105.941439	21.091446		https://kartaview.org/details/3728113/0
1343427881	44|OpenStreetView	2020-01-11T15:58:22	taken	105.780297	21.136980		https://kartaview.org/details/3726877/0
1343392601	44|OpenStreetView	2020-01-11T16:06:41	taken	105.780002	21.137634		https://kartaview.org/details/3726877/0
1343392473	44|OpenStreetView	2020-01-11T16:35:05	taken	105.931460	21.112237		https://kartaview.org/details/3726837/0
1513299673	44|OpenStreetView	2020-01-12T02:42:34	taken	105.947608	21.016424		https://kartaview.org/details/5325097/0
1513299721	44|OpenStreetView	2020-01-12T02:42:36	taken	105.947675	21.016447		https://kartaview.org/details/5325145/0
1343427841	44|OpenStreetView	2020-01-14T10:14:32	taken	105.798049	21.131774		https://kartaview.org/details/3728201/0
1401795673	44|OpenStreetView	2020-01-14T10:30:47	taken	105.822960	20.969591		https://kartaview.org/details/4061705/0
1632676169	44|OpenStreetView	2020-01-14T11:24:07	taken	105.822059	20.967315		https://kartaview.org/details/6224073/0
1576255369	44|OpenStreetView	2020-01-14T11:24:36	taken	105.821340	20.967696		https://kartaview.org/details/5925913/0
1497929929	44|OpenStreetView	2020-01-14T11:48:31	taken	105.807739	20.962288		https://kartaview.org/details/5236809/0
1343419937	44|OpenStreetView	2020-01-14T11:58:40	taken	105.794615	21.031704		https://kartaview.org/details/3727821/0
1343419933	44|OpenStreetView	2020-01-14T11:59:00	taken	105.794938	21.031613		https://kartaview.org/details/3727821/0
1339026921	44|OpenStreetView	2020-01-14T12:02:33	taken	105.806443	20.957830		https://kartaview.org/details/3714889/0
1343419817	44|OpenStreetView	2020-01-14T12:17:47	taken	105.795886	21.028036		https://kartaview.org/details/3727821/0
1343419801	44|OpenStreetView	2020-01-14T12:18:25	taken	105.797111	21.027376		https://kartaview.org/details/3727821/0
1339029689	44|OpenStreetView	2020-01-14T12:53:05	taken	105.794773	21.033085		https://kartaview.org/details/3612377/0
1339029713	44|OpenStreetView	2020-01-14T12:53:47	taken	105.793787	21.033156		https://kartaview.org/details/3612377/0
1309494605	44|OpenStreetView	2020-01-14T12:58:08	taken	105.788742	21.033505		https://kartaview.org/details/3612377/0
1309493085	44|OpenStreetView	2020-01-14T13:17:03	taken	105.786020	21.029550		https://kartaview.org/details/3612373/0
1309493101	44|OpenStreetView	2020-01-14T13:17:36	taken	105.787648	21.029084		https://kartaview.org/details/3612377/0
1622157753	44|OpenStreetView	2020-01-14T14:12:15	taken	105.789340	21.051569		https://kartaview.org/details/6181577/0
1343417301	44|OpenStreetView	2020-01-14T14:29:09	taken	105.799974	20.980217		https://kartaview.org/details/3727541/0
1343086941	44|OpenStreetView	2020-01-14T14:31:58	taken	105.781057	21.049316		https://kartaview.org/details/3620297/0
1343417377	44|OpenStreetView	2020-01-14T14:43:03	taken	105.801902	20.980501		https://kartaview.org/details/3727553/0
1313031633	44|OpenStreetView	2020-01-14T14:45:16	taken	105.795640	21.049493		https://kartaview.org/details/3620297/0
1343423361	44|OpenStreetView	2020-01-14T14:47:10	taken	105.795310	21.048422		https://kartaview.org/details/3620297/0
1343401773	44|OpenStreetView	2020-01-14T14:55:44	taken	105.797547	20.978714		https://kartaview.org/details/3727509/0
1343427909	44|OpenStreetView	2020-01-15T08:53:26	taken	105.822747	21.141568		https://kartaview.org/details/3728213/0
1339026469	44|OpenStreetView	2020-01-15T09:52:38	taken	105.844313	20.939956		https://kartaview.org/details/3714841/0
1343392485	44|OpenStreetView	2020-01-15T11:40:44	taken	105.960468	21.114210		https://kartaview.org/details/3726845/0
1309499769	44|OpenStreetView	2020-01-15T11:52:48	taken	105.957962	21.115140		https://kartaview.org/details/3613225/0
1309499801	44|OpenStreetView	2020-01-15T11:52:50	taken	105.957908	21.115046		https://kartaview.org/details/3613229/0
1343427945	44|OpenStreetView	2020-01-15T11:55:31	taken	105.825860	21.142516		https://kartaview.org/details/3728221/0
1343427933	44|OpenStreetView	2020-01-15T11:56:03	taken	105.827758	21.142495		https://kartaview.org/details/3728221/0
1343392617	44|OpenStreetView	2020-01-15T11:59:13	taken	105.828425	21.143534		https://kartaview.org/details/3726881/0
1309499721	44|OpenStreetView	2020-01-15T12:03:25	taken	105.955969	21.111789		https://kartaview.org/details/3613209/0
1343392397	44|OpenStreetView	2020-01-15T12:06:06	taken	105.951745	21.108565		https://kartaview.org/details/3613213/0
1343427589	44|OpenStreetView	2020-01-15T12:07:54	taken	105.952465	21.108577		https://kartaview.org/details/3613213/0
1343392449	44|OpenStreetView	2020-01-15T12:15:46	taken	105.954953	21.109815		https://kartaview.org/details/3726813/0
1343392453	44|OpenStreetView	2020-01-15T12:16:02	taken	105.955109	21.110417		https://kartaview.org/details/3726813/0
1343427645	44|OpenStreetView	2020-01-15T12:16:50	taken	105.955002	21.109148		https://kartaview.org/details/3726813/0
1387072817	44|OpenStreetView	2020-01-15T12:18:56	taken	105.955660	21.108883		https://kartaview.org/details/3726813/0
1343392353	44|OpenStreetView	2020-01-15T12:19:24	taken	105.955811	21.107287		https://kartaview.org/details/3726813/0
1343392393	44|OpenStreetView	2020-01-15T12:27:34	taken	105.958001	21.108450		https://kartaview.org/details/3726825/0
1343427597	44|OpenStreetView	2020-01-15T12:31:00	taken	105.957073	21.108717		https://kartaview.org/details/3728153/0
1343392425	44|OpenStreetView	2020-01-15T12:33:37	taken	105.956589	21.108804		https://kartaview.org/details/3726833/0
1343427569	44|OpenStreetView	2020-01-15T12:39:35	taken	105.950588	21.108250		https://kartaview.org/details/3728149/0
1343392377	44|OpenStreetView	2020-01-15T12:40:58	taken	105.950163	21.108101		https://kartaview.org/details/3726821/0
1343392337	44|OpenStreetView	2020-01-15T12:42:31	taken	105.949134	21.107050		https://kartaview.org/details/3726805/0
1352799425	44|OpenStreetView	2020-01-15T12:49:31	taken	105.947928	21.106828		https://kartaview.org/details/3757285/0
1343392477	44|OpenStreetView	2020-01-15T13:10:24	taken	105.950934	21.112652		https://kartaview.org/details/3726841/0
1343392577	44|OpenStreetView	2020-01-15T14:11:54	taken	105.871040	21.135574		https://kartaview.org/details/3726869/0
1345360333	44|OpenStreetView	2020-01-15T14:15:16	taken	105.882080	21.125923		https://kartaview.org/details/3726869/0
1343427685	44|OpenStreetView	2020-01-15T14:34:03	taken	105.894054	21.113128		https://kartaview.org/details/3728161/0
1343427833	44|OpenStreetView	2020-01-15T15:02:15	taken	105.910014	21.129540		https://kartaview.org/details/3728197/0
1309499809	44|OpenStreetView	2020-01-16T07:48:03	taken	105.954614	21.115406		https://kartaview.org/details/3613233/0
1343427689	44|OpenStreetView	2020-01-16T07:49:03	taken	105.952685	21.117039		https://kartaview.org/details/3613233/0
1343427701	44|OpenStreetView	2020-01-16T07:55:39	taken	105.952686	21.118995		https://kartaview.org/details/3728165/0
1343427765	44|OpenStreetView	2020-01-16T08:13:27	taken	105.948573	21.123166		https://kartaview.org/details/3728181/0
1343427769	44|OpenStreetView	2020-01-16T11:25:42	taken	105.937375	21.123451		https://kartaview.org/details/3728185/0
1352803397	44|OpenStreetView	2020-01-16T11:42:35	taken	105.945259	21.134244		https://kartaview.org/details/3728209/0
1551659657	44|OpenStreetView	2020-01-16T11:44:16	taken	105.946604	21.134895		https://kartaview.org/details/5725081/0
1996417721	44|OpenStreetView	2020-01-16T12:57:19	taken	105.921081	21.124956		https://kartaview.org/details/9096905/0
1996417673	44|OpenStreetView	2020-01-16T12:57:56	taken	105.920970	21.124429		https://kartaview.org/details/9096857/0
1343392593	44|OpenStreetView	2020-01-16T16:31:54	taken	105.949128	21.137345		https://kartaview.org/details/3726873/0
1343427893	44|OpenStreetView	2020-01-16T16:33:35	taken	105.948585	21.138030		https://kartaview.org/details/3726873/0
1551825593	44|OpenStreetView	2020-01-17T10:55:36	taken	105.851719	21.008865		https://kartaview.org/details/5741977/0
1343419381	44|OpenStreetView	2020-01-17T11:12:40	taken	105.847916	21.011312		https://kartaview.org/details/3727773/0
1343419193	44|OpenStreetView	2020-01-17T11:21:35	taken	105.847900	21.006140		https://kartaview.org/details/3727765/0
1343419041	44|OpenStreetView	2020-01-17T12:25:59	taken	105.841748	21.001923		https://kartaview.org/details/3727745/0
1343418797	44|OpenStreetView	2020-01-17T12:40:25	taken	105.859741	20.998288		https://kartaview.org/details/3727745/0
1343418865	44|OpenStreetView	2020-01-17T12:41:47	taken	105.859807	20.998830		https://kartaview.org/details/3727745/0
1343418937	44|OpenStreetView	2020-01-17T12:46:12	taken	105.859355	21.000065		https://kartaview.org/details/3727745/0
1343418917	44|OpenStreetView	2020-01-17T12:47:36	taken	105.858400	20.999639		https://kartaview.org/details/3727745/0
1343418909	44|OpenStreetView	2020-01-17T12:48:22	taken	105.859288	20.999594		https://kartaview.org/details/3727745/0
1343419077	44|OpenStreetView	2020-01-17T13:01:21	taken	105.856780	21.002713		https://kartaview.org/details/3727757/0
1343418837	44|OpenStreetView	2020-01-17T13:22:30	taken	105.851122	20.998678		https://kartaview.org/details/3727749/0
1343418977	44|OpenStreetView	2020-01-17T13:32:03	taken	105.855081	21.000203		https://kartaview.org/details/3620005/0
1343418873	44|OpenStreetView	2020-01-17T13:35:22	taken	105.854763	20.999001		https://kartaview.org/details/3620005/0
1343418849	44|OpenStreetView	2020-01-17T13:37:22	taken	105.855561	20.998785		https://kartaview.org/details/3620005/0
1551819401	44|OpenStreetView	2020-01-17T13:39:34	taken	105.856073	20.998826		https://kartaview.org/details/5740521/0
1313021569	44|OpenStreetView	2020-01-17T13:55:24	taken	105.863462	21.019504		https://kartaview.org/details/3620117/0
1339029913	44|OpenStreetView	2020-01-17T14:11:50	taken	105.855177	21.034926		https://kartaview.org/details/3715113/0
1309493445	44|OpenStreetView	2020-01-17T14:26:52	taken	105.857336	21.031599		https://kartaview.org/details/3612385/0
1309493169	44|OpenStreetView	2020-01-17T14:27:14	taken	105.857686	21.030613		https://kartaview.org/details/3612385/0
1309493117	44|OpenStreetView	2020-01-17T14:27:34	taken	105.857978	21.029928		https://kartaview.org/details/3612381/0
1343419485	44|OpenStreetView	2020-01-17T15:02:45	taken	105.856456	21.019052		https://kartaview.org/details/3727785/0
1343419141	44|OpenStreetView	2020-01-19T12:39:04	taken	105.826003	21.004577		https://kartaview.org/details/3727761/0
1343419253	44|OpenStreetView	2020-01-19T12:49:04	taken	105.827059	21.007876		https://kartaview.org/details/3727769/0
1343419565	44|OpenStreetView	2020-01-19T13:54:12	taken	105.805956	21.021312		https://kartaview.org/details/3727797/0
2027758185	44|OpenStreetView	2022-05-25T01:39:59	taken	105.823292	21.025096		https://kartaview.org/details/9225113/0
1622087993	44|OpenStreetView	2022-05-25T03:04:25	taken	105.756739	21.038165		https://kartaview.org/details/6180153/0
1778438825	44|OpenStreetView	2022-05-25T05:11:50	taken	105.848333	20.981200		https://kartaview.org/details/7612633/0
1622191689	44|OpenStreetView	2022-05-25T05:27:49	taken	105.751839	21.046613		https://kartaview.org/details/6182921/0
1622191673	44|OpenStreetView	2022-05-25T05:28:45	taken	105.752012	21.046998		https://kartaview.org/details/6182905/0
1622191705	44|OpenStreetView	2022-05-25T05:28:58	taken	105.752295	21.046929		https://kartaview.org/details/6182937/0
1777038745	44|OpenStreetView	2022-05-25T06:02:10	taken	105.848951	20.979489		https://kartaview.org/details/7607497/0
1777038793	44|OpenStreetView	2022-05-25T06:02:57	taken	105.848448	20.979349		https://kartaview.org/details/7607545/0
1779151225	44|OpenStreetView	2022-05-25T06:18:08	taken	105.846676	20.980358		https://kartaview.org/details/7623001/0
1777039033	44|OpenStreetView	2022-05-25T07:10:49	taken	105.851520	20.982742		https://kartaview.org/details/7607785/0
1778779433	44|OpenStreetView	2022-05-25T07:34:30	taken	105.849402	20.982971		https://kartaview.org/details/7616377/0
1626928537	44|OpenStreetView	2022-05-25T07:40:06	taken	105.776239	21.033876		https://kartaview.org/details/6195577/0
1621452009	44|OpenStreetView	2022-05-25T08:06:55	taken	105.779655	21.032531		https://kartaview.org/details/6177385/0
1779106057	44|OpenStreetView	2022-05-26T01:54:59	taken	105.828372	21.024015		https://kartaview.org/details/7621705/0
1779329321	44|OpenStreetView	2022-05-27T03:53:19	taken	105.803082	21.049750		https://kartaview.org/details/7624185/0
1777038761	44|OpenStreetView	2022-05-27T04:41:33	taken	105.798952	21.046663		https://kartaview.org/details/7607513/0
1622018217	44|OpenStreetView	2022-05-27T05:52:46	taken	105.839608	21.028995		https://kartaview.org/details/6179593/0
1778516201	44|OpenStreetView	2022-05-28T02:49:51	taken	105.857499	20.989898		https://kartaview.org/details/7613161/0
1778791209	44|OpenStreetView	2022-05-28T07:00:43	taken	105.807897	21.047855		https://kartaview.org/details/7618937/0
1779151209	44|OpenStreetView	2022-05-28T07:02:54	taken	105.808306	21.047994		https://kartaview.org/details/7622985/0
1621452601	44|OpenStreetView	2022-05-28T07:21:49	taken	105.862136	21.018474		https://kartaview.org/details/6177977/0
1621452617	44|OpenStreetView	2022-05-28T07:31:47	taken	105.863147	21.018781		https://kartaview.org/details/6177993/0
1621452649	44|OpenStreetView	2022-05-28T07:32:20	taken	105.863354	21.018395		https://kartaview.org/details/6178025/0
1619095065	44|OpenStreetView	2022-05-31T03:55:06	taken	105.778845	20.971905		https://kartaview.org/details/6169801/0
1619095081	44|OpenStreetView	2022-06-01T08:00:07	taken	105.899519	21.044697		https://kartaview.org/details/6169817/0
1621429561	44|OpenStreetView	2022-06-01T08:50:05	taken	105.899889	21.043092		https://kartaview.org/details/6177065/0
1632778889	44|OpenStreetView	2022-06-02T03:27:53	taken	105.846324	21.035643		https://kartaview.org/details/6227257/0
2623612062	44|OpenStreetView	2022-06-02T05:11:30	taken	105.845498	20.994178		https://kartaview.org/details/11585624/0
2623612065	44|OpenStreetView	2022-06-02T05:12:57	taken	105.845737	20.993964		https://kartaview.org/details/11585627/0
2623613266	44|OpenStreetView	2022-06-02T05:16:40	taken	105.846192	20.993567		https://kartaview.org/details/11585644/0
2623613267	44|OpenStreetView	2022-06-02T05:17:29	taken	105.846556	20.993723		https://kartaview.org/details/11585645/0
1594207593	44|OpenStreetView	2022-06-04T02:55:31	taken	105.852419	20.953780		https://kartaview.org/details/6004649/0
1637941369	44|OpenStreetView	2022-06-04T08:09:42	taken	105.902473	21.038459		https://kartaview.org/details/6269945/0
1634021369	44|OpenStreetView	2022-06-05T06:54:06	taken	105.892100	21.025488		https://kartaview.org/details/6230857/0
1622190201	44|OpenStreetView	2022-06-08T02:20:27	taken	105.784902	21.041740		https://kartaview.org/details/6182617/0
2500318153	44|OpenStreetView	2022-06-08T03:02:42	taken	105.790802	20.979407		https://kartaview.org/details/10185113/0
1634052361	44|OpenStreetView	2022-06-09T04:23:04	taken	105.791188	21.046694		https://kartaview.org/details/6232377/0
1622157897	44|OpenStreetView	2022-06-11T08:34:42	taken	105.857232	21.013289		https://kartaview.org/details/6181721/0
1778759737	44|OpenStreetView	2022-06-11T09:23:16	taken	105.858344	21.011286		https://kartaview.org/details/7615817/0
1634021865	44|OpenStreetView	2022-06-14T05:00:00	taken	105.908420	21.024402		https://kartaview.org/details/6230953/0
1773974489	44|OpenStreetView	2022-06-15T03:13:42	taken	105.834141	21.053484		https://kartaview.org/details/7591369/0
1593870793	44|OpenStreetView	2022-06-15T03:51:24	taken	105.790945	20.959175		https://kartaview.org/details/6003705/0
1622158009	44|OpenStreetView	2022-06-15T04:50:33	taken	105.786392	21.054473		https://kartaview.org/details/6181833/0
1622157849	44|OpenStreetView	2022-06-15T05:43:44	taken	105.785635	21.053746		https://kartaview.org/details/6181673/0
1622157977	44|OpenStreetView	2022-06-15T05:43:54	taken	105.785705	21.053997		https://kartaview.org/details/6181801/0
1779129321	44|OpenStreetView	2022-06-15T06:57:26	taken	105.848313	21.046980		https://kartaview.org/details/7622393/0
1779122361	44|OpenStreetView	2022-06-15T07:06:07	taken	105.838901	20.980960		https://kartaview.org/details/7622329/0
1779151273	44|OpenStreetView	2022-06-16T02:54:48	taken	105.836474	20.986257		https://kartaview.org/details/7623049/0
1632687497	44|OpenStreetView	2022-06-16T02:57:24	taken	105.836146	20.986604		https://kartaview.org/details/6224761/0
1596330441	44|OpenStreetView	2022-06-16T04:16:33	taken	105.835126	21.058410		https://kartaview.org/details/6018617/0
1634022297	44|OpenStreetView	2022-06-16T04:17:14	taken	105.778718	21.044720		https://kartaview.org/details/6231385/0
1778791337	44|OpenStreetView	2022-06-16T07:30:37	taken	105.837366	21.057998		https://kartaview.org/details/7619065/0
1622176105	44|OpenStreetView	2022-06-16T09:27:08	taken	105.775070	21.030733		https://kartaview.org/details/6182393/0
1621452473	44|OpenStreetView	2022-06-16T09:41:35	taken	105.775294	21.032272		https://kartaview.org/details/6177849/0
1576276137	44|OpenStreetView	2022-06-16T09:43:17	taken	105.774921	21.032677		https://kartaview.org/details/5927017/0
1626928505	44|OpenStreetView	2022-06-16T09:47:54	taken	105.775692	21.033493		https://kartaview.org/details/6195545/0
1626928521	44|OpenStreetView	2022-06-16T09:48:10	taken	105.776037	21.033906		https://kartaview.org/details/6195561/0
1774822377	44|OpenStreetView	2022-06-17T02:00:31	taken	105.839108	20.996549		https://kartaview.org/details/7597865/0
1622088121	44|OpenStreetView	2022-06-17T02:21:45	taken	105.836422	20.998151		https://kartaview.org/details/6180265/0
1622097561	44|OpenStreetView	2022-06-17T02:22:38	taken	105.836542	20.997863		https://kartaview.org/details/6180345/0
1775012313	44|OpenStreetView	2022-06-17T03:23:17	taken	105.840260	20.992438		https://kartaview.org/details/7598441/0
1774029913	44|OpenStreetView	2022-06-17T03:58:51	taken	105.839208	20.989925		https://kartaview.org/details/7594553/0
1634052409	44|OpenStreetView	2022-06-17T04:50:36	taken	105.836002	20.989550		https://kartaview.org/details/6232393/0
1624267065	44|OpenStreetView	2022-06-17T08:39:10	taken	105.782801	21.059331		https://kartaview.org/details/6188137/0
1624267081	44|OpenStreetView	2022-06-17T08:39:12	taken	105.782756	21.059378		https://kartaview.org/details/6188153/0
1774982953	44|OpenStreetView	2022-06-18T01:40:33	taken	105.827837	21.063488		https://kartaview.org/details/7598313/0
1778785081	44|OpenStreetView	2022-06-18T08:42:47	taken	105.819398	20.980748		https://kartaview.org/details/7616665/0
1632687593	44|OpenStreetView	2022-06-19T10:51:26	taken	105.860093	21.010561		https://kartaview.org/details/6224857/0
1622157561	44|OpenStreetView	2022-06-20T03:42:18	taken	105.822140	20.995812		https://kartaview.org/details/6181385/0
1778677289	44|OpenStreetView	2022-06-21T00:27:14	taken	105.856922	21.010284		https://kartaview.org/details/7614473/0
1778784937	44|OpenStreetView	2022-06-22T01:04:53	taken	105.815793	21.038268		https://kartaview.org/details/7616521/0
1777070281	44|OpenStreetView	2022-06-22T01:46:38	taken	105.818153	21.040432		https://kartaview.org/details/7608729/0
1779129401	44|OpenStreetView	2022-06-22T01:47:46	taken	105.818134	21.040850		https://kartaview.org/details/7622473/0
1779057945	44|OpenStreetView	2022-06-22T02:08:22	taken	105.820557	21.041007		https://kartaview.org/details/7620809/0
1622157673	44|OpenStreetView	2022-06-23T06:34:06	taken	105.850570	21.006598		https://kartaview.org/details/6181497/0
1622157641	44|OpenStreetView	2022-06-23T06:52:19	taken	105.850765	21.007933		https://kartaview.org/details/6181465/0
1779106313	44|OpenStreetView	2022-06-23T07:06:26	taken	105.850295	21.007113		https://kartaview.org/details/7621961/0
1778785113	44|OpenStreetView	2022-06-24T04:03:26	taken	105.839771	21.006191		https://kartaview.org/details/7616697/0
1773821241	44|OpenStreetView	2022-06-25T00:51:17	taken	105.817430	21.037743		https://kartaview.org/details/7590681/0
1779129305	44|OpenStreetView	2022-06-25T01:06:01	taken	105.820016	21.036646		https://kartaview.org/details/7622377/0
1778790185	44|OpenStreetView	2022-06-25T02:15:26	taken	105.814890	20.981736		https://kartaview.org/details/7617913/0
1778790201	44|OpenStreetView	2022-06-25T02:16:48	taken	105.815769	20.981183		https://kartaview.org/details/7617929/0
1778790169	44|OpenStreetView	2022-06-25T02:19:30	taken	105.815362	20.981441		https://kartaview.org/details/7617897/0
1778791241	44|OpenStreetView	2022-06-25T05:22:18	taken	105.822082	21.035846		https://kartaview.org/details/7618969/0
1779329257	44|OpenStreetView	2022-06-25T05:41:18	taken	105.824665	21.038802		https://kartaview.org/details/7624121/0
2534158761	44|OpenStreetView	2022-06-25T06:36:39	taken	105.825417	21.037794		https://kartaview.org/details/10440089/0
1779151161	44|OpenStreetView	2022-06-25T06:48:33	taken	105.823512	21.038320		https://kartaview.org/details/7622937/0
2027755513	44|OpenStreetView	2022-06-25T08:31:50	taken	105.816738	20.980265		https://kartaview.org/details/9225097/0
1778754793	44|OpenStreetView	2022-06-25T08:39:56	taken	105.817413	20.980112		https://kartaview.org/details/7614873/0
1536425673	44|OpenStreetView	2022-06-25T08:50:50	taken	105.816545	20.978391		https://kartaview.org/details/5578905/0
1536425881	44|OpenStreetView	2022-06-25T09:13:08	taken	105.817123	20.978886		https://kartaview.org/details/5579113/0
1779057993	44|OpenStreetView	2022-06-26T01:55:57	taken	105.830403	21.037393		https://kartaview.org/details/7620857/0
1779058009	44|OpenStreetView	2022-06-26T01:56:02	taken	105.830372	21.037384		https://kartaview.org/details/7620873/0
1778790105	44|OpenStreetView	2022-06-26T03:34:54	taken	105.852708	20.997472		https://kartaview.org/details/7617833/0
1775030937	44|OpenStreetView	2022-06-26T07:26:51	taken	105.853989	20.997387		https://kartaview.org/details/7598521/0
1774029897	44|OpenStreetView	2022-06-26T08:27:32	taken	105.853497	20.996784		https://kartaview.org/details/7594537/0
1621452409	44|OpenStreetView	2022-06-27T03:44:31	taken	105.803746	21.011347		https://kartaview.org/details/6177785/0
1621452425	44|OpenStreetView	2022-06-27T03:52:51	taken	105.803376	21.011826		https://kartaview.org/details/6177801/0
1622157689	44|OpenStreetView	2022-06-27T04:16:17	taken	105.801325	21.009525		https://kartaview.org/details/6181513/0
1622157817	44|OpenStreetView	2022-06-27T04:16:48	taken	105.801700	21.009936		https://kartaview.org/details/6181641/0
1622158057	44|OpenStreetView	2022-06-27T04:48:39	taken	105.803044	21.007187		https://kartaview.org/details/6181881/0
1621452393	44|OpenStreetView	2022-06-27T04:53:49	taken	105.804551	21.011168		https://kartaview.org/details/6177769/0
1779747817	44|OpenStreetView	2022-06-27T05:34:10	taken	105.808102	21.008602		https://kartaview.org/details/7626873/0
1621452441	44|OpenStreetView	2022-06-27T06:29:31	taken	105.803243	21.012902		https://kartaview.org/details/6177817/0
1778438473	44|OpenStreetView	2022-06-27T06:33:23	taken	105.784670	21.080273		https://kartaview.org/details/7612281/0
1617722873	44|OpenStreetView	2022-06-27T07:58:28	taken	105.780833	21.061872		https://kartaview.org/details/6156681/0
1634302841	44|OpenStreetView	2022-06-27T08:18:06	taken	105.862392	20.997027		https://kartaview.org/details/6237961/0
1634302857	44|OpenStreetView	2022-06-27T08:18:12	taken	105.862374	20.997152		https://kartaview.org/details/6237977/0
1618946313	44|OpenStreetView	2022-06-27T09:10:46	taken	105.776733	21.073329		https://kartaview.org/details/6164073/0
1778761065	44|OpenStreetView	2022-06-28T01:08:33	taken	105.823701	21.040756		https://kartaview.org/details/7616153/0
1779329209	44|OpenStreetView	2022-06-28T01:10:12	taken	105.825155	21.040131		https://kartaview.org/details/7624073/0
1815792185	44|OpenStreetView	2022-06-28T01:19:59	taken	105.827643	21.039502		https://kartaview.org/details/7877561/0
1778789161	44|OpenStreetView	2022-06-28T01:21:36	taken	105.827279	21.038932		https://kartaview.org/details/7616889/0
1779129353	44|OpenStreetView	2022-06-28T01:46:37	taken	105.828220	21.038143		https://kartaview.org/details/7622425/0
1774031129	44|OpenStreetView	2022-06-28T02:56:48	taken	105.825094	21.041943		https://kartaview.org/details/7595769/0
1622018313	44|OpenStreetView	2022-06-28T03:53:36	taken	105.802968	21.001979		https://kartaview.org/details/6179689/0
1622018393	44|OpenStreetView	2022-06-28T03:53:46	taken	105.803185	21.002145		https://kartaview.org/details/6179769/0
1622018329	44|OpenStreetView	2022-06-28T03:54:24	taken	105.802871	21.002120		https://kartaview.org/details/6179705/0
1779257385	44|OpenStreetView	2022-06-28T04:29:57	taken	105.808728	20.998016		https://kartaview.org/details/7623401/0
1778422585	44|OpenStreetView	2022-06-28T05:17:46	taken	105.792236	21.078604		https://kartaview.org/details/7611945/0
1778422601	44|OpenStreetView	2022-06-28T05:17:58	taken	105.792459	21.078832		https://kartaview.org/details/7611961/0
1618978265	44|OpenStreetView	2022-06-28T08:17:40	taken	105.871083	20.995811		https://kartaview.org/details/6166633/0
1598033945	44|OpenStreetView	2022-06-29T04:47:33	taken	105.798655	21.069023		https://kartaview.org/details/6025561/0
1598033241	44|OpenStreetView	2022-06-29T04:50:34	taken	105.797020	21.069068		https://kartaview.org/details/6025545/0
1632695625	44|OpenStreetView	2022-07-10T01:22:21	taken	105.812906	21.016042		https://kartaview.org/details/6225369/0
1635771705	44|OpenStreetView	2022-07-10T01:22:54	taken	105.812491	21.015644		https://kartaview.org/details/6252585/0
1621452489	44|OpenStreetView	2022-07-10T06:30:55	taken	105.817520	21.009621		https://kartaview.org/details/6177865/0
1774712585	44|OpenStreetView	2022-07-11T07:59:27	taken	105.795514	21.031771		https://kartaview.org/details/7597561/0
1634378809	44|OpenStreetView	2022-07-16T07:12:41	taken	105.817627	20.989901		https://kartaview.org/details/6243817/0
2027863145	44|OpenStreetView	2022-07-16T07:27:15	taken	105.818154	20.991736		https://kartaview.org/details/9235961/0
2027863129	44|OpenStreetView	2022-07-16T07:27:29	taken	105.818410	20.991616		https://kartaview.org/details/9235945/0
1619095273	44|OpenStreetView	2022-07-16T07:35:28	taken	105.814786	20.993532		https://kartaview.org/details/6170009/0
1778705721	44|OpenStreetView	2022-07-16T08:14:00	taken	105.815745	20.994888		https://kartaview.org/details/7614633/0
1619095161	44|OpenStreetView	2022-07-17T02:09:22	taken	105.815043	20.993368		https://kartaview.org/details/6169897/0
1619095321	44|OpenStreetView	2022-07-17T02:10:11	taken	105.815885	20.993251		https://kartaview.org/details/6170057/0
1618951497	44|OpenStreetView	2022-07-17T02:18:04	taken	105.815554	20.990594		https://kartaview.org/details/6164105/0
1774652089	44|OpenStreetView	2022-07-17T09:51:55	taken	105.795155	20.985066		https://kartaview.org/details/7597289/0
1778759705	44|OpenStreetView	2022-09-07T06:08:17	taken	105.842346	20.992671		https://kartaview.org/details/7615785/0
1778552729	44|OpenStreetView	2022-09-07T06:09:40	taken	105.842676	20.993137		https://kartaview.org/details/7613273/0
1779713977	44|OpenStreetView	2022-09-07T06:13:37	taken	105.846506	20.991450		https://kartaview.org/details/7626137/0
1779741641	44|OpenStreetView	2022-09-10T01:00:31	taken	105.844583	20.989712		https://kartaview.org/details/7626713/0
2627905859	44|OpenStreetView	2022-09-10T03:36:08	taken	105.850103	20.991026		https://kartaview.org/details/11618503/0
1778677033	44|OpenStreetView	2022-09-10T05:45:34	taken	105.877641	21.048186		https://kartaview.org/details/7614457/0
1778676329	44|OpenStreetView	2022-09-10T05:45:56	taken	105.877422	21.048161		https://kartaview.org/details/7614425/0
1774066937	44|OpenStreetView	2022-09-10T06:10:14	taken	105.863318	20.993868		https://kartaview.org/details/7595993/0
1959770345	44|OpenStreetView	2022-09-10T06:12:09	taken	105.863415	20.993338		https://kartaview.org/details/9005001/0
1959770281	44|OpenStreetView	2022-09-10T06:12:36	taken	105.863719	20.993619		https://kartaview.org/details/9004937/0
1959770249	44|OpenStreetView	2022-09-10T06:13:00	taken	105.864109	20.993658		https://kartaview.org/details/9004905/0
2059200873	44|OpenStreetView	2022-09-10T06:40:57	taken	105.863115	20.992130		https://kartaview.org/details/9376377/0
1778789097	44|OpenStreetView	2022-09-10T06:46:32	taken	105.882294	21.047226		https://kartaview.org/details/7616825/0
1618978457	44|OpenStreetView	2022-09-10T07:18:29	taken	105.885025	21.046883		https://kartaview.org/details/6166825/0
1618978297	44|OpenStreetView	2022-09-11T03:47:44	taken	105.870407	20.995407		https://kartaview.org/details/6166665/0
1618978313	44|OpenStreetView	2022-09-11T03:51:12	taken	105.871373	20.995464		https://kartaview.org/details/6166681/0
1773734745	44|OpenStreetView	2022-09-11T07:38:48	taken	105.868797	21.043077		https://kartaview.org/details/7585897/0
1622157657	44|OpenStreetView	2022-09-11T08:24:12	taken	105.850736	21.007769		https://kartaview.org/details/6181481/0
1959770217	44|OpenStreetView	2022-09-11T09:11:22	taken	105.853558	21.003377		https://kartaview.org/details/9004873/0
1959770201	44|OpenStreetView	2022-09-11T09:13:09	taken	105.852881	21.003376		https://kartaview.org/details/9004857/0
1632623721	44|OpenStreetView	2022-09-11T09:30:13	taken	105.877281	21.041882		https://kartaview.org/details/6221945/0
1779122377	44|OpenStreetView	2022-09-12T07:49:55	taken	105.853370	20.996811		https://kartaview.org/details/7622345/0
1618978281	44|OpenStreetView	2022-09-13T02:02:16	taken	105.870861	20.999237		https://kartaview.org/details/6166649/0
1778438377	44|OpenStreetView	2022-09-13T03:14:57	taken	105.852810	20.989031		https://kartaview.org/details/7612185/0
1778790121	44|OpenStreetView	2022-09-13T04:02:57	taken	105.810313	21.043741		https://kartaview.org/details/7617849/0
1778645737	44|OpenStreetView	2022-09-13T04:07:09	taken	105.864992	20.986455		https://kartaview.org/details/7614217/0
1621429465	44|OpenStreetView	2022-09-13T04:42:53	taken	105.847843	21.036728		https://kartaview.org/details/6176969/0
1632780009	44|OpenStreetView	2022-09-13T05:35:34	taken	105.846610	21.036575		https://kartaview.org/details/6227353/0
1617694169	44|OpenStreetView	2022-09-13T08:23:27	taken	105.848948	21.029143		https://kartaview.org/details/6154457/0
1617694201	44|OpenStreetView	2022-09-13T08:27:49	taken	105.847733	21.028594		https://kartaview.org/details/6154489/0
1617694185	44|OpenStreetView	2022-09-13T08:28:25	taken	105.848395	21.028942		https://kartaview.org/details/6154473/0
1775832537	44|OpenStreetView	2022-09-13T08:56:37	taken	105.860523	21.002510		https://kartaview.org/details/7603497/0
1622157529	44|OpenStreetView	2022-09-13T09:38:43	taken	105.844185	20.939977		https://kartaview.org/details/6181353/0
1815495321	44|OpenStreetView	2022-09-14T01:00:22	taken	105.845891	21.010857		https://kartaview.org/details/7870521/0
1815495385	44|OpenStreetView	2022-09-14T01:01:39	taken	105.846079	21.010593		https://kartaview.org/details/7870585/0
1773752249	44|OpenStreetView	2022-09-14T03:08:01	taken	105.856383	21.013483		https://kartaview.org/details/7587097/0
1996063273	44|OpenStreetView	2022-09-14T03:31:12	taken	105.842436	20.944478		https://kartaview.org/details/9087929/0
1777070265	44|OpenStreetView	2022-09-14T03:34:28	taken	105.857675	21.013326		https://kartaview.org/details/7608713/0
2010811881	44|OpenStreetView	2022-09-14T04:08:29	taken	105.809057	21.045373		https://kartaview.org/details/9163097/0
2010811897	44|OpenStreetView	2022-09-14T04:18:25	taken	105.809195	21.045767		https://kartaview.org/details/9163113/0
1816069881	44|OpenStreetView	2022-09-14T04:28:47	taken	105.849022	20.947909		https://kartaview.org/details/7880057/0
1778755225	44|OpenStreetView	2022-09-14T04:49:00	taken	105.806743	21.047071		https://kartaview.org/details/7615305/0
1778755241	44|OpenStreetView	2022-09-14T04:49:11	taken	105.806682	21.046950		https://kartaview.org/details/7615321/0
1779329353	44|OpenStreetView	2022-09-14T04:50:05	taken	105.807662	21.046338		https://kartaview.org/details/7624217/0
1778790537	44|OpenStreetView	2022-09-14T04:50:40	taken	105.807257	21.046659		https://kartaview.org/details/7618265/0
1778789145	44|OpenStreetView	2022-09-14T05:19:44	taken	105.810823	21.046937		https://kartaview.org/details/7616873/0
1779329337	44|OpenStreetView	2022-09-14T05:23:28	taken	105.810515	21.046987		https://kartaview.org/details/7624201/0
1632687785	44|OpenStreetView	2022-09-14T07:05:28	taken	105.860556	21.011079		https://kartaview.org/details/6225049/0
1632687769	44|OpenStreetView	2022-09-14T07:06:01	taken	105.861078	21.011406		https://kartaview.org/details/6225033/0
1632687609	44|OpenStreetView	2022-09-14T07:15:45	taken	105.860064	21.011911		https://kartaview.org/details/6224873/0
1779131817	44|OpenStreetView	2022-09-14T08:17:17	taken	105.811300	21.042364		https://kartaview.org/details/7622857/0
2482442681	44|OpenStreetView	2022-09-15T01:04:15	taken	105.847529	20.947003		https://kartaview.org/details/10080985/0
1996055993	44|OpenStreetView	2022-09-15T01:06:02	taken	105.847963	20.946761		https://kartaview.org/details/9087337/0
1996056041	44|OpenStreetView	2022-09-15T01:06:31	taken	105.848326	20.946685		https://kartaview.org/details/9087385/0
1779598681	44|OpenStreetView	2022-09-15T01:07:48	taken	105.868347	20.973221		https://kartaview.org/details/7625193/0
1778759817	44|OpenStreetView	2022-09-15T01:18:21	taken	105.874875	20.968656		https://kartaview.org/details/7615897/0
1996420185	44|OpenStreetView	2022-09-15T02:40:43	taken	105.866984	20.967817		https://kartaview.org/details/9099369/0
2040545721	44|OpenStreetView	2022-09-15T02:45:40	taken	105.867088	21.000626		https://kartaview.org/details/9309145/0
2628341662	44|OpenStreetView	2022-09-15T02:47:18	taken	105.868760	20.967898		https://kartaview.org/details/11621703/0
2628341661	44|OpenStreetView	2022-09-15T02:55:23	taken	105.869044	20.968260		https://kartaview.org/details/11621702/0
2628341660	44|OpenStreetView	2022-09-15T02:57:34	taken	105.869823	20.968496		https://kartaview.org/details/11621701/0
1778785097	44|OpenStreetView	2022-09-15T03:06:54	taken	105.868729	21.004289		https://kartaview.org/details/7616681/0
1996093209	44|OpenStreetView	2022-09-15T03:39:47	taken	105.880384	20.967632		https://kartaview.org/details/9089881/0
1774048025	44|OpenStreetView	2022-09-15T03:52:56	taken	105.803926	21.047939		https://kartaview.org/details/7595945/0
1996093513	44|OpenStreetView	2022-09-15T03:58:28	taken	105.880677	20.969329		https://kartaview.org/details/9090185/0
1996093545	44|OpenStreetView	2022-09-15T03:58:54	taken	105.880316	20.969032		https://kartaview.org/details/9090217/0
1996093497	44|OpenStreetView	2022-09-15T03:59:30	taken	105.880625	20.969017		https://kartaview.org/details/9090169/0
1619201641	44|OpenStreetView	2022-09-15T05:23:22	taken	105.801556	21.039512		https://kartaview.org/details/6171449/0
1619201625	44|OpenStreetView	2022-09-15T05:42:39	taken	105.802348	21.039512		https://kartaview.org/details/6171433/0
1775832553	44|OpenStreetView	2022-09-15T06:12:05	taken	105.867073	21.006118		https://kartaview.org/details/7603513/0
1621452041	44|OpenStreetView	2022-09-15T06:29:32	taken	105.805638	21.038371		https://kartaview.org/details/6177417/0
2633151777	44|OpenStreetView	2022-09-15T06:40:19	taken	105.866462	21.007648		https://kartaview.org/details/11703325/0
2534205513	44|OpenStreetView	2022-09-15T06:54:15	taken	105.866957	21.007350		https://kartaview.org/details/10442569/0
1779712169	44|OpenStreetView	2022-09-15T07:10:28	taken	105.878019	20.977108		https://kartaview.org/details/7625737/0
1634042441	44|OpenStreetView	2022-09-15T07:57:47	taken	105.873042	21.036274		https://kartaview.org/details/6232233/0
1634042361	44|OpenStreetView	2022-09-15T07:58:02	taken	105.873595	21.036557		https://kartaview.org/details/6232217/0
1996451897	44|OpenStreetView	2022-09-15T08:00:17	taken	105.872371	21.038137		https://kartaview.org/details/9101401/0
2632682389	44|OpenStreetView	2022-09-15T08:04:41	taken	105.831692	20.964101		https://kartaview.org/details/11696765/0
1996451881	44|OpenStreetView	2022-09-15T08:06:27	taken	105.872693	21.037827		https://kartaview.org/details/9101385/0
1621429529	44|OpenStreetView	2022-09-15T08:42:37	taken	105.879165	21.034916		https://kartaview.org/details/6177033/0
2032266585	44|OpenStreetView	2022-09-15T08:59:26	taken	105.831086	20.970748		https://kartaview.org/details/9265321/0
1779255769	44|OpenStreetView	2022-09-15T09:18:07	taken	105.828697	20.972253		https://kartaview.org/details/7623289/0
1778705545	44|OpenStreetView	2022-09-16T01:44:43	taken	105.879475	20.982075		https://kartaview.org/details/7614617/0
1816020713	44|OpenStreetView	2022-09-16T02:16:02	taken	105.882691	20.998769		https://kartaview.org/details/7879673/0
1778438313	44|OpenStreetView	2022-09-16T02:20:37	taken	105.857737	20.984142		https://kartaview.org/details/7612121/0
1762296169	44|OpenStreetView	2022-09-16T05:06:47	taken	105.895131	20.985654		https://kartaview.org/details/7520681/0
1762296185	44|OpenStreetView	2022-09-16T05:07:06	taken	105.895058	20.985271		https://kartaview.org/details/7520697/0
1778438345	44|OpenStreetView	2022-09-16T05:40:10	taken	105.862204	20.985735		https://kartaview.org/details/7612153/0
1778759881	44|OpenStreetView	2022-09-16T05:52:56	taken	105.807989	21.055564		https://kartaview.org/details/7615961/0
2048815417	44|OpenStreetView	2022-09-16T05:57:36	taken	105.841655	20.969642		https://kartaview.org/details/9329929/0
2048815401	44|OpenStreetView	2022-09-16T05:58:14	taken	105.841454	20.970382		https://kartaview.org/details/9329913/0
2534205225	44|OpenStreetView	2022-09-16T06:29:07	taken	105.807351	21.057554		https://kartaview.org/details/10442281/0
1621429513	44|OpenStreetView	2022-09-16T07:47:19	taken	105.847729	21.027003		https://kartaview.org/details/6177017/0
1621429545	44|OpenStreetView	2022-09-16T07:47:52	taken	105.847388	21.026000		https://kartaview.org/details/6177049/0
1634334617	44|OpenStreetView	2022-09-16T08:01:20	taken	105.841581	21.026549		https://kartaview.org/details/6241065/0
1779736297	44|OpenStreetView	2022-09-17T03:34:32	taken	105.822409	20.965069		https://kartaview.org/details/7626585/0
2010811081	44|OpenStreetView	2022-09-17T04:38:16	taken	105.840638	20.958317		https://kartaview.org/details/9162297/0
1996417657	44|OpenStreetView	2022-09-17T04:57:43	taken	105.860802	21.027231		https://kartaview.org/details/9096841/0
1996417689	44|OpenStreetView	2022-09-17T05:03:46	taken	105.860445	21.027435		https://kartaview.org/details/9096873/0
1778759769	44|OpenStreetView	2022-09-17T05:16:59	taken	105.821634	20.983913		https://kartaview.org/details/7615849/0
1779613881	44|OpenStreetView	2022-09-17T05:52:36	taken	105.826835	20.985849		https://kartaview.org/details/7625433/0
1621456457	44|OpenStreetView	2022-09-17T06:20:02	taken	105.834351	21.029047		https://kartaview.org/details/6178201/0
1959785737	44|OpenStreetView	2022-09-17T06:33:34	taken	105.808329	21.063029		https://kartaview.org/details/9005721/0
1959802313	44|OpenStreetView	2022-09-17T06:40:41	taken	105.808789	21.062493		https://kartaview.org/details/9005817/0
1959802329	44|OpenStreetView	2022-09-17T06:40:47	taken	105.808563	21.062515		https://kartaview.org/details/9005833/0
1779875065	44|OpenStreetView	2022-09-17T07:05:53	taken	105.825496	20.972263		https://kartaview.org/details/7627337/0
1778760873	44|OpenStreetView	2022-09-17T08:42:48	taken	105.824178	20.978543		https://kartaview.org/details/7616089/0
1634121929	44|OpenStreetView	2022-09-18T02:18:34	taken	105.798186	21.011844		https://kartaview.org/details/6234217/0
1634122057	44|OpenStreetView	2022-09-18T02:19:02	taken	105.798175	21.012564		https://kartaview.org/details/6234233/0
1632686953	44|OpenStreetView	2022-09-18T02:20:22	taken	105.798066	21.012581		https://kartaview.org/details/6224217/0
1632676217	44|OpenStreetView	2022-09-18T02:27:39	taken	105.798028	21.013818		https://kartaview.org/details/6224121/0
1779347097	44|OpenStreetView	2022-09-18T02:36:21	taken	105.852306	20.985037		https://kartaview.org/details/7624345/0
2508521097	44|OpenStreetView	2022-09-18T02:57:00	taken	105.794082	21.007422		https://kartaview.org/details/10214153/0
1930092745	44|OpenStreetView	2022-09-18T03:14:18	taken	105.894223	20.974966		https://kartaview.org/details/8667113/0
1930092665	44|OpenStreetView	2022-09-18T03:18:40	taken	105.894382	20.974432		https://kartaview.org/details/8667033/0
1930092729	44|OpenStreetView	2022-09-18T03:19:05	taken	105.894508	20.974234		https://kartaview.org/details/8667097/0
1930092761	44|OpenStreetView	2022-09-18T03:19:20	taken	105.894514	20.974670		https://kartaview.org/details/8667129/0
1930093001	44|OpenStreetView	2022-09-18T03:26:36	taken	105.896061	20.973485		https://kartaview.org/details/8667369/0
1930092985	44|OpenStreetView	2022-09-18T03:26:51	taken	105.896448	20.973413		https://kartaview.org/details/8667353/0
1930093081	44|OpenStreetView	2022-09-18T03:27:48	taken	105.896206	20.973983		https://kartaview.org/details/8667449/0
1930093065	44|OpenStreetView	2022-09-18T03:28:07	taken	105.896606	20.973877		https://kartaview.org/details/8667433/0
1778516777	44|OpenStreetView	2022-09-18T03:41:47	taken	105.793167	21.002877		https://kartaview.org/details/7613193/0
1779131833	44|OpenStreetView	2022-09-18T03:45:57	taken	105.802716	21.071021		https://kartaview.org/details/7622873/0
1778517193	44|OpenStreetView	2022-09-18T03:50:01	taken	105.793261	21.003180		https://kartaview.org/details/7613209/0
1622157545	44|OpenStreetView	2022-09-18T03:52:38	taken	105.821967	20.995889		https://kartaview.org/details/6181369/0
1622157593	44|OpenStreetView	2022-09-18T03:53:09	taken	105.821307	20.995643		https://kartaview.org/details/6181417/0
1778675673	44|OpenStreetView	2022-09-18T04:21:15	taken	105.815874	20.994003		https://kartaview.org/details/7614393/0
1634353913	44|OpenStreetView	2022-09-18T04:21:19	taken	105.801907	21.069754		https://kartaview.org/details/6243065/0
1634009753	44|OpenStreetView	2022-09-18T06:08:20	taken	105.805328	21.073399		https://kartaview.org/details/6230393/0
1996450649	44|OpenStreetView	2022-09-18T06:36:00	taken	105.785675	20.959134		https://kartaview.org/details/9100153/0
1996450665	44|OpenStreetView	2022-09-18T06:45:42	taken	105.785774	20.958687		https://kartaview.org/details/9100169/0
1996450633	44|OpenStreetView	2022-09-18T06:48:22	taken	105.784666	20.958463		https://kartaview.org/details/9100137/0
1959770633	44|OpenStreetView	2022-09-18T07:33:08	taken	105.850115	20.978835		https://kartaview.org/details/9005289/0
1959770617	44|OpenStreetView	2022-09-18T07:33:15	taken	105.850197	20.978758		https://kartaview.org/details/9005273/0
1959770601	44|OpenStreetView	2022-09-18T07:33:46	taken	105.850203	20.978535		https://kartaview.org/details/9005257/0
1959770585	44|OpenStreetView	2022-09-18T07:34:02	taken	105.849992	20.978455		https://kartaview.org/details/9005241/0
1778790825	44|OpenStreetView	2022-09-18T07:46:23	taken	105.850674	20.981087		https://kartaview.org/details/7618553/0
1778790809	44|OpenStreetView	2022-09-18T07:46:47	taken	105.850145	20.981118		https://kartaview.org/details/7618537/0
1779713945	44|OpenStreetView	2022-09-19T00:59:49	taken	105.824535	20.973697		https://kartaview.org/details/7626105/0
1779713929	44|OpenStreetView	2022-09-19T01:00:26	taken	105.824761	20.973860		https://kartaview.org/details/7626089/0
1779713913	44|OpenStreetView	2022-09-19T01:01:28	taken	105.824270	20.973774		https://kartaview.org/details/7626073/0
1779713897	44|OpenStreetView	2022-09-19T01:02:07	taken	105.823483	20.973795		https://kartaview.org/details/7626057/0
1778615337	44|OpenStreetView	2022-09-19T03:00:31	taken	105.790544	21.052971		https://kartaview.org/details/7613881/0
1779112505	44|OpenStreetView	2022-09-19T03:17:35	taken	105.849868	20.982674		https://kartaview.org/details/7622057/0
1779112537	44|OpenStreetView	2022-09-19T03:18:03	taken	105.849520	20.982584		https://kartaview.org/details/7622089/0
1775832489	44|OpenStreetView	2022-09-19T03:25:07	taken	105.849454	20.983184		https://kartaview.org/details/7603449/0
1779598665	44|OpenStreetView	2022-09-19T05:10:42	taken	105.774747	20.961546		https://kartaview.org/details/7625177/0
1634320521	44|OpenStreetView	2022-09-19T05:15:52	taken	105.793347	21.046655		https://kartaview.org/details/6238569/0
1634320489	44|OpenStreetView	2022-09-19T05:16:28	taken	105.792947	21.046426		https://kartaview.org/details/6238537/0
1622157785	44|OpenStreetView	2022-09-19T06:48:09	taken	105.788979	21.051474		https://kartaview.org/details/6181609/0
1622157769	44|OpenStreetView	2022-09-19T06:48:30	taken	105.789371	21.051655		https://kartaview.org/details/6181593/0
2027789737	44|OpenStreetView	2022-09-19T07:00:06	taken	105.812815	20.993347		https://kartaview.org/details/9226793/0
2534016633	44|OpenStreetView	2022-09-20T02:29:06	taken	105.816193	20.965117		https://kartaview.org/details/10430361/0
1634349145	44|OpenStreetView	2022-09-20T02:56:22	taken	105.818746	20.964255		https://kartaview.org/details/6242889/0
1959531577	44|OpenStreetView	2022-09-20T03:08:23	taken	105.781974	21.009044		https://kartaview.org/details/9001689/0
1959531609	44|OpenStreetView	2022-09-20T03:09:10	taken	105.781792	21.009003		https://kartaview.org/details/9001721/0
1777043129	44|OpenStreetView	2022-09-20T03:45:46	taken	105.817496	21.036281		https://kartaview.org/details/7608393/0
1777043161	44|OpenStreetView	2022-09-20T03:46:10	taken	105.817363	21.036314		https://kartaview.org/details/7608425/0
1773752265	44|OpenStreetView	2022-09-20T03:53:33	taken	105.781823	21.005501		https://kartaview.org/details/7587113/0
1774030729	44|OpenStreetView	2022-09-20T03:54:06	taken	105.818035	21.038510		https://kartaview.org/details/7595369/0
1777042889	44|OpenStreetView	2022-09-20T04:05:18	taken	105.819464	21.041200		https://kartaview.org/details/7608153/0
1777042905	44|OpenStreetView	2022-09-20T04:12:46	taken	105.819522	21.040667		https://kartaview.org/details/7608169/0
1773772553	44|OpenStreetView	2022-09-20T04:32:35	taken	105.816074	21.040113		https://kartaview.org/details/7587465/0
1773772585	44|OpenStreetView	2022-09-20T04:35:06	taken	105.817754	21.040169		https://kartaview.org/details/7587497/0
2515777305	44|OpenStreetView	2022-09-20T04:53:42	taken	105.779984	21.008336		https://kartaview.org/details/10261721/0
1622191737	44|OpenStreetView	2022-09-20T05:11:41	taken	105.776744	21.014915		https://kartaview.org/details/6182969/0
2010810841	44|OpenStreetView	2022-09-20T05:59:37	taken	105.812543	21.044389		https://kartaview.org/details/9162057/0
2010810809	44|OpenStreetView	2022-09-20T05:59:55	taken	105.812594	21.044264		https://kartaview.org/details/9162025/0
1959506121	44|OpenStreetView	2022-09-20T06:09:10	taken	105.781021	21.019676		https://kartaview.org/details/9000921/0
1778784953	44|OpenStreetView	2022-09-20T06:26:39	taken	105.815648	21.038410		https://kartaview.org/details/7616537/0
1778784985	44|OpenStreetView	2022-09-20T06:31:21	taken	105.839746	21.006057		https://kartaview.org/details/7616569/0
1778785001	44|OpenStreetView	2022-09-20T06:31:23	taken	105.839731	21.006117		https://kartaview.org/details/7616585/0
1779613865	44|OpenStreetView	2022-09-20T09:38:53	taken	105.876163	21.062124		https://kartaview.org/details/7625417/0
1778779865	44|OpenStreetView	2022-09-21T00:11:43	taken	105.812407	20.998700		https://kartaview.org/details/7616393/0
1695215465	44|OpenStreetView	2022-09-21T00:45:11	taken	105.809945	20.997274		https://kartaview.org/details/6754905/0
1778618345	44|OpenStreetView	2022-09-21T02:13:25	taken	105.812554	21.045255		https://kartaview.org/details/7614009/0
2623142163	44|OpenStreetView	2022-09-21T02:14:29	taken	105.807263	20.997737		https://kartaview.org/details/11581713/0
1778617881	44|OpenStreetView	2022-09-21T02:15:40	taken	105.812687	21.045543		https://kartaview.org/details/7613993/0
1774681881	44|OpenStreetView	2022-09-21T02:19:03	taken	105.807939	20.997701		https://kartaview.org/details/7597513/0
1774681849	44|OpenStreetView	2022-09-21T02:20:31	taken	105.807729	20.997934		https://kartaview.org/details/7597481/0
1985892121	44|OpenStreetView	2022-09-21T02:28:10	taken	105.814560	21.043304		https://kartaview.org/details/9054345/0
1996032553	44|OpenStreetView	2022-09-21T02:48:14	taken	105.823242	21.001088		https://kartaview.org/details/9085625/0
1622030425	44|OpenStreetView	2022-09-21T02:51:10	taken	105.824452	21.000258		https://kartaview.org/details/6179881/0
1996032569	44|OpenStreetView	2022-09-21T02:53:56	taken	105.823913	21.000902		https://kartaview.org/details/9085641/0
1779320889	44|OpenStreetView	2022-09-21T03:00:17	taken	105.777010	21.017648		https://kartaview.org/details/7623865/0
1774822409	44|OpenStreetView	2022-09-21T03:13:45	taken	105.804283	20.995046		https://kartaview.org/details/7597897/0
2042695641	44|OpenStreetView	2022-09-21T03:13:48	taken	105.825355	21.002406		https://kartaview.org/details/9317737/0
1634154777	44|OpenStreetView	2022-09-21T08:30:12	taken	105.886578	21.060454		https://kartaview.org/details/6234969/0
1634154905	44|OpenStreetView	2022-09-21T08:30:58	taken	105.887565	21.060850		https://kartaview.org/details/6234985/0
2623142391	44|OpenStreetView	2022-09-21T10:27:15	taken	105.779405	21.004431		https://kartaview.org/details/11581953/0
1773752281	44|OpenStreetView	2022-09-21T10:36:26	taken	105.782138	21.005586		https://kartaview.org/details/7587129/0
1778759657	44|OpenStreetView	2022-09-22T03:25:50	taken	105.811373	21.049899		https://kartaview.org/details/7615737/0
2534204409	44|OpenStreetView	2022-09-22T03:44:45	taken	105.821558	21.043697		https://kartaview.org/details/10441465/0
1618977385	44|OpenStreetView	2022-09-22T07:54:24	taken	105.793971	20.990615		https://kartaview.org/details/6165753/0
1634333209	44|OpenStreetView	2022-09-22T10:49:03	taken	105.899513	21.070762		https://kartaview.org/details/6239673/0
1621675593	44|OpenStreetView	2022-09-23T01:13:11	taken	105.825169	21.012395		https://kartaview.org/details/6178873/0
1779217033	44|OpenStreetView	2022-09-23T02:06:14	taken	105.822318	21.014917		https://kartaview.org/details/7623161/0
1621452281	44|OpenStreetView	2022-09-23T02:37:37	taken	105.820804	21.011034		https://kartaview.org/details/6177657/0
1774822393	44|OpenStreetView	2022-09-23T03:34:23	taken	105.820249	21.005007		https://kartaview.org/details/7597881/0
1621452201	44|OpenStreetView	2022-09-23T03:50:06	taken	105.765467	21.010526		https://kartaview.org/details/6177577/0
1621452185	44|OpenStreetView	2022-09-23T03:50:38	taken	105.765305	21.010498		https://kartaview.org/details/6177561/0
1632802601	44|OpenStreetView	2022-09-23T03:56:58	taken	105.764502	21.009061		https://kartaview.org/details/6227929/0
1632802585	44|OpenStreetView	2022-09-23T03:57:26	taken	105.765234	21.009339		https://kartaview.org/details/6227913/0
1632802569	44|OpenStreetView	2022-09-23T03:57:41	taken	105.765625	21.009474		https://kartaview.org/details/6227897/0
1634022649	44|OpenStreetView	2022-09-23T04:06:32	taken	105.765937	21.007559		https://kartaview.org/details/6231689/0
1634022665	44|OpenStreetView	2022-09-23T04:07:15	taken	105.766991	21.007554		https://kartaview.org/details/6231705/0
1632695561	44|OpenStreetView	2022-09-23T04:30:44	taken	105.768617	21.009843		https://kartaview.org/details/6225305/0
1778706729	44|OpenStreetView	2022-09-23T04:54:08	taken	105.890313	21.064840		https://kartaview.org/details/7614681/0
1778706057	44|OpenStreetView	2022-09-23T04:54:23	taken	105.890043	21.065154		https://kartaview.org/details/7614649/0
1774716841	44|OpenStreetView	2022-09-23T05:29:58	taken	105.829179	21.008253		https://kartaview.org/details/7597657/0
1634334841	44|OpenStreetView	2022-09-23T05:52:04	taken	105.826496	21.012389		https://kartaview.org/details/6241289/0
1778791081	44|OpenStreetView	2022-09-23T06:23:38	taken	105.828079	21.011472		https://kartaview.org/details/7618809/0
1778785049	44|OpenStreetView	2022-09-23T06:28:49	taken	105.892094	21.051081		https://kartaview.org/details/7616633/0
2466403881	44|OpenStreetView	2022-09-23T06:58:23	taken	105.794751	20.987846		https://kartaview.org/details/10035513/0
1778789289	44|OpenStreetView	2022-09-23T07:08:02	taken	105.829189	21.014358		https://kartaview.org/details/7617017/0
1773782521	44|OpenStreetView	2022-09-23T10:06:58	taken	105.774090	21.021822		https://kartaview.org/details/7587657/0
1762296633	44|OpenStreetView	2022-09-24T02:04:18	taken	105.809082	20.956452		https://kartaview.org/details/7521145/0
1996450617	44|OpenStreetView	2022-09-24T03:51:06	taken	105.796441	20.958453		https://kartaview.org/details/9100121/0
1779257321	44|OpenStreetView	2022-09-24T04:30:20	taken	105.759514	20.993719		https://kartaview.org/details/7623369/0
2534157753	44|OpenStreetView	2022-09-24T06:26:46	taken	105.903225	21.052404		https://kartaview.org/details/10439081/0
2534208937	44|OpenStreetView	2022-09-24T07:00:02	taken	105.757196	20.997713		https://kartaview.org/details/10445993/0
2623142119	44|OpenStreetView	2022-09-24T07:59:22	taken	105.804285	20.953983		https://kartaview.org/details/11581668/0
1779347081	44|OpenStreetView	2022-09-24T08:03:01	taken	105.900834	21.037042		https://kartaview.org/details/7624329/0
2623142117	44|OpenStreetView	2022-09-24T08:03:59	taken	105.803229	20.953881		https://kartaview.org/details/11581666/0
1816250793	44|OpenStreetView	2022-09-25T02:20:09	taken	105.821409	21.072618		https://kartaview.org/details/7883737/0
1778791225	44|OpenStreetView	2022-09-25T03:00:04	taken	105.817963	21.080373		https://kartaview.org/details/7618953/0
1621429609	44|OpenStreetView	2022-09-25T03:31:55	taken	105.786964	20.979692		https://kartaview.org/details/6177113/0
1621429577	44|OpenStreetView	2022-09-25T03:36:44	taken	105.785035	20.983861		https://kartaview.org/details/6177081/0
1621429593	44|OpenStreetView	2022-09-25T03:54:15	taken	105.784015	20.983977		https://kartaview.org/details/6177097/0
1778678041	44|OpenStreetView	2022-09-26T02:22:33	taken	105.782830	20.977429		https://kartaview.org/details/7614505/0
1634302329	44|OpenStreetView	2022-09-26T02:24:51	taken	105.775784	20.994435		https://kartaview.org/details/6237449/0
1778778233	44|OpenStreetView	2022-09-26T02:40:22	taken	105.781396	20.977932		https://kartaview.org/details/7616281/0
2534153737	44|OpenStreetView	2022-09-26T02:47:37	taken	105.780609	20.979812		https://kartaview.org/details/10437177/0
2534153673	44|OpenStreetView	2022-09-26T02:47:54	taken	105.780242	20.979891		https://kartaview.org/details/10437113/0
1777039161	44|OpenStreetView	2022-09-26T03:39:16	taken	105.776886	20.982358		https://kartaview.org/details/7607913/0
1779151257	44|OpenStreetView	2022-09-26T04:31:56	taken	105.817131	21.078915		https://kartaview.org/details/7623033/0
1779258665	44|OpenStreetView	2022-09-26T06:27:39	taken	105.797661	21.073849		https://kartaview.org/details/7623433/0
1779736137	44|OpenStreetView	2022-09-26T06:34:44	taken	105.765678	20.970869		https://kartaview.org/details/7626425/0
1779736153	44|OpenStreetView	2022-09-26T06:34:55	taken	105.765604	20.971156		https://kartaview.org/details/7626441/0
1779736185	44|OpenStreetView	2022-09-26T06:36:28	taken	105.765746	20.971698		https://kartaview.org/details/7626473/0
1778789129	44|OpenStreetView	2022-09-26T07:58:34	taken	105.774662	20.973860		https://kartaview.org/details/7616857/0
1778475097	44|OpenStreetView	2022-09-26T09:10:12	taken	105.789964	21.061893		https://kartaview.org/details/7613081/0
1779258649	44|OpenStreetView	2022-09-26T09:21:55	taken	105.898148	21.035837		https://kartaview.org/details/7623417/0
1762295849	44|OpenStreetView	2022-09-26T09:34:09	taken	105.790046	21.062821		https://kartaview.org/details/7520361/0
1816181417	44|OpenStreetView	2022-09-26T10:06:08	taken	105.730894	21.003037		https://kartaview.org/details/7880665/0
1816182089	44|OpenStreetView	2022-09-26T10:06:21	taken	105.731066	21.002836		https://kartaview.org/details/7880697/0
2032266665	44|OpenStreetView	2022-09-26T10:30:41	taken	105.792778	21.066725		https://kartaview.org/details/9265401/0
2032266649	44|OpenStreetView	2022-09-26T10:31:48	taken	105.792409	21.067583		https://kartaview.org/details/9265385/0
1774712617	44|OpenStreetView	2022-09-27T05:20:36	taken	105.798102	20.984681		https://kartaview.org/details/7597593/0
1775012297	44|OpenStreetView	2022-09-27T05:35:28	taken	105.786710	21.040375		https://kartaview.org/details/7598425/0
1995574905	44|OpenStreetView	2022-09-27T06:05:27	taken	105.891195	21.024384		https://kartaview.org/details/9078505/0
1995574889	44|OpenStreetView	2022-09-27T07:48:02	taken	105.891141	21.023906		https://kartaview.org/details/9078489/0
1995574937	44|OpenStreetView	2022-09-27T07:49:49	taken	105.891182	21.023587		https://kartaview.org/details/9078537/0
1995574921	44|OpenStreetView	2022-09-27T07:50:00	taken	105.890959	21.023659		https://kartaview.org/details/9078521/0
2632682219	44|OpenStreetView	2022-09-27T07:55:43	taken	105.803910	20.986216		https://kartaview.org/details/11696595/0
1632653033	44|OpenStreetView	2022-09-27T08:18:30	taken	105.893957	21.025629		https://kartaview.org/details/6222089/0
1634349129	44|OpenStreetView	2022-09-27T08:32:20	taken	105.806930	20.985226		https://kartaview.org/details/6242873/0
1778789273	44|OpenStreetView	2022-09-30T02:30:39	taken	105.803249	20.989444		https://kartaview.org/details/7617001/0
1778789241	44|OpenStreetView	2022-09-30T02:32:13	taken	105.804252	20.989421		https://kartaview.org/details/7616969/0
1622157881	44|OpenStreetView	2022-09-30T04:33:14	taken	105.796968	20.986397		https://kartaview.org/details/6181705/0
1634021481	44|OpenStreetView	2022-10-03T02:47:55	taken	105.790262	21.068274		https://kartaview.org/details/6230889/0
1634018217	44|OpenStreetView	2022-10-03T02:49:41	taken	105.789161	21.068054		https://kartaview.org/details/6230745/0
1634022041	44|OpenStreetView	2022-10-03T03:21:27	taken	105.789462	21.070149		https://kartaview.org/details/6231129/0
2000015401	44|OpenStreetView	2022-10-03T04:12:42	taken	105.899336	21.024017		https://kartaview.org/details/9105273/0
1634022057	44|OpenStreetView	2022-10-03T04:27:41	taken	105.789079	21.070876		https://kartaview.org/details/6231145/0
2048776937	44|OpenStreetView	2022-10-03T09:26:42	taken	105.908662	21.022172		https://kartaview.org/details/9329769/0
2048776969	44|OpenStreetView	2022-10-03T09:27:25	taken	105.908228	21.022361		https://kartaview.org/details/9329801/0
1774716873	44|OpenStreetView	2022-10-04T02:19:11	taken	105.819817	21.006670		https://kartaview.org/details/7597689/0
1959761657	44|OpenStreetView	2022-10-04T03:52:37	taken	105.786557	21.038464		https://kartaview.org/details/9004393/0
1777043145	44|OpenStreetView	2022-10-04T04:28:54	taken	105.785289	21.045704		https://kartaview.org/details/7608409/0
1634363641	44|OpenStreetView	2022-10-04T04:56:17	taken	105.810184	21.010581		https://kartaview.org/details/6243481/0
1779747849	44|OpenStreetView	2022-10-04T06:56:26	taken	105.816187	21.016050		https://kartaview.org/details/7626905/0
1632695641	44|OpenStreetView	2022-10-04T07:07:45	taken	105.812789	21.016173		https://kartaview.org/details/6225385/0
1778615689	44|OpenStreetView	2022-10-04T07:20:58	taken	105.912470	21.033233		https://kartaview.org/details/7613897/0
1996038121	44|OpenStreetView	2022-10-05T01:16:56	taken	105.740671	21.053016		https://kartaview.org/details/9086729/0
2010811865	44|OpenStreetView	2022-10-05T04:16:45	taken	105.730884	21.050924		https://kartaview.org/details/9163081/0
2010811785	44|OpenStreetView	2022-10-05T04:17:26	taken	105.730785	21.050642		https://kartaview.org/details/9163001/0
1926682233	44|OpenStreetView	2022-10-05T04:35:22	taken	105.733379	21.053060		https://kartaview.org/details/8586633/0
1926682249	44|OpenStreetView	2022-10-05T04:35:30	taken	105.733137	21.053088		https://kartaview.org/details/8586649/0
1926681609	44|OpenStreetView	2022-10-05T04:36:09	taken	105.733517	21.052813		https://kartaview.org/details/8586009/0
1926681737	44|OpenStreetView	2022-10-05T04:36:56	taken	105.733112	21.052815		https://kartaview.org/details/8586137/0
1778422441	44|OpenStreetView	2022-10-05T04:47:46	taken	105.733751	21.052538		https://kartaview.org/details/7611801/0
1778422409	44|OpenStreetView	2022-10-05T04:48:14	taken	105.733397	21.053699		https://kartaview.org/details/7611769/0
1778422425	44|OpenStreetView	2022-10-05T04:48:25	taken	105.733931	21.053365		https://kartaview.org/details/7611785/0
1778422521	44|OpenStreetView	2022-10-05T04:48:37	taken	105.734609	21.052897		https://kartaview.org/details/7611881/0
1778422473	44|OpenStreetView	2022-10-05T04:48:41	taken	105.734832	21.052738		https://kartaview.org/details/7611833/0
1778422489	44|OpenStreetView	2022-10-05T04:48:50	taken	105.735282	21.052432		https://kartaview.org/details/7611849/0
1778422505	44|OpenStreetView	2022-10-05T04:48:57	taken	105.735656	21.052161		https://kartaview.org/details/7611865/0
1778556137	44|OpenStreetView	2022-10-05T09:19:49	taken	105.792246	20.983130		https://kartaview.org/details/7613417/0
1777039193	44|OpenStreetView	2022-10-05T09:27:44	taken	105.793514	20.981054		https://kartaview.org/details/7607945/0
1777039177	44|OpenStreetView	2022-10-05T09:28:17	taken	105.793647	20.980631		https://kartaview.org/details/7607929/0
1632676201	44|OpenStreetView	2022-10-05T09:30:01	taken	105.788015	21.033767		https://kartaview.org/details/6224105/0
1779328729	44|OpenStreetView	2022-10-06T03:37:00	taken	105.762378	21.047231		https://kartaview.org/details/7623977/0
1780830569	44|OpenStreetView	2022-10-06T04:09:31	taken	105.757343	21.045892		https://kartaview.org/details/7629801/0
1634334649	44|OpenStreetView	2022-10-06T04:20:45	taken	105.750766	21.045888		https://kartaview.org/details/6241097/0
1634334633	44|OpenStreetView	2022-10-06T04:40:28	taken	105.749416	21.049861		https://kartaview.org/details/6241081/0
2537845673	44|OpenStreetView	2022-10-06T05:04:23	taken	105.786212	21.076889		https://kartaview.org/details/10476505/0
1816218505	44|OpenStreetView	2022-10-06T05:12:23	taken	105.747926	21.046648		https://kartaview.org/details/7881049/0
1816218521	44|OpenStreetView	2022-10-06T05:12:30	taken	105.747923	21.046463		https://kartaview.org/details/7881065/0
1778759593	44|OpenStreetView	2022-10-06T05:48:18	taken	105.748918	21.044115		https://kartaview.org/details/7615673/0
1816219017	44|OpenStreetView	2022-10-06T05:50:36	taken	105.748034	21.045067		https://kartaview.org/details/7881113/0
1632778873	44|OpenStreetView	2022-10-06T05:52:41	taken	105.751241	21.045266		https://kartaview.org/details/6227241/0
1778759865	44|OpenStreetView	2022-10-06T09:03:45	taken	105.752861	21.044592		https://kartaview.org/details/7615945/0
1779131849	44|OpenStreetView	2022-10-07T02:56:33	taken	105.778090	21.061196		https://kartaview.org/details/7622889/0
1779131865	44|OpenStreetView	2022-10-07T02:56:57	taken	105.778299	21.060541		https://kartaview.org/details/7622905/0
1779329225	44|OpenStreetView	2022-10-07T03:05:01	taken	105.779203	21.060362		https://kartaview.org/details/7624089/0
1779747897	44|OpenStreetView	2022-10-07T03:31:52	taken	105.755759	21.037610		https://kartaview.org/details/7626953/0
1779747881	44|OpenStreetView	2022-10-07T03:31:58	taken	105.755611	21.037465		https://kartaview.org/details/7626937/0
1779747945	44|OpenStreetView	2022-10-07T03:32:08	taken	105.755165	21.037244		https://kartaview.org/details/7627001/0
1779747961	44|OpenStreetView	2022-10-07T03:32:35	taken	105.755322	21.036955		https://kartaview.org/details/7627017/0
1779747977	44|OpenStreetView	2022-10-07T03:32:43	taken	105.755428	21.036713		https://kartaview.org/details/7627033/0
1779747929	44|OpenStreetView	2022-10-07T03:33:29	taken	105.755902	21.037194		https://kartaview.org/details/7626985/0
1634349033	44|OpenStreetView	2022-10-07T03:41:42	taken	105.747027	20.995370		https://kartaview.org/details/6242777/0
2534208425	44|OpenStreetView	2022-10-07T04:10:59	taken	105.779648	21.045454		https://kartaview.org/details/10445481/0
1779735977	44|OpenStreetView	2022-10-07T04:37:16	taken	105.748775	21.032725		https://kartaview.org/details/7626265/0
1779735961	44|OpenStreetView	2022-10-07T04:37:25	taken	105.748389	21.032924		https://kartaview.org/details/7626249/0
1779735993	44|OpenStreetView	2022-10-07T04:37:37	taken	105.747859	21.033247		https://kartaview.org/details/7626281/0
1779112489	44|OpenStreetView	2022-10-07T04:47:33	taken	105.841812	21.052002		https://kartaview.org/details/7622041/0
1779058025	44|OpenStreetView	2022-10-07T04:53:42	taken	105.841756	21.050067		https://kartaview.org/details/7620889/0
1779327385	44|OpenStreetView	2022-10-07T07:09:25	taken	105.837919	21.053625		https://kartaview.org/details/7623945/0
1778789689	44|OpenStreetView	2022-10-07T07:29:58	taken	105.779163	21.038076		https://kartaview.org/details/7617417/0
1779151193	44|OpenStreetView	2022-10-07T08:21:49	taken	105.836185	21.060300		https://kartaview.org/details/7622969/0
1815496233	44|OpenStreetView	2022-10-07T09:21:57	taken	105.785189	21.034987		https://kartaview.org/details/7871433/0
1815496393	44|OpenStreetView	2022-10-07T09:22:11	taken	105.785079	21.035304		https://kartaview.org/details/7871593/0
1815496377	44|OpenStreetView	2022-10-07T09:25:06	taken	105.784891	21.035264		https://kartaview.org/details/7871577/0
1815496281	44|OpenStreetView	2022-10-07T09:26:39	taken	105.784763	21.035891		https://kartaview.org/details/7871481/0
1815496217	44|OpenStreetView	2022-10-07T09:26:49	taken	105.784674	21.036253		https://kartaview.org/details/7871417/0
1815496201	44|OpenStreetView	2022-10-07T09:26:56	taken	105.784705	21.036431		https://kartaview.org/details/7871401/0
1634042233	44|OpenStreetView	2022-10-08T04:20:41	taken	105.856831	21.032346		https://kartaview.org/details/6232201/0
2628356838	44|OpenStreetView	2022-10-08T05:03:09	taken	105.775979	21.043143		https://kartaview.org/details/11621796/0
1779129385	44|OpenStreetView	2022-10-08T05:56:23	taken	105.839287	21.020761		https://kartaview.org/details/7622457/0
1774657561	44|OpenStreetView	2022-10-09T07:33:36	taken	105.775333	21.032844		https://kartaview.org/details/7597337/0
1777038873	44|OpenStreetView	2022-10-09T08:57:29	taken	105.771326	21.040652		https://kartaview.org/details/7607625/0
1778474793	44|OpenStreetView	2022-10-09T09:03:19	taken	105.768461	21.040490		https://kartaview.org/details/7613049/0
1634164089	44|OpenStreetView	2022-10-09T09:27:24	taken	105.832942	21.019306		https://kartaview.org/details/6235337/0
1996419737	44|OpenStreetView	2022-10-10T00:36:35	taken	105.774988	21.028818		https://kartaview.org/details/9098921/0
1779712249	44|OpenStreetView	2022-10-10T00:54:27	taken	105.765020	20.964398		https://kartaview.org/details/7625817/0
1779712217	44|OpenStreetView	2022-10-10T00:54:30	taken	105.764946	20.964405		https://kartaview.org/details/7625785/0
1778755017	44|OpenStreetView	2022-10-10T01:25:51	taken	105.763087	21.030349		https://kartaview.org/details/7615097/0
2483211465	44|OpenStreetView	2022-10-10T01:55:07	taken	105.771603	21.032000		https://kartaview.org/details/10084937/0
1778755001	44|OpenStreetView	2022-10-10T03:00:45	taken	105.762594	21.030428		https://kartaview.org/details/7615081/0
1635771049	44|OpenStreetView	2022-10-10T03:58:55	taken	105.767355	21.045998		https://kartaview.org/details/6252297/0
1634100921	44|OpenStreetView	2022-10-10T04:15:53	taken	105.768608	21.045614		https://kartaview.org/details/6233897/0
1779151177	44|OpenStreetView	2022-10-10T04:27:30	taken	105.828779	21.024061		https://kartaview.org/details/7622953/0
1634108393	44|OpenStreetView	2022-10-10T04:29:07	taken	105.769778	21.047295		https://kartaview.org/details/6233961/0
1777043097	44|OpenStreetView	2022-10-10T04:31:03	taken	105.829250	21.024959		https://kartaview.org/details/7608361/0
1815494537	44|OpenStreetView	2022-10-10T05:58:30	taken	105.821421	21.032804		https://kartaview.org/details/7869737/0
2632542842	44|OpenStreetView	2022-10-10T06:14:15	taken	105.767220	21.037631		https://kartaview.org/details/11694848/0
2632542841	44|OpenStreetView	2022-10-10T06:14:33	taken	105.767395	21.037384		https://kartaview.org/details/11694847/0
2534206441	44|OpenStreetView	2022-10-10T08:43:15	taken	105.744946	20.975033		https://kartaview.org/details/10443497/0
2534206489	44|OpenStreetView	2022-10-10T08:45:16	taken	105.744774	20.975149		https://kartaview.org/details/10443545/0
2534206425	44|OpenStreetView	2022-10-10T08:45:32	taken	105.744491	20.975226		https://kartaview.org/details/10443481/0
2534206505	44|OpenStreetView	2022-10-10T08:45:44	taken	105.744333	20.974987		https://kartaview.org/details/10443561/0
2010811145	44|OpenStreetView	2022-10-10T08:57:52	taken	105.744092	20.971370		https://kartaview.org/details/9162361/0
1781351353	44|OpenStreetView	2022-10-11T02:11:43	taken	105.825762	21.133311		https://kartaview.org/details/7631177/0
1778790601	44|OpenStreetView	2022-10-11T03:45:17	taken	105.822575	21.021713		https://kartaview.org/details/7618329/0
1778761257	44|OpenStreetView	2022-10-11T04:13:43	taken	105.825108	21.038145		https://kartaview.org/details/7616169/0
2058510489	44|OpenStreetView	2022-10-11T04:58:05	taken	105.815318	21.025096		https://kartaview.org/details/9372569/0
2031082473	44|OpenStreetView	2022-10-11T06:05:02	taken	105.808443	21.017127		https://kartaview.org/details/9254617/0
2031082489	44|OpenStreetView	2022-10-11T06:05:16	taken	105.808452	21.017437		https://kartaview.org/details/9254633/0
2633088627	44|OpenStreetView	2022-10-11T06:23:58	taken	105.826632	21.110669		https://kartaview.org/details/11699877/0
2633088631	44|OpenStreetView	2022-10-11T06:24:11	taken	105.826671	21.110995		https://kartaview.org/details/11699880/0
1779741625	44|OpenStreetView	2022-10-11T07:39:53	taken	105.813781	21.085302		https://kartaview.org/details/7626697/0
1779741609	44|OpenStreetView	2022-10-11T07:40:16	taken	105.813871	21.085072		https://kartaview.org/details/7626681/0
2534208921	44|OpenStreetView	2022-10-11T09:51:37	taken	105.829291	21.068859		https://kartaview.org/details/10445977/0
2633086813	44|OpenStreetView	2022-10-12T01:42:29	taken	105.746063	20.981213		https://kartaview.org/details/11698594/0
2027792841	44|OpenStreetView	2022-10-12T02:19:35	taken	105.746096	20.983456		https://kartaview.org/details/9229897/0
2027792809	44|OpenStreetView	2022-10-12T02:19:51	taken	105.746416	20.983466		https://kartaview.org/details/9229865/0
1632704553	44|OpenStreetView	2022-10-12T03:07:12	taken	105.781304	21.062922		https://kartaview.org/details/6226425/0
2011836633	44|OpenStreetView	2022-10-12T03:07:26	taken	105.749623	20.981089		https://kartaview.org/details/9168329/0
2633087390	44|OpenStreetView	2022-10-12T04:21:35	taken	105.779960	21.060875		https://kartaview.org/details/11698995/0
2633087393	44|OpenStreetView	2022-10-12T04:21:47	taken	105.779831	21.061037		https://kartaview.org/details/11698997/0
2633087396	44|OpenStreetView	2022-10-12T04:22:30	taken	105.780243	21.061149		https://kartaview.org/details/11698999/0
2633087398	44|OpenStreetView	2022-10-12T04:22:38	taken	105.780483	21.061316		https://kartaview.org/details/11699001/0
2633087400	44|OpenStreetView	2022-10-12T04:22:41	taken	105.780531	21.061360		https://kartaview.org/details/11699003/0
1778646249	44|OpenStreetView	2022-10-12T04:27:48	taken	105.778795	21.063273		https://kartaview.org/details/7614233/0
1779131721	44|OpenStreetView	2022-10-12T05:02:11	taken	105.780747	21.063877		https://kartaview.org/details/7622761/0
1779131705	44|OpenStreetView	2022-10-12T05:02:26	taken	105.780788	21.063536		https://kartaview.org/details/7622745/0
1779131737	44|OpenStreetView	2022-10-12T05:05:18	taken	105.780323	21.063309		https://kartaview.org/details/7622777/0
1778760889	44|OpenStreetView	2022-10-12T05:09:09	taken	105.778990	21.063278		https://kartaview.org/details/7616105/0
1996451065	44|OpenStreetView	2022-10-12T05:17:45	taken	105.779079	21.062752		https://kartaview.org/details/9100569/0
2633088168	44|OpenStreetView	2022-10-12T06:02:23	taken	105.776873	21.065449		https://kartaview.org/details/11699519/0
1632802649	44|OpenStreetView	2022-10-12T06:24:53	taken	105.779097	21.066946		https://kartaview.org/details/6227977/0
1632660953	44|OpenStreetView	2022-10-12T06:29:30	taken	105.776682	21.067312		https://kartaview.org/details/6223577/0
1632660969	44|OpenStreetView	2022-10-12T06:30:31	taken	105.776632	21.067684		https://kartaview.org/details/6223593/0
1632660729	44|OpenStreetView	2022-10-12T06:31:43	taken	105.776561	21.068179		https://kartaview.org/details/6223353/0
1778789177	44|OpenStreetView	2022-10-12T06:37:50	taken	105.777109	21.069703		https://kartaview.org/details/7616905/0
1778789193	44|OpenStreetView	2022-10-12T06:38:00	taken	105.776854	21.069979		https://kartaview.org/details/7616921/0
1632660937	44|OpenStreetView	2022-10-12T06:39:13	taken	105.777909	21.069759		https://kartaview.org/details/6223561/0
1778789225	44|OpenStreetView	2022-10-12T06:42:16	taken	105.776942	21.070498		https://kartaview.org/details/7616953/0
1926604105	44|OpenStreetView	2022-10-12T06:50:17	taken	105.779299	20.969393		https://kartaview.org/details/8580985/0
1926604089	44|OpenStreetView	2022-10-12T06:50:23	taken	105.779441	20.969522		https://kartaview.org/details/8580969/0
1926604073	44|OpenStreetView	2022-10-12T06:50:33	taken	105.779738	20.969745		https://kartaview.org/details/8580953/0
1926604041	44|OpenStreetView	2022-10-12T06:50:46	taken	105.780036	20.970032		https://kartaview.org/details/8580921/0
2623142390	44|OpenStreetView	2022-10-12T06:53:16	taken	105.777847	21.068253		https://kartaview.org/details/11581952/0
1634024329	44|OpenStreetView	2022-10-12T06:56:55	taken	105.780115	21.069884		https://kartaview.org/details/6231977/0
2623142388	44|OpenStreetView	2022-10-12T07:06:32	taken	105.778220	21.068334		https://kartaview.org/details/11581950/0
2534207689	44|OpenStreetView	2022-10-12T09:26:14	taken	105.785271	20.965992		https://kartaview.org/details/10444745/0
2000015353	44|OpenStreetView	2022-10-13T00:46:55	taken	105.899279	20.986477		https://kartaview.org/details/9105225/0
2000015369	44|OpenStreetView	2022-10-13T00:47:09	taken	105.899237	20.987025		https://kartaview.org/details/9105241/0
2000034137	44|OpenStreetView	2022-10-13T03:28:31	taken	105.923835	21.010456		https://kartaview.org/details/9105913/0
2003486921	44|OpenStreetView	2022-10-14T03:40:08	taken	105.825490	21.039461		https://kartaview.org/details/9131385/0
1778759561	44|OpenStreetView	2022-10-14T03:43:57	taken	105.827132	21.039436		https://kartaview.org/details/7615641/0
1779736281	44|OpenStreetView	2022-10-15T04:37:12	taken	105.774567	20.964500		https://kartaview.org/details/7626569/0
1779736265	44|OpenStreetView	2022-10-15T04:37:29	taken	105.774860	20.964229		https://kartaview.org/details/7626553/0
1774681865	44|OpenStreetView	2022-10-15T04:40:25	taken	105.801207	21.011088		https://kartaview.org/details/7597497/0
1634362521	44|OpenStreetView	2022-10-15T05:15:28	taken	105.803772	21.010135		https://kartaview.org/details/6243273/0
2480928889	44|OpenStreetView	2022-10-15T06:27:19	taken	105.778274	21.092972		https://kartaview.org/details/10073305/0
2633086829	44|OpenStreetView	2022-10-16T06:34:46	taken	105.782219	21.088758		https://kartaview.org/details/11698603/0
1693338985	44|OpenStreetView	2022-10-16T07:16:22	taken	105.781987	21.087397		https://kartaview.org/details/6728889/0
2629521678	44|OpenStreetView	2022-10-16T07:22:36	taken	105.778273	21.088568		https://kartaview.org/details/11644452/0
1778515529	44|OpenStreetView	2022-10-17T09:36:24	taken	105.939166	21.026512		https://kartaview.org/details/7613113/0
1817026937	44|OpenStreetView	2022-10-18T00:14:15	taken	105.840835	20.955599		https://kartaview.org/details/7901961/0
1817026953	44|OpenStreetView	2022-10-18T00:14:44	taken	105.841053	20.955663		https://kartaview.org/details/7901977/0
2010811097	44|OpenStreetView	2022-10-18T01:19:16	taken	105.832247	20.955268		https://kartaview.org/details/9162313/0
2010811113	44|OpenStreetView	2022-10-18T01:19:43	taken	105.832702	20.955301		https://kartaview.org/details/9162329/0
2010811129	44|OpenStreetView	2022-10-18T01:19:53	taken	105.832869	20.955352		https://kartaview.org/details/9162345/0
2010811161	44|OpenStreetView	2022-10-18T04:09:06	taken	105.829824	20.952067		https://kartaview.org/details/9162377/0
2010811177	44|OpenStreetView	2022-10-18T04:09:18	taken	105.829461	20.952228		https://kartaview.org/details/9162393/0
1927646697	44|OpenStreetView	2022-10-18T06:51:15	taken	105.916869	21.047614		https://kartaview.org/details/8623065/0
1927646713	44|OpenStreetView	2022-10-18T06:51:56	taken	105.918510	21.048240		https://kartaview.org/details/8623081/0
2000014857	44|OpenStreetView	2022-10-19T03:32:01	taken	105.833929	20.932181		https://kartaview.org/details/9104729/0
2000014841	44|OpenStreetView	2022-10-19T03:32:30	taken	105.833664	20.932822		https://kartaview.org/details/9104713/0
2000014825	44|OpenStreetView	2022-10-19T03:33:33	taken	105.834254	20.932413		https://kartaview.org/details/9104697/0
2000014905	44|OpenStreetView	2022-10-19T03:33:48	taken	105.834063	20.932744		https://kartaview.org/details/9104777/0
1819481481	44|OpenStreetView	2022-10-22T00:56:46	taken	105.759943	21.110208		https://kartaview.org/details/7906617/0
1822096569	44|OpenStreetView	2022-10-23T03:39:19	taken	105.859743	20.938824		https://kartaview.org/details/7950265/0
2628317948	44|OpenStreetView	2022-10-23T03:43:34	taken	105.922736	20.970194		https://kartaview.org/details/11620415/0
1996064409	44|OpenStreetView	2022-10-23T03:55:29	taken	105.855296	20.941290		https://kartaview.org/details/9088505/0
2534017289	44|OpenStreetView	2022-10-23T09:03:17	taken	105.747526	21.119316		https://kartaview.org/details/10431017/0
2534206057	44|OpenStreetView	2022-10-23T09:39:21	taken	105.745737	21.112181		https://kartaview.org/details/10443113/0
2633090172	44|OpenStreetView	2022-10-24T02:15:28	taken	105.788656	21.108756		https://kartaview.org/details/11701018/0
2633099510	44|OpenStreetView	2022-10-24T02:18:33	taken	105.789111	21.109452		https://kartaview.org/details/11702407/0
2633099511	44|OpenStreetView	2022-10-24T02:19:50	taken	105.789288	21.109303		https://kartaview.org/details/11702408/0
1821338201	44|OpenStreetView	2022-10-24T04:20:47	taken	105.792399	21.103201		https://kartaview.org/details/7941897/0
1821338857	44|OpenStreetView	2022-10-24T04:21:02	taken	105.792557	21.102785		https://kartaview.org/details/7941945/0
1821338617	44|OpenStreetView	2022-10-24T04:21:30	taken	105.792317	21.103210		https://kartaview.org/details/7941929/0
1821339033	44|OpenStreetView	2022-10-24T04:22:12	taken	105.791891	21.102989		https://kartaview.org/details/7941961/0
1821322137	44|OpenStreetView	2022-10-24T04:23:30	taken	105.791746	21.103526		https://kartaview.org/details/7941513/0
1821321657	44|OpenStreetView	2022-10-24T04:24:07	taken	105.791620	21.102668		https://kartaview.org/details/7941465/0
1821306681	44|OpenStreetView	2022-10-24T04:24:45	taken	105.791228	21.103235		https://kartaview.org/details/7941305/0
1821306457	44|OpenStreetView	2022-10-24T04:26:47	taken	105.791164	21.103102		https://kartaview.org/details/7941289/0
1821321961	44|OpenStreetView	2022-10-24T04:27:35	taken	105.790851	21.103717		https://kartaview.org/details/7941497/0
1821322313	44|OpenStreetView	2022-10-24T04:28:10	taken	105.790784	21.103180		https://kartaview.org/details/7941529/0
1821322473	44|OpenStreetView	2022-10-24T04:28:35	taken	105.790742	21.102523		https://kartaview.org/details/7941545/0
1815414697	44|OpenStreetView	2022-10-24T04:47:05	taken	105.864977	21.065155		https://kartaview.org/details/7863945/0
1815499241	44|OpenStreetView	2022-10-24T05:44:19	taken	105.944323	21.034093		https://kartaview.org/details/7874441/0
2633085371	44|OpenStreetView	2022-10-24T08:45:56	taken	105.865701	21.053456		https://kartaview.org/details/11698359/0
2010812217	44|OpenStreetView	2022-10-24T08:48:15	taken	105.859208	21.138591		https://kartaview.org/details/9163433/0
2010812233	44|OpenStreetView	2022-10-24T08:48:23	taken	105.859225	21.138725		https://kartaview.org/details/9163449/0
2010812281	44|OpenStreetView	2022-10-24T08:48:34	taken	105.859666	21.138751		https://kartaview.org/details/9163497/0
2010812265	44|OpenStreetView	2022-10-24T08:48:49	taken	105.859688	21.139473		https://kartaview.org/details/9163481/0
2010812249	44|OpenStreetView	2022-10-24T08:49:01	taken	105.859212	21.139528		https://kartaview.org/details/9163465/0
2632537223	44|OpenStreetView	2022-10-25T06:30:20	taken	105.731554	21.097836		https://kartaview.org/details/11694247/0
2632537225	44|OpenStreetView	2022-10-25T06:30:40	taken	105.731455	21.098492		https://kartaview.org/details/11694249/0
1996451369	44|OpenStreetView	2022-10-26T02:20:20	taken	105.907316	21.073743		https://kartaview.org/details/9100873/0
2000015609	44|OpenStreetView	2022-10-26T03:18:51	taken	105.757378	20.927154		https://kartaview.org/details/9105481/0
1822358953	44|OpenStreetView	2022-10-26T04:50:55	taken	105.929075	21.070520		https://kartaview.org/details/7963145/0
1822358937	44|OpenStreetView	2022-10-26T04:51:08	taken	105.929084	21.069963		https://kartaview.org/details/7963129/0
1822120009	44|OpenStreetView	2022-10-27T02:10:19	taken	105.774499	21.072567		https://kartaview.org/details/7953913/0
1822119977	44|OpenStreetView	2022-10-27T02:10:26	taken	105.774473	21.072735		https://kartaview.org/details/7953881/0
1821301657	44|OpenStreetView	2022-10-27T02:18:54	taken	105.773912	21.073446		https://kartaview.org/details/7940793/0
1821301993	44|OpenStreetView	2022-10-27T02:47:30	taken	105.773907	21.076964		https://kartaview.org/details/7941161/0
1821301977	44|OpenStreetView	2022-10-27T02:57:11	taken	105.774257	21.077078		https://kartaview.org/details/7941145/0
1996198905	44|OpenStreetView	2022-10-27T03:07:39	taken	105.774665	21.080534		https://kartaview.org/details/9092761/0
1694066409	44|OpenStreetView	2022-10-27T04:36:37	taken	105.769315	21.088552		https://kartaview.org/details/6751001/0
2534153609	44|OpenStreetView	2022-10-27T08:21:45	taken	105.832651	21.116404		https://kartaview.org/details/10437049/0
1815498617	44|OpenStreetView	2022-10-27T08:22:34	taken	105.852628	20.970411		https://kartaview.org/details/7873817/0
1815498601	44|OpenStreetView	2022-10-27T08:23:43	taken	105.852224	20.970420		https://kartaview.org/details/7873801/0
2633088640	44|OpenStreetView	2022-10-27T08:38:01	taken	105.835578	21.120411		https://kartaview.org/details/11699888/0
2633088638	44|OpenStreetView	2022-10-27T08:38:25	taken	105.836053	21.121272		https://kartaview.org/details/11699886/0
2633088636	44|OpenStreetView	2022-10-27T08:38:47	taken	105.836681	21.121894		https://kartaview.org/details/11699884/0
2010810857	44|OpenStreetView	2022-10-28T03:58:29	taken	105.738935	21.085714		https://kartaview.org/details/9162073/0
2010810873	44|OpenStreetView	2022-10-28T03:59:29	taken	105.739195	21.085923		https://kartaview.org/details/9162089/0
1996031881	44|OpenStreetView	2022-10-28T07:13:52	taken	105.753957	21.085748		https://kartaview.org/details/9084953/0
2534206345	44|OpenStreetView	2022-10-29T02:46:13	taken	105.744514	21.071721		https://kartaview.org/details/10443401/0
1996417593	44|OpenStreetView	2022-10-29T03:03:33	taken	105.946721	21.085301		https://kartaview.org/details/9096777/0
1995574873	44|OpenStreetView	2022-10-29T03:06:12	taken	105.877408	21.084057		https://kartaview.org/details/9078473/0
1996417609	44|OpenStreetView	2022-10-29T03:16:46	taken	105.946108	21.084633		https://kartaview.org/details/9096793/0
1996093913	44|OpenStreetView	2022-10-29T05:01:33	taken	105.888421	21.088021		https://kartaview.org/details/9090585/0
1995574457	44|OpenStreetView	2022-10-29T05:40:01	taken	105.763466	21.077960		https://kartaview.org/details/9078057/0
2002398153	44|OpenStreetView	2022-10-29T06:39:44	taken	105.946032	21.082944		https://kartaview.org/details/9115225/0
2002398169	44|OpenStreetView	2022-10-29T06:46:09	taken	105.945865	21.083363		https://kartaview.org/details/9115241/0
1996417625	44|OpenStreetView	2022-10-29T07:42:13	taken	105.940213	21.081795		https://kartaview.org/details/9096809/0
2632692002	44|OpenStreetView	2022-10-29T08:26:48	taken	105.937699	21.081055		https://kartaview.org/details/11696842/0
1996033321	44|OpenStreetView	2022-10-30T02:17:34	taken	105.728339	21.074558		https://kartaview.org/details/9086393/0
2003486137	44|OpenStreetView	2022-10-30T02:20:27	taken	105.729447	21.074168		https://kartaview.org/details/9130601/0
1822095257	44|OpenStreetView	2022-10-30T02:51:53	taken	105.865386	21.070452		https://kartaview.org/details/7948889/0
1815495913	44|OpenStreetView	2022-10-30T03:50:27	taken	105.897187	20.941624		https://kartaview.org/details/7871113/0
1693339305	44|OpenStreetView	2022-10-30T04:19:57	taken	105.737629	21.066094		https://kartaview.org/details/6729225/0
1996200409	44|OpenStreetView	2022-10-30T05:10:37	taken	105.743022	21.067146		https://kartaview.org/details/9094265/0
2633151942	44|OpenStreetView	2022-10-30T06:08:45	taken	105.815930	21.141676		https://kartaview.org/details/11703490/0
2633151943	44|OpenStreetView	2022-10-30T06:09:00	taken	105.815915	21.142010		https://kartaview.org/details/11703491/0
2633151940	44|OpenStreetView	2022-10-30T06:11:33	taken	105.816546	21.142441		https://kartaview.org/details/11703488/0
1822095289	44|OpenStreetView	2022-10-30T06:20:00	taken	105.865670	21.071932		https://kartaview.org/details/7948921/0
2629526963	44|OpenStreetView	2022-10-30T06:49:19	taken	105.901147	20.959850		https://kartaview.org/details/11644714/0
1928898329	44|OpenStreetView	2022-10-30T07:34:36	taken	105.868763	21.076573		https://kartaview.org/details/8634729/0
1928898313	44|OpenStreetView	2022-10-30T07:34:51	taken	105.868283	21.076634		https://kartaview.org/details/8634713/0
1928898297	44|OpenStreetView	2022-10-30T08:33:23	taken	105.867097	21.077386		https://kartaview.org/details/8634697/0
1928893609	44|OpenStreetView	2022-10-30T08:33:40	taken	105.867674	21.077268		https://kartaview.org/details/8634553/0
1995575097	44|OpenStreetView	2022-10-30T08:40:37	taken	105.866269	21.078062		https://kartaview.org/details/9078697/0
1996417913	44|OpenStreetView	2022-10-31T06:58:43	taken	105.865548	21.108287		https://kartaview.org/details/9097097/0
1996418057	44|OpenStreetView	2022-10-31T07:18:56	taken	105.864389	21.110033		https://kartaview.org/details/9097241/0
1996418025	44|OpenStreetView	2022-10-31T07:19:12	taken	105.864086	21.109983		https://kartaview.org/details/9097209/0
1996417993	44|OpenStreetView	2022-10-31T07:20:49	taken	105.863962	21.109797		https://kartaview.org/details/9097177/0
2534153753	44|OpenStreetView	2022-10-31T08:43:51	taken	105.735052	21.137733		https://kartaview.org/details/10437193/0
2534153769	44|OpenStreetView	2022-10-31T08:51:52	taken	105.734944	21.138197		https://kartaview.org/details/10437209/0
2534205545	44|OpenStreetView	2022-11-01T05:20:30	taken	105.801757	21.130988		https://kartaview.org/details/10442601/0
2534205657	44|OpenStreetView	2022-11-01T05:22:32	taken	105.801527	21.131421		https://kartaview.org/details/10442713/0
1930172553	44|OpenStreetView	2022-11-01T06:55:53	taken	105.797144	21.137316		https://kartaview.org/details/8673961/0
1930172665	44|OpenStreetView	2022-11-01T06:57:00	taken	105.796635	21.137440		https://kartaview.org/details/8674073/0
1930172537	44|OpenStreetView	2022-11-01T06:57:26	taken	105.796635	21.137753		https://kartaview.org/details/8673945/0
1930172649	44|OpenStreetView	2022-11-01T06:58:41	taken	105.796542	21.137218		https://kartaview.org/details/8674057/0
2534208121	44|OpenStreetView	2022-11-01T07:48:55	taken	105.789885	21.132692		https://kartaview.org/details/10445177/0
1930172569	44|OpenStreetView	2022-11-01T09:38:03	taken	105.796815	21.136413		https://kartaview.org/details/8673977/0
1930172601	44|OpenStreetView	2022-11-01T09:38:09	taken	105.796628	21.136481		https://kartaview.org/details/8674009/0
1929129897	44|OpenStreetView	2022-11-02T02:04:46	taken	105.960705	21.054682		https://kartaview.org/details/8644457/0
1929129913	44|OpenStreetView	2022-11-02T02:04:52	taken	105.960532	21.054584		https://kartaview.org/details/8644473/0
1929129673	44|OpenStreetView	2022-11-02T02:06:22	taken	105.959493	21.055181		https://kartaview.org/details/8644233/0
1929129657	44|OpenStreetView	2022-11-02T02:06:34	taken	105.959281	21.055526		https://kartaview.org/details/8644217/0
1929129881	44|OpenStreetView	2022-11-02T02:11:51	taken	105.960926	21.054486		https://kartaview.org/details/8644441/0
1822484057	44|OpenStreetView	2022-11-02T03:05:29	taken	105.951293	21.057404		https://kartaview.org/details/7970345/0
1822484073	44|OpenStreetView	2022-11-02T03:05:42	taken	105.951728	21.057048		https://kartaview.org/details/7970361/0
1929144809	44|OpenStreetView	2022-11-02T03:09:34	taken	105.960136	21.053711		https://kartaview.org/details/8645049/0
1929144793	44|OpenStreetView	2022-11-02T03:10:01	taken	105.961358	21.054243		https://kartaview.org/details/8645033/0
1815416361	44|OpenStreetView	2022-11-02T06:31:26	taken	105.953737	21.062677		https://kartaview.org/details/7865609/0
1995631097	44|OpenStreetView	2022-11-03T06:33:00	taken	105.783076	21.142337		https://kartaview.org/details/9079289/0
2534019097	44|OpenStreetView	2022-11-04T07:45:43	taken	105.917276	21.120561		https://kartaview.org/details/10432825/0
2534019113	44|OpenStreetView	2022-11-04T07:45:56	taken	105.917616	21.120616		https://kartaview.org/details/10432841/0
1996419641	44|OpenStreetView	2022-11-04T09:16:46	taken	105.897630	21.119392		https://kartaview.org/details/9098825/0
1821508537	44|OpenStreetView	2022-11-04T09:39:02	taken	105.744854	21.140547		https://kartaview.org/details/7943897/0
2534205353	44|OpenStreetView	2022-11-05T05:39:39	taken	105.921014	21.085933		https://kartaview.org/details/10442409/0
1996088377	44|OpenStreetView	2022-11-06T01:13:45	taken	105.856645	21.136624		https://kartaview.org/details/9089417/0
1693338137	44|OpenStreetView	2022-11-06T03:13:43	taken	105.920519	21.090298		https://kartaview.org/details/6728041/0
1693338121	44|OpenStreetView	2022-11-06T03:14:09	taken	105.921275	21.089665		https://kartaview.org/details/6728025/0
1996418537	44|OpenStreetView	2022-11-06T03:52:42	taken	105.870039	21.114735		https://kartaview.org/details/9097721/0
1996418569	44|OpenStreetView	2022-11-06T03:52:54	taken	105.869849	21.114504		https://kartaview.org/details/9097753/0
1996418505	44|OpenStreetView	2022-11-06T03:54:18	taken	105.869650	21.115529		https://kartaview.org/details/9097689/0
2633086781	44|OpenStreetView	2022-11-06T03:57:58	taken	105.903565	21.094141		https://kartaview.org/details/11698577/0
1930450473	44|OpenStreetView	2022-11-06T04:15:17	taken	105.823413	21.142561		https://kartaview.org/details/8685401/0
1930450441	44|OpenStreetView	2022-11-06T04:15:26	taken	105.823616	21.142676		https://kartaview.org/details/8685369/0
2633086764	44|OpenStreetView	2022-11-06T04:20:06	taken	105.908993	21.089139		https://kartaview.org/details/11698569/0
2633086768	44|OpenStreetView	2022-11-06T04:20:19	taken	105.909276	21.089281		https://kartaview.org/details/11698571/0
1930450233	44|OpenStreetView	2022-11-06T04:25:31	taken	105.824187	21.143282		https://kartaview.org/details/8685161/0
1930450361	44|OpenStreetView	2022-11-06T04:25:39	taken	105.823956	21.143250		https://kartaview.org/details/8685289/0
1930450249	44|OpenStreetView	2022-11-06T04:26:33	taken	105.824048	21.142889		https://kartaview.org/details/8685177/0
1930450345	44|OpenStreetView	2022-11-06T04:27:24	taken	105.824019	21.142616		https://kartaview.org/details/8685273/0
1930450489	44|OpenStreetView	2022-11-06T04:33:33	taken	105.823722	21.142180		https://kartaview.org/details/8685417/0
1930450457	44|OpenStreetView	2022-11-06T04:33:37	taken	105.823601	21.142159		https://kartaview.org/details/8685385/0
1996418473	44|OpenStreetView	2022-11-06T04:39:16	taken	105.869542	21.115212		https://kartaview.org/details/9097657/0
1930450377	44|OpenStreetView	2022-11-06T04:58:05	taken	105.824806	21.143038		https://kartaview.org/details/8685305/0
1927726185	44|OpenStreetView	2022-11-06T05:29:08	taken	105.869547	21.126468		https://kartaview.org/details/8625673/0
1927726137	44|OpenStreetView	2022-11-06T05:51:09	taken	105.869493	21.125414		https://kartaview.org/details/8625625/0
1927726121	44|OpenStreetView	2022-11-06T05:51:17	taken	105.869408	21.125736		https://kartaview.org/details/8625609/0
2633085491	44|OpenStreetView	2022-11-06T05:56:25	taken	105.916860	21.088954		https://kartaview.org/details/11698369/0
2633151924	44|OpenStreetView	2022-11-06T06:21:34	taken	105.831265	21.142331		https://kartaview.org/details/11703472/0
2633151926	44|OpenStreetView	2022-11-06T06:22:11	taken	105.831172	21.142710		https://kartaview.org/details/11703474/0
2534017929	44|OpenStreetView	2022-11-06T07:06:31	taken	105.921288	21.096939		https://kartaview.org/details/10431657/0
2002398505	44|OpenStreetView	2022-11-06T07:16:12	taken	105.922317	21.096526		https://kartaview.org/details/9115577/0
2002398425	44|OpenStreetView	2022-11-06T07:18:43	taken	105.922713	21.096887		https://kartaview.org/details/9115497/0
1927518953	44|OpenStreetView	2022-11-07T05:14:44	taken	105.918531	21.139033		https://kartaview.org/details/8616633/0
1927518937	44|OpenStreetView	2022-11-07T05:15:40	taken	105.915461	21.140008		https://kartaview.org/details/8616617/0
1927518457	44|OpenStreetView	2022-11-07T05:22:09	taken	105.915977	21.137462		https://kartaview.org/details/8616137/0
1928898345	44|OpenStreetView	2022-11-07T08:42:58	taken	105.927948	21.143982		https://kartaview.org/details/8634745/0
1816250457	44|OpenStreetView	2022-11-09T05:22:31	taken	105.903369	21.135970		https://kartaview.org/details/7883401/0
2003133177	44|OpenStreetView	2022-11-09T05:54:04	taken	105.902002	21.136545		https://kartaview.org/details/9124009/0
2000015577	44|OpenStreetView	2022-11-13T04:59:17	taken	105.900107	20.983832		https://kartaview.org/details/9105449/0
1778754777	44|OpenStreetView	2022-11-13T08:24:47	taken	105.817257	20.980289		https://kartaview.org/details/7614857/0
2534205609	44|OpenStreetView	2022-11-14T03:32:32	taken	105.767579	20.933337		https://kartaview.org/details/10442665/0
2010812329	44|OpenStreetView	2022-11-14T06:34:37	taken	105.760355	20.943191		https://kartaview.org/details/9163545/0
2010812313	44|OpenStreetView	2022-11-14T06:50:30	taken	105.760929	20.943093		https://kartaview.org/details/9163529/0
2011837097	44|OpenStreetView	2022-11-14T09:55:29	taken	105.763309	20.947512		https://kartaview.org/details/9168793/0
1815413481	44|OpenStreetView	2022-11-15T09:45:39	taken	105.771344	20.949463		https://kartaview.org/details/7862729/0
1815413497	44|OpenStreetView	2022-11-15T09:45:51	taken	105.772174	20.949198		https://kartaview.org/details/7862745/0
1815413465	44|OpenStreetView	2022-11-15T09:45:57	taken	105.772558	20.949077		https://kartaview.org/details/7862713/0
1815413513	44|OpenStreetView	2022-11-15T09:46:19	taken	105.773708	20.948708		https://kartaview.org/details/7862761/0
2002398713	44|OpenStreetView	2022-11-16T02:24:39	taken	105.876864	21.123687		https://kartaview.org/details/9115785/0
1930201561	44|OpenStreetView	2022-11-16T08:18:35	taken	105.924337	21.138830		https://kartaview.org/details/8682121/0
1996033241	44|OpenStreetView	2022-11-18T06:47:21	taken	105.762724	21.055507		https://kartaview.org/details/9086313/0
2010811913	44|OpenStreetView	2022-11-21T01:01:59	taken	105.740776	20.950754		https://kartaview.org/details/9163129/0
1814489769	44|OpenStreetView	2022-11-21T01:55:26	taken	105.737427	20.953159		https://kartaview.org/details/7857865/0
1814489897	44|OpenStreetView	2022-11-21T01:57:23	taken	105.737471	20.953641		https://kartaview.org/details/7857993/0
1996450937	44|OpenStreetView	2022-11-21T03:07:52	taken	105.738237	20.951256		https://kartaview.org/details/9100441/0
2623788325	44|OpenStreetView	2022-11-26T06:02:49	taken	105.835584	21.002447		https://kartaview.org/details/11587559/0
2534016857	44|OpenStreetView	2022-11-30T06:52:46	taken	105.740024	21.038809		https://kartaview.org/details/10430585/0
2534016873	44|OpenStreetView	2022-11-30T06:52:56	taken	105.740224	21.039022		https://kartaview.org/details/10430601/0
1693337017	44|OpenStreetView	2022-12-04T05:34:45	taken	105.795440	21.088646		https://kartaview.org/details/6726921/0
2534208457	44|OpenStreetView	2022-12-04T06:31:08	taken	105.806936	21.086696		https://kartaview.org/details/10445513/0
2003492857	44|OpenStreetView	2022-12-05T05:28:59	taken	105.730049	21.041063		https://kartaview.org/details/9131753/0
2534157257	44|OpenStreetView	2022-12-05T05:30:56	taken	105.728924	21.040834		https://kartaview.org/details/10438585/0
2010811977	44|OpenStreetView	2022-12-05T06:27:25	taken	105.739048	21.028871		https://kartaview.org/details/9163193/0
2010811993	44|OpenStreetView	2022-12-05T06:29:45	taken	105.739263	21.029018		https://kartaview.org/details/9163209/0
1816250953	44|OpenStreetView	2022-12-11T07:50:42	taken	105.946309	21.138324		https://kartaview.org/details/7883897/0
2003485657	44|OpenStreetView	2022-12-12T02:48:32	taken	105.931684	21.132618		https://kartaview.org/details/9130153/0
2003485641	44|OpenStreetView	2022-12-12T02:48:42	taken	105.931251	21.132635		https://kartaview.org/details/9130137/0
2003485625	44|OpenStreetView	2022-12-12T02:49:24	taken	105.931193	21.133873		https://kartaview.org/details/9130121/0
2003485593	44|OpenStreetView	2022-12-12T03:06:11	taken	105.930632	21.134902		https://kartaview.org/details/9130089/0
2003485609	44|OpenStreetView	2022-12-12T03:06:39	taken	105.930804	21.133860		https://kartaview.org/details/9130105/0
1814482233	44|OpenStreetView	2022-12-12T03:08:06	taken	105.931662	21.134447		https://kartaview.org/details/7857497/0
1996094313	44|OpenStreetView	2022-12-16T05:13:11	taken	105.953696	21.110359		https://kartaview.org/details/9090985/0
1996094281	44|OpenStreetView	2022-12-16T05:22:30	taken	105.953460	21.109793		https://kartaview.org/details/9090953/0
1996094297	44|OpenStreetView	2022-12-16T05:24:31	taken	105.953817	21.110132		https://kartaview.org/details/9090969/0
1930199977	44|OpenStreetView	2023-05-25T09:23:41	taken	105.923055	21.137652		https://kartaview.org/details/8681833/0
1930199961	44|OpenStreetView	2023-05-25T09:28:07	taken	105.921235	21.142300		https://kartaview.org/details/8681817/0
1930200057	44|OpenStreetView	2023-05-25T09:28:53	taken	105.919768	21.139863		https://kartaview.org/details/8681913/0
1930200041	44|OpenStreetView	2023-05-25T09:29:22	taken	105.921567	21.139129		https://kartaview.org/details/8681897/0
1820084857	44|OpenStreetView	2023-05-26T01:55:45	taken	105.921314	21.113704		https://kartaview.org/details/7913033/0
2534019129	44|OpenStreetView	2023-05-26T02:24:03	taken	105.917555	21.120690		https://kartaview.org/details/10432857/0
2632527212	44|OpenStreetView	2023-05-26T02:40:39	taken	105.920915	21.116424		https://kartaview.org/details/11693194/0
2632527211	44|OpenStreetView	2023-05-26T02:41:04	taken	105.920691	21.116167		https://kartaview.org/details/11693193/0
1930173449	44|OpenStreetView	2023-05-26T05:26:50	taken	105.911821	21.128423		https://kartaview.org/details/8674857/0
1930173417	44|OpenStreetView	2023-05-26T06:20:50	taken	105.914788	21.130122		https://kartaview.org/details/8674825/0
1927518777	44|OpenStreetView	2023-05-26T06:56:31	taken	105.913053	21.134113		https://kartaview.org/details/8616457/0
1996094473	44|OpenStreetView	2023-05-26T09:16:49	taken	105.936438	21.136771		https://kartaview.org/details/9091145/0
1996094457	44|OpenStreetView	2023-05-26T09:18:50	taken	105.937114	21.136795		https://kartaview.org/details/9091129/0
1996094345	44|OpenStreetView	2023-05-26T09:52:16	taken	105.943562	21.135553		https://kartaview.org/details/9091017/0
1996094329	44|OpenStreetView	2023-05-26T09:56:53	taken	105.943793	21.135987		https://kartaview.org/details/9091001/0
1927606505	44|OpenStreetView	2023-05-28T01:09:22	taken	105.937576	21.089147		https://kartaview.org/details/8618601/0
1927606473	44|OpenStreetView	2023-05-28T01:12:33	taken	105.937166	21.093308		https://kartaview.org/details/8618569/0
1927606457	44|OpenStreetView	2023-05-28T01:13:46	taken	105.936702	21.093243		https://kartaview.org/details/8618553/0
1927606489	44|OpenStreetView	2023-05-28T01:13:58	taken	105.936465	21.093628		https://kartaview.org/details/8618585/0
1927606521	44|OpenStreetView	2023-05-28T01:21:23	taken	105.936406	21.089980		https://kartaview.org/details/8618617/0
1927606537	44|OpenStreetView	2023-05-28T01:24:05	taken	105.934281	21.090205		https://kartaview.org/details/8618633/0
2633088648	44|OpenStreetView	2023-05-28T01:45:40	taken	105.931822	21.093280		https://kartaview.org/details/11699894/0
2633088650	44|OpenStreetView	2023-05-28T01:45:45	taken	105.931904	21.093200		https://kartaview.org/details/11699896/0
2633088654	44|OpenStreetView	2023-05-28T01:46:02	taken	105.932241	21.093515		https://kartaview.org/details/11699898/0
2633088655	44|OpenStreetView	2023-05-28T02:04:29	taken	105.931030	21.092923		https://kartaview.org/details/11699899/0
1929989209	44|OpenStreetView	2023-05-28T06:14:37	taken	105.955411	21.088347		https://kartaview.org/details/8663305/0
2534207753	44|OpenStreetView	2023-06-01T01:31:25	taken	105.928474	20.952342		https://kartaview.org/details/10444809/0
2534153513	44|OpenStreetView	2023-06-01T02:13:23	taken	105.923721	20.953764		https://kartaview.org/details/10436953/0
2534153529	44|OpenStreetView	2023-06-01T02:14:38	taken	105.923407	20.953370		https://kartaview.org/details/10436969/0
1927726089	44|OpenStreetView	2023-06-01T03:38:34	taken	105.958617	20.960625		https://kartaview.org/details/8625577/0
1927726073	44|OpenStreetView	2023-06-01T03:38:46	taken	105.959111	20.960474		https://kartaview.org/details/8625561/0
2032918825	44|OpenStreetView	2023-06-01T06:11:25	taken	105.942450	20.955212		https://kartaview.org/details/9283721/0
1778791017	44|OpenStreetView	2023-06-11T00:39:20	taken	105.824162	21.022998		https://kartaview.org/details/7618745/0
1778791001	44|OpenStreetView	2023-06-11T00:39:36	taken	105.823767	21.022900		https://kartaview.org/details/7618729/0
2495133993	44|OpenStreetView	2023-06-11T03:08:51	taken	105.827097	21.027794		https://kartaview.org/details/10119801/0
2534937961	44|OpenStreetView	2023-06-11T06:25:27	taken	105.728629	20.995289		https://kartaview.org/details/10451225/0
2534937913	44|OpenStreetView	2023-06-11T06:30:49	taken	105.728928	20.995017		https://kartaview.org/details/10451177/0
1815630105	44|OpenStreetView	2023-06-12T02:12:11	taken	105.907710	21.006959		https://kartaview.org/details/7877049/0
1959785721	44|OpenStreetView	2023-06-12T03:49:31	taken	105.738808	20.998789		https://kartaview.org/details/9005705/0
1927622665	44|OpenStreetView	2023-06-12T05:12:40	taken	105.924267	21.007899		https://kartaview.org/details/8622601/0
1927622649	44|OpenStreetView	2023-06-12T05:16:47	taken	105.927422	21.008077		https://kartaview.org/details/8622585/0
1927622633	44|OpenStreetView	2023-06-12T05:17:24	taken	105.928438	21.008147		https://kartaview.org/details/8622569/0
1939295305	44|OpenStreetView	2023-06-13T00:55:45	taken	105.904757	21.013709		https://kartaview.org/details/8760729/0
1939295289	44|OpenStreetView	2023-06-13T00:56:15	taken	105.904671	21.012709		https://kartaview.org/details/8760713/0
2629526966	44|OpenStreetView	2023-06-13T02:37:23	taken	105.935584	21.013751		https://kartaview.org/details/11644717/0
2534207785	44|OpenStreetView	2023-06-13T04:31:55	taken	105.829803	21.025115		https://kartaview.org/details/10444841/0
1778790249	44|OpenStreetView	2023-06-13T09:50:15	taken	105.808306	21.016914		https://kartaview.org/details/7617977/0
1822305449	44|OpenStreetView	2023-06-14T07:22:54	taken	105.957678	21.037919		https://kartaview.org/details/7962873/0
1781929513	44|OpenStreetView	2023-06-14T08:41:06	taken	105.928732	21.024246		https://kartaview.org/details/7634409/0
1816250601	44|OpenStreetView	2023-06-15T02:34:14	taken	105.817792	21.111677		https://kartaview.org/details/7883545/0
1927725465	44|OpenStreetView	2023-06-15T03:58:58	taken	105.846027	21.128081		https://kartaview.org/details/8624953/0
1927725481	44|OpenStreetView	2023-06-15T03:59:16	taken	105.845526	21.128044		https://kartaview.org/details/8624969/0
1927725529	44|OpenStreetView	2023-06-15T04:01:49	taken	105.847057	21.128193		https://kartaview.org/details/8625017/0
1927725497	44|OpenStreetView	2023-06-15T04:02:07	taken	105.846627	21.127880		https://kartaview.org/details/8624985/0
1996064457	44|OpenStreetView	2023-06-15T04:07:37	taken	105.849211	21.141665		https://kartaview.org/details/9088553/0
1996064441	44|OpenStreetView	2023-06-15T04:11:27	taken	105.849088	21.141438		https://kartaview.org/details/9088537/0
1959770521	44|OpenStreetView	2023-06-15T04:57:51	taken	105.788128	21.026627		https://kartaview.org/details/9005177/0
2538425577	44|OpenStreetView	2023-06-15T05:32:47	taken	105.798121	20.998311		https://kartaview.org/details/10479561/0
2632543290	44|OpenStreetView	2023-06-15T05:55:43	taken	105.828887	21.133193		https://kartaview.org/details/11694890/0
2632543292	44|OpenStreetView	2023-06-15T05:55:46	taken	105.828968	21.133332		https://kartaview.org/details/11694892/0
2534153593	44|OpenStreetView	2023-06-15T06:14:29	taken	105.832746	21.116209		https://kartaview.org/details/10437033/0
1930172809	44|OpenStreetView	2023-06-15T06:27:52	taken	105.861730	21.123059		https://kartaview.org/details/8674217/0
1930172841	44|OpenStreetView	2023-06-15T06:28:20	taken	105.861844	21.124213		https://kartaview.org/details/8674249/0
1927729993	44|OpenStreetView	2023-06-15T07:31:53	taken	105.873934	21.125031		https://kartaview.org/details/8626745/0
1927730009	44|OpenStreetView	2023-06-15T07:32:21	taken	105.874002	21.126581		https://kartaview.org/details/8626761/0
1927726153	44|OpenStreetView	2023-06-15T07:35:56	taken	105.870092	21.125527		https://kartaview.org/details/8625641/0
1927726169	44|OpenStreetView	2023-06-15T07:36:16	taken	105.870015	21.126479		https://kartaview.org/details/8625657/0
1773740313	44|OpenStreetView	2023-06-15T07:39:17	taken	105.800424	21.000427		https://kartaview.org/details/7586793/0
1820130329	44|OpenStreetView	2023-06-15T08:15:44	taken	105.878523	21.127740		https://kartaview.org/details/7915257/0
1930197417	44|OpenStreetView	2023-06-15T09:18:05	taken	105.875207	21.113559		https://kartaview.org/details/8679273/0
1930196953	44|OpenStreetView	2023-06-15T09:18:23	taken	105.874886	21.113808		https://kartaview.org/details/8678809/0
1930196937	44|OpenStreetView	2023-06-15T09:18:35	taken	105.874859	21.114204		https://kartaview.org/details/8678793/0
1930196921	44|OpenStreetView	2023-06-15T09:18:51	taken	105.874787	21.114767		https://kartaview.org/details/8678777/0
1930197385	44|OpenStreetView	2023-06-15T09:19:23	taken	105.875261	21.114233		https://kartaview.org/details/8679241/0
1930197433	44|OpenStreetView	2023-06-15T09:32:32	taken	105.871584	21.113472		https://kartaview.org/details/8679289/0
1996418489	44|OpenStreetView	2023-06-15T09:34:51	taken	105.869501	21.113805		https://kartaview.org/details/9097673/0
1778785065	44|OpenStreetView	2023-06-15T09:51:35	taken	105.812653	21.086386		https://kartaview.org/details/7616649/0
1930197481	44|OpenStreetView	2023-06-15T10:10:51	taken	105.872686	21.115716		https://kartaview.org/details/8679337/0
2002408697	44|OpenStreetView	2023-06-15T10:41:43	taken	105.865596	21.115623		https://kartaview.org/details/9116825/0
1930197545	44|OpenStreetView	2023-06-15T10:56:31	taken	105.871292	21.115952		https://kartaview.org/details/8679401/0
1930197529	44|OpenStreetView	2023-06-15T10:56:43	taken	105.871264	21.116281		https://kartaview.org/details/8679385/0
1930197769	44|OpenStreetView	2023-06-15T10:57:42	taken	105.870236	21.115860		https://kartaview.org/details/8679625/0
2042596297	44|OpenStreetView	2023-06-15T23:57:23	taken	105.850298	21.007609		https://kartaview.org/details/9317577/0
1778759721	44|OpenStreetView	2023-06-16T02:05:01	taken	105.858358	21.011274		https://kartaview.org/details/7615801/0
1779875049	44|OpenStreetView	2023-06-16T03:16:47	taken	105.837562	21.001278		https://kartaview.org/details/7627321/0
2623626637	44|OpenStreetView	2023-06-16T03:35:10	taken	105.738337	20.991493		https://kartaview.org/details/11585897/0
1929572457	44|OpenStreetView	2023-06-16T03:36:48	taken	105.944249	21.073323		https://kartaview.org/details/8652425/0
1929572489	44|OpenStreetView	2023-06-16T03:37:00	taken	105.944646	21.072901		https://kartaview.org/details/8652457/0
1929572473	44|OpenStreetView	2023-06-16T03:37:14	taken	105.945074	21.072422		https://kartaview.org/details/8652441/0
1929572505	44|OpenStreetView	2023-06-16T03:37:28	taken	105.944577	21.071982		https://kartaview.org/details/8652473/0
2633250297	44|OpenStreetView	2023-06-16T04:00:28	taken	105.741390	20.989959		https://kartaview.org/details/11706982/0
2633251015	44|OpenStreetView	2023-06-16T04:00:34	taken	105.741493	20.989834		https://kartaview.org/details/11707156/0
1815500857	44|OpenStreetView	2023-06-16T04:44:50	taken	105.854624	21.007417		https://kartaview.org/details/7876057/0
1815494777	44|OpenStreetView	2023-06-16T04:45:08	taken	105.854125	21.007636		https://kartaview.org/details/7869977/0
1815494793	44|OpenStreetView	2023-06-16T04:46:13	taken	105.853745	21.007733		https://kartaview.org/details/7869993/0
1815500809	44|OpenStreetView	2023-06-16T04:48:33	taken	105.854074	21.006553		https://kartaview.org/details/7876009/0
1815500825	44|OpenStreetView	2023-06-16T04:51:33	taken	105.854261	21.006584		https://kartaview.org/details/7876025/0
1927730697	44|OpenStreetView	2023-06-16T04:58:19	taken	105.932199	21.047655		https://kartaview.org/details/8627449/0
2623626588	44|OpenStreetView	2023-06-16T05:10:50	taken	105.737714	20.991646		https://kartaview.org/details/11585895/0
2623626506	44|OpenStreetView	2023-06-16T05:11:01	taken	105.737601	20.991844		https://kartaview.org/details/11585889/0
2048815369	44|OpenStreetView	2023-06-16T05:18:33	taken	105.736901	20.990487		https://kartaview.org/details/9329881/0
2048815353	44|OpenStreetView	2023-06-16T05:28:40	taken	105.737791	20.988878		https://kartaview.org/details/9329865/0
2628366625	44|OpenStreetView	2023-06-16T05:54:26	taken	105.738818	20.986272		https://kartaview.org/details/11622152/0
2628366626	44|OpenStreetView	2023-06-16T06:13:37	taken	105.738367	20.985829		https://kartaview.org/details/11622153/0
2002398185	44|OpenStreetView	2023-06-16T06:31:29	taken	105.946846	21.082194		https://kartaview.org/details/9115257/0
2002398217	44|OpenStreetView	2023-06-16T06:32:11	taken	105.946021	21.082211		https://kartaview.org/details/9115289/0
2002398201	44|OpenStreetView	2023-06-16T06:32:36	taken	105.945741	21.082515		https://kartaview.org/details/9115273/0
2002398393	44|OpenStreetView	2023-06-16T06:33:21	taken	105.945816	21.082036		https://kartaview.org/details/9115465/0
2027792041	44|OpenStreetView	2023-06-16T06:37:07	taken	105.834115	21.001357		https://kartaview.org/details/9229097/0
1779151353	44|OpenStreetView	2023-06-16T08:04:11	taken	105.826048	21.003797		https://kartaview.org/details/7623129/0
1779122345	44|OpenStreetView	2023-06-16T08:30:55	taken	105.831847	21.009120		https://kartaview.org/details/7622313/0
1815416185	44|OpenStreetView	2023-06-16T09:29:48	taken	105.799246	21.107561		https://kartaview.org/details/7865433/0
1996055961	44|OpenStreetView	2023-06-16T10:20:45	taken	105.802664	21.116757		https://kartaview.org/details/9087305/0
1996055945	44|OpenStreetView	2023-06-16T10:30:38	taken	105.802340	21.116823		https://kartaview.org/details/9087289/0
1779713993	44|OpenStreetView	2023-06-16T10:45:25	taken	105.898371	21.035580		https://kartaview.org/details/7626153/0
2633099509	44|OpenStreetView	2023-06-17T04:13:56	taken	105.788938	21.109759		https://kartaview.org/details/11702406/0
2633099508	44|OpenStreetView	2023-06-17T04:14:23	taken	105.788872	21.109207		https://kartaview.org/details/11702405/0
1779312601	44|OpenStreetView	2023-06-17T04:46:17	taken	105.821146	20.995427		https://kartaview.org/details/7623817/0
2032266713	44|OpenStreetView	2023-06-17T04:51:15	taken	105.823033	20.997868		https://kartaview.org/details/9265449/0
2032266697	44|OpenStreetView	2023-06-17T04:52:41	taken	105.823605	20.997810		https://kartaview.org/details/9265433/0
1995631129	44|OpenStreetView	2023-06-17T05:37:03	taken	105.797126	21.109762		https://kartaview.org/details/9079321/0
1996093001	44|OpenStreetView	2023-06-17T05:41:46	taken	105.812009	21.006307		https://kartaview.org/details/9089673/0
1996088505	44|OpenStreetView	2023-06-17T05:42:17	taken	105.812326	21.006403		https://kartaview.org/details/9089545/0
1778422185	44|OpenStreetView	2023-06-17T06:12:21	taken	105.854551	21.038703		https://kartaview.org/details/7611545/0
1778422169	44|OpenStreetView	2023-06-17T06:12:26	taken	105.854401	21.038609		https://kartaview.org/details/7611529/0
1778789753	44|OpenStreetView	2023-06-17T06:32:41	taken	105.815280	20.995335		https://kartaview.org/details/7617481/0
1778789769	44|OpenStreetView	2023-06-17T06:32:46	taken	105.815397	20.995256		https://kartaview.org/details/7617497/0
1778790233	44|OpenStreetView	2023-06-17T06:32:52	taken	105.815511	20.995222		https://kartaview.org/details/7617961/0
2027863369	44|OpenStreetView	2023-06-17T06:40:40	taken	105.811684	21.009067		https://kartaview.org/details/9236185/0
2027863273	44|OpenStreetView	2023-06-17T06:43:53	taken	105.811220	21.009140		https://kartaview.org/details/9236089/0
2027863241	44|OpenStreetView	2023-06-17T06:44:45	taken	105.811410	21.009293		https://kartaview.org/details/9236057/0
1778789801	44|OpenStreetView	2023-06-17T06:46:01	taken	105.815730	20.995330		https://kartaview.org/details/7617529/0
1778791097	44|OpenStreetView	2023-06-17T06:58:40	taken	105.816235	21.011630		https://kartaview.org/details/7618825/0
1778789785	44|OpenStreetView	2023-06-17T07:13:55	taken	105.819515	21.006867		https://kartaview.org/details/7617513/0
1779327401	44|OpenStreetView	2023-06-17T07:23:31	taken	105.820260	21.009196		https://kartaview.org/details/7623961/0
1774898041	44|OpenStreetView	2023-06-17T07:36:06	taken	105.822652	21.011271		https://kartaview.org/details/7598057/0
1780830553	44|OpenStreetView	2023-06-18T04:17:04	taken	105.827327	21.033062		https://kartaview.org/details/7629785/0
1815499913	44|OpenStreetView	2023-06-18T05:53:46	taken	105.796103	21.015207		https://kartaview.org/details/7875113/0
1815499945	44|OpenStreetView	2023-06-18T05:53:59	taken	105.796435	21.015422		https://kartaview.org/details/7875145/0
1780832937	44|OpenStreetView	2023-06-18T07:43:26	taken	105.826641	21.036632		https://kartaview.org/details/7629881/0
1780830601	44|OpenStreetView	2023-06-18T07:44:49	taken	105.826517	21.036594		https://kartaview.org/details/7629833/0
2032263897	44|OpenStreetView	2023-06-18T07:48:33	taken	105.831152	21.028232		https://kartaview.org/details/9264953/0
1778790777	44|OpenStreetView	2023-06-18T07:53:23	taken	105.803981	21.013650		https://kartaview.org/details/7618505/0
1778790713	44|OpenStreetView	2023-06-18T07:53:26	taken	105.803926	21.013706		https://kartaview.org/details/7618441/0
1778790745	44|OpenStreetView	2023-06-18T07:53:36	taken	105.803662	21.013931		https://kartaview.org/details/7618473/0
2457873353	44|OpenStreetView	2023-06-18T08:14:17	taken	105.824489	21.038075		https://kartaview.org/details/10022153/0
1996420137	44|OpenStreetView	2023-06-18T08:32:27	taken	105.824450	21.034740		https://kartaview.org/details/9099321/0
1779747833	44|OpenStreetView	2023-06-19T01:25:48	taken	105.814011	21.002587		https://kartaview.org/details/7626889/0
1778759673	44|OpenStreetView	2023-06-19T05:24:12	taken	105.922067	21.025936		https://kartaview.org/details/7615753/0
2537917865	44|OpenStreetView	2023-06-19T05:31:51	taken	105.927801	21.023113		https://kartaview.org/details/10477609/0
2537917881	44|OpenStreetView	2023-06-19T05:32:00	taken	105.927175	21.023196		https://kartaview.org/details/10477625/0
2537917897	44|OpenStreetView	2023-06-19T05:32:14	taken	105.926715	21.024003		https://kartaview.org/details/10477641/0
2537917913	44|OpenStreetView	2023-06-19T05:32:33	taken	105.927105	21.025088		https://kartaview.org/details/10477657/0
2537917833	44|OpenStreetView	2023-06-19T05:45:55	taken	105.930028	21.022653		https://kartaview.org/details/10477577/0
2537917849	44|OpenStreetView	2023-06-19T05:46:16	taken	105.928684	21.023040		https://kartaview.org/details/10477593/0
2537917817	44|OpenStreetView	2023-06-19T06:09:22	taken	105.930578	21.023577		https://kartaview.org/details/10477561/0
1781929401	44|OpenStreetView	2023-06-19T06:34:12	taken	105.931363	21.030137		https://kartaview.org/details/7634297/0
2000015417	44|OpenStreetView	2023-06-19T09:22:14	taken	105.899307	21.024188		https://kartaview.org/details/9105289/0
1930173593	44|OpenStreetView	2023-06-20T02:31:58	taken	105.755666	21.139486		https://kartaview.org/details/8675001/0
1929580905	44|OpenStreetView	2023-06-20T02:45:34	taken	105.925467	21.108972		https://kartaview.org/details/8652665/0
1929580921	44|OpenStreetView	2023-06-20T02:46:02	taken	105.926803	21.107707		https://kartaview.org/details/8652681/0
1929580937	44|OpenStreetView	2023-06-20T02:47:58	taken	105.928066	21.106473		https://kartaview.org/details/8652697/0
1929580953	44|OpenStreetView	2023-06-20T02:48:16	taken	105.928685	21.105909		https://kartaview.org/details/8652713/0
1929580841	44|OpenStreetView	2023-06-20T02:50:12	taken	105.928984	21.106284		https://kartaview.org/details/8652601/0
1929580857	44|OpenStreetView	2023-06-20T02:51:54	taken	105.929156	21.106813		https://kartaview.org/details/8652617/0
1929580873	44|OpenStreetView	2023-06-20T02:52:12	taken	105.928226	21.107534		https://kartaview.org/details/8652633/0
1929580969	44|OpenStreetView	2023-06-20T02:52:29	taken	105.927749	21.108087		https://kartaview.org/details/8652729/0
1815416985	44|OpenStreetView	2023-06-20T03:01:12	taken	105.759539	21.133943		https://kartaview.org/details/7866233/0
1929580809	44|OpenStreetView	2023-06-20T03:12:47	taken	105.925955	21.109467		https://kartaview.org/details/8652569/0
1929580889	44|OpenStreetView	2023-06-20T03:13:08	taken	105.926746	21.108818		https://kartaview.org/details/8652649/0
1778438361	44|OpenStreetView	2023-06-20T03:14:25	taken	105.794166	20.985552		https://kartaview.org/details/7612169/0
1774652073	44|OpenStreetView	2023-06-20T03:16:30	taken	105.852428	20.997404		https://kartaview.org/details/7597273/0
1929596665	44|OpenStreetView	2023-06-20T03:18:51	taken	105.923122	21.108780		https://kartaview.org/details/8652889/0
1929596649	44|OpenStreetView	2023-06-20T03:20:50	taken	105.923385	21.108506		https://kartaview.org/details/8652873/0
1929596601	44|OpenStreetView	2023-06-20T03:22:45	taken	105.921057	21.107703		https://kartaview.org/details/8652825/0
1929596585	44|OpenStreetView	2023-06-20T03:23:05	taken	105.920479	21.108320		https://kartaview.org/details/8652809/0
1929596553	44|OpenStreetView	2023-06-20T03:23:17	taken	105.920178	21.108646		https://kartaview.org/details/8652777/0
1929596617	44|OpenStreetView	2023-06-20T03:23:29	taken	105.919847	21.109009		https://kartaview.org/details/8652841/0
1778422361	44|OpenStreetView	2023-06-20T03:29:45	taken	105.845950	20.997371		https://kartaview.org/details/7611721/0
2633082672	44|OpenStreetView	2023-06-20T03:35:07	taken	105.795012	20.968304		https://kartaview.org/details/11698118/0
2032186841	44|OpenStreetView	2023-06-20T03:40:31	taken	105.795982	20.984151		https://kartaview.org/details/9261065/0
2050069481	44|OpenStreetView	2023-06-20T03:50:44	taken	105.796508	20.985734		https://kartaview.org/details/9336281/0
1779329369	44|OpenStreetView	2023-06-20T03:52:48	taken	105.796903	20.986296		https://kartaview.org/details/7624233/0
1996032953	44|OpenStreetView	2023-06-20T03:56:57	taken	105.845163	20.998522		https://kartaview.org/details/9086025/0
1929596569	44|OpenStreetView	2023-06-20T04:20:18	taken	105.921391	21.107325		https://kartaview.org/details/8652793/0
1929596633	44|OpenStreetView	2023-06-20T04:20:28	taken	105.921725	21.106965		https://kartaview.org/details/8652857/0
1778790729	44|OpenStreetView	2023-06-20T04:45:10	taken	105.801844	20.985503		https://kartaview.org/details/7618457/0
1778790761	44|OpenStreetView	2023-06-20T04:45:34	taken	105.802425	20.984828		https://kartaview.org/details/7618489/0
2632682217	44|OpenStreetView	2023-06-20T04:47:16	taken	105.804057	20.986053		https://kartaview.org/details/11696593/0
1778790793	44|OpenStreetView	2023-06-20T04:49:54	taken	105.802113	20.985658		https://kartaview.org/details/7618521/0
1996417753	44|OpenStreetView	2023-06-20T05:10:32	taken	105.861168	21.027422		https://kartaview.org/details/9096937/0
1774716825	44|OpenStreetView	2023-06-20T05:11:23	taken	105.794014	21.023171		https://kartaview.org/details/7597641/0
1779320969	44|OpenStreetView	2023-06-20T05:44:55	taken	105.795711	21.022733		https://kartaview.org/details/7623897/0
1822358969	44|OpenStreetView	2023-06-20T07:25:52	taken	105.901715	21.105529		https://kartaview.org/details/7963161/0
2628360016	44|OpenStreetView	2023-06-20T08:08:04	taken	105.751656	20.944798		https://kartaview.org/details/11621934/0
2534017257	44|OpenStreetView	2023-06-20T08:09:22	taken	105.747194	21.119154		https://kartaview.org/details/10430985/0
2534149337	44|OpenStreetView	2023-06-20T08:12:54	taken	105.749463	20.944923		https://kartaview.org/details/10435065/0
2534149353	44|OpenStreetView	2023-06-20T08:13:03	taken	105.749561	20.944762		https://kartaview.org/details/10435081/0
2534205721	44|OpenStreetView	2023-06-20T08:28:17	taken	105.801141	20.992904		https://kartaview.org/details/10442777/0
1815416937	44|OpenStreetView	2023-06-20T08:31:27	taken	105.759861	21.133124		https://kartaview.org/details/7866185/0
1815500889	44|OpenStreetView	2023-06-20T08:36:17	taken	105.813136	21.082722		https://kartaview.org/details/7876089/0
1927725641	44|OpenStreetView	2023-06-20T08:47:04	taken	105.895578	21.102354		https://kartaview.org/details/8625129/0
1927725929	44|OpenStreetView	2023-06-20T08:47:47	taken	105.896696	21.102688		https://kartaview.org/details/8625417/0
1927725849	44|OpenStreetView	2023-06-20T08:48:03	taken	105.896052	21.102752		https://kartaview.org/details/8625337/0
1927725897	44|OpenStreetView	2023-06-20T08:48:16	taken	105.895620	21.102718		https://kartaview.org/details/8625385/0
1927725913	44|OpenStreetView	2023-06-20T08:50:36	taken	105.896843	21.103315		https://kartaview.org/details/8625401/0
1927725865	44|OpenStreetView	2023-06-20T08:50:46	taken	105.896471	21.103335		https://kartaview.org/details/8625353/0
1927725625	44|OpenStreetView	2023-06-20T08:56:18	taken	105.895297	21.102116		https://kartaview.org/details/8625113/0
1927725609	44|OpenStreetView	2023-06-20T08:56:30	taken	105.894816	21.101991		https://kartaview.org/details/8625097/0
2534208505	44|OpenStreetView	2023-06-20T09:17:29	taken	105.817463	20.965390		https://kartaview.org/details/10445561/0
2534208537	44|OpenStreetView	2023-06-20T09:17:35	taken	105.817367	20.965519		https://kartaview.org/details/10445593/0
2534208569	44|OpenStreetView	2023-06-20T09:17:55	taken	105.817257	20.965870		https://kartaview.org/details/10445625/0
1774652105	44|OpenStreetView	2023-06-20T10:11:11	taken	105.856807	21.032862		https://kartaview.org/details/7597305/0
2534959001	44|OpenStreetView	2023-06-20T10:30:55	taken	105.888815	21.107466		https://kartaview.org/details/10453081/0
2534959033	44|OpenStreetView	2023-06-20T10:35:27	taken	105.888276	21.107668		https://kartaview.org/details/10453097/0
1778516441	44|OpenStreetView	2023-06-20T10:43:46	taken	105.808922	21.023065		https://kartaview.org/details/7613177/0
2011894121	44|OpenStreetView	2023-06-21T03:09:31	taken	105.730494	21.080405		https://kartaview.org/details/9169673/0
2002398585	44|OpenStreetView	2023-06-21T05:51:18	taken	105.865505	21.100804		https://kartaview.org/details/9115657/0
2002398569	44|OpenStreetView	2023-06-21T05:51:44	taken	105.865401	21.100938		https://kartaview.org/details/9115641/0
1779328761	44|OpenStreetView	2023-06-21T07:14:22	taken	105.821165	21.077014		https://kartaview.org/details/7623993/0
1779328809	44|OpenStreetView	2023-06-21T07:15:07	taken	105.821401	21.077173		https://kartaview.org/details/7624009/0
1996417897	44|OpenStreetView	2023-06-21T07:48:05	taken	105.866672	21.108007		https://kartaview.org/details/9097081/0
1996417849	44|OpenStreetView	2023-06-21T07:51:30	taken	105.866131	21.108106		https://kartaview.org/details/9097033/0
1996417945	44|OpenStreetView	2023-06-21T07:57:35	taken	105.864589	21.108547		https://kartaview.org/details/9097129/0
2534019081	44|OpenStreetView	2023-06-21T08:00:35	taken	105.893279	21.025638		https://kartaview.org/details/10432809/0
1996418137	44|OpenStreetView	2023-06-21T08:03:14	taken	105.863495	21.109891		https://kartaview.org/details/9097321/0
1996418153	44|OpenStreetView	2023-06-21T08:03:23	taken	105.863387	21.109838		https://kartaview.org/details/9097337/0
1996418201	44|OpenStreetView	2023-06-21T08:03:40	taken	105.863096	21.109446		https://kartaview.org/details/9097385/0
2534993033	44|OpenStreetView	2023-06-21T09:03:27	taken	105.863941	21.099738		https://kartaview.org/details/10455065/0
2534159369	44|OpenStreetView	2023-06-21T09:05:58	taken	105.864015	21.100977		https://kartaview.org/details/10440697/0
1815414745	44|OpenStreetView	2023-06-22T03:17:29	taken	105.862294	21.066097		https://kartaview.org/details/7863993/0
1780830585	44|OpenStreetView	2023-06-22T03:23:34	taken	105.854353	21.005826		https://kartaview.org/details/7629817/0
1995576601	44|OpenStreetView	2023-06-22T04:41:58	taken	105.875189	21.073487		https://kartaview.org/details/9078905/0
1995576649	44|OpenStreetView	2023-06-22T04:43:22	taken	105.875601	21.074130		https://kartaview.org/details/9078953/0
1775832521	44|OpenStreetView	2023-06-22T04:47:37	taken	105.860435	21.002371		https://kartaview.org/details/7603481/0
1778706393	44|OpenStreetView	2023-06-22T04:55:11	taken	105.816017	20.994696		https://kartaview.org/details/7614665/0
1996450217	44|OpenStreetView	2023-06-22T05:02:02	taken	105.814336	20.989805		https://kartaview.org/details/9099721/0
1995576633	44|OpenStreetView	2023-06-22T05:07:58	taken	105.874789	21.073587		https://kartaview.org/details/9078937/0
1778790505	44|OpenStreetView	2023-06-22T05:09:37	taken	105.851469	21.041842		https://kartaview.org/details/7618233/0
1779106073	44|OpenStreetView	2023-06-22T05:26:07	taken	105.858947	21.005180		https://kartaview.org/details/7621721/0
1780860697	44|OpenStreetView	2023-06-22T05:37:58	taken	105.862483	21.003237		https://kartaview.org/details/7629929/0
1815500153	44|OpenStreetView	2023-06-22T05:38:34	taken	105.851248	21.043021		https://kartaview.org/details/7875353/0
1815500105	44|OpenStreetView	2023-06-22T05:42:31	taken	105.851676	21.043151		https://kartaview.org/details/7875305/0
1815500201	44|OpenStreetView	2023-06-22T05:44:25	taken	105.852230	21.043334		https://kartaview.org/details/7875401/0
1815500185	44|OpenStreetView	2023-06-22T05:44:30	taken	105.852207	21.043453		https://kartaview.org/details/7875385/0
2633088842	44|OpenStreetView	2023-06-22T06:10:50	taken	105.809678	21.025877		https://kartaview.org/details/11700022/0
2633089006	44|OpenStreetView	2023-06-22T06:11:16	taken	105.809235	21.026385		https://kartaview.org/details/11700154/0
2633089008	44|OpenStreetView	2023-06-22T06:11:46	taken	105.808766	21.025749		https://kartaview.org/details/11700155/0
1779106345	44|OpenStreetView	2023-06-22T06:11:49	taken	105.808740	21.025690		https://kartaview.org/details/7621993/0
2633088845	44|OpenStreetView	2023-06-22T06:13:20	taken	105.809819	21.025725		https://kartaview.org/details/11700024/0
1928893593	44|OpenStreetView	2023-06-22T06:14:01	taken	105.868268	21.076629		https://kartaview.org/details/8634537/0
1778791177	44|OpenStreetView	2023-06-22T06:17:28	taken	105.861902	21.001087		https://kartaview.org/details/7618905/0
1780860681	44|OpenStreetView	2023-06-22T06:19:40	taken	105.848889	21.042309		https://kartaview.org/details/7629913/0
1778755497	44|OpenStreetView	2023-06-22T06:43:59	taken	105.850381	21.044881		https://kartaview.org/details/7615577/0
1779328857	44|OpenStreetView	2023-06-22T06:47:09	taken	105.849927	21.044938		https://kartaview.org/details/7624025/0
2633089093	44|OpenStreetView	2023-06-22T07:32:12	taken	105.827318	20.994953		https://kartaview.org/details/11700234/0
1779329305	44|OpenStreetView	2023-06-22T07:58:05	taken	105.846686	21.048973		https://kartaview.org/details/7624169/0
1778438329	44|OpenStreetView	2023-06-22T08:23:31	taken	105.876236	21.061834		https://kartaview.org/details/7612137/0
2003485881	44|OpenStreetView	2023-06-22T08:28:30	taken	105.826771	20.993047		https://kartaview.org/details/9130377/0
2626028263	44|OpenStreetView	2023-06-22T08:33:07	taken	105.869931	21.084671		https://kartaview.org/details/11608098/0
2534205625	44|OpenStreetView	2023-06-22T08:47:27	taken	105.767537	20.933579		https://kartaview.org/details/10442681/0
2534206537	44|OpenStreetView	2023-06-22T09:00:17	taken	105.877894	21.064280		https://kartaview.org/details/10443593/0
1778790089	44|OpenStreetView	2023-06-22T09:02:43	taken	105.843872	21.047811		https://kartaview.org/details/7617817/0
1778789529	44|OpenStreetView	2023-06-22T09:03:36	taken	105.843253	21.047788		https://kartaview.org/details/7617257/0
2534019065	44|OpenStreetView	2023-06-22T09:36:35	taken	105.753216	20.972387		https://kartaview.org/details/10432793/0
1778784921	44|OpenStreetView	2023-06-22T09:45:38	taken	105.884354	21.058601		https://kartaview.org/details/7616505/0
1778784905	44|OpenStreetView	2023-06-22T09:45:43	taken	105.884091	21.058940		https://kartaview.org/details/7616489/0
2627989311	44|OpenStreetView	2023-06-28T03:28:30	taken	105.821256	20.984426		https://kartaview.org/details/11619340/0
1781929289	44|OpenStreetView	2023-06-28T03:37:26	taken	105.925172	21.019772		https://kartaview.org/details/7634185/0
2537917753	44|OpenStreetView	2023-06-28T03:38:57	taken	105.928079	21.022143		https://kartaview.org/details/10477497/0
2537917769	44|OpenStreetView	2023-06-28T03:39:14	taken	105.929358	21.022341		https://kartaview.org/details/10477513/0
2537917785	44|OpenStreetView	2023-06-28T03:39:32	taken	105.930864	21.022998		https://kartaview.org/details/10477529/0
2537917801	44|OpenStreetView	2023-06-28T03:39:51	taken	105.932459	21.023079		https://kartaview.org/details/10477545/0
1773834009	44|OpenStreetView	2023-06-28T03:42:19	taken	105.779896	21.009359		https://kartaview.org/details/7590793/0
1996093801	44|OpenStreetView	2023-06-28T04:25:28	taken	105.888724	21.087771		https://kartaview.org/details/9090473/0
1996093785	44|OpenStreetView	2023-06-28T04:25:37	taken	105.888661	21.087914		https://kartaview.org/details/9090457/0
1778759577	44|OpenStreetView	2023-06-28T04:34:17	taken	105.827337	21.039372		https://kartaview.org/details/7615657/0
1779057977	44|OpenStreetView	2023-06-28T04:43:22	taken	105.864921	20.997937		https://kartaview.org/details/7620841/0
1779057961	44|OpenStreetView	2023-06-28T04:43:50	taken	105.865399	20.997695		https://kartaview.org/details/7620825/0
1773974473	44|OpenStreetView	2023-06-28T04:44:33	taken	105.827974	21.038977		https://kartaview.org/details/7591353/0
2534206089	44|OpenStreetView	2023-06-28T04:50:43	taken	105.746505	21.112065		https://kartaview.org/details/10443145/0
1779875081	44|OpenStreetView	2023-06-28T05:01:56	taken	105.824907	20.970406		https://kartaview.org/details/7627353/0
2567630905	44|OpenStreetView	2023-06-28T05:09:00	taken	105.777779	21.008129		https://kartaview.org/details/11199193/0
1777039145	44|OpenStreetView	2023-06-28T05:32:13	taken	105.841964	21.041182		https://kartaview.org/details/7607897/0
1777039129	44|OpenStreetView	2023-06-28T05:32:47	taken	105.841806	21.041362		https://kartaview.org/details/7607881/0
1779255801	44|OpenStreetView	2023-06-28T05:33:07	taken	105.828580	20.972328		https://kartaview.org/details/7623305/0
2058983241	44|OpenStreetView	2023-06-28T05:41:40	taken	105.800641	21.031436		https://kartaview.org/details/9375305/0
1779255897	44|OpenStreetView	2023-06-28T05:55:08	taken	105.833789	20.988643		https://kartaview.org/details/7623337/0
1781947193	44|OpenStreetView	2023-06-28T06:17:15	taken	105.784283	21.002341		https://kartaview.org/details/7634713/0
2048459801	44|OpenStreetView	2023-06-28T06:30:24	taken	105.926907	21.022682		https://kartaview.org/details/9327449/0
1778785033	44|OpenStreetView	2023-06-28T07:35:18	taken	105.745720	20.973765		https://kartaview.org/details/7616617/0
2534992265	44|OpenStreetView	2023-06-28T07:44:50	taken	105.913599	21.082881		https://kartaview.org/details/10454297/0
2534992233	44|OpenStreetView	2023-06-28T07:45:00	taken	105.913766	21.082900		https://kartaview.org/details/10454265/0
2534992329	44|OpenStreetView	2023-06-28T07:45:06	taken	105.913858	21.082937		https://kartaview.org/details/10454361/0
2534992249	44|OpenStreetView	2023-06-28T07:45:30	taken	105.914335	21.083449		https://kartaview.org/details/10454281/0
2534992297	44|OpenStreetView	2023-06-28T07:45:47	taken	105.914643	21.083498		https://kartaview.org/details/10454329/0
2534017545	44|OpenStreetView	2023-06-28T07:48:35	taken	105.920854	21.021541		https://kartaview.org/details/10431273/0
1928688249	44|OpenStreetView	2023-06-28T07:55:32	taken	105.918354	21.022090		https://kartaview.org/details/8630889/0
1928688265	44|OpenStreetView	2023-06-28T07:59:29	taken	105.917962	21.021508		https://kartaview.org/details/8630905/0
1928688217	44|OpenStreetView	2023-06-28T08:03:21	taken	105.918868	21.020616		https://kartaview.org/details/8630857/0
1778789513	44|OpenStreetView	2023-06-28T08:27:09	taken	105.854576	21.039267		https://kartaview.org/details/7617241/0
1778789497	44|OpenStreetView	2023-06-28T08:27:36	taken	105.854364	21.039154		https://kartaview.org/details/7617225/0
1778790665	44|OpenStreetView	2023-06-28T08:28:05	taken	105.864429	21.002348		https://kartaview.org/details/7618393/0
1778790649	44|OpenStreetView	2023-06-28T08:28:28	taken	105.864419	21.002803		https://kartaview.org/details/7618377/0
1778422569	44|OpenStreetView	2023-06-28T08:32:59	taken	105.853261	21.039430		https://kartaview.org/details/7611929/0
2633079638	44|OpenStreetView	2023-06-28T08:43:03	taken	105.889526	21.061228		https://kartaview.org/details/11697973/0
2633079636	44|OpenStreetView	2023-06-28T08:43:22	taken	105.889197	21.060788		https://kartaview.org/details/11697971/0
2629464599	44|OpenStreetView	2023-06-28T09:22:51	taken	105.875865	20.995865		https://kartaview.org/details/11643015/0
2534993001	44|OpenStreetView	2023-06-28T09:50:25	taken	105.908504	21.018242		https://kartaview.org/details/10455033/0
2534993017	44|OpenStreetView	2023-06-28T09:54:24	taken	105.909026	21.018002		https://kartaview.org/details/10455049/0
2534992969	44|OpenStreetView	2023-06-28T09:54:47	taken	105.908827	21.018227		https://kartaview.org/details/10455001/0
1779151289	44|OpenStreetView	2023-06-28T10:16:14	taken	105.805801	21.025747		https://kartaview.org/details/7623065/0
1996074297	44|OpenStreetView	2023-06-28T10:20:42	taken	105.881800	21.000680		https://kartaview.org/details/9089081/0
1996074281	44|OpenStreetView	2023-06-28T10:21:07	taken	105.881205	21.000121		https://kartaview.org/details/9089065/0
1996074265	44|OpenStreetView	2023-06-28T10:21:19	taken	105.880861	20.999837		https://kartaview.org/details/9089049/0
1996074249	44|OpenStreetView	2023-06-28T10:21:27	taken	105.880641	20.999635		https://kartaview.org/details/9089033/0
1815498585	44|OpenStreetView	2023-06-28T10:52:21	taken	105.851734	20.970134		https://kartaview.org/details/7873785/0
2534208377	44|OpenStreetView	2023-06-29T02:11:16	taken	105.750869	20.981294		https://kartaview.org/details/10445433/0
1777039049	44|OpenStreetView	2023-06-29T02:17:47	taken	105.839751	20.994097		https://kartaview.org/details/7607801/0
2027792825	44|OpenStreetView	2023-06-29T02:33:42	taken	105.745757	20.983462		https://kartaview.org/details/9229881/0
2028196601	44|OpenStreetView	2023-06-29T02:44:05	taken	105.839368	20.991823		https://kartaview.org/details/9239961/0
1777042921	44|OpenStreetView	2023-06-29T02:51:27	taken	105.839050	20.989794		https://kartaview.org/details/7608185/0
1778555417	44|OpenStreetView	2023-06-29T03:16:51	taken	105.838984	20.987986		https://kartaview.org/details/7613385/0
2534159353	44|OpenStreetView	2023-06-29T03:44:30	taken	105.733557	20.976162		https://kartaview.org/details/10440681/0
2534159417	44|OpenStreetView	2023-06-29T03:44:38	taken	105.733694	20.976185		https://kartaview.org/details/10440745/0
2534159401	44|OpenStreetView	2023-06-29T03:44:49	taken	105.733797	20.976471		https://kartaview.org/details/10440729/0
1959770457	44|OpenStreetView	2023-06-29T04:05:12	taken	105.839694	20.984856		https://kartaview.org/details/9005113/0
1959770409	44|OpenStreetView	2023-06-29T04:05:38	taken	105.839828	20.984500		https://kartaview.org/details/9005065/0
1778791273	44|OpenStreetView	2023-06-29T04:08:35	taken	105.839569	20.986606		https://kartaview.org/details/7619001/0
1814545721	44|OpenStreetView	2023-06-29T04:14:28	taken	105.935066	21.062326		https://kartaview.org/details/7859849/0
2628366630	44|OpenStreetView	2023-06-29T04:14:43	taken	105.843522	20.943139		https://kartaview.org/details/11622157/0
1996418233	44|OpenStreetView	2023-06-29T04:24:25	taken	105.768126	21.125302		https://kartaview.org/details/9097417/0
1959770809	44|OpenStreetView	2023-06-29T04:42:55	taken	105.826117	21.040320		https://kartaview.org/details/9005465/0
1959770825	44|OpenStreetView	2023-06-29T04:43:10	taken	105.825685	21.040410		https://kartaview.org/details/9005481/0
1778555785	44|OpenStreetView	2023-06-29T05:03:21	taken	105.840532	20.988005		https://kartaview.org/details/7613401/0
2454240905	44|OpenStreetView	2023-06-29T05:05:00	taken	105.774825	20.994297		https://kartaview.org/details/10006233/0
1778555049	44|OpenStreetView	2023-06-29T05:05:35	taken	105.839108	20.988036		https://kartaview.org/details/7613369/0
2454240953	44|OpenStreetView	2023-06-29T05:06:47	taken	105.774749	20.994864		https://kartaview.org/details/10006281/0
2534961049	44|OpenStreetView	2023-06-29T05:21:48	taken	105.886560	20.995799		https://kartaview.org/details/10453721/0
2534961033	44|OpenStreetView	2023-06-29T05:21:52	taken	105.886461	20.995767		https://kartaview.org/details/10453705/0
1996028745	44|OpenStreetView	2023-06-29T05:40:27	taken	105.887519	20.997124		https://kartaview.org/details/9082681/0
1929028793	44|OpenStreetView	2023-06-29T06:00:34	taken	105.837839	20.940745		https://kartaview.org/details/8640441/0
1929028809	44|OpenStreetView	2023-06-29T06:04:14	taken	105.837579	20.940771		https://kartaview.org/details/8640457/0
1815808665	44|OpenStreetView	2023-06-29T06:43:13	taken	105.879320	21.000544		https://kartaview.org/details/7877705/0
1778675161	44|OpenStreetView	2023-06-29T06:54:20	taken	105.766468	20.998086		https://kartaview.org/details/7614377/0
1996029481	44|OpenStreetView	2023-06-29T06:55:32	taken	105.779669	21.130791		https://kartaview.org/details/9082937/0
1996031865	44|OpenStreetView	2023-06-29T07:00:47	taken	105.745133	20.995737		https://kartaview.org/details/9084937/0
1996064233	44|OpenStreetView	2023-06-29T07:02:07	taken	105.836952	20.938847		https://kartaview.org/details/9088329/0
1779741593	44|OpenStreetView	2023-06-29T07:04:00	taken	105.745852	20.994459		https://kartaview.org/details/7626665/0
2633088667	44|OpenStreetView	2023-06-29T07:25:27	taken	105.746924	20.995003		https://kartaview.org/details/11699905/0
1815500345	44|OpenStreetView	2023-06-29T07:35:40	taken	105.787263	20.990717		https://kartaview.org/details/7875545/0
1779712345	44|OpenStreetView	2023-06-29T07:53:13	taken	105.851314	20.991853		https://kartaview.org/details/7625913/0
2633081519	44|OpenStreetView	2023-06-29T07:55:14	taken	105.794793	21.033340		https://kartaview.org/details/11698013/0
2633082450	44|OpenStreetView	2023-06-29T07:55:38	taken	105.794623	21.033456		https://kartaview.org/details/11698096/0
2633082428	44|OpenStreetView	2023-06-29T07:55:56	taken	105.794672	21.033549		https://kartaview.org/details/11698094/0
1996048425	44|OpenStreetView	2023-06-29T08:03:13	taken	105.786600	21.130332		https://kartaview.org/details/9087209/0
2011837081	44|OpenStreetView	2023-06-29T08:41:53	taken	105.797681	21.030582		https://kartaview.org/details/9168777/0
1779736025	44|OpenStreetView	2023-06-29T09:14:33	taken	105.906946	21.070952		https://kartaview.org/details/7626313/0
1779736041	44|OpenStreetView	2023-06-29T09:14:39	taken	105.906845	21.071037		https://kartaview.org/details/7626329/0
1778759689	44|OpenStreetView	2023-06-29T09:17:47	taken	105.905627	21.070728		https://kartaview.org/details/7615769/0
2534208953	44|OpenStreetView	2023-06-30T00:35:12	taken	105.757064	20.997981		https://kartaview.org/details/10446009/0
1779736009	44|OpenStreetView	2023-06-30T01:56:46	taken	105.844521	20.989341		https://kartaview.org/details/7626297/0
1822483673	44|OpenStreetView	2023-06-30T02:28:06	taken	105.747733	20.996285		https://kartaview.org/details/7969961/0
2042846345	44|OpenStreetView	2023-06-30T02:47:23	taken	105.746326	20.999167		https://kartaview.org/details/9317977/0
2042846329	44|OpenStreetView	2023-06-30T02:49:04	taken	105.746673	20.999690		https://kartaview.org/details/9317961/0
2002408873	44|OpenStreetView	2023-06-30T02:52:47	taken	105.747708	20.999856		https://kartaview.org/details/9117001/0
1996056233	44|OpenStreetView	2023-06-30T02:56:21	taken	105.747223	21.000810		https://kartaview.org/details/9087577/0
1996056265	44|OpenStreetView	2023-06-30T02:56:38	taken	105.747645	21.000492		https://kartaview.org/details/9087609/0
1996056313	44|OpenStreetView	2023-06-30T03:02:15	taken	105.747714	21.000768		https://kartaview.org/details/9087657/0
2534206665	44|OpenStreetView	2023-06-30T03:29:35	taken	105.775801	20.987833		https://kartaview.org/details/10443721/0
2534206697	44|OpenStreetView	2023-06-30T03:30:20	taken	105.776034	20.988054		https://kartaview.org/details/10443753/0
2534206681	44|OpenStreetView	2023-06-30T03:30:26	taken	105.776134	20.988181		https://kartaview.org/details/10443737/0
2534206825	44|OpenStreetView	2023-06-30T03:30:46	taken	105.776446	20.988662		https://kartaview.org/details/10443881/0
1781929577	44|OpenStreetView	2023-06-30T03:30:54	taken	105.755517	21.001434		https://kartaview.org/details/7634473/0
2534206745	44|OpenStreetView	2023-06-30T03:31:09	taken	105.776508	20.989012		https://kartaview.org/details/10443801/0
2534206777	44|OpenStreetView	2023-06-30T03:33:07	taken	105.775104	20.988012		https://kartaview.org/details/10443833/0
2534206729	44|OpenStreetView	2023-06-30T03:33:15	taken	105.775061	20.988088		https://kartaview.org/details/10443785/0
2534206617	44|OpenStreetView	2023-06-30T03:33:57	taken	105.775444	20.988172		https://kartaview.org/details/10443673/0
2534206713	44|OpenStreetView	2023-06-30T03:34:18	taken	105.775773	20.988258		https://kartaview.org/details/10443769/0
1779735945	44|OpenStreetView	2023-06-30T04:34:36	taken	105.909282	21.028270		https://kartaview.org/details/7626233/0
1929073513	44|OpenStreetView	2023-06-30T05:15:13	taken	105.915572	21.001384		https://kartaview.org/details/8642105/0
1929073529	44|OpenStreetView	2023-06-30T05:15:29	taken	105.915991	21.000870		https://kartaview.org/details/8642121/0
1929073497	44|OpenStreetView	2023-06-30T05:17:29	taken	105.916071	21.000695		https://kartaview.org/details/8642089/0
1929073545	44|OpenStreetView	2023-06-30T05:17:43	taken	105.916487	21.001107		https://kartaview.org/details/8642137/0
2623664766	44|OpenStreetView	2023-06-30T05:24:57	taken	105.837559	21.020778		https://kartaview.org/details/11586361/0
2623664770	44|OpenStreetView	2023-06-30T05:26:13	taken	105.837859	21.021252		https://kartaview.org/details/11586365/0
2623664771	44|OpenStreetView	2023-06-30T05:26:53	taken	105.837713	21.020863		https://kartaview.org/details/11586366/0
1996056249	44|OpenStreetView	2023-06-30T05:41:11	taken	105.750719	21.004013		https://kartaview.org/details/9087593/0
1996056329	44|OpenStreetView	2023-06-30T05:41:23	taken	105.751124	21.004489		https://kartaview.org/details/9087673/0
1996056281	44|OpenStreetView	2023-06-30T05:43:17	taken	105.749407	21.004979		https://kartaview.org/details/9087625/0
1774930601	44|OpenStreetView	2023-06-30T06:14:04	taken	105.787189	21.034593		https://kartaview.org/details/7598169/0
1996033145	44|OpenStreetView	2023-06-30T06:25:26	taken	105.929875	21.003847		https://kartaview.org/details/9086217/0
1778554633	44|OpenStreetView	2023-06-30T06:46:28	taken	105.917989	21.032298		https://kartaview.org/details/7613353/0
1778554249	44|OpenStreetView	2023-06-30T06:46:38	taken	105.917727	21.032411		https://kartaview.org/details/7613337/0
1778553561	44|OpenStreetView	2023-06-30T06:47:09	taken	105.917126	21.032531		https://kartaview.org/details/7613305/0
1778553225	44|OpenStreetView	2023-06-30T06:48:16	taken	105.917771	21.032048		https://kartaview.org/details/7613289/0
1778759785	44|OpenStreetView	2023-06-30T06:52:24	taken	105.918545	21.031332		https://kartaview.org/details/7615865/0
2534017449	44|OpenStreetView	2023-06-30T07:41:31	taken	105.833421	21.016923		https://kartaview.org/details/10431177/0
1774712633	44|OpenStreetView	2023-06-30T07:58:38	taken	105.835680	21.017947		https://kartaview.org/details/7597609/0
1778552393	44|OpenStreetView	2023-06-30T09:03:47	taken	105.759536	21.002834		https://kartaview.org/details/7613257/0
1778759833	44|OpenStreetView	2023-06-30T09:29:04	taken	105.875151	20.968189		https://kartaview.org/details/7615913/0
1996420169	44|OpenStreetView	2023-06-30T10:09:51	taken	105.866911	20.967828		https://kartaview.org/details/9099353/0
1996093321	44|OpenStreetView	2023-06-30T10:13:09	taken	105.865061	20.968050		https://kartaview.org/details/9089993/0
1996420153	44|OpenStreetView	2023-06-30T10:17:30	taken	105.867438	20.967649		https://kartaview.org/details/9099337/0
1927622921	44|OpenStreetView	2023-06-30T10:31:11	taken	105.917105	21.048144		https://kartaview.org/details/8622857/0
2629526965	44|OpenStreetView	2023-06-30T10:45:32	taken	105.863647	20.964284		https://kartaview.org/details/11644716/0
1906706217	44|OpenStreetView	2023-07-01T04:07:43	taken	105.820977	21.019161		https://kartaview.org/details/8536777/0
1816249753	44|OpenStreetView	2023-07-01T04:31:56	taken	105.766436	20.975474		https://kartaview.org/details/7882697/0
1929129865	44|OpenStreetView	2023-07-01T05:29:13	taken	105.960799	21.054652		https://kartaview.org/details/8644425/0
1929129705	44|OpenStreetView	2023-07-01T05:29:18	taken	105.960913	21.054446		https://kartaview.org/details/8644265/0
1929129689	44|OpenStreetView	2023-07-01T05:29:24	taken	105.960780	21.054274		https://kartaview.org/details/8644249/0
1929129945	44|OpenStreetView	2023-07-01T05:30:01	taken	105.960211	21.054274		https://kartaview.org/details/8644505/0
2534154041	44|OpenStreetView	2023-07-01T05:44:24	taken	105.808264	20.943614		https://kartaview.org/details/10437481/0
2534154057	44|OpenStreetView	2023-07-01T06:18:48	taken	105.808157	20.943191		https://kartaview.org/details/10437497/0
1778438393	44|OpenStreetView	2023-07-01T06:21:42	taken	105.774304	20.977249		https://kartaview.org/details/7612201/0
1778438457	44|OpenStreetView	2023-07-01T06:22:00	taken	105.774194	20.977366		https://kartaview.org/details/7612265/0
2495165177	44|OpenStreetView	2023-07-01T06:28:11	taken	105.774882	20.975991		https://kartaview.org/details/10120153/0
2534938665	44|OpenStreetView	2023-07-01T07:24:57	taken	105.790493	21.036867		https://kartaview.org/details/10451481/0
2633085399	44|OpenStreetView	2023-07-01T07:41:58	taken	105.923019	21.091781		https://kartaview.org/details/11698361/0
1779312649	44|OpenStreetView	2023-07-01T08:13:08	taken	105.796583	21.034904		https://kartaview.org/details/7623833/0
2534148313	44|OpenStreetView	2023-07-01T08:14:52	taken	105.874194	20.987617		https://kartaview.org/details/10434041/0
1775832441	44|OpenStreetView	2023-07-02T03:23:19	taken	105.785732	21.045682		https://kartaview.org/details/7603401/0
1779744537	44|OpenStreetView	2023-07-02T03:37:18	taken	105.840723	20.960705		https://kartaview.org/details/7626841/0
1778677705	44|OpenStreetView	2023-07-02T04:12:22	taken	105.783246	20.978341		https://kartaview.org/details/7614489/0
1778678537	44|OpenStreetView	2023-07-02T04:15:39	taken	105.783328	20.977958		https://kartaview.org/details/7614521/0
1816181017	44|OpenStreetView	2023-07-02T04:50:12	taken	105.848659	20.948236		https://kartaview.org/details/7880649/0
2534018457	44|OpenStreetView	2023-07-02T05:30:20	taken	105.849939	20.948429		https://kartaview.org/details/10432185/0
1816070217	44|OpenStreetView	2023-07-02T05:35:12	taken	105.848764	20.947923		https://kartaview.org/details/7880073/0
1779329193	44|OpenStreetView	2023-07-02T05:40:36	taken	105.778117	20.979161		https://kartaview.org/details/7624057/0
1996093929	44|OpenStreetView	2023-07-03T01:21:46	taken	105.888911	21.088451		https://kartaview.org/details/9090601/0
1779329177	44|OpenStreetView	2023-07-03T01:54:24	taken	105.778575	20.979258		https://kartaview.org/details/7624041/0
1816249337	44|OpenStreetView	2023-07-03T03:24:37	taken	105.807807	21.089989		https://kartaview.org/details/7882281/0
1816249353	44|OpenStreetView	2023-07-03T03:26:54	taken	105.811668	21.090597		https://kartaview.org/details/7882297/0
1779736249	44|OpenStreetView	2023-07-03T03:58:40	taken	105.765671	20.971148		https://kartaview.org/details/7626537/0
1779736217	44|OpenStreetView	2023-07-03T03:58:57	taken	105.765727	20.971772		https://kartaview.org/details/7626505/0
1926681065	44|OpenStreetView	2023-07-03T04:53:49	taken	105.849987	20.957972		https://kartaview.org/details/8585465/0
1926681097	44|OpenStreetView	2023-07-03T04:54:05	taken	105.850464	20.958177		https://kartaview.org/details/8585497/0
1926681129	44|OpenStreetView	2023-07-03T04:54:24	taken	105.850434	20.958540		https://kartaview.org/details/8585529/0
1816250777	44|OpenStreetView	2023-07-03T05:15:20	taken	105.821374	21.072712		https://kartaview.org/details/7883721/0
1777043065	44|OpenStreetView	2023-07-03T05:23:11	taken	105.825379	21.068714		https://kartaview.org/details/7608329/0
1779329273	44|OpenStreetView	2023-07-03T05:24:42	taken	105.835804	21.054043		https://kartaview.org/details/7624137/0
1996032793	44|OpenStreetView	2023-07-03T06:05:47	taken	105.836587	21.056048		https://kartaview.org/details/9085865/0
1996032777	44|OpenStreetView	2023-07-03T06:08:25	taken	105.836730	21.055890		https://kartaview.org/details/9085849/0
1926677849	44|OpenStreetView	2023-07-03T06:20:32	taken	105.784573	20.974200		https://kartaview.org/details/8582249/0
1926677865	44|OpenStreetView	2023-07-03T06:21:35	taken	105.784763	20.974228		https://kartaview.org/details/8582265/0
2000014937	44|OpenStreetView	2023-07-03T07:05:04	taken	105.894962	20.992865		https://kartaview.org/details/9104809/0
2480798905	44|OpenStreetView	2023-07-03T07:05:55	taken	105.896064	20.992953		https://kartaview.org/details/10070057/0
1778789081	44|OpenStreetView	2023-07-03T08:18:27	taken	105.774587	20.973881		https://kartaview.org/details/7616809/0
1778778441	44|OpenStreetView	2023-07-03T08:19:50	taken	105.834131	21.063209		https://kartaview.org/details/7616297/0
1774663305	44|OpenStreetView	2023-07-03T08:24:02	taken	105.835083	21.062726		https://kartaview.org/details/7597401/0
1996063289	44|OpenStreetView	2023-07-03T08:41:18	taken	105.853148	20.945881		https://kartaview.org/details/9087945/0
1815417145	44|OpenStreetView	2023-07-03T09:58:40	taken	105.837142	21.067774		https://kartaview.org/details/7866393/0
1815417113	44|OpenStreetView	2023-07-03T10:06:10	taken	105.837873	21.067585		https://kartaview.org/details/7866361/0
2628317946	44|OpenStreetView	2023-07-04T01:27:14	taken	105.923050	20.967157		https://kartaview.org/details/11620413/0
2628317947	44|OpenStreetView	2023-07-04T01:30:52	taken	105.922490	20.968425		https://kartaview.org/details/11620414/0
2003133161	44|OpenStreetView	2023-07-04T01:40:26	taken	105.810017	20.948740		https://kartaview.org/details/9123993/0
2534153065	44|OpenStreetView	2023-07-04T01:46:17	taken	105.810908	20.947525		https://kartaview.org/details/10436505/0
2534019945	44|OpenStreetView	2023-07-04T02:12:27	taken	105.928972	20.989256		https://kartaview.org/details/10433673/0
1929532537	44|OpenStreetView	2023-07-04T02:42:49	taken	105.958603	20.970453		https://kartaview.org/details/8646905/0
1929532553	44|OpenStreetView	2023-07-04T02:43:05	taken	105.958356	20.969846		https://kartaview.org/details/8646921/0
1929532601	44|OpenStreetView	2023-07-04T02:45:26	taken	105.957722	20.970648		https://kartaview.org/details/8646969/0
1929532585	44|OpenStreetView	2023-07-04T02:45:32	taken	105.957677	20.970382		https://kartaview.org/details/8646953/0
1929532569	44|OpenStreetView	2023-07-04T02:45:42	taken	105.957595	20.969953		https://kartaview.org/details/8646937/0
2632682126	44|OpenStreetView	2023-07-04T02:47:52	taken	105.810200	20.953929		https://kartaview.org/details/11696502/0
2632682124	44|OpenStreetView	2023-07-04T02:48:05	taken	105.810586	20.954136		https://kartaview.org/details/11696500/0
1929532633	44|OpenStreetView	2023-07-04T02:49:40	taken	105.956214	20.971461		https://kartaview.org/details/8647001/0
1929532617	44|OpenStreetView	2023-07-04T02:49:58	taken	105.956229	20.970880		https://kartaview.org/details/8646985/0
1929532681	44|OpenStreetView	2023-07-04T02:51:44	taken	105.956547	20.971959		https://kartaview.org/details/8647049/0
1929532665	44|OpenStreetView	2023-07-04T02:51:57	taken	105.956887	20.971974		https://kartaview.org/details/8647033/0
1995574761	44|OpenStreetView	2023-07-04T04:06:38	taken	105.873851	21.042432		https://kartaview.org/details/9078361/0
1927442137	44|OpenStreetView	2023-07-04T05:07:31	taken	105.800583	20.927927		https://kartaview.org/details/8613289/0
1927442153	44|OpenStreetView	2023-07-04T05:07:49	taken	105.800754	20.927459		https://kartaview.org/details/8613305/0
2633086810	44|OpenStreetView	2023-07-04T05:20:17	taken	105.808256	20.946991		https://kartaview.org/details/11698593/0
2457873625	44|OpenStreetView	2023-07-04T05:50:46	taken	105.905256	20.964415		https://kartaview.org/details/10022425/0
2534992281	44|OpenStreetView	2023-07-04T06:16:53	taken	105.778067	20.967704		https://kartaview.org/details/10454313/0
1930126281	44|OpenStreetView	2023-07-04T06:18:20	taken	105.915702	20.967720		https://kartaview.org/details/8668633/0
1930126297	44|OpenStreetView	2023-07-04T06:19:08	taken	105.917262	20.968034		https://kartaview.org/details/8668649/0
1926680425	44|OpenStreetView	2023-07-04T06:25:43	taken	105.876762	21.030146		https://kartaview.org/details/8584825/0
1926680377	44|OpenStreetView	2023-07-04T06:25:49	taken	105.876509	21.030218		https://kartaview.org/details/8584777/0
1926680393	44|OpenStreetView	2023-07-04T06:26:00	taken	105.876049	21.030272		https://kartaview.org/details/8584793/0
2534992361	44|OpenStreetView	2023-07-04T06:30:20	taken	105.778455	20.968030		https://kartaview.org/details/10454393/0
2534992313	44|OpenStreetView	2023-07-04T06:30:48	taken	105.778283	20.968136		https://kartaview.org/details/10454345/0
2027766777	44|OpenStreetView	2023-07-04T06:36:44	taken	105.777733	20.969686		https://kartaview.org/details/9225337/0
2027766761	44|OpenStreetView	2023-07-04T06:37:10	taken	105.777526	20.970098		https://kartaview.org/details/9225321/0
2027766745	44|OpenStreetView	2023-07-04T06:37:25	taken	105.777592	20.970210		https://kartaview.org/details/9225305/0
2027766681	44|OpenStreetView	2023-07-04T06:37:42	taken	105.777350	20.970544		https://kartaview.org/details/9225241/0
2027766665	44|OpenStreetView	2023-07-04T06:38:07	taken	105.776910	20.970989		https://kartaview.org/details/9225225/0
2623201680	44|OpenStreetView	2023-07-04T06:42:30	taken	105.873618	21.031379		https://kartaview.org/details/11584573/0
2623201724	44|OpenStreetView	2023-07-04T06:43:44	taken	105.873566	21.031752		https://kartaview.org/details/11584577/0
2623201702	44|OpenStreetView	2023-07-04T06:43:59	taken	105.873037	21.031730		https://kartaview.org/details/11584575/0
2623201661	44|OpenStreetView	2023-07-04T06:44:12	taken	105.872751	21.031249		https://kartaview.org/details/11584571/0
2623201267	44|OpenStreetView	2023-07-04T06:44:18	taken	105.872598	21.031170		https://kartaview.org/details/11584559/0
2623201276	44|OpenStreetView	2023-07-04T06:45:32	taken	105.872193	21.031401		https://kartaview.org/details/11584560/0
1926604185	44|OpenStreetView	2023-07-04T06:45:40	taken	105.779506	20.968975		https://kartaview.org/details/8581065/0
1926604153	44|OpenStreetView	2023-07-04T06:46:36	taken	105.780035	20.969403		https://kartaview.org/details/8581033/0
1926604121	44|OpenStreetView	2023-07-04T06:47:00	taken	105.780575	20.969737		https://kartaview.org/details/8581001/0
1926604825	44|OpenStreetView	2023-07-04T06:47:25	taken	105.780295	20.970057		https://kartaview.org/details/8581705/0
1926604857	44|OpenStreetView	2023-07-04T06:47:37	taken	105.780074	20.970285		https://kartaview.org/details/8581737/0
1926604601	44|OpenStreetView	2023-07-04T06:47:47	taken	105.779866	20.970538		https://kartaview.org/details/8581481/0
1926604585	44|OpenStreetView	2023-07-04T06:47:59	taken	105.779607	20.970690		https://kartaview.org/details/8581465/0
1926604569	44|OpenStreetView	2023-07-04T06:48:08	taken	105.779389	20.970539		https://kartaview.org/details/8581449/0
1926604521	44|OpenStreetView	2023-07-04T06:48:28	taken	105.778828	20.970113		https://kartaview.org/details/8581401/0
1926604505	44|OpenStreetView	2023-07-04T06:48:44	taken	105.779025	20.969688		https://kartaview.org/details/8581385/0
1778791193	44|OpenStreetView	2023-07-04T06:51:42	taken	105.868509	21.041433		https://kartaview.org/details/7618921/0
1778759801	44|OpenStreetView	2023-07-04T07:53:50	taken	105.781143	20.965803		https://kartaview.org/details/7615881/0
1779744441	44|OpenStreetView	2023-07-04T07:56:55	taken	105.799844	20.960928		https://kartaview.org/details/7626745/0
1779744457	44|OpenStreetView	2023-07-04T08:01:15	taken	105.800246	20.960903		https://kartaview.org/details/7626761/0
2534157977	44|OpenStreetView	2023-07-04T08:28:31	taken	105.865099	21.043834		https://kartaview.org/details/10439305/0
1779736121	44|OpenStreetView	2023-07-04T08:35:22	taken	105.784598	20.964099		https://kartaview.org/details/7626409/0
1779736089	44|OpenStreetView	2023-07-04T08:35:27	taken	105.784756	20.964173		https://kartaview.org/details/7626377/0
2534208889	44|OpenStreetView	2023-07-04T08:52:45	taken	105.829134	21.068741		https://kartaview.org/details/10445945/0
2628328179	44|OpenStreetView	2023-07-04T09:17:59	taken	105.926771	21.043563		https://kartaview.org/details/11621640/0
1778790489	44|OpenStreetView	2023-07-04T09:20:25	taken	105.808608	20.961829		https://kartaview.org/details/7618217/0
1778784969	44|OpenStreetView	2023-07-04T09:30:22	taken	105.873372	21.049142		https://kartaview.org/details/7616553/0
2628328178	44|OpenStreetView	2023-07-04T09:36:01	taken	105.926051	21.043249		https://kartaview.org/details/11621639/0
2633082618	44|OpenStreetView	2023-07-04T10:25:51	taken	105.808839	21.035969		https://kartaview.org/details/11698113/0
2541072393	44|OpenStreetView	2023-07-05T00:15:26	taken	105.846373	20.976406		https://kartaview.org/details/10527913/0
2541072617	44|OpenStreetView	2023-07-05T00:16:09	taken	105.847897	20.976195		https://kartaview.org/details/10528137/0
1778438489	44|OpenStreetView	2023-07-05T01:00:07	taken	105.847784	20.980971		https://kartaview.org/details/7612297/0
2538882329	44|OpenStreetView	2023-07-05T03:35:14	taken	105.775258	20.962143		https://kartaview.org/details/10481449/0
2623140820	44|OpenStreetView	2023-07-05T03:46:23	taken	105.780637	20.952205		https://kartaview.org/details/11581539/0
1930452153	44|OpenStreetView	2023-07-05T03:58:18	taken	105.783072	20.945318		https://kartaview.org/details/8687081/0
1930452169	44|OpenStreetView	2023-07-05T03:58:50	taken	105.781943	20.945710		https://kartaview.org/details/8687097/0
1930452201	44|OpenStreetView	2023-07-05T03:59:46	taken	105.780450	20.946192		https://kartaview.org/details/8687129/0
2534941417	44|OpenStreetView	2023-07-05T04:39:28	taken	105.765991	20.941734		https://kartaview.org/details/10452297/0
2534941337	44|OpenStreetView	2023-07-05T05:15:02	taken	105.766527	20.941572		https://kartaview.org/details/10452249/0
1778791065	44|OpenStreetView	2023-07-05T05:45:42	taken	105.808614	21.035242		https://kartaview.org/details/7618793/0
1778791033	44|OpenStreetView	2023-07-05T05:46:05	taken	105.808629	21.035489		https://kartaview.org/details/7618761/0
1778791049	44|OpenStreetView	2023-07-05T05:46:40	taken	105.808794	21.035520		https://kartaview.org/details/7618777/0
1995576713	44|OpenStreetView	2023-07-05T06:31:21	taken	105.808293	21.037138		https://kartaview.org/details/9079017/0
1995576697	44|OpenStreetView	2023-07-05T06:32:07	taken	105.808468	21.036817		https://kartaview.org/details/9079001/0
1995576665	44|OpenStreetView	2023-07-05T06:41:10	taken	105.808080	21.037366		https://kartaview.org/details/9078969/0
1778439177	44|OpenStreetView	2023-07-06T03:31:41	taken	105.848767	20.981129		https://kartaview.org/details/7612681/0
1815792521	44|OpenStreetView	2023-07-06T04:03:10	taken	105.844533	20.978755		https://kartaview.org/details/7877577/0
1779347033	44|OpenStreetView	2023-07-06T04:26:32	taken	105.848694	20.975491		https://kartaview.org/details/7624281/0
2632543040	44|OpenStreetView	2023-07-06T04:34:13	taken	105.805539	20.938103		https://kartaview.org/details/11694851/0
2632543046	44|OpenStreetView	2023-07-06T04:34:32	taken	105.805484	20.937683		https://kartaview.org/details/11694852/0
2632543052	44|OpenStreetView	2023-07-06T04:34:40	taken	105.805286	20.937540		https://kartaview.org/details/11694853/0
1996071945	44|OpenStreetView	2023-07-06T05:22:51	taken	105.847552	20.974248		https://kartaview.org/details/9088953/0
1779598697	44|OpenStreetView	2023-07-06T05:52:20	taken	105.849658	20.977042		https://kartaview.org/details/7625209/0
1778707225	44|OpenStreetView	2023-07-06T06:10:36	taken	105.877661	21.048007		https://kartaview.org/details/7614697/0
1996419145	44|OpenStreetView	2023-07-06T06:28:15	taken	105.797774	20.936458		https://kartaview.org/details/9098329/0
2534017017	44|OpenStreetView	2023-07-06T06:37:44	taken	105.796249	20.935093		https://kartaview.org/details/10430745/0
2534016793	44|OpenStreetView	2023-07-06T06:38:45	taken	105.796197	20.935370		https://kartaview.org/details/10430521/0
2534016937	44|OpenStreetView	2023-07-06T06:42:48	taken	105.795882	20.934537		https://kartaview.org/details/10430665/0
2534016825	44|OpenStreetView	2023-07-06T06:43:07	taken	105.796033	20.934852		https://kartaview.org/details/10430553/0
1779712377	44|OpenStreetView	2023-07-06T06:45:29	taken	105.877308	21.047173		https://kartaview.org/details/7625945/0
1778735369	44|OpenStreetView	2023-07-06T06:56:12	taken	105.854719	20.982003		https://kartaview.org/details/7614825/0
1779151321	44|OpenStreetView	2023-07-06T07:31:30	taken	105.874736	20.982209		https://kartaview.org/details/7623097/0
1959761753	44|OpenStreetView	2023-07-06T07:37:56	taken	105.787301	21.038389		https://kartaview.org/details/9004489/0
1959761737	44|OpenStreetView	2023-07-06T07:38:02	taken	105.787316	21.038491		https://kartaview.org/details/9004473/0
1959745977	44|OpenStreetView	2023-07-06T07:52:57	taken	105.778824	21.036782		https://kartaview.org/details/9004025/0
1959745993	44|OpenStreetView	2023-07-06T07:53:12	taken	105.778729	21.037179		https://kartaview.org/details/9004041/0
1959745929	44|OpenStreetView	2023-07-06T07:53:46	taken	105.778397	21.037360		https://kartaview.org/details/9003977/0
1778789113	44|OpenStreetView	2023-07-06T09:23:35	taken	105.882473	21.047396		https://kartaview.org/details/7616841/0
1779712137	44|OpenStreetView	2023-07-07T01:24:44	taken	105.877894	20.977086		https://kartaview.org/details/7625705/0
1779712153	44|OpenStreetView	2023-07-07T01:25:07	taken	105.878163	20.977805		https://kartaview.org/details/7625721/0
1779712121	44|OpenStreetView	2023-07-07T01:25:56	taken	105.878143	20.977051		https://kartaview.org/details/7625689/0
2010812537	44|OpenStreetView	2023-07-07T01:47:14	taken	105.883778	20.976170		https://kartaview.org/details/9163753/0
2010812553	44|OpenStreetView	2023-07-07T01:48:07	taken	105.884316	20.976150		https://kartaview.org/details/9163769/0
1996029465	44|OpenStreetView	2023-07-07T03:38:04	taken	105.785044	21.093289		https://kartaview.org/details/9082921/0
1996029449	44|OpenStreetView	2023-07-07T03:39:04	taken	105.784784	21.092700		https://kartaview.org/details/9082905/0
1959891785	44|OpenStreetView	2023-07-07T03:51:19	taken	105.878391	20.981453		https://kartaview.org/details/9006073/0
1959891801	44|OpenStreetView	2023-07-07T03:51:25	taken	105.878321	20.981310		https://kartaview.org/details/9006089/0
1996029433	44|OpenStreetView	2023-07-07T04:00:40	taken	105.781470	21.093673		https://kartaview.org/details/9082889/0
1996029401	44|OpenStreetView	2023-07-07T04:05:34	taken	105.780729	21.094022		https://kartaview.org/details/9082857/0
1996029417	44|OpenStreetView	2023-07-07T04:07:29	taken	105.781319	21.093837		https://kartaview.org/details/9082873/0
1996029385	44|OpenStreetView	2023-07-07T04:07:35	taken	105.781085	21.093897		https://kartaview.org/details/9082841/0
2538881417	44|OpenStreetView	2023-07-07T05:11:44	taken	105.889132	20.980153		https://kartaview.org/details/10481257/0
2000015673	44|OpenStreetView	2023-07-07T06:15:57	taken	105.896824	20.981226		https://kartaview.org/details/9105545/0
1996451241	44|OpenStreetView	2023-07-07T06:23:16	taken	105.895999	20.981984		https://kartaview.org/details/9100745/0
2000015657	44|OpenStreetView	2023-07-07T06:24:18	taken	105.896531	20.981515		https://kartaview.org/details/9105529/0
1930093049	44|OpenStreetView	2023-07-07T07:28:05	taken	105.896138	20.973710		https://kartaview.org/details/8667417/0
1930093033	44|OpenStreetView	2023-07-07T07:28:19	taken	105.896542	20.973656		https://kartaview.org/details/8667401/0
1930093017	44|OpenStreetView	2023-07-07T07:28:29	taken	105.896941	20.973541		https://kartaview.org/details/8667385/0
1996417769	44|OpenStreetView	2023-07-07T07:34:06	taken	105.892337	20.973762		https://kartaview.org/details/9096953/0
1930084041	44|OpenStreetView	2023-07-07T07:45:10	taken	105.895462	20.976351		https://kartaview.org/details/8666985/0
1930092649	44|OpenStreetView	2023-07-07T07:45:21	taken	105.895415	20.976592		https://kartaview.org/details/8667017/0
1930092697	44|OpenStreetView	2023-07-07T08:14:55	taken	105.894353	20.973929		https://kartaview.org/details/8667065/0
1930092713	44|OpenStreetView	2023-07-07T08:15:00	taken	105.894448	20.973980		https://kartaview.org/details/8667081/0
2000014921	44|OpenStreetView	2023-07-07T08:32:33	taken	105.834293	20.932980		https://kartaview.org/details/9104793/0
1996093273	44|OpenStreetView	2023-07-07T08:40:19	taken	105.834248	20.930751		https://kartaview.org/details/9089945/0
1996093289	44|OpenStreetView	2023-07-07T08:43:02	taken	105.834656	20.930672		https://kartaview.org/details/9089961/0
1815495081	44|OpenStreetView	2023-07-07T08:46:01	taken	105.805204	21.041668		https://kartaview.org/details/7870281/0
2632537227	44|OpenStreetView	2023-07-07T09:36:41	taken	105.730714	21.098292		https://kartaview.org/details/11694251/0
2632537228	44|OpenStreetView	2023-07-07T09:36:47	taken	105.730726	21.098034		https://kartaview.org/details/11694252/0
2632537229	44|OpenStreetView	2023-07-07T09:36:53	taken	105.730838	21.097814		https://kartaview.org/details/11694253/0
2632537219	44|OpenStreetView	2023-07-07T09:37:35	taken	105.731367	21.097848		https://kartaview.org/details/11694243/0
1927517641	44|OpenStreetView	2023-07-07T10:08:19	taken	105.923485	21.058002		https://kartaview.org/details/8615321/0
1927517625	44|OpenStreetView	2023-07-07T10:08:58	taken	105.923580	21.056959		https://kartaview.org/details/8615305/0
1927517609	44|OpenStreetView	2023-07-07T10:12:45	taken	105.924316	21.057662		https://kartaview.org/details/8615289/0
1927517593	44|OpenStreetView	2023-07-07T10:13:15	taken	105.924376	21.056734		https://kartaview.org/details/8615273/0
1927606377	44|OpenStreetView	2023-07-07T10:17:59	taken	105.731301	21.105329		https://kartaview.org/details/8618473/0
2534206473	44|OpenStreetView	2023-07-09T04:52:36	taken	105.904170	21.052069		https://kartaview.org/details/10443529/0
1930197497	44|OpenStreetView	2023-07-09T05:05:25	taken	105.873078	21.115729		https://kartaview.org/details/8679353/0
1930197449	44|OpenStreetView	2023-07-09T05:16:07	taken	105.868335	21.116459		https://kartaview.org/details/8679305/0
1930197465	44|OpenStreetView	2023-07-09T05:16:15	taken	105.868307	21.116817		https://kartaview.org/details/8679321/0
1929063593	44|OpenStreetView	2023-07-09T05:44:32	taken	105.882370	21.117345		https://kartaview.org/details/8641737/0
1996418745	44|OpenStreetView	2023-07-09T06:30:14	taken	105.896571	21.119691		https://kartaview.org/details/9097929/0
1996418697	44|OpenStreetView	2023-07-09T06:30:53	taken	105.897179	21.118767		https://kartaview.org/details/9097881/0
1996419673	44|OpenStreetView	2023-07-09T06:36:40	taken	105.897158	21.120141		https://kartaview.org/details/9098857/0
1996419657	44|OpenStreetView	2023-07-09T07:16:20	taken	105.893871	21.118557		https://kartaview.org/details/9098841/0
1996419705	44|OpenStreetView	2023-07-09T07:22:07	taken	105.894079	21.118306		https://kartaview.org/details/9098889/0
1995574745	44|OpenStreetView	2023-07-09T07:34:09	taken	105.897508	21.118823		https://kartaview.org/details/9078345/0
2534939129	44|OpenStreetView	2023-07-09T08:51:19	taken	105.820157	21.040149		https://kartaview.org/details/10451785/0
2002398457	44|OpenStreetView	2023-07-09T09:49:40	taken	105.922711	21.097225		https://kartaview.org/details/9115529/0
2000033961	44|OpenStreetView	2023-07-09T09:58:55	taken	105.920515	21.097483		https://kartaview.org/details/9105737/0
2000015801	44|OpenStreetView	2023-07-09T10:14:38	taken	105.921132	21.097678		https://kartaview.org/details/9105673/0
2534017945	44|OpenStreetView	2023-07-09T10:19:25	taken	105.921666	21.097039		https://kartaview.org/details/10431673/0
1996032729	44|OpenStreetView	2023-07-10T01:07:54	taken	105.868322	20.960165		https://kartaview.org/details/9085801/0
1996032745	44|OpenStreetView	2023-07-10T01:08:24	taken	105.867713	20.960336		https://kartaview.org/details/9085817/0
1996029321	44|OpenStreetView	2023-07-10T03:43:22	taken	105.759356	21.084931		https://kartaview.org/details/9082777/0
1996029337	44|OpenStreetView	2023-07-10T04:03:58	taken	105.758811	21.085028		https://kartaview.org/details/9082793/0
1996029305	44|OpenStreetView	2023-07-10T04:07:20	taken	105.758272	21.085193		https://kartaview.org/details/9082761/0
2538795865	44|OpenStreetView	2023-07-10T04:36:10	taken	105.767520	21.017071		https://kartaview.org/details/10480777/0
2538795849	44|OpenStreetView	2023-07-10T04:36:31	taken	105.766805	21.017160		https://kartaview.org/details/10480761/0
2032263833	44|OpenStreetView	2023-07-10T05:35:50	taken	105.776096	21.019801		https://kartaview.org/details/9264889/0
2010811945	44|OpenStreetView	2023-07-10T05:40:26	taken	105.740442	20.951124		https://kartaview.org/details/9163161/0
2010811961	44|OpenStreetView	2023-07-10T05:40:34	taken	105.740320	20.951238		https://kartaview.org/details/9163177/0
2464321545	44|OpenStreetView	2023-07-10T06:42:44	taken	105.817042	21.041575		https://kartaview.org/details/10025577/0
1996419993	44|OpenStreetView	2023-07-10T06:54:00	taken	105.816714	21.040564		https://kartaview.org/details/9099177/0
1996032393	44|OpenStreetView	2023-07-10T06:58:24	taken	105.770195	21.074146		https://kartaview.org/details/9085465/0
1815413865	44|OpenStreetView	2023-07-10T07:00:30	taken	105.739390	20.947694		https://kartaview.org/details/7863113/0
1996032473	44|OpenStreetView	2023-07-10T07:02:33	taken	105.770049	21.074414		https://kartaview.org/details/9085545/0
2464321513	44|OpenStreetView	2023-07-10T07:07:30	taken	105.816234	21.039553		https://kartaview.org/details/10025545/0
1815413849	44|OpenStreetView	2023-07-10T07:08:18	taken	105.739394	20.948165		https://kartaview.org/details/7863097/0
2464321625	44|OpenStreetView	2023-07-10T07:23:47	taken	105.816928	21.040425		https://kartaview.org/details/10025657/0
1996419961	44|OpenStreetView	2023-07-10T07:34:53	taken	105.816326	21.040631		https://kartaview.org/details/9099145/0
2623602159	44|OpenStreetView	2023-07-10T08:02:25	taken	105.812801	21.039511		https://kartaview.org/details/11585533/0
2628341670	44|OpenStreetView	2023-07-10T08:52:11	taken	105.900909	21.057078		https://kartaview.org/details/11621711/0
2039941225	44|OpenStreetView	2023-07-10T10:00:32	taken	105.770971	21.032418		https://kartaview.org/details/9303593/0
2534206409	44|OpenStreetView	2023-07-11T02:34:25	taken	105.744173	21.071886		https://kartaview.org/details/10443465/0
1996032697	44|OpenStreetView	2023-07-11T03:38:48	taken	105.746186	21.067464		https://kartaview.org/details/9085769/0
1996200377	44|OpenStreetView	2023-07-11T04:03:11	taken	105.743503	21.067472		https://kartaview.org/details/9094233/0
1996200361	44|OpenStreetView	2023-07-11T04:15:21	taken	105.742967	21.067281		https://kartaview.org/details/9094217/0
1822478201	44|OpenStreetView	2023-07-11T04:17:21	taken	105.774430	21.078571		https://kartaview.org/details/7964473/0
1822478185	44|OpenStreetView	2023-07-11T04:17:44	taken	105.774893	21.079687		https://kartaview.org/details/7964457/0
1822478169	44|OpenStreetView	2023-07-11T04:17:54	taken	105.775073	21.080131		https://kartaview.org/details/7964441/0
1996032313	44|OpenStreetView	2023-07-11T04:21:14	taken	105.774421	21.079751		https://kartaview.org/details/9085385/0
1996032297	44|OpenStreetView	2023-07-11T04:22:01	taken	105.774651	21.080003		https://kartaview.org/details/9085369/0
1836596921	44|OpenStreetView	2023-07-11T05:11:25	taken	105.774126	21.072991		https://kartaview.org/details/8121913/0
1820129385	44|OpenStreetView	2023-07-11T05:14:35	taken	105.774374	21.074190		https://kartaview.org/details/7914777/0
1820129321	44|OpenStreetView	2023-07-11T05:21:01	taken	105.774364	21.074512		https://kartaview.org/details/7914713/0
1820129305	44|OpenStreetView	2023-07-11T05:21:08	taken	105.774346	21.074895		https://kartaview.org/details/7914697/0
1820129417	44|OpenStreetView	2023-07-11T05:21:26	taken	105.774327	21.075832		https://kartaview.org/details/7914809/0
1820129369	44|OpenStreetView	2023-07-11T05:22:36	taken	105.774259	21.075332		https://kartaview.org/details/7914761/0
1820130185	44|OpenStreetView	2023-07-11T05:25:32	taken	105.774058	21.076267		https://kartaview.org/details/7915113/0
2534017881	44|OpenStreetView	2023-07-11T07:49:35	taken	105.732965	20.937113		https://kartaview.org/details/10431609/0
1996088489	44|OpenStreetView	2023-07-11T08:28:46	taken	105.737153	20.937721		https://kartaview.org/details/9089529/0
1996094009	44|OpenStreetView	2023-07-11T10:09:14	taken	105.885314	21.060243		https://kartaview.org/details/9090681/0
2632542840	44|OpenStreetView	2023-07-11T10:14:26	taken	105.767966	21.037890		https://kartaview.org/details/11694846/0
1996093977	44|OpenStreetView	2023-07-11T10:16:21	taken	105.884715	21.059969		https://kartaview.org/details/9090649/0
1996093993	44|OpenStreetView	2023-07-11T10:16:39	taken	105.885030	21.060090		https://kartaview.org/details/9090665/0
1928902665	44|OpenStreetView	2023-07-12T02:32:59	taken	105.734108	21.060625		https://kartaview.org/details/8634985/0
1928902681	44|OpenStreetView	2023-07-12T02:33:09	taken	105.734387	21.060329		https://kartaview.org/details/8635001/0
1928902729	44|OpenStreetView	2023-07-12T02:33:21	taken	105.734803	21.059920		https://kartaview.org/details/8635049/0
1928902713	44|OpenStreetView	2023-07-12T02:33:33	taken	105.735201	21.059535		https://kartaview.org/details/8635033/0
1817026921	44|OpenStreetView	2023-07-12T04:42:59	taken	105.733919	20.928912		https://kartaview.org/details/7901945/0
1996064201	44|OpenStreetView	2023-07-12T05:14:37	taken	105.827466	20.978468		https://kartaview.org/details/9088297/0
1814545337	44|OpenStreetView	2023-07-12T05:31:31	taken	105.737853	20.929333		https://kartaview.org/details/7859465/0
2628358416	44|OpenStreetView	2023-07-12T05:35:28	taken	105.745659	21.056123		https://kartaview.org/details/11621872/0
1814545625	44|OpenStreetView	2023-07-12T05:54:28	taken	105.737951	20.928484		https://kartaview.org/details/7859753/0
1996038105	44|OpenStreetView	2023-07-12T05:55:28	taken	105.743445	21.053146		https://kartaview.org/details/9086713/0
1814489881	44|OpenStreetView	2023-07-12T06:20:58	taken	105.734373	20.927438		https://kartaview.org/details/7857977/0
2623147056	44|OpenStreetView	2023-07-12T06:41:52	taken	105.799418	21.046662		https://kartaview.org/details/11582560/0
1826492985	44|OpenStreetView	2023-07-12T07:31:10	taken	105.734857	20.927031		https://kartaview.org/details/8028617/0
1814545513	44|OpenStreetView	2023-07-12T07:45:56	taken	105.737274	20.926577		https://kartaview.org/details/7859641/0
1814545561	44|OpenStreetView	2023-07-12T07:46:40	taken	105.737368	20.926893		https://kartaview.org/details/7859689/0
1814545545	44|OpenStreetView	2023-07-12T07:47:23	taken	105.737447	20.927222		https://kartaview.org/details/7859673/0
1814545577	44|OpenStreetView	2023-07-12T07:48:09	taken	105.737510	20.927545		https://kartaview.org/details/7859705/0
1814545593	44|OpenStreetView	2023-07-12T07:48:56	taken	105.737609	20.927856		https://kartaview.org/details/7859721/0
1814545529	44|OpenStreetView	2023-07-12T07:50:20	taken	105.737656	20.928189		https://kartaview.org/details/7859657/0
2534016905	44|OpenStreetView	2023-07-13T02:48:45	taken	105.731877	20.929337		https://kartaview.org/details/10430633/0
2534016921	44|OpenStreetView	2023-07-13T02:49:58	taken	105.731546	20.929682		https://kartaview.org/details/10430649/0
2534153209	44|OpenStreetView	2023-07-13T04:01:11	taken	105.732250	20.932577		https://kartaview.org/details/10436649/0
1816020937	44|OpenStreetView	2023-07-13T04:11:34	taken	105.758867	21.023106		https://kartaview.org/details/7879689/0
1816021145	44|OpenStreetView	2023-07-13T04:11:50	taken	105.759029	21.023543		https://kartaview.org/details/7879705/0
2629464596	44|OpenStreetView	2023-07-13T05:27:13	taken	105.802330	20.979157		https://kartaview.org/details/11643012/0
2503233929	44|OpenStreetView	2023-07-13T07:15:15	taken	105.762675	21.029922		https://kartaview.org/details/10196185/0
2534207993	44|OpenStreetView	2023-07-13T10:53:33	taken	105.880066	21.054562		https://kartaview.org/details/10445049/0
1816218633	44|OpenStreetView	2023-07-14T05:48:37	taken	105.748075	21.045151		https://kartaview.org/details/7881097/0
1996420281	44|OpenStreetView	2023-07-14T05:50:23	taken	105.806280	21.049343		https://kartaview.org/details/9099465/0
1996420265	44|OpenStreetView	2023-07-14T05:50:51	taken	105.806243	21.048996		https://kartaview.org/details/9099449/0
1996420233	44|OpenStreetView	2023-07-14T05:51:36	taken	105.806591	21.049200		https://kartaview.org/details/9099417/0
2633087386	44|OpenStreetView	2023-07-14T06:30:24	taken	105.807496	21.047966		https://kartaview.org/details/11698992/0
2080746985	44|OpenStreetView	2023-07-14T07:55:14	taken	105.882391	21.053589		https://kartaview.org/details/9458889/0
2534158889	44|OpenStreetView	2023-07-15T02:25:58	taken	105.729728	21.076847		https://kartaview.org/details/10440217/0
1996419753	44|OpenStreetView	2023-07-15T04:04:12	taken	105.731310	21.071172		https://kartaview.org/details/9098937/0
1996419785	44|OpenStreetView	2023-07-15T04:05:04	taken	105.730662	21.071210		https://kartaview.org/details/9098969/0
2537845385	44|OpenStreetView	2023-07-15T05:59:20	taken	105.864063	21.052110		https://kartaview.org/details/10476217/0
2537845401	44|OpenStreetView	2023-07-15T05:59:25	taken	105.864027	21.052506		https://kartaview.org/details/10476233/0
2537845417	44|OpenStreetView	2023-07-15T05:59:33	taken	105.864123	21.053074		https://kartaview.org/details/10476249/0
2534208265	44|OpenStreetView	2023-07-16T04:21:24	taken	105.760102	21.044842		https://kartaview.org/details/10445321/0
2534208249	44|OpenStreetView	2023-07-16T04:24:04	taken	105.759614	21.045135		https://kartaview.org/details/10445305/0
2048469673	44|OpenStreetView	2023-07-17T03:07:48	taken	105.910283	20.959430		https://kartaview.org/details/9327529/0
2619923951	44|OpenStreetView	2023-07-17T05:11:18	taken	105.853995	20.944280		https://kartaview.org/details/11557522/0
1996064377	44|OpenStreetView	2023-07-17T05:19:36	taken	105.855031	20.941613		https://kartaview.org/details/9088473/0
1996064361	44|OpenStreetView	2023-07-17T05:35:47	taken	105.855672	20.940416		https://kartaview.org/details/9088457/0
1996064393	44|OpenStreetView	2023-07-17T05:45:40	taken	105.855463	20.941658		https://kartaview.org/details/9088489/0
2534205945	44|OpenStreetView	2023-07-17T08:14:08	taken	105.930791	20.991622		https://kartaview.org/details/10443001/0
2534017193	44|OpenStreetView	2023-07-17T08:16:32	taken	105.931405	20.991667		https://kartaview.org/details/10430921/0
2623663520	44|OpenStreetView	2023-07-17T08:31:54	taken	105.788504	21.053936		https://kartaview.org/details/11586293/0
2050069417	44|OpenStreetView	2023-07-29T06:48:16	taken	105.758695	21.051360		https://kartaview.org/details/9336217/0
2633085322	44|OpenStreetView	2023-08-07T03:06:07	taken	105.940266	20.981818		https://kartaview.org/details/11698353/0
1959770537	44|OpenStreetView	2023-08-09T02:51:21	taken	105.730240	21.055884		https://kartaview.org/details/9005193/0
1959770553	44|OpenStreetView	2023-08-09T02:51:27	taken	105.730556	21.055666		https://kartaview.org/details/9005209/0
1929572393	44|OpenStreetView	2023-08-09T03:58:01	taken	105.870131	20.932868		https://kartaview.org/details/8652361/0
1929572409	44|OpenStreetView	2023-08-09T04:01:47	taken	105.869527	20.933448		https://kartaview.org/details/8652377/0
2628317943	44|OpenStreetView	2023-08-09T04:48:27	taken	105.739041	21.030213		https://kartaview.org/details/11620410/0
2628317944	44|OpenStreetView	2023-08-09T05:02:09	taken	105.739626	21.029675		https://kartaview.org/details/11620411/0
2623142186	44|OpenStreetView	2023-08-09T05:45:00	taken	105.734637	21.032456		https://kartaview.org/details/11581738/0
2633086793	44|OpenStreetView	2023-08-09T07:40:23	taken	105.730712	21.052528		https://kartaview.org/details/11698584/0
1926682121	44|OpenStreetView	2023-08-09T07:41:55	taken	105.732055	21.053466		https://kartaview.org/details/8586521/0
2633086796	44|OpenStreetView	2023-08-09T07:44:38	taken	105.731608	21.051647		https://kartaview.org/details/11698585/0
1996419177	44|OpenStreetView	2023-08-09T07:57:27	taken	105.732271	21.048109		https://kartaview.org/details/9098361/0
1996419193	44|OpenStreetView	2023-08-09T07:57:39	taken	105.731997	21.048559		https://kartaview.org/details/9098377/0
1996420041	44|OpenStreetView	2023-08-14T06:05:07	taken	105.818123	21.044543		https://kartaview.org/details/9099225/0
1959693257	44|OpenStreetView	2023-08-17T07:38:22	taken	105.805642	21.050245		https://kartaview.org/details/9003001/0
1959693225	44|OpenStreetView	2023-08-17T07:38:34	taken	105.805733	21.050078		https://kartaview.org/details/9002969/0
1929606873	44|OpenStreetView	2023-08-18T05:36:57	taken	105.844520	21.051912		https://kartaview.org/details/8658409/0
1929606857	44|OpenStreetView	2023-08-18T05:39:45	taken	105.844778	21.052886		https://kartaview.org/details/8658393/0
1929607049	44|OpenStreetView	2023-08-18T07:45:19	taken	105.843439	21.051987		https://kartaview.org/details/8658585/0
2003486889	44|OpenStreetView	2023-08-22T04:27:48	taken	105.865526	21.060687		https://kartaview.org/details/9131353/0
2534157241	44|OpenStreetView	2023-08-23T03:04:11	taken	105.729112	21.041176		https://kartaview.org/details/10438569/0
2534157225	44|OpenStreetView	2023-08-23T03:04:23	taken	105.728783	21.040903		https://kartaview.org/details/10438553/0
1926682073	44|OpenStreetView	2023-08-24T07:23:54	taken	105.733190	21.052204		https://kartaview.org/details/8586473/0
1926682025	44|OpenStreetView	2023-08-24T07:24:38	taken	105.732400	21.052823		https://kartaview.org/details/8586425/0
1926682105	44|OpenStreetView	2023-08-24T07:25:15	taken	105.733321	21.052036		https://kartaview.org/details/8586505/0
2027766601	44|OpenStreetView	2023-08-27T06:08:11	taken	105.825439	21.014450		https://kartaview.org/details/9225161/0
2027766585	44|OpenStreetView	2023-08-27T06:08:44	taken	105.825785	21.014511		https://kartaview.org/details/9225145/0
2027766569	44|OpenStreetView	2023-08-27T06:09:37	taken	105.826351	21.013628		https://kartaview.org/details/9225129/0
2079512345	44|OpenStreetView	2023-08-31T10:22:36	taken	105.808899	21.056699		https://kartaview.org/details/9442265/0
2534208105	44|OpenStreetView	2023-09-01T05:34:00	taken	105.737326	21.017106		https://kartaview.org/details/10445161/0
1959802265	44|OpenStreetView	2023-09-01T06:42:00	taken	105.808722	21.062156		https://kartaview.org/details/9005769/0
2040509705	44|OpenStreetView	2023-09-08T06:36:03	taken	105.790281	21.070019		https://kartaview.org/details/9308825/0
2040509721	44|OpenStreetView	2023-09-08T06:53:44	taken	105.791373	21.069236		https://kartaview.org/details/9308841/0
2032186745	44|OpenStreetView	2023-09-09T09:40:08	taken	105.806014	21.086531		https://kartaview.org/details/9260969/0
2537845625	44|OpenStreetView	2023-09-19T06:58:07	taken	105.788097	21.079793		https://kartaview.org/details/10476457/0
2537845641	44|OpenStreetView	2023-09-19T06:58:16	taken	105.787803	21.079245		https://kartaview.org/details/10476473/0
2537845689	44|OpenStreetView	2023-09-19T06:58:26	taken	105.787405	21.078622		https://kartaview.org/details/10476521/0
2537845705	44|OpenStreetView	2023-09-19T06:58:43	taken	105.786706	21.077558		https://kartaview.org/details/10476537/0
2537845721	44|OpenStreetView	2023-09-19T06:59:00	taken	105.786461	21.076882		https://kartaview.org/details/10476553/0
1819464841	44|OpenStreetView	2023-10-08T20:40:14	taken	105.808721	21.088694		https://kartaview.org/details/7906489/0
1822098521	44|OpenStreetView	2023-10-12T10:00:12	taken	105.798570	21.130797		https://kartaview.org/details/7952249/0
2457364553	44|OpenStreetView	2024-07-31T10:20:11	taken	105.794738	20.995757		https://kartaview.org/details/10020201/0
2454241065	44|OpenStreetView	2024-08-04T05:22:54	taken	105.796683	20.981952		https://kartaview.org/details/10006393/0
2454241081	44|OpenStreetView	2024-08-04T06:07:45	taken	105.795678	20.981393		https://kartaview.org/details/10006409/0
2534207833	44|OpenStreetView	2024-08-04T11:21:21	taken	105.812047	20.979200		https://kartaview.org/details/10444889/0
2032266809	44|OpenStreetView	2024-08-06T04:40:13	taken	105.840861	20.994913		https://kartaview.org/details/9265545/0
2534207865	44|OpenStreetView	2024-08-06T05:19:12	taken	105.800722	20.989445		https://kartaview.org/details/10444921/0
2534207849	44|OpenStreetView	2024-08-06T05:31:01	taken	105.801323	20.989857		https://kartaview.org/details/10444905/0
2481336041	44|OpenStreetView	2024-08-06T08:23:06	taken	105.868563	21.007322		https://kartaview.org/details/10077897/0
2628371208	44|OpenStreetView	2024-08-06T10:25:36	taken	105.865358	21.013212		https://kartaview.org/details/11622232/0
2058738601	44|OpenStreetView	2024-08-07T02:02:05	taken	105.862827	21.013955		https://kartaview.org/details/9373449/0
2540120089	44|OpenStreetView	2024-08-07T05:16:23	taken	105.814427	20.998952		https://kartaview.org/details/10488953/0
2057271705	44|OpenStreetView	2024-08-07T07:50:16	taken	105.797427	20.999212		https://kartaview.org/details/9369289/0
2058464041	44|OpenStreetView	2024-08-08T00:04:55	taken	105.794467	21.004772		https://kartaview.org/details/9372313/0
2058840473	44|OpenStreetView	2024-08-08T00:32:27	taken	105.793877	21.007647		https://kartaview.org/details/9375049/0
2538653417	44|OpenStreetView	2024-08-08T07:13:56	taken	105.790258	21.010310		https://kartaview.org/details/10480473/0
2623613263	44|OpenStreetView	2024-08-09T05:17:00	taken	105.845720	20.994013		https://kartaview.org/details/11585641/0
2623612061	44|OpenStreetView	2024-08-09T05:17:23	taken	105.845677	20.994532		https://kartaview.org/details/11585623/0
2623619310	44|OpenStreetView	2024-08-09T05:21:14	taken	105.844997	20.993250		https://kartaview.org/details/11585678/0
2623612058	44|OpenStreetView	2024-08-09T07:07:14	taken	105.845325	20.995083		https://kartaview.org/details/11585620/0
2623612057	44|OpenStreetView	2024-08-09T07:07:19	taken	105.845237	20.994927		https://kartaview.org/details/11585619/0
2606256953	44|OpenStreetView	2024-08-09T09:02:43	taken	105.848035	20.997870		https://kartaview.org/details/11484105/0
2079486809	44|OpenStreetView	2024-08-10T01:30:57	taken	105.841115	20.984012		https://kartaview.org/details/9442169/0
2633088146	44|OpenStreetView	2024-08-10T06:10:58	taken	105.818710	20.982553		https://kartaview.org/details/11699497/0
2541094873	44|OpenStreetView	2024-08-10T06:21:13	taken	105.842130	21.002963		https://kartaview.org/details/10532553/0
2632543293	44|OpenStreetView	2024-08-10T06:27:18	taken	105.816158	20.983860		https://kartaview.org/details/11694893/0
2623751537	44|OpenStreetView	2024-08-10T09:59:21	taken	105.813133	21.000813		https://kartaview.org/details/11587359/0
2627960549	44|OpenStreetView	2024-08-11T11:00:16	taken	105.837490	20.989513		https://kartaview.org/details/11619102/0
2623142389	44|OpenStreetView	2024-08-12T07:50:45	taken	105.809758	21.008022		https://kartaview.org/details/11581951/0
2628371207	44|OpenStreetView	2024-08-13T07:07:44	taken	105.823587	20.984407		https://kartaview.org/details/11622231/0
2480929033	44|OpenStreetView	2024-08-13T07:31:41	taken	105.824258	20.987163		https://kartaview.org/details/10073449/0
2632543272	44|OpenStreetView	2024-08-13T08:05:17	taken	105.821737	20.991730		https://kartaview.org/details/11694872/0
2632543271	44|OpenStreetView	2024-08-13T08:05:23	taken	105.821637	20.991958		https://kartaview.org/details/11694871/0
2632543270	44|OpenStreetView	2024-08-13T08:05:30	taken	105.821785	20.992123		https://kartaview.org/details/11694870/0
2632543269	44|OpenStreetView	2024-08-13T08:05:36	taken	105.822005	20.992257		https://kartaview.org/details/11694869/0
2628358434	44|OpenStreetView	2024-08-13T08:26:35	taken	105.821530	20.993555		https://kartaview.org/details/11621890/0
2546626921	44|OpenStreetView	2024-08-15T03:20:03	taken	105.826475	21.012340		https://kartaview.org/details/10635497/0
2628357407	44|OpenStreetView	2024-08-15T10:40:22	taken	105.830462	21.003690		https://kartaview.org/details/11621819/0
2080746489	44|OpenStreetView	2024-08-15T10:44:14	taken	105.833803	21.001583		https://kartaview.org/details/9458393/0
2628364671	44|OpenStreetView	2024-08-17T04:32:18	taken	105.777997	21.032553		https://kartaview.org/details/11622135/0
2619140889	44|OpenStreetView	2024-08-17T07:04:36	taken	105.839762	21.018945		https://kartaview.org/details/11509785/0
2623664763	44|OpenStreetView	2024-08-17T07:19:26	taken	105.837705	21.021410		https://kartaview.org/details/11586358/0
2623664234	44|OpenStreetView	2024-08-17T07:19:51	taken	105.838630	21.020823		https://kartaview.org/details/11586348/0
2623664235	44|OpenStreetView	2024-08-17T07:19:58	taken	105.838505	21.020890		https://kartaview.org/details/11586349/0
2623664760	44|OpenStreetView	2024-08-17T07:20:39	taken	105.838023	21.021082		https://kartaview.org/details/11586355/0
2627960526	44|OpenStreetView	2024-08-18T09:16:34	taken	105.822512	21.011912		https://kartaview.org/details/11619079/0
2623201733	44|OpenStreetView	2024-08-19T00:26:20	taken	105.872855	21.032033		https://kartaview.org/details/11584578/0
2623201750	44|OpenStreetView	2024-08-19T00:26:37	taken	105.873190	21.032472		https://kartaview.org/details/11584580/0
2623201763	44|OpenStreetView	2024-08-19T00:26:46	taken	105.873060	21.032640		https://kartaview.org/details/11584581/0
2633082712	44|OpenStreetView	2024-08-19T02:12:00	taken	105.861060	21.027630		https://kartaview.org/details/11698126/0
2079908745	44|OpenStreetView	2024-08-20T07:07:50	taken	105.813687	21.024527		https://kartaview.org/details/9444873/0
2611982121	44|OpenStreetView	2024-08-20T07:40:15	taken	105.809468	21.024283		https://kartaview.org/details/11486489/0
2623654523	44|OpenStreetView	2024-08-20T08:48:30	taken	105.835718	21.024943		https://kartaview.org/details/11586163/0
2079908713	44|OpenStreetView	2024-08-20T09:01:51	taken	105.813653	21.025060		https://kartaview.org/details/9444841/0
2633088816	44|OpenStreetView	2024-08-20T10:24:07	taken	105.829378	21.031045		https://kartaview.org/details/11699999/0
2633088818	44|OpenStreetView	2024-08-20T10:24:14	taken	105.829527	21.030832		https://kartaview.org/details/11700001/0
2633088820	44|OpenStreetView	2024-08-20T10:24:21	taken	105.829620	21.030687		https://kartaview.org/details/11700003/0
2628328187	44|OpenStreetView	2024-08-22T05:36:17	taken	105.823347	21.040677		https://kartaview.org/details/11621648/0
2534204393	44|OpenStreetView	2024-08-22T06:10:36	taken	105.822363	21.043543		https://kartaview.org/details/10441449/0
2633086751	44|OpenStreetView	2024-08-24T05:24:55	taken	105.835597	21.054810		https://kartaview.org/details/11698561/0
2537909497	44|OpenStreetView	2024-08-24T06:35:37	taken	105.843558	21.046733		https://kartaview.org/details/10477161/0
2537909529	44|OpenStreetView	2024-08-24T06:50:40	taken	105.844013	21.046668		https://kartaview.org/details/10477193/0
2453817577	44|OpenStreetView	2024-08-24T09:48:26	taken	105.821985	21.075572		https://kartaview.org/details/9835625/0
2537985865	44|OpenStreetView	2024-08-24T10:05:09	taken	105.825662	21.072353		https://kartaview.org/details/10478057/0
2537985881	44|OpenStreetView	2024-08-24T10:05:15	taken	105.825757	21.072025		https://kartaview.org/details/10478073/0
2626969648	44|OpenStreetView	2024-08-25T08:36:32	taken	105.812065	21.035880		https://kartaview.org/details/11614348/0
2626969649	44|OpenStreetView	2024-08-25T08:45:38	taken	105.813173	21.035668		https://kartaview.org/details/11614349/0
2492681561	44|OpenStreetView	2024-08-25T10:56:47	taken	105.839665	21.053752		https://kartaview.org/details/10114345/0
2632527967	44|OpenStreetView	2024-08-26T07:42:39	taken	105.834128	21.062220		https://kartaview.org/details/11693565/0
2537985961	44|OpenStreetView	2024-08-26T10:12:40	taken	105.825890	21.072635		https://kartaview.org/details/10478153/0
2633082629	44|OpenStreetView	2024-08-28T09:56:35	taken	105.809050	21.035917		https://kartaview.org/details/11698114/0
2534208441	44|OpenStreetView	2024-09-01T06:28:28	taken	105.779683	21.045257		https://kartaview.org/details/10445497/0
2633089012	44|OpenStreetView	2024-09-03T04:54:33	taken	105.805190	21.020630		https://kartaview.org/details/11700158/0
2623147057	44|OpenStreetView	2024-09-03T05:55:57	taken	105.797957	21.046688		https://kartaview.org/details/11582561/0
2534938633	44|OpenStreetView	2024-09-03T06:36:56	taken	105.791208	21.036745		https://kartaview.org/details/10451449/0
2627960554	44|OpenStreetView	2024-09-04T07:26:21	taken	105.790015	21.056467		https://kartaview.org/details/11619107/0
2538795705	44|OpenStreetView	2024-09-18T04:52:49	taken	105.800767	21.083940		https://kartaview.org/details/10480617/0
2538795721	44|OpenStreetView	2024-09-18T04:54:03	taken	105.800873	21.083368		https://kartaview.org/details/10480633/0
2623147227	44|OpenStreetView	2024-09-18T06:58:20	taken	105.794818	21.087367		https://kartaview.org/details/11582733/0
2623147222	44|OpenStreetView	2024-09-18T06:59:29	taken	105.795032	21.087697		https://kartaview.org/details/11582728/0
2620501002	44|OpenStreetView	2024-09-18T07:01:12	taken	105.794242	21.087582		https://kartaview.org/details/11565818/0
2464321721	44|OpenStreetView	2024-09-18T08:18:21	taken	105.791760	21.089987		https://kartaview.org/details/10025753/0
2537845593	44|OpenStreetView	2024-09-18T08:55:34	taken	105.788040	21.078917		https://kartaview.org/details/10476425/0
2537845609	44|OpenStreetView	2024-09-18T08:57:53	taken	105.788137	21.078770		https://kartaview.org/details/10476441/0
2534154025	44|OpenStreetView	2024-09-19T06:51:50	taken	105.811268	21.087723		https://kartaview.org/details/10437465/0
2464321705	44|OpenStreetView	2024-09-20T04:55:47	taken	105.816690	21.040527		https://kartaview.org/details/10025737/0
2623602158	44|OpenStreetView	2024-09-20T05:13:41	taken	105.812158	21.040973		https://kartaview.org/details/11585532/0
2628422080	44|OpenStreetView	2024-09-20T05:50:11	taken	105.811000	21.044057		https://kartaview.org/details/11622529/0
2633088141	44|OpenStreetView	2024-09-20T06:38:27	taken	105.812857	21.044513		https://kartaview.org/details/11699492/0
2628873455	44|OpenStreetView	2024-09-21T10:26:14	taken	105.782158	21.018325		https://kartaview.org/details/11624591/0
2627960553	44|OpenStreetView	2024-09-24T06:48:37	taken	105.800943	21.064103		https://kartaview.org/details/11619106/0
2560192313	44|OpenStreetView	2024-09-24T07:02:29	taken	105.814672	21.030170		https://kartaview.org/details/11052905/0
2623146985	44|OpenStreetView	2024-09-24T07:41:07	taken	105.798975	21.047580		https://kartaview.org/details/11582487/0
2633292703	44|OpenStreetView	2024-09-24T07:56:43	taken	105.800323	21.049828		https://kartaview.org/details/11707706/0
2633292705	44|OpenStreetView	2024-09-24T07:56:54	taken	105.800293	21.050232		https://kartaview.org/details/11707708/0
2540120121	44|OpenStreetView	2024-09-26T06:41:17	taken	105.780443	21.037603		https://kartaview.org/details/10488985/0
2540120137	44|OpenStreetView	2024-09-26T06:44:36	taken	105.780988	21.037398		https://kartaview.org/details/10489001/0
2538856857	44|OpenStreetView	2024-09-27T06:30:43	taken	105.774198	21.044428		https://kartaview.org/details/10480841/0
2538856873	44|OpenStreetView	2024-09-27T06:30:51	taken	105.773927	21.043553		https://kartaview.org/details/10480857/0
2628356837	44|OpenStreetView	2024-09-27T09:00:48	taken	105.775455	21.043547		https://kartaview.org/details/11621795/0
2534150153	44|OpenStreetView	2024-12-04T05:18:58	taken	105.849873	21.038857		https://kartaview.org/details/10435881/0
2534148521	44|OpenStreetView	2024-12-04T05:19:04	taken	105.850052	21.038953		https://kartaview.org/details/10434249/0
2527720601	44|OpenStreetView	2024-12-04T05:54:47	taken	105.848532	21.038432		https://kartaview.org/details/10383225/0
2527720441	44|OpenStreetView	2024-12-04T05:54:57	taken	105.848830	21.038325		https://kartaview.org/details/10383209/0
2527719929	44|OpenStreetView	2024-12-04T05:56:32	taken	105.849150	21.037645		https://kartaview.org/details/10383177/0
2527720185	44|OpenStreetView	2024-12-04T06:04:44	taken	105.849193	21.037398		https://kartaview.org/details/10383193/0
2601138265	44|OpenStreetView	2025-04-01T01:32:59	taken	105.817717	21.012337		https://kartaview.org/details/11477865/0
2633088669	44|OpenStreetView	2025-04-01T02:01:20	taken	105.860960	21.027863		https://kartaview.org/details/11699906/0
2623738750	44|OpenStreetView	2025-04-01T03:26:16	taken	105.859210	21.023117		https://kartaview.org/details/11587267/0
2623743844	44|OpenStreetView	2025-04-01T03:27:20	taken	105.858983	21.022693		https://kartaview.org/details/11587302/0
2628783670	44|OpenStreetView	2025-04-01T08:04:02	taken	105.890232	20.983002		https://kartaview.org/details/11623547/0
2628547154	44|OpenStreetView	2025-04-01T08:10:12	taken	105.886872	20.982897		https://kartaview.org/details/11622921/0
2628783671	44|OpenStreetView	2025-04-01T08:14:21	taken	105.890055	20.983012		https://kartaview.org/details/11623548/0
2628547153	44|OpenStreetView	2025-04-01T08:20:14	taken	105.887313	20.983815		https://kartaview.org/details/11622920/0
2619950006	44|OpenStreetView	2025-04-01T08:34:59	taken	105.815647	21.007265		https://kartaview.org/details/11558019/0
2620126033	44|OpenStreetView	2025-04-01T09:13:28	taken	105.850667	21.030237		https://kartaview.org/details/11559919/0
2629537016	44|OpenStreetView	2025-04-01T09:36:04	taken	105.809493	21.079127		https://kartaview.org/details/11646100/0
2629537015	44|OpenStreetView	2025-04-01T09:38:43	taken	105.809862	21.081050		https://kartaview.org/details/11646099/0
2633151909	44|OpenStreetView	2025-04-02T02:50:28	taken	105.844577	21.031193		https://kartaview.org/details/11703457/0
2620126036	44|OpenStreetView	2025-04-02T03:27:52	taken	105.850733	21.032175		https://kartaview.org/details/11559922/0
2633152098	44|OpenStreetView	2025-04-02T04:21:31	taken	105.860892	21.028917		https://kartaview.org/details/11703642/0
2633152099	44|OpenStreetView	2025-04-02T04:22:16	taken	105.860688	21.028865		https://kartaview.org/details/11703643/0
2633152096	44|OpenStreetView	2025-04-02T04:26:14	taken	105.861182	21.029028		https://kartaview.org/details/11703640/0
2633152094	44|OpenStreetView	2025-04-02T04:26:20	taken	105.861223	21.029043		https://kartaview.org/details/11703638/0
2633152095	44|OpenStreetView	2025-04-02T04:26:28	taken	105.861340	21.028880		https://kartaview.org/details/11703639/0
2633152092	44|OpenStreetView	2025-04-02T04:27:03	taken	105.861083	21.029503		https://kartaview.org/details/11703636/0
2628547116	44|OpenStreetView	2025-04-02T04:40:32	taken	105.851793	21.013585		https://kartaview.org/details/11622895/0
2633087409	44|OpenStreetView	2025-04-02T06:27:30	taken	105.857763	21.033720		https://kartaview.org/details/11699010/0
2633087411	44|OpenStreetView	2025-04-02T06:27:41	taken	105.857865	21.033697		https://kartaview.org/details/11699012/0
2628371813	44|OpenStreetView	2025-04-02T07:44:27	taken	105.800808	21.012000		https://kartaview.org/details/11622281/0
2633086840	44|OpenStreetView	2025-04-02T08:39:51	taken	105.884017	20.998580		https://kartaview.org/details/11698607/0
2628364670	44|OpenStreetView	2025-04-02T09:24:41	taken	105.805830	21.015527		https://kartaview.org/details/11622134/0
2623147224	44|OpenStreetView	2025-04-02T10:00:22	taken	105.795508	21.088328		https://kartaview.org/details/11582730/0
2623147223	44|OpenStreetView	2025-04-02T10:00:54	taken	105.795312	21.087783		https://kartaview.org/details/11582729/0
2623147225	44|OpenStreetView	2025-04-02T10:01:44	taken	105.795647	21.087285		https://kartaview.org/details/11582731/0
2623147226	44|OpenStreetView	2025-04-02T10:02:05	taken	105.796065	21.087263		https://kartaview.org/details/11582732/0
2623147228	44|OpenStreetView	2025-04-02T10:06:34	taken	105.794365	21.088440		https://kartaview.org/details/11582734/0
2628422101	44|OpenStreetView	2025-04-03T01:07:21	taken	105.804768	21.010245		https://kartaview.org/details/11622550/0
2612118937	44|OpenStreetView	2025-04-03T02:24:41	taken	105.832472	21.031403		https://kartaview.org/details/11486809/0
2628371205	44|OpenStreetView	2025-04-03T05:21:06	taken	105.799040	21.000725		https://kartaview.org/details/11622229/0
2632929764	44|OpenStreetView	2025-04-03T08:26:17	taken	105.837875	21.027788		https://kartaview.org/details/11697677/0
2628874613	44|OpenStreetView	2025-04-03T08:34:47	taken	105.804112	20.997358		https://kartaview.org/details/11624672/0
2630090489	44|OpenStreetView	2025-04-03T09:21:57	taken	105.799375	20.997088		https://kartaview.org/details/11662521/0
2627989412	44|OpenStreetView	2025-04-04T01:27:26	taken	105.811567	20.998518		https://kartaview.org/details/11619440/0
2627989411	44|OpenStreetView	2025-04-04T01:27:32	taken	105.811613	20.998290		https://kartaview.org/details/11619439/0
2633292708	44|OpenStreetView	2025-04-04T02:09:37	taken	105.813928	21.000393		https://kartaview.org/details/11707711/0
2627989321	44|OpenStreetView	2025-04-04T03:09:43	taken	105.844562	20.937380		https://kartaview.org/details/11619350/0
2625981113	44|OpenStreetView	2025-04-04T06:38:34	taken	105.786737	21.076775		https://kartaview.org/details/11607097/0
2623729389	44|OpenStreetView	2025-04-04T06:42:35	taken	105.797520	21.011387		https://kartaview.org/details/11587207/0
2623729379	44|OpenStreetView	2025-04-04T06:43:59	taken	105.797477	21.011657		https://kartaview.org/details/11587200/0
2623729380	44|OpenStreetView	2025-04-04T06:44:10	taken	105.797928	21.011650		https://kartaview.org/details/11587202/0
2623729383	44|OpenStreetView	2025-04-04T06:44:27	taken	105.797960	21.011300		https://kartaview.org/details/11587203/0
2627989312	44|OpenStreetView	2025-04-04T06:59:33	taken	105.792472	21.085530		https://kartaview.org/details/11619341/0
2628375443	44|OpenStreetView	2025-04-04T07:42:52	taken	105.845082	20.964667		https://kartaview.org/details/11622366/0
2628375442	44|OpenStreetView	2025-04-04T08:40:34	taken	105.844742	20.962737		https://kartaview.org/details/11622365/0
2628356564	44|OpenStreetView	2025-04-04T08:45:04	taken	105.842198	20.961952		https://kartaview.org/details/11621782/0
2628356563	44|OpenStreetView	2025-04-04T08:46:01	taken	105.842113	20.963147		https://kartaview.org/details/11621781/0
2633292706	44|OpenStreetView	2025-04-04T09:04:11	taken	105.851802	20.965955		https://kartaview.org/details/11707709/0
2610758121	44|OpenStreetView	2025-04-06T01:29:42	taken	105.870757	21.039270		https://kartaview.org/details/11485625/0
2628358372	44|OpenStreetView	2025-04-06T02:00:48	taken	105.870450	21.041838		https://kartaview.org/details/11621828/0
2623729501	44|OpenStreetView	2025-04-06T02:29:46	taken	105.797975	21.010275		https://kartaview.org/details/11587223/0
2623729500	44|OpenStreetView	2025-04-06T02:41:39	taken	105.797490	21.010813		https://kartaview.org/details/11587222/0
2623729391	44|OpenStreetView	2025-04-06T02:43:30	taken	105.797687	21.010955		https://kartaview.org/details/11587210/0
2623729809	44|OpenStreetView	2025-04-06T02:44:26	taken	105.798175	21.010907		https://kartaview.org/details/11587227/0
2623729594	44|OpenStreetView	2025-04-06T02:44:52	taken	105.798205	21.010590		https://kartaview.org/details/11587224/0
2623146984	44|OpenStreetView	2025-04-06T03:29:16	taken	105.798627	21.047518		https://kartaview.org/details/11582486/0
2623147121	44|OpenStreetView	2025-04-06T03:31:54	taken	105.798468	21.047158		https://kartaview.org/details/11582626/0
2623147051	44|OpenStreetView	2025-04-06T03:32:36	taken	105.798612	21.046683		https://kartaview.org/details/11582555/0
2623147053	44|OpenStreetView	2025-04-06T03:32:50	taken	105.798950	21.046577		https://kartaview.org/details/11582557/0
2623147054	44|OpenStreetView	2025-04-06T03:33:03	taken	105.799040	21.046397		https://kartaview.org/details/11582558/0
2628874612	44|OpenStreetView	2025-04-06T03:37:03	taken	105.877465	21.049787		https://kartaview.org/details/11624671/0
2623602170	44|OpenStreetView	2025-04-06T03:56:43	taken	105.790217	21.007170		https://kartaview.org/details/11585544/0
2567630937	44|OpenStreetView	2025-04-06T07:18:26	taken	105.779193	21.009478		https://kartaview.org/details/11199225/0
2633059344	44|OpenStreetView	2025-04-06T08:47:34	taken	105.797530	21.005422		https://kartaview.org/details/11697865/0
2632997177	44|OpenStreetView	2025-04-06T09:12:08	taken	105.794407	21.002897		https://kartaview.org/details/11697861/0
2628946510	44|OpenStreetView	2025-04-08T03:32:01	taken	105.792805	21.073083		https://kartaview.org/details/11625075/0
2633251319	44|OpenStreetView	2025-04-08T04:13:01	taken	105.784127	21.076750		https://kartaview.org/details/11707197/0
2633251321	44|OpenStreetView	2025-04-08T04:13:15	taken	105.784280	21.077047		https://kartaview.org/details/11707199/0
2633251322	44|OpenStreetView	2025-04-08T04:13:23	taken	105.784258	21.077280		https://kartaview.org/details/11707200/0
2633251323	44|OpenStreetView	2025-04-08T04:13:33	taken	105.784185	21.077405		https://kartaview.org/details/11707201/0
2633251328	44|OpenStreetView	2025-04-08T04:23:03	taken	105.868418	21.054780		https://kartaview.org/details/11707206/0
2633251330	44|OpenStreetView	2025-04-08T04:57:09	taken	105.869523	21.049853		https://kartaview.org/details/11707208/0
2619923649	44|OpenStreetView	2025-04-08T05:31:46	taken	105.852788	20.948700		https://kartaview.org/details/11557394/0
2619923648	44|OpenStreetView	2025-04-08T05:32:00	taken	105.853477	20.949145		https://kartaview.org/details/11557393/0
2629464600	44|OpenStreetView	2025-04-08T05:32:57	taken	105.789728	21.070303		https://kartaview.org/details/11643016/0
2633085358	44|OpenStreetView	2025-04-08T05:36:36	taken	105.850073	20.947308		https://kartaview.org/details/11698358/0
2629537696	44|OpenStreetView	2025-04-08T06:30:40	taken	105.844210	20.949160		https://kartaview.org/details/11646780/0
2633151913	44|OpenStreetView	2025-04-08T07:33:22	taken	105.796913	20.990747		https://kartaview.org/details/11703461/0
2633093083	44|OpenStreetView	2025-04-08T07:54:54	taken	105.827713	20.951942		https://kartaview.org/details/11702245/0
2633151915	44|OpenStreetView	2025-04-08T08:00:43	taken	105.795927	20.988118		https://kartaview.org/details/11703463/0
2633151914	44|OpenStreetView	2025-04-08T08:00:46	taken	105.795923	20.988260		https://kartaview.org/details/11703462/0
2633087381	44|OpenStreetView	2025-04-08T08:09:55	taken	105.794673	20.991003		https://kartaview.org/details/11698988/0
2628358412	44|OpenStreetView	2025-04-08T08:54:12	taken	105.790465	20.995093		https://kartaview.org/details/11621868/0
2628358437	44|OpenStreetView	2025-04-08T08:54:59	taken	105.828267	20.955400		https://kartaview.org/details/11621893/0
2627960552	44|OpenStreetView	2025-04-08T09:30:35	taken	105.804568	21.065563		https://kartaview.org/details/11619105/0
2627960551	44|OpenStreetView	2025-04-08T09:31:04	taken	105.803553	21.064673		https://kartaview.org/details/11619104/0
2627960550	44|OpenStreetView	2025-04-08T09:31:22	taken	105.802870	21.064148		https://kartaview.org/details/11619103/0
2633087389	44|OpenStreetView	2025-04-08T09:37:07	taken	105.889078	21.050585		https://kartaview.org/details/11698994/0
2633087392	44|OpenStreetView	2025-04-08T09:37:15	taken	105.889140	21.050685		https://kartaview.org/details/11698996/0
2628356562	44|OpenStreetView	2025-04-08T10:00:54	taken	105.807700	21.061195		https://kartaview.org/details/11621780/0
2602692505	44|OpenStreetView	2025-04-09T00:30:33	taken	105.897207	21.049305		https://kartaview.org/details/11480889/0
2627960547	44|OpenStreetView	2025-04-09T00:40:34	taken	105.892255	21.050047		https://kartaview.org/details/11619100/0
2628371217	44|OpenStreetView	2025-04-09T03:32:00	taken	105.825737	20.964268		https://kartaview.org/details/11622241/0
2628371216	44|OpenStreetView	2025-04-09T04:31:02	taken	105.825498	20.963690		https://kartaview.org/details/11622240/0
2628371215	44|OpenStreetView	2025-04-09T04:44:14	taken	105.824742	20.964070		https://kartaview.org/details/11622239/0
2628364669	44|OpenStreetView	2025-04-09T04:56:02	taken	105.823045	20.966470		https://kartaview.org/details/11622133/0
2633087363	44|OpenStreetView	2025-04-09T05:37:54	taken	105.879563	21.064252		https://kartaview.org/details/11698974/0
2619945769	44|OpenStreetView	2025-04-09T05:49:09	taken	105.833167	20.967502		https://kartaview.org/details/11557731/0
2627960528	44|OpenStreetView	2025-04-09T06:20:43	taken	105.791798	20.974705		https://kartaview.org/details/11619081/0
2633087384	44|OpenStreetView	2025-04-09T06:40:11	taken	105.840333	20.958135		https://kartaview.org/details/11698990/0
2628946511	44|OpenStreetView	2025-04-09T07:38:05	taken	105.842077	20.965103		https://kartaview.org/details/11625076/0
2628361964	44|OpenStreetView	2025-04-09T08:30:35	taken	105.788278	20.980795		https://kartaview.org/details/11621987/0
2627989283	44|OpenStreetView	2025-04-10T02:29:24	taken	105.793415	20.986790		https://kartaview.org/details/11619312/0
2633151916	44|OpenStreetView	2025-04-10T02:41:47	taken	105.796260	20.987768		https://kartaview.org/details/11703464/0
2633099519	44|OpenStreetView	2025-04-10T02:43:07	taken	105.898352	21.022458		https://kartaview.org/details/11702416/0
2633099520	44|OpenStreetView	2025-04-10T03:57:46	taken	105.908130	21.009218		https://kartaview.org/details/11702417/0
2633099539	44|OpenStreetView	2025-04-10T03:57:56	taken	105.907797	21.009182		https://kartaview.org/details/11702436/0
2633087364	44|OpenStreetView	2025-04-10T04:12:08	taken	105.906665	21.020378		https://kartaview.org/details/11698975/0
2633088181	44|OpenStreetView	2025-04-10T04:38:32	taken	105.910967	21.009227		https://kartaview.org/details/11699527/0
2628317942	44|OpenStreetView	2025-04-10T07:28:12	taken	105.775373	20.981485		https://kartaview.org/details/11620409/0
2627960530	44|OpenStreetView	2025-04-10T07:50:09	taken	105.774668	20.978200		https://kartaview.org/details/11619083/0
2627960531	44|OpenStreetView	2025-04-10T07:51:08	taken	105.774040	20.978473		https://kartaview.org/details/11619084/0
2628422081	44|OpenStreetView	2025-04-10T08:03:41	taken	105.811008	21.045190		https://kartaview.org/details/11622530/0
2633085328	44|OpenStreetView	2025-04-10T08:51:20	taken	105.809153	21.043013		https://kartaview.org/details/11698355/0
2628375404	44|OpenStreetView	2025-04-11T00:38:24	taken	105.885882	21.025162		https://kartaview.org/details/11622323/0
2628375405	44|OpenStreetView	2025-04-11T00:43:54	taken	105.886957	21.026448		https://kartaview.org/details/11622324/0
2627960529	44|OpenStreetView	2025-04-11T02:04:00	taken	105.775405	20.977887		https://kartaview.org/details/11619082/0
2623663449	44|OpenStreetView	2025-04-11T03:13:03	taken	105.874797	21.026350		https://kartaview.org/details/11586222/0
2628946509	44|OpenStreetView	2025-04-11T03:13:45	taken	105.842435	20.979513		https://kartaview.org/details/11625074/0
2633088155	44|OpenStreetView	2025-04-11T04:11:08	taken	105.875293	21.022295		https://kartaview.org/details/11699506/0
2628359986	44|OpenStreetView	2025-04-11T04:56:30	taken	105.845140	20.978647		https://kartaview.org/details/11621904/0
2620468442	44|OpenStreetView	2025-04-11T05:39:03	taken	105.856548	20.982230		https://kartaview.org/details/11564959/0
2633082653	44|OpenStreetView	2025-04-11T07:20:21	taken	105.819868	21.038553		https://kartaview.org/details/11698116/0
2628547089	44|OpenStreetView	2025-04-11T07:20:23	taken	105.759565	20.968912		https://kartaview.org/details/11622877/0
2628547088	44|OpenStreetView	2025-04-11T07:27:51	taken	105.758635	20.968407		https://kartaview.org/details/11622876/0
2628328203	44|OpenStreetView	2025-04-11T08:29:00	taken	105.861402	20.983557		https://kartaview.org/details/11621664/0
2620469324	44|OpenStreetView	2025-04-11T08:37:24	taken	105.860093	20.976458		https://kartaview.org/details/11564981/0
2625666833	44|OpenStreetView	2025-04-12T01:17:59	taken	105.783883	20.977372		https://kartaview.org/details/11603220/0
2628356555	44|OpenStreetView	2025-04-12T02:24:48	taken	105.870422	21.037185		https://kartaview.org/details/11621773/0
2610758105	44|OpenStreetView	2025-04-12T02:26:25	taken	105.871122	21.037133		https://kartaview.org/details/11485609/0
2610758089	44|OpenStreetView	2025-04-12T02:26:59	taken	105.871258	21.036905		https://kartaview.org/details/11485593/0
2627960564	44|OpenStreetView	2025-04-12T03:04:07	taken	105.865718	20.989535		https://kartaview.org/details/11619117/0
2628360006	44|OpenStreetView	2025-04-12T03:42:45	taken	105.812380	21.034990		https://kartaview.org/details/11621924/0
2628375430	44|OpenStreetView	2025-04-12T04:05:42	taken	105.804858	21.032835		https://kartaview.org/details/11622353/0
2633082664	44|OpenStreetView	2025-04-12T06:37:36	taken	105.861875	20.988792		https://kartaview.org/details/11698117/0
2629537014	44|OpenStreetView	2025-04-12T08:09:18	taken	105.776362	20.969302		https://kartaview.org/details/11646098/0
2628547149	44|OpenStreetView	2025-04-13T03:25:12	taken	105.768953	20.965340		https://kartaview.org/details/11622916/0
2609661881	44|OpenStreetView	2025-04-13T04:45:15	taken	105.878683	20.990437		https://kartaview.org/details/11485321/0
2633082673	44|OpenStreetView	2025-04-13T04:53:56	taken	105.887213	21.060897		https://kartaview.org/details/11698119/0
2633082674	44|OpenStreetView	2025-04-13T04:54:02	taken	105.887158	21.060913		https://kartaview.org/details/11698120/0
2627960546	44|OpenStreetView	2025-04-13T05:51:12	taken	105.886558	21.056987		https://kartaview.org/details/11619099/0
2632451959	44|OpenStreetView	2025-04-13T06:15:21	taken	105.814325	21.016948		https://kartaview.org/details/11690659/0
2628375431	44|OpenStreetView	2025-04-13T06:56:37	taken	105.889857	21.064587		https://kartaview.org/details/11622354/0
2633089011	44|OpenStreetView	2025-04-13T07:55:46	taken	105.810208	21.026150		https://kartaview.org/details/11700157/0
2633089010	44|OpenStreetView	2025-04-13T07:55:56	taken	105.810052	21.026030		https://kartaview.org/details/11700156/0
2611982105	44|OpenStreetView	2025-04-13T08:00:18	taken	105.809302	21.024213		https://kartaview.org/details/11486473/0
2633079640	44|OpenStreetView	2025-04-13T09:11:05	taken	105.807168	21.022192		https://kartaview.org/details/11697975/0
2633079641	44|OpenStreetView	2025-04-13T09:11:58	taken	105.807133	21.022313		https://kartaview.org/details/11697976/0
2633079639	44|OpenStreetView	2025-04-13T09:12:19	taken	105.807522	21.022175		https://kartaview.org/details/11697974/0
2623663518	44|OpenStreetView	2025-04-13T10:05:39	taken	105.802673	21.020417		https://kartaview.org/details/11586291/0
2623663517	44|OpenStreetView	2025-04-13T10:05:45	taken	105.802658	21.020535		https://kartaview.org/details/11586290/0
2623663513	44|OpenStreetView	2025-04-13T10:06:05	taken	105.803062	21.020697		https://kartaview.org/details/11586286/0
2627960532	44|OpenStreetView	2025-04-14T01:07:02	taken	105.783925	20.965992		https://kartaview.org/details/11619085/0
2633099495	44|OpenStreetView	2025-04-14T02:50:34	taken	105.928867	20.995158		https://kartaview.org/details/11702392/0
2633086750	44|OpenStreetView	2025-04-14T06:35:41	taken	105.930310	21.007942		https://kartaview.org/details/11698560/0
2633086739	44|OpenStreetView	2025-04-14T06:36:16	taken	105.930742	21.007940		https://kartaview.org/details/11698552/0
2633086746	44|OpenStreetView	2025-04-14T06:36:28	taken	105.930745	21.008542		https://kartaview.org/details/11698556/0
2633086748	44|OpenStreetView	2025-04-14T06:36:45	taken	105.930322	21.008568		https://kartaview.org/details/11698558/0
2628783672	44|OpenStreetView	2025-04-14T07:13:14	taken	105.757185	20.951133		https://kartaview.org/details/11623549/0
2628783673	44|OpenStreetView	2025-04-14T07:14:16	taken	105.757178	20.951422		https://kartaview.org/details/11623550/0
2628547095	44|OpenStreetView	2025-04-14T07:28:15	taken	105.765142	20.951103		https://kartaview.org/details/11622883/0
2633086752	44|OpenStreetView	2025-04-14T07:48:38	taken	105.908882	21.063067		https://kartaview.org/details/11698562/0
2633086755	44|OpenStreetView	2025-04-14T07:48:47	taken	105.908978	21.063275		https://kartaview.org/details/11698564/0
2633086759	44|OpenStreetView	2025-04-14T07:49:00	taken	105.908462	21.063183		https://kartaview.org/details/11698566/0
2633088603	44|OpenStreetView	2025-04-14T08:15:30	taken	105.761402	20.947855		https://kartaview.org/details/11699852/0
2621568846	44|OpenStreetView	2025-04-14T09:04:21	taken	105.913205	21.061467		https://kartaview.org/details/11569254/0
2623041293	44|OpenStreetView	2025-04-15T00:12:14	taken	105.790340	20.965873		https://kartaview.org/details/11578419/0
2619923952	44|OpenStreetView	2025-04-15T00:21:54	taken	105.788017	20.962977		https://kartaview.org/details/11557523/0
2633087340	44|OpenStreetView	2025-04-16T02:34:10	taken	105.925497	21.050300		https://kartaview.org/details/11698958/0
2633087342	44|OpenStreetView	2025-04-16T02:34:29	taken	105.925263	21.050918		https://kartaview.org/details/11698959/0
2633087343	44|OpenStreetView	2025-04-16T02:34:47	taken	105.924853	21.051460		https://kartaview.org/details/11698960/0
2633087345	44|OpenStreetView	2025-04-16T02:35:09	taken	105.924142	21.052178		https://kartaview.org/details/11698961/0
2633087338	44|OpenStreetView	2025-04-16T02:59:02	taken	105.798025	20.961625		https://kartaview.org/details/11698957/0
2633087337	44|OpenStreetView	2025-04-16T02:59:08	taken	105.797813	20.961643		https://kartaview.org/details/11698956/0
2633151912	44|OpenStreetView	2025-04-16T04:24:10	taken	105.920470	21.054045		https://kartaview.org/details/11703460/0
2633151910	44|OpenStreetView	2025-04-16T04:32:54	taken	105.920275	21.054123		https://kartaview.org/details/11703458/0
2633085116	44|OpenStreetView	2025-04-16T08:47:55	taken	105.938720	20.981235		https://kartaview.org/details/11698350/0
2633085106	44|OpenStreetView	2025-04-16T08:48:06	taken	105.938433	20.980915		https://kartaview.org/details/11698349/0
2633085308	44|OpenStreetView	2025-04-16T08:48:18	taken	105.937840	20.980553		https://kartaview.org/details/11698351/0
2628946777	44|OpenStreetView	2025-04-16T08:51:52	taken	105.763037	21.009782		https://kartaview.org/details/11625219/0
2606106377	44|OpenStreetView	2025-04-16T09:12:31	taken	105.922117	21.038022		https://kartaview.org/details/11483817/0
2627960561	44|OpenStreetView	2025-04-16T09:27:22	taken	105.800320	21.050977		https://kartaview.org/details/11619114/0
2609661865	44|OpenStreetView	2025-04-17T00:42:35	taken	105.736375	21.006012		https://kartaview.org/details/11485305/0
2628328195	44|OpenStreetView	2025-04-17T07:04:10	taken	105.797592	21.017462		https://kartaview.org/details/11621656/0
2633292697	44|OpenStreetView	2025-04-17T07:55:56	taken	105.759220	21.000270		https://kartaview.org/details/11707700/0
2633292698	44|OpenStreetView	2025-04-17T07:56:06	taken	105.759410	21.000208		https://kartaview.org/details/11707701/0
2633292701	44|OpenStreetView	2025-04-17T07:56:26	taken	105.759138	20.999438		https://kartaview.org/details/11707704/0
2633292702	44|OpenStreetView	2025-04-17T07:56:36	taken	105.759365	20.999242		https://kartaview.org/details/11707705/0
2633089017	44|OpenStreetView	2025-04-18T09:17:25	taken	105.791980	21.022280		https://kartaview.org/details/11700162/0
2633089019	44|OpenStreetView	2025-04-18T09:20:19	taken	105.791813	21.022393		https://kartaview.org/details/11700163/0
2619912806	44|OpenStreetView	2025-04-18T09:47:15	taken	105.785963	21.025353		https://kartaview.org/details/11555450/0
2623652392	44|OpenStreetView	2025-04-19T04:35:28	taken	105.795802	21.027057		https://kartaview.org/details/11586058/0
2623652393	44|OpenStreetView	2025-04-19T04:42:43	taken	105.796262	21.027212		https://kartaview.org/details/11586059/0
2623652394	44|OpenStreetView	2025-04-19T04:42:49	taken	105.796145	21.027277		https://kartaview.org/details/11586060/0
2632537395	44|OpenStreetView	2025-04-19T04:43:59	taken	105.796908	21.027037		https://kartaview.org/details/11694419/0
2623652395	44|OpenStreetView	2025-04-19T04:51:25	taken	105.796277	21.027715		https://kartaview.org/details/11586061/0
2628364551	44|OpenStreetView	2025-04-19T05:33:42	taken	105.798157	21.030273		https://kartaview.org/details/11622015/0
2628364550	44|OpenStreetView	2025-04-19T05:39:50	taken	105.798013	21.031393		https://kartaview.org/details/11622014/0
2633088118	44|OpenStreetView	2025-04-20T01:00:36	taken	105.921018	21.022452		https://kartaview.org/details/11699475/0
2633088116	44|OpenStreetView	2025-04-20T01:01:13	taken	105.921010	21.022225		https://kartaview.org/details/11699474/0
2628302715	44|OpenStreetView	2025-04-20T01:14:46	taken	105.785785	21.037487		https://kartaview.org/details/11620107/0
2628302712	44|OpenStreetView	2025-04-20T01:18:07	taken	105.785725	21.038148		https://kartaview.org/details/11620104/0
2628302714	44|OpenStreetView	2025-04-20T01:19:30	taken	105.785712	21.037715		https://kartaview.org/details/11620106/0
2567401673	44|OpenStreetView	2025-04-20T02:20:16	taken	105.744767	20.964100		https://kartaview.org/details/11195257/0
2627989309	44|OpenStreetView	2025-04-20T02:59:20	taken	105.873833	20.994137		https://kartaview.org/details/11619338/0
2633088113	44|OpenStreetView	2025-04-20T03:16:41	taken	105.751378	20.967727		https://kartaview.org/details/11699472/0
2628358377	44|OpenStreetView	2025-04-20T04:21:02	taken	105.867613	20.993255		https://kartaview.org/details/11621833/0
2628358378	44|OpenStreetView	2025-04-20T04:22:41	taken	105.867655	20.996808		https://kartaview.org/details/11621834/0
2632694985	44|OpenStreetView	2025-04-20T05:16:25	taken	105.750077	20.971022		https://kartaview.org/details/11696893/0
2633081506	44|OpenStreetView	2025-04-20T05:16:35	taken	105.749825	20.971062		https://kartaview.org/details/11698012/0
2632694975	44|OpenStreetView	2025-04-20T05:16:41	taken	105.749673	20.971168		https://kartaview.org/details/11696892/0
2628006322	44|OpenStreetView	2025-04-20T06:48:35	taken	105.871828	21.003337		https://kartaview.org/details/11619460/0
2627960562	44|OpenStreetView	2025-04-21T02:31:06	taken	105.804027	21.038478		https://kartaview.org/details/11619115/0
2633088601	44|OpenStreetView	2025-04-22T06:10:45	taken	105.866718	21.007512		https://kartaview.org/details/11699850/0
2633088182	44|OpenStreetView	2025-04-22T06:11:09	taken	105.866450	21.007655		https://kartaview.org/details/11699528/0
2633088163	44|OpenStreetView	2025-04-22T06:24:04	taken	105.948432	21.033612		https://kartaview.org/details/11699514/0
2619950019	44|OpenStreetView	2025-04-22T07:04:40	taken	105.955135	21.038117		https://kartaview.org/details/11558032/0
2633087394	44|OpenStreetView	2025-04-23T04:51:45	taken	105.739607	20.976060		https://kartaview.org/details/11698998/0
2628925440	44|OpenStreetView	2025-04-23T05:18:47	taken	105.741678	20.973823		https://kartaview.org/details/11624964/0
2628371204	44|OpenStreetView	2025-04-23T05:22:24	taken	105.861172	20.992690		https://kartaview.org/details/11622228/0
2633088666	44|OpenStreetView	2025-04-23T05:52:09	taken	105.732000	20.981310		https://kartaview.org/details/11699904/0
2633087397	44|OpenStreetView	2025-04-23T05:55:14	taken	105.733332	20.977785		https://kartaview.org/details/11699000/0
2633087399	44|OpenStreetView	2025-04-23T05:56:29	taken	105.732647	20.977097		https://kartaview.org/details/11699002/0
2628365447	44|OpenStreetView	2025-04-23T06:07:02	taken	105.776830	21.032640		https://kartaview.org/details/11622141/0
2619919369	44|OpenStreetView	2025-04-23T06:26:41	taken	105.777720	21.030343		https://kartaview.org/details/11557311/0
2632692733	44|OpenStreetView	2025-04-23T06:34:15	taken	105.852437	21.042797		https://kartaview.org/details/11696854/0
2627979192	44|OpenStreetView	2025-04-23T06:39:43	taken	105.776430	21.024887		https://kartaview.org/details/11619283/0
2632692761	44|OpenStreetView	2025-04-23T06:57:32	taken	105.852290	21.042272		https://kartaview.org/details/11696857/0
2632692740	44|OpenStreetView	2025-04-23T06:59:43	taken	105.852780	21.042470		https://kartaview.org/details/11696855/0
2619919249	44|OpenStreetView	2025-04-23T07:01:54	taken	105.752832	20.990262		https://kartaview.org/details/11557191/0
2619919372	44|OpenStreetView	2025-04-23T07:10:19	taken	105.780590	21.017355		https://kartaview.org/details/11557314/0
2629464601	44|OpenStreetView	2025-04-23T09:01:43	taken	105.872477	20.990618		https://kartaview.org/details/11643017/0
2628375410	44|OpenStreetView	2025-04-23T09:14:58	taken	105.746710	20.999155		https://kartaview.org/details/11622329/0
2628364672	44|OpenStreetView	2025-04-23T09:52:54	taken	105.778797	21.033750		https://kartaview.org/details/11622136/0
2629537017	44|OpenStreetView	2025-04-29T07:38:18	taken	105.772627	21.091650		https://kartaview.org/details/11646101/0
2628375433	44|OpenStreetView	2025-04-30T06:00:03	taken	105.776618	21.083680		https://kartaview.org/details/11622356/0
2625981114	44|OpenStreetView	2025-04-30T09:22:52	taken	105.785690	21.076577		https://kartaview.org/details/11607098/0
2628328205	44|OpenStreetView	2025-05-01T08:09:39	taken	105.799190	20.965025		https://kartaview.org/details/11621666/0
2633292681	44|OpenStreetView	2025-05-02T00:10:05	taken	105.777010	21.067905		https://kartaview.org/details/11707684/0
2633088166	44|OpenStreetView	2025-05-02T00:56:41	taken	105.776285	21.065368		https://kartaview.org/details/11699517/0
2625867949	44|OpenStreetView	2025-05-02T01:15:59	taken	105.829368	21.021177		https://kartaview.org/details/11606620/0
2633088165	44|OpenStreetView	2025-05-02T02:11:46	taken	105.771542	21.061815		https://kartaview.org/details/11699516/0
2628317939	44|OpenStreetView	2025-05-02T02:26:30	taken	105.761462	21.065110		https://kartaview.org/details/11620406/0
2633087388	44|OpenStreetView	2025-05-02T03:06:37	taken	105.780072	21.060953		https://kartaview.org/details/11698993/0
2633087378	44|OpenStreetView	2025-05-02T03:22:28	taken	105.781260	21.061148		https://kartaview.org/details/11698985/0
2633087385	44|OpenStreetView	2025-05-02T03:22:46	taken	105.780812	21.060883		https://kartaview.org/details/11698991/0
2622837942	44|OpenStreetView	2025-05-02T03:28:31	taken	105.781525	21.060150		https://kartaview.org/details/11576303/0
2625867498	44|OpenStreetView	2025-05-02T03:38:00	taken	105.828927	21.020785		https://kartaview.org/details/11606618/0
2633087375	44|OpenStreetView	2025-05-02T04:29:49	taken	105.785112	21.058025		https://kartaview.org/details/11698983/0
2633087090	44|OpenStreetView	2025-05-02T04:30:28	taken	105.785232	21.058197		https://kartaview.org/details/11698749/0
2633087367	44|OpenStreetView	2025-05-02T04:30:33	taken	105.785272	21.058232		https://kartaview.org/details/11698978/0
2633087373	44|OpenStreetView	2025-05-02T04:31:27	taken	105.785070	21.058290		https://kartaview.org/details/11698981/0
2628547118	44|OpenStreetView	2025-05-02T08:20:29	taken	105.774275	21.042083		https://kartaview.org/details/11622897/0
2628328199	44|OpenStreetView	2025-05-02T09:55:37	taken	105.773953	21.033590		https://kartaview.org/details/11621660/0
2627960560	44|OpenStreetView	2025-05-03T01:39:00	taken	105.767643	21.038912		https://kartaview.org/details/11619113/0
2628366642	44|OpenStreetView	2025-05-03T02:09:28	taken	105.764208	21.029908		https://kartaview.org/details/11622169/0
2628366641	44|OpenStreetView	2025-05-03T02:10:28	taken	105.762660	21.030375		https://kartaview.org/details/11622168/0
2628366640	44|OpenStreetView	2025-05-03T03:36:21	taken	105.763138	21.030428		https://kartaview.org/details/11622167/0
2628364561	44|OpenStreetView	2025-05-03T07:37:14	taken	105.769265	21.033472		https://kartaview.org/details/11622025/0
2628358401	44|OpenStreetView	2025-05-03T08:02:02	taken	105.770003	21.032108		https://kartaview.org/details/11621857/0
2632527984	44|OpenStreetView	2025-05-03T08:45:54	taken	105.775210	21.025833		https://kartaview.org/details/11693582/0
2627989298	44|OpenStreetView	2025-05-03T09:52:37	taken	105.768630	21.023178		https://kartaview.org/details/11619327/0
2628547121	44|OpenStreetView	2025-05-03T10:02:29	taken	105.768643	21.020087		https://kartaview.org/details/11622900/0
2632682174	44|OpenStreetView	2025-05-05T06:31:48	taken	105.859627	21.005507		https://kartaview.org/details/11696550/0
2632682170	44|OpenStreetView	2025-05-05T06:32:43	taken	105.859443	21.005192		https://kartaview.org/details/11696546/0
2629464602	44|OpenStreetView	2025-05-08T05:24:18	taken	105.946620	21.135362		https://kartaview.org/details/11643018/0
2632682253	44|OpenStreetView	2025-05-08T09:22:03	taken	105.930898	21.108900		https://kartaview.org/details/11696629/0
2632682252	44|OpenStreetView	2025-05-08T09:23:59	taken	105.931062	21.109057		https://kartaview.org/details/11696628/0
2632682258	44|OpenStreetView	2025-05-08T09:33:02	taken	105.929847	21.109243		https://kartaview.org/details/11696634/0
2628359993	44|OpenStreetView	2025-05-09T02:56:55	taken	105.820322	21.139622		https://kartaview.org/details/11621911/0
2632543286	44|OpenStreetView	2025-05-09T04:00:29	taken	105.829100	21.133828		https://kartaview.org/details/11694886/0
2632543288	44|OpenStreetView	2025-05-09T04:01:45	taken	105.828533	21.133933		https://kartaview.org/details/11694888/0
2632543287	44|OpenStreetView	2025-05-09T04:01:48	taken	105.828457	21.134030		https://kartaview.org/details/11694887/0
2632543285	44|OpenStreetView	2025-05-09T04:01:52	taken	105.828480	21.134217		https://kartaview.org/details/11694885/0
2633088626	44|OpenStreetView	2025-05-09T04:24:38	taken	105.826913	21.111307		https://kartaview.org/details/11699875/0
2633088623	44|OpenStreetView	2025-05-09T04:25:00	taken	105.826923	21.110575		https://kartaview.org/details/11699873/0
2633151921	44|OpenStreetView	2025-05-09T04:31:04	taken	105.828975	21.111143		https://kartaview.org/details/11703469/0
2633151922	44|OpenStreetView	2025-05-09T04:31:10	taken	105.828912	21.110960		https://kartaview.org/details/11703470/0
2633151923	44|OpenStreetView	2025-05-09T04:33:38	taken	105.828810	21.110687		https://kartaview.org/details/11703471/0
2633151917	44|OpenStreetView	2025-05-09T04:43:11	taken	105.827272	21.110493		https://kartaview.org/details/11703465/0
2633151918	44|OpenStreetView	2025-05-09T04:43:24	taken	105.827310	21.110890		https://kartaview.org/details/11703466/0
2633151919	44|OpenStreetView	2025-05-09T04:43:35	taken	105.827300	21.111288		https://kartaview.org/details/11703467/0
2633151933	44|OpenStreetView	2025-05-09T05:00:23	taken	105.830790	21.142292		https://kartaview.org/details/11703481/0
2633151932	44|OpenStreetView	2025-05-09T05:00:41	taken	105.830697	21.142063		https://kartaview.org/details/11703480/0
2633151928	44|OpenStreetView	2025-05-09T05:01:04	taken	105.830853	21.141662		https://kartaview.org/details/11703476/0
2633151938	44|OpenStreetView	2025-05-09T06:12:35	taken	105.816242	21.142197		https://kartaview.org/details/11703486/0
2633088629	44|OpenStreetView	2025-05-09T08:13:39	taken	105.834377	21.120642		https://kartaview.org/details/11699878/0
2633088633	44|OpenStreetView	2025-05-09T08:13:53	taken	105.834437	21.120970		https://kartaview.org/details/11699882/0
2633088646	44|OpenStreetView	2025-05-09T09:42:27	taken	105.930150	21.093517		https://kartaview.org/details/11699892/0
2633088643	44|OpenStreetView	2025-05-09T09:42:39	taken	105.930445	21.092982		https://kartaview.org/details/11699890/0
2619950029	44|OpenStreetView	2025-05-12T01:25:22	taken	105.827798	21.011072		https://kartaview.org/details/11558042/0
2619950021	44|OpenStreetView	2025-05-12T01:25:37	taken	105.828145	21.010785		https://kartaview.org/details/11558034/0
2633088157	44|OpenStreetView	2025-05-12T03:49:37	taken	105.832315	20.982685		https://kartaview.org/details/11699508/0
2633088156	44|OpenStreetView	2025-05-12T03:49:44	taken	105.832323	20.982763		https://kartaview.org/details/11699507/0
2628364554	44|OpenStreetView	2025-05-12T05:33:11	taken	105.833532	20.984995		https://kartaview.org/details/11622018/0
2628317949	44|OpenStreetView	2025-05-12T06:58:52	taken	105.819297	20.974533		https://kartaview.org/details/11620416/0
2633088153	44|OpenStreetView	2025-05-12T07:26:37	taken	105.831625	20.991673		https://kartaview.org/details/11699504/0
2623620953	44|OpenStreetView	2025-05-12T08:01:15	taken	105.844483	20.993670		https://kartaview.org/details/11585692/0
2623619347	44|OpenStreetView	2025-05-12T08:06:11	taken	105.844677	20.993343		https://kartaview.org/details/11585681/0
2623619312	44|OpenStreetView	2025-05-12T08:19:01	taken	105.845340	20.993287		https://kartaview.org/details/11585680/0
2623619311	44|OpenStreetView	2025-05-12T08:19:09	taken	105.845117	20.993150		https://kartaview.org/details/11585679/0
2628358431	44|OpenStreetView	2025-05-12T09:03:03	taken	105.829428	21.004162		https://kartaview.org/details/11621887/0
2628358406	44|OpenStreetView	2025-05-12T09:50:44	taken	105.837113	20.992008		https://kartaview.org/details/11621862/0
2633082701	44|OpenStreetView	2025-05-12T10:00:36	taken	105.836027	20.991440		https://kartaview.org/details/11698125/0
2628356565	44|OpenStreetView	2025-05-12T10:24:21	taken	105.840312	20.993160		https://kartaview.org/details/11621783/0
2623612059	44|OpenStreetView	2025-05-12T10:42:21	taken	105.845583	20.994735		https://kartaview.org/details/11585621/0
2623612066	44|OpenStreetView	2025-05-12T10:42:46	taken	105.845527	20.994275		https://kartaview.org/details/11585628/0
2623619307	44|OpenStreetView	2025-05-12T10:43:06	taken	105.845952	20.994050		https://kartaview.org/details/11585675/0
2623619308	44|OpenStreetView	2025-05-12T10:43:37	taken	105.846055	20.993772		https://kartaview.org/details/11585676/0
2633087076	44|OpenStreetView	2025-05-13T00:43:15	taken	105.821645	21.002333		https://kartaview.org/details/11698739/0
2633087084	44|OpenStreetView	2025-05-13T00:43:36	taken	105.821808	21.001958		https://kartaview.org/details/11698745/0
2619638537	44|OpenStreetView	2025-05-13T01:22:46	taken	105.814907	20.982582		https://kartaview.org/details/11533257/0
2633086786	44|OpenStreetView	2025-05-13T02:13:29	taken	105.826565	20.996623		https://kartaview.org/details/11698580/0
2633086895	44|OpenStreetView	2025-05-13T02:13:33	taken	105.826620	20.996748		https://kartaview.org/details/11698629/0
2632682197	44|OpenStreetView	2025-05-13T02:18:22	taken	105.825053	20.997138		https://kartaview.org/details/11696573/0
2632682196	44|OpenStreetView	2025-05-13T02:18:44	taken	105.825217	20.997830		https://kartaview.org/details/11696572/0
2633086902	44|OpenStreetView	2025-05-13T03:18:41	taken	105.826212	20.994978		https://kartaview.org/details/11698633/0
2633086904	44|OpenStreetView	2025-05-13T03:18:50	taken	105.825950	20.994988		https://kartaview.org/details/11698635/0
2629464597	44|OpenStreetView	2025-05-13T04:39:56	taken	105.802203	20.979090		https://kartaview.org/details/11643013/0
2610758153	44|OpenStreetView	2025-05-13T04:58:56	taken	105.805938	20.978600		https://kartaview.org/details/11485657/0
2633086906	44|OpenStreetView	2025-05-13T05:33:35	taken	105.820478	20.994237		https://kartaview.org/details/11698637/0
2633086908	44|OpenStreetView	2025-05-13T05:33:41	taken	105.820292	20.994177		https://kartaview.org/details/11698639/0
2620126039	44|OpenStreetView	2025-05-13T05:46:28	taken	105.837235	21.002432		https://kartaview.org/details/11559925/0
2632543283	44|OpenStreetView	2025-05-13T06:35:36	taken	105.836778	21.004773		https://kartaview.org/details/11694883/0
2632543281	44|OpenStreetView	2025-05-13T06:35:43	taken	105.836637	21.004793		https://kartaview.org/details/11694881/0
2633087056	44|OpenStreetView	2025-05-13T06:37:32	taken	105.821532	20.989963		https://kartaview.org/details/11698725/0
2632543277	44|OpenStreetView	2025-05-13T06:42:45	taken	105.799870	20.980235		https://kartaview.org/details/11694877/0
2632543274	44|OpenStreetView	2025-05-13T06:43:03	taken	105.799585	20.980687		https://kartaview.org/details/11694874/0
2632543278	44|OpenStreetView	2025-05-13T06:44:02	taken	105.800150	20.980192		https://kartaview.org/details/11694878/0
2632543280	44|OpenStreetView	2025-05-13T06:44:06	taken	105.800260	20.980057		https://kartaview.org/details/11694880/0
2633086930	44|OpenStreetView	2025-05-13T06:52:55	taken	105.820112	20.989685		https://kartaview.org/details/11698654/0
2633086923	44|OpenStreetView	2025-05-13T06:53:08	taken	105.820330	20.989907		https://kartaview.org/details/11698649/0
2633086920	44|OpenStreetView	2025-05-13T06:53:39	taken	105.820635	20.989985		https://kartaview.org/details/11698647/0
2633086917	44|OpenStreetView	2025-05-13T06:54:22	taken	105.820807	20.990058		https://kartaview.org/details/11698645/0
2633086955	44|OpenStreetView	2025-05-13T06:55:39	taken	105.821790	20.990120		https://kartaview.org/details/11698669/0
2628519355	44|OpenStreetView	2025-05-13T07:15:42	taken	105.828152	20.991987		https://kartaview.org/details/11622810/0
2627960527	44|OpenStreetView	2025-05-13T07:27:09	taken	105.801097	20.985110		https://kartaview.org/details/11619080/0
2633086763	44|OpenStreetView	2025-05-13T08:00:08	taken	105.841047	21.006780		https://kartaview.org/details/11698568/0
2633086767	44|OpenStreetView	2025-05-13T08:00:16	taken	105.840675	21.006765		https://kartaview.org/details/11698570/0
2633086775	44|OpenStreetView	2025-05-13T08:00:29	taken	105.840390	21.006710		https://kartaview.org/details/11698574/0
2629467336	44|OpenStreetView	2025-05-13T08:10:56	taken	105.829093	21.007263		https://kartaview.org/details/11643506/0
2632682195	44|OpenStreetView	2025-05-13T08:13:19	taken	105.804202	20.986992		https://kartaview.org/details/11696571/0
2632682216	44|OpenStreetView	2025-05-13T08:13:33	taken	105.804518	20.987022		https://kartaview.org/details/11696592/0
2628714163	44|OpenStreetView	2025-05-13T09:35:34	taken	105.835305	21.012402		https://kartaview.org/details/11623245/0
2633088162	44|OpenStreetView	2025-05-13T09:55:37	taken	105.831800	21.008137		https://kartaview.org/details/11699513/0
2633088161	44|OpenStreetView	2025-05-13T09:55:40	taken	105.831917	21.008085		https://kartaview.org/details/11699512/0
2632693449	44|OpenStreetView	2025-05-15T03:36:10	taken	105.844205	21.108143		https://kartaview.org/details/11696870/0
2633088662	44|OpenStreetView	2025-05-16T04:27:30	taken	105.802972	20.954535		https://kartaview.org/details/11699902/0
2633088661	44|OpenStreetView	2025-05-16T04:27:33	taken	105.803020	20.954567		https://kartaview.org/details/11699901/0
2623142118	44|OpenStreetView	2025-05-16T04:38:37	taken	105.803727	20.954100		https://kartaview.org/details/11581667/0
2633088664	44|OpenStreetView	2025-05-16T04:43:06	taken	105.805372	20.953057		https://kartaview.org/details/11699903/0
2628341668	44|OpenStreetView	2025-05-16T06:21:38	taken	105.808870	20.952088		https://kartaview.org/details/11621709/0
2633087361	44|OpenStreetView	2025-05-16T09:00:52	taken	105.769720	21.126247		https://kartaview.org/details/11698973/0
2633091487	44|OpenStreetView	2025-05-16T09:10:43	taken	105.767703	21.126007		https://kartaview.org/details/11701980/0
2626284612	44|OpenStreetView	2025-05-17T03:12:15	taken	105.840990	20.991645		https://kartaview.org/details/11612041/0
2627960565	44|OpenStreetView	2025-05-17T03:27:35	taken	105.845767	21.001327		https://kartaview.org/details/11619118/0
2629672173	44|OpenStreetView	2025-05-17T03:40:39	taken	105.841038	21.010792		https://kartaview.org/details/11647722/0
2621717772	44|OpenStreetView	2025-05-17T03:55:12	taken	105.814735	20.990353		https://kartaview.org/details/11570455/0
2619998596	44|OpenStreetView	2025-05-17T04:48:14	taken	105.819692	20.992452		https://kartaview.org/details/11558542/0
2633087999	44|OpenStreetView	2025-05-17T06:32:38	taken	105.836560	21.016617		https://kartaview.org/details/11699383/0
2633088137	44|OpenStreetView	2025-05-17T06:32:43	taken	105.836660	21.016467		https://kartaview.org/details/11699489/0
2633088136	44|OpenStreetView	2025-05-17T06:32:54	taken	105.836627	21.016382		https://kartaview.org/details/11699488/0
2633088134	44|OpenStreetView	2025-05-17T06:33:05	taken	105.836715	21.016257		https://kartaview.org/details/11699487/0
2633088129	44|OpenStreetView	2025-05-17T06:33:23	taken	105.836937	21.015978		https://kartaview.org/details/11699483/0
2633088126	44|OpenStreetView	2025-05-17T06:33:47	taken	105.837413	21.015783		https://kartaview.org/details/11699481/0
2630073571	44|OpenStreetView	2025-05-17T07:09:17	taken	105.771975	21.022582		https://kartaview.org/details/11661388/0
2627980039	44|OpenStreetView	2025-05-17T07:17:10	taken	105.774497	21.025895		https://kartaview.org/details/11619285/0
2619971815	44|OpenStreetView	2025-05-17T07:21:02	taken	105.770912	21.024848		https://kartaview.org/details/11558195/0
2633088774	44|OpenStreetView	2025-05-17T08:11:22	taken	105.759187	21.020298		https://kartaview.org/details/11699969/0
2633088765	44|OpenStreetView	2025-05-17T08:11:57	taken	105.758945	21.019392		https://kartaview.org/details/11699963/0
2633088768	44|OpenStreetView	2025-05-17T08:12:12	taken	105.758137	21.019398		https://kartaview.org/details/11699965/0
2633088771	44|OpenStreetView	2025-05-17T08:12:35	taken	105.757413	21.019415		https://kartaview.org/details/11699967/0
2633088023	44|OpenStreetView	2025-05-17T08:16:18	taken	105.758743	21.021522		https://kartaview.org/details/11699398/0
2633088025	44|OpenStreetView	2025-05-17T08:16:34	taken	105.758233	21.021660		https://kartaview.org/details/11699400/0
2633088020	44|OpenStreetView	2025-05-17T08:16:59	taken	105.757630	21.021538		https://kartaview.org/details/11699396/0
2633088029	44|OpenStreetView	2025-05-17T08:17:28	taken	105.756718	21.021432		https://kartaview.org/details/11699404/0
2633088034	44|OpenStreetView	2025-05-17T08:17:35	taken	105.756683	21.021248		https://kartaview.org/details/11699407/0
2633088038	44|OpenStreetView	2025-05-17T08:17:56	taken	105.756602	21.020650		https://kartaview.org/details/11699410/0
2633088041	44|OpenStreetView	2025-05-17T08:18:08	taken	105.756492	21.020123		https://kartaview.org/details/11699412/0
2633088010	44|OpenStreetView	2025-05-17T08:19:56	taken	105.756063	21.021583		https://kartaview.org/details/11699391/0
2633088012	44|OpenStreetView	2025-05-17T08:20:04	taken	105.755727	21.021773		https://kartaview.org/details/11699392/0
2633088001	44|OpenStreetView	2025-05-17T08:20:53	taken	105.754802	21.020315		https://kartaview.org/details/11699385/0
2633088007	44|OpenStreetView	2025-05-17T08:21:00	taken	105.755047	21.020212		https://kartaview.org/details/11699387/0
2633088009	44|OpenStreetView	2025-05-17T08:21:14	taken	105.755575	21.020152		https://kartaview.org/details/11699389/0
2633088752	44|OpenStreetView	2025-05-17T08:22:08	taken	105.754535	21.019525		https://kartaview.org/details/11699953/0
2633088754	44|OpenStreetView	2025-05-17T08:22:28	taken	105.755373	21.019425		https://kartaview.org/details/11699955/0
2633088760	44|OpenStreetView	2025-05-17T08:22:45	taken	105.756155	21.019268		https://kartaview.org/details/11699959/0
2633088762	44|OpenStreetView	2025-05-17T08:22:59	taken	105.756555	21.019252		https://kartaview.org/details/11699961/0
2633088776	44|OpenStreetView	2025-05-18T01:29:01	taken	105.825593	21.031040		https://kartaview.org/details/11699971/0
2633088784	44|OpenStreetView	2025-05-18T01:33:11	taken	105.825618	21.030613		https://kartaview.org/details/11699977/0
2633088782	44|OpenStreetView	2025-05-18T01:33:31	taken	105.825460	21.030647		https://kartaview.org/details/11699975/0
2633099483	44|OpenStreetView	2025-05-18T01:44:43	taken	105.826330	21.030565		https://kartaview.org/details/11702380/0
2633088119	44|OpenStreetView	2025-05-18T02:18:36	taken	105.830007	21.032913		https://kartaview.org/details/11699476/0
2633088122	44|OpenStreetView	2025-05-18T02:19:06	taken	105.829922	21.033123		https://kartaview.org/details/11699478/0
2633088123	44|OpenStreetView	2025-05-18T02:19:16	taken	105.829827	21.033358		https://kartaview.org/details/11699479/0
2633091466	44|OpenStreetView	2025-05-18T02:45:36	taken	105.825637	21.032833		https://kartaview.org/details/11701959/0
2633091467	44|OpenStreetView	2025-05-18T02:45:39	taken	105.825588	21.032883		https://kartaview.org/details/11701960/0
2633088125	44|OpenStreetView	2025-05-18T03:40:31	taken	105.829787	21.032867		https://kartaview.org/details/11699480/0
2633087410	44|OpenStreetView	2025-05-18T04:14:27	taken	105.826032	21.036000		https://kartaview.org/details/11699011/0
2633087414	44|OpenStreetView	2025-05-18T04:15:35	taken	105.825900	21.036370		https://kartaview.org/details/11699016/0
2633087485	44|OpenStreetView	2025-05-18T04:16:07	taken	105.826077	21.036485		https://kartaview.org/details/11699067/0
2632691986	44|OpenStreetView	2025-05-18T05:09:43	taken	105.937778	21.081240		https://kartaview.org/details/11696840/0
2632691994	44|OpenStreetView	2025-05-18T05:10:10	taken	105.937885	21.081713		https://kartaview.org/details/11696841/0
2632691976	44|OpenStreetView	2025-05-18T05:47:17	taken	105.937517	21.081280		https://kartaview.org/details/11696839/0
2627960563	44|OpenStreetView	2025-05-18T06:07:13	taken	105.830720	21.035995		https://kartaview.org/details/11619116/0
2628617772	44|OpenStreetView	2025-05-18T06:52:59	taken	105.829757	21.035717		https://kartaview.org/details/11623051/0
2619934498	44|OpenStreetView	2025-05-18T06:54:06	taken	105.830697	21.035250		https://kartaview.org/details/11557639/0
2633086839	44|OpenStreetView	2025-05-18T07:38:18	taken	105.943397	21.078675		https://kartaview.org/details/11698606/0
2625100342	44|OpenStreetView	2025-05-18T09:01:53	taken	105.824137	21.033630		https://kartaview.org/details/11588481/0
2633087493	44|OpenStreetView	2025-05-18T09:03:48	taken	105.826183	21.033555		https://kartaview.org/details/11699074/0
2633087499	44|OpenStreetView	2025-05-18T09:04:02	taken	105.826113	21.034045		https://kartaview.org/details/11699079/0
2633087504	44|OpenStreetView	2025-05-18T09:04:15	taken	105.825977	21.034175		https://kartaview.org/details/11699083/0
2633087512	44|OpenStreetView	2025-05-18T09:04:32	taken	105.826037	21.034470		https://kartaview.org/details/11699091/0
2633082617	44|OpenStreetView	2025-05-19T07:56:19	taken	105.771178	20.937038		https://kartaview.org/details/11698111/0
2628302735	44|OpenStreetView	2025-05-19T08:22:31	taken	105.765343	20.935185		https://kartaview.org/details/11620127/0
2627960548	44|OpenStreetView	2025-05-20T03:19:51	taken	105.903067	21.072462		https://kartaview.org/details/11619101/0
2633085095	44|OpenStreetView	2025-05-20T03:50:13	taken	105.820907	21.036913		https://kartaview.org/details/11698348/0
2633085427	44|OpenStreetView	2025-05-21T02:35:56	taken	105.924793	21.092405		https://kartaview.org/details/11698363/0
2633085439	44|OpenStreetView	2025-05-21T03:13:09	taken	105.923360	21.090235		https://kartaview.org/details/11698364/0
2633085452	44|OpenStreetView	2025-05-21T03:13:28	taken	105.923227	21.090338		https://kartaview.org/details/11698365/0
2633085412	44|OpenStreetView	2025-05-21T03:15:06	taken	105.923000	21.092233		https://kartaview.org/details/11698362/0
2628328186	44|OpenStreetView	2025-05-21T03:29:11	taken	105.823488	21.041123		https://kartaview.org/details/11621647/0
2632452186	44|OpenStreetView	2025-05-21T03:38:27	taken	105.820993	21.041913		https://kartaview.org/details/11690742/0
2628328188	44|OpenStreetView	2025-05-21T04:12:45	taken	105.822805	21.041683		https://kartaview.org/details/11621649/0
2632452704	44|OpenStreetView	2025-05-21T04:51:03	taken	105.821137	21.043265		https://kartaview.org/details/11690784/0
2633085481	44|OpenStreetView	2025-05-21T05:39:26	taken	105.913643	21.095762		https://kartaview.org/details/11698367/0
2633086776	44|OpenStreetView	2025-05-21T05:56:08	taken	105.904520	21.094340		https://kartaview.org/details/11698575/0
2628364560	44|OpenStreetView	2025-05-22T04:22:03	taken	105.756020	21.043508		https://kartaview.org/details/11622024/0
2628689716	44|OpenStreetView	2025-05-22T05:43:25	taken	105.750573	21.051042		https://kartaview.org/details/11623162/0
2633250296	44|OpenStreetView	2025-05-26T03:43:19	taken	105.741285	20.990360		https://kartaview.org/details/11706981/0
2623626618	44|OpenStreetView	2025-05-26T04:14:52	taken	105.738208	20.991693		https://kartaview.org/details/11585896/0
2623626563	44|OpenStreetView	2025-05-26T04:14:58	taken	105.738167	20.991802		https://kartaview.org/details/11585894/0
2623626507	44|OpenStreetView	2025-05-26T04:16:23	taken	105.737973	20.992235		https://kartaview.org/details/11585890/0
2623626505	44|OpenStreetView	2025-05-26T04:18:19	taken	105.737607	20.991815		https://kartaview.org/details/11585888/0
2623626504	44|OpenStreetView	2025-05-26T04:19:15	taken	105.737422	20.991912		https://kartaview.org/details/11585887/0
2623626668	44|OpenStreetView	2025-05-26T04:19:47	taken	105.736920	20.992105		https://kartaview.org/details/11585898/0
2633086790	44|OpenStreetView	2025-05-26T06:38:57	taken	105.736240	21.005660		https://kartaview.org/details/11698582/0
2628375435	44|OpenStreetView	2025-05-27T06:28:40	taken	105.747360	21.016057		https://kartaview.org/details/11622358/0
2633086792	44|OpenStreetView	2025-05-28T04:15:43	taken	105.738052	21.042408		https://kartaview.org/details/11698583/0
2633086806	44|OpenStreetView	2025-05-28T06:48:14	taken	105.736277	21.048140		https://kartaview.org/details/11698591/0
2633086804	44|OpenStreetView	2025-05-28T06:48:27	taken	105.736568	21.048005		https://kartaview.org/details/11698589/0
2633086800	44|OpenStreetView	2025-05-28T06:48:51	taken	105.736802	21.047835		https://kartaview.org/details/11698587/0
2625407495	44|OpenStreetView	2025-05-28T07:13:11	taken	105.732303	21.051883		https://kartaview.org/details/11592151/0
2633086797	44|OpenStreetView	2025-05-29T07:04:50	taken	105.737095	21.034323		https://kartaview.org/details/11698586/0
2627960559	44|OpenStreetView	2025-05-29T09:37:28	taken	105.728387	21.044338		https://kartaview.org/details/11619112/0
2625407494	44|OpenStreetView	2025-05-30T04:00:14	taken	105.731813	21.051937		https://kartaview.org/details/11592150/0
2633090185	44|OpenStreetView	2025-06-04T06:14:52	taken	105.788727	21.109498		https://kartaview.org/details/11701021/0
2632544143	44|OpenStreetView	2025-06-04T06:14:58	taken	105.788652	21.109322		https://kartaview.org/details/11695069/0
2633090169	44|OpenStreetView	2025-06-04T06:15:16	taken	105.788370	21.108985		https://kartaview.org/details/11701016/0
2633099505	44|OpenStreetView	2025-06-04T06:17:18	taken	105.789025	21.110017		https://kartaview.org/details/11702402/0
2633099504	44|OpenStreetView	2025-06-04T06:18:12	taken	105.789332	21.110547		https://kartaview.org/details/11702401/0
2633099516	44|OpenStreetView	2025-06-04T07:05:00	taken	105.795655	21.109628		https://kartaview.org/details/11702413/0
2633099514	44|OpenStreetView	2025-06-04T07:05:15	taken	105.795562	21.109928		https://kartaview.org/details/11702411/0
2633099517	44|OpenStreetView	2025-06-04T07:14:44	taken	105.796222	21.109195		https://kartaview.org/details/11702414/0
2629527007	44|OpenStreetView	2025-06-04T08:06:55	taken	105.774182	21.106158		https://kartaview.org/details/11644758/0
2632544207	44|OpenStreetView	2025-06-04T08:44:27	taken	105.767625	21.107598		https://kartaview.org/details/11695128/0
2632544203	44|OpenStreetView	2025-06-04T08:44:33	taken	105.767735	21.107820		https://kartaview.org/details/11695127/0
2632682386	44|OpenStreetView	2025-06-07T02:26:18	taken	105.845148	21.046230		https://kartaview.org/details/11696762/0
2632682385	44|OpenStreetView	2025-06-07T02:26:37	taken	105.845360	21.046372		https://kartaview.org/details/11696761/0
2632537462	44|OpenStreetView	2025-06-07T03:22:14	taken	105.844250	21.048560		https://kartaview.org/details/11694486/0
2632537460	44|OpenStreetView	2025-06-07T03:22:58	taken	105.843835	21.048645		https://kartaview.org/details/11694484/0
2632537458	44|OpenStreetView	2025-06-07T03:23:45	taken	105.843743	21.048288		https://kartaview.org/details/11694482/0
2632537473	44|OpenStreetView	2025-06-07T03:25:02	taken	105.843225	21.049143		https://kartaview.org/details/11694497/0
2632537474	44|OpenStreetView	2025-06-07T03:26:29	taken	105.843400	21.048985		https://kartaview.org/details/11694498/0
2632537471	44|OpenStreetView	2025-06-07T03:29:37	taken	105.842827	21.049145		https://kartaview.org/details/11694495/0
2632537470	44|OpenStreetView	2025-06-07T03:29:45	taken	105.842605	21.049242		https://kartaview.org/details/11694494/0
2633085490	44|OpenStreetView	2025-06-07T06:08:35	taken	105.832613	21.061067		https://kartaview.org/details/11698368/0
2633086747	44|OpenStreetView	2025-06-07T06:34:00	taken	105.826872	21.071505		https://kartaview.org/details/11698557/0
2633086749	44|OpenStreetView	2025-06-07T06:50:32	taken	105.836010	21.054343		https://kartaview.org/details/11698559/0
2632537410	44|OpenStreetView	2025-06-07T06:51:24	taken	105.821777	21.065058		https://kartaview.org/details/11694434/0
2633086758	44|OpenStreetView	2025-06-07T07:08:43	taken	105.836502	21.053140		https://kartaview.org/details/11698565/0
2633086754	44|OpenStreetView	2025-06-07T07:09:05	taken	105.836712	21.053217		https://kartaview.org/details/11698563/0
2628358413	44|OpenStreetView	2025-06-07T07:45:59	taken	105.837600	21.052503		https://kartaview.org/details/11621869/0
2630459629	44|OpenStreetView	2025-06-07T08:10:08	taken	105.826005	21.068553		https://kartaview.org/details/11667418/0
2632537430	44|OpenStreetView	2025-06-07T08:12:17	taken	105.911873	21.090447		https://kartaview.org/details/11694454/0
2632537431	44|OpenStreetView	2025-06-07T08:12:23	taken	105.911605	21.090657		https://kartaview.org/details/11694455/0
2633086784	44|OpenStreetView	2025-06-07T09:24:54	taken	105.918997	21.089027		https://kartaview.org/details/11698579/0
2632537221	44|OpenStreetView	2025-06-12T05:46:08	taken	105.731197	21.098515		https://kartaview.org/details/11694245/0
2632537222	44|OpenStreetView	2025-06-12T05:46:14	taken	105.731390	21.098552		https://kartaview.org/details/11694246/0
2632537226	44|OpenStreetView	2025-06-12T05:46:45	taken	105.730712	21.098507		https://kartaview.org/details/11694250/0
2632667114	44|OpenStreetView	2025-06-13T03:46:39	taken	105.728257	21.106622		https://kartaview.org/details/11695871/0
2632667115	44|OpenStreetView	2025-06-13T03:46:46	taken	105.728590	21.106607		https://kartaview.org/details/11695872/0
2633292668	44|OpenStreetView	2025-06-14T10:19:52	taken	105.755278	20.938247		https://kartaview.org/details/11707671/0
2633292669	44|OpenStreetView	2025-06-14T10:19:55	taken	105.755360	20.938303		https://kartaview.org/details/11707672/0
2633292672	44|OpenStreetView	2025-06-14T10:20:26	taken	105.755925	20.938338		https://kartaview.org/details/11707675/0
2633250215	44|OpenStreetView	2025-06-15T01:24:47	taken	105.730645	20.938308		https://kartaview.org/details/11706900/0
2633250231	44|OpenStreetView	2025-06-15T01:24:55	taken	105.730738	20.938133		https://kartaview.org/details/11706916/0
2633250232	44|OpenStreetView	2025-06-15T01:25:01	taken	105.730813	20.938027		https://kartaview.org/details/11706917/0
2633250233	44|OpenStreetView	2025-06-15T01:27:41	taken	105.730872	20.937430		https://kartaview.org/details/11706918/0
2628375444	44|OpenStreetView	2025-06-15T01:39:49	taken	105.757303	20.939998		https://kartaview.org/details/11622367/0
2628329635	44|OpenStreetView	2025-06-15T02:22:21	taken	105.736668	20.938273		https://kartaview.org/details/11621676/0
2628302716	44|OpenStreetView	2025-06-15T02:22:36	taken	105.763665	20.935518		https://kartaview.org/details/11620108/0
2633099529	44|OpenStreetView	2025-06-15T02:30:15	taken	105.765075	20.937278		https://kartaview.org/details/11702426/0
2633099527	44|OpenStreetView	2025-06-15T02:30:22	taken	105.765055	20.937497		https://kartaview.org/details/11702424/0
2633099531	44|OpenStreetView	2025-06-15T02:33:29	taken	105.764922	20.937175		https://kartaview.org/details/11702428/0
2633089530	44|OpenStreetView	2025-06-15T02:46:40	taken	105.733940	20.936512		https://kartaview.org/details/11700587/0
2633089520	44|OpenStreetView	2025-06-15T02:48:44	taken	105.734835	20.936308		https://kartaview.org/details/11700579/0
2633089522	44|OpenStreetView	2025-06-15T02:48:50	taken	105.734853	20.936503		https://kartaview.org/details/11700581/0
2619915050	44|OpenStreetView	2025-06-18T04:47:37	taken	105.862712	21.014835		https://kartaview.org/details/11556570/0
2619915051	44|OpenStreetView	2025-06-18T04:47:47	taken	105.862712	21.014527		https://kartaview.org/details/11556571/0
2632178886	44|OpenStreetView	2025-06-18T05:05:12	taken	105.857827	21.014973		https://kartaview.org/details/11683515/0
2633088814	44|OpenStreetView	2025-07-13T04:44:51	taken	105.847737	21.045955		https://kartaview.org/details/11699997/0
2633088789	44|OpenStreetView	2025-07-13T04:57:28	taken	105.848495	21.046065		https://kartaview.org/details/11699981/0
2633088810	44|OpenStreetView	2025-07-13T04:59:49	taken	105.848177	21.046185		https://kartaview.org/details/11699994/0
2632178877	44|OpenStreetView	2025-07-13T07:28:47	taken	105.843590	21.051488		https://kartaview.org/details/11683513/0
2632178880	44|OpenStreetView	2025-07-13T07:30:29	taken	105.843523	21.051287		https://kartaview.org/details/11683514/0
2633085386	44|OpenStreetView	2026-05-12T03:31:36	taken	105.816743	20.956507		https://kartaview.org/details/11698360/0
2633087404	44|OpenStreetView	2026-05-13T10:32:22	taken	105.732065	20.977437		https://kartaview.org/details/11699006/0
2633087402	44|OpenStreetView	2026-05-13T10:33:17	taken	105.732232	20.977305		https://kartaview.org/details/11699004/0
2633251325	44|OpenStreetView	2026-05-14T02:57:28	taken	105.786848	21.072008		https://kartaview.org/details/11707203/0
2633099496	44|OpenStreetView	2026-05-14T04:24:12	taken	105.774255	20.948295		https://kartaview.org/details/11702393/0
2633099498	44|OpenStreetView	2026-05-14T04:24:51	taken	105.774040	20.948723		https://kartaview.org/details/11702395/0
2633099500	44|OpenStreetView	2026-05-14T04:25:09	taken	105.773972	20.949172		https://kartaview.org/details/11702397/0
2632544161	44|OpenStreetView	2026-05-15T04:41:46	taken	105.788982	21.110547		https://kartaview.org/details/11695087/0
2632544160	44|OpenStreetView	2026-05-15T04:41:50	taken	105.789097	21.110592		https://kartaview.org/details/11695086/0
2633088164	44|OpenStreetView	2026-06-01T04:19:55	taken	105.948283	21.033330		https://kartaview.org/details/11699515/0
2633089015	44|OpenStreetView	2026-06-08T03:58:20	taken	105.929322	21.008128		https://kartaview.org/details/11700160/0
2633151771	44|OpenStreetView	2026-06-10T08:12:07	taken	105.906755	21.009143		https://kartaview.org/details/11703319/0
2633151773	44|OpenStreetView	2026-06-13T02:56:32	taken	105.872240	21.021332		https://kartaview.org/details/11703321/0
2632748088	44|OpenStreetView	2026-07-10T10:40:35	taken	105.848705	21.030895		https://kartaview.org/details/11697202/0
2633245914	44|OpenStreetView	2026-07-12T02:26:29	taken	105.791732	20.983404		https://kartaview.org/details/11706457/0
2632273959	44|OpenStreetView	2026-07-13T06:26:50	taken	105.819687	21.023560		https://kartaview.org/details/11686613/0
2633152115	44|OpenStreetView	2026-07-21T08:52:41	taken	105.816045	20.956727		https://kartaview.org/details/11703659/0
2633152116	44|OpenStreetView	2026-07-21T08:52:49	taken	105.815760	20.956878		https://kartaview.org/details/11703660/0
2633152114	44|OpenStreetView	2026-07-21T08:53:11	taken	105.816293	20.956580		https://kartaview.org/details/11703658/0
2633152117	44|OpenStreetView	2026-07-21T08:53:26	taken	105.816468	20.956812		https://kartaview.org/details/11703661/0
2633152126	44|OpenStreetView	2026-07-21T09:21:33	taken	105.815675	20.957583		https://kartaview.org/details/11703670/0
2633152123	44|OpenStreetView	2026-07-21T09:21:55	taken	105.815372	20.957503		https://kartaview.org/details/11703667/0
2633152128	44|OpenStreetView	2026-07-21T09:22:57	taken	105.816190	20.957712		https://kartaview.org/details/11703672/0
2633099489	44|OpenStreetView	2026-07-22T09:17:34	taken	105.783867	20.957383		https://kartaview.org/details/11702386/0
2633099492	44|OpenStreetView	2026-07-22T09:17:56	taken	105.783815	20.957742		https://kartaview.org/details/11702389/0
2633099488	44|OpenStreetView	2026-07-23T03:29:55	taken	105.783557	20.957708		https://kartaview.org/details/11702385/0
2632682255	44|OpenStreetView	2026-08-02T03:24:24	taken	105.930682	21.108828		https://kartaview.org/details/11696631/0
2632682256	44|OpenStreetView	2026-08-02T03:24:32	taken	105.930467	21.108683		https://kartaview.org/details/11696632/0
2632682262	44|OpenStreetView	2026-08-02T03:25:27	taken	105.930385	21.109348		https://kartaview.org/details/11696638/0
2632682261	44|OpenStreetView	2026-08-02T03:25:37	taken	105.930570	21.109523		https://kartaview.org/details/11696637/0
2632682254	44|OpenStreetView	2026-08-02T03:26:20	taken	105.930800	21.109383		https://kartaview.org/details/11696630/0
2632682263	44|OpenStreetView	2026-08-02T03:27:09	taken	105.930322	21.109848		https://kartaview.org/details/11696639/0
2632682269	44|OpenStreetView	2026-08-02T03:27:52	taken	105.930613	21.109997		https://kartaview.org/details/11696645/0
2632682259	44|OpenStreetView	2026-08-02T03:30:20	taken	105.929765	21.109952		https://kartaview.org/details/11696635/0
2632682260	44|OpenStreetView	2026-08-02T03:30:34	taken	105.930103	21.110177		https://kartaview.org/details/11696636/0
2633084257	44|OpenStreetView	2026-08-15T03:43:31	taken	105.917672	21.073925		https://kartaview.org/details/11698252/0
2633084241	44|OpenStreetView	2026-08-15T03:43:37	taken	105.917807	21.074033		https://kartaview.org/details/11698251/0
2633085068	44|OpenStreetView	2026-08-15T03:43:53	taken	105.917657	21.074397		https://kartaview.org/details/11698346/0
2633082772	44|OpenStreetView	2026-08-15T03:44:45	taken	105.917163	21.074732		https://kartaview.org/details/11698131/0
1258745653	49013|hoang-minh-tuan	2021-03-21T19:07:21	taken	105.797656	20.962272	1414.0000	https://kartaview.org/details/3471865/0
1258745657	49013|hoang-minh-tuan	2021-03-21T19:07:23	taken	105.796924	20.962117	1414.7956	https://kartaview.org/details/3471865/0
1037142098	533|nigelramsay	2018-09-29T19:56:35	taken	105.851338	21.024939		https://kartaview.org/details/2878090/0
1037142454	533|nigelramsay	2018-09-29T19:57:14	taken	105.851486	21.025041		https://kartaview.org/details/2878090/0
1037142650	533|nigelramsay	2018-09-29T19:57:34	taken	105.851601	21.025269		https://kartaview.org/details/2878090/0
1037142926	533|nigelramsay	2018-09-29T19:57:58	taken	105.851666	21.025535		https://kartaview.org/details/2878090/0
1037143466	533|nigelramsay	2018-09-29T19:59:08	taken	105.852007	21.025878		https://kartaview.org/details/2878090/0
1037143550	533|nigelramsay	2018-09-29T19:59:23	taken	105.852144	21.025923		https://kartaview.org/details/2878090/0
1037143738	533|nigelramsay	2018-09-29T19:59:44	taken	105.852331	21.025823		https://kartaview.org/details/2878090/0
1037144054	533|nigelramsay	2018-09-29T20:00:33	taken	105.852658	21.025658		https://kartaview.org/details/2878090/0
1037144534	533|nigelramsay	2018-09-29T20:01:24	taken	105.853044	21.025897		https://kartaview.org/details/2878090/0
1037145386	533|nigelramsay	2018-09-29T20:03:00	taken	105.853267	21.026411		https://kartaview.org/details/2878090/0
1037145642	533|nigelramsay	2018-09-29T20:04:15	taken	105.853530	21.026922		https://kartaview.org/details/2878090/0
1037145718	533|nigelramsay	2018-09-29T20:04:26	taken	105.853426	21.027000		https://kartaview.org/details/2878090/0
1037146046	533|nigelramsay	2018-09-29T20:07:05	taken	105.853529	21.027983		https://kartaview.org/details/2878090/0
1037149906	533|nigelramsay	2018-09-29T20:09:57	taken	105.853632	21.028206		https://kartaview.org/details/2878110/0
1037150822	533|nigelramsay	2018-09-29T20:10:39	taken	105.853657	21.028602		https://kartaview.org/details/2878126/0
1037151818	533|nigelramsay	2018-09-29T20:11:34	taken	105.853715	21.029030		https://kartaview.org/details/2878126/0
1037153130	533|nigelramsay	2018-09-29T20:29:26	taken	105.852679	21.030831		https://kartaview.org/details/2878134/0
1037153942	533|nigelramsay	2018-09-29T20:29:44	taken	105.852700	21.030812		https://kartaview.org/details/2878134/0
1037155522	533|nigelramsay	2018-09-29T20:34:21	taken	105.852441	21.030444		https://kartaview.org/details/2878158/0
1037160746	533|nigelramsay	2018-09-29T20:43:42	taken	105.852528	21.030965		https://kartaview.org/details/2878170/0
1037162954	533|nigelramsay	2018-10-01T01:05:10	taken	105.850565	21.029093		https://kartaview.org/details/2878178/0
1037163538	533|nigelramsay	2018-10-01T01:05:14	taken	105.850561	21.028897		https://kartaview.org/details/2878178/0
1037164498	533|nigelramsay	2018-10-01T01:05:22	taken	105.850633	21.028903		https://kartaview.org/details/2878178/0
1037167926	533|nigelramsay	2018-10-01T01:06:15	taken	105.850901	21.028509		https://kartaview.org/details/2878178/0
1037169458	533|nigelramsay	2018-10-01T01:06:33	taken	105.851102	21.028447		https://kartaview.org/details/2878178/0
1037175266	533|nigelramsay	2018-10-01T01:07:35	taken	105.851437	21.028088		https://kartaview.org/details/2878178/0
1037177054	533|nigelramsay	2018-10-01T01:08:11	taken	105.851460	21.027625		https://kartaview.org/details/2878178/0
1037179682	533|nigelramsay	2018-10-01T01:08:47	taken	105.851605	21.027159		https://kartaview.org/details/2878178/0
1037181186	533|nigelramsay	2018-10-01T01:09:23	taken	105.851738	21.026760		https://kartaview.org/details/2878178/0
1037186062	533|nigelramsay	2018-10-01T01:10:12	taken	105.851936	21.026254		https://kartaview.org/details/2878178/0
1037192370	533|nigelramsay	2018-10-01T01:11:08	taken	105.851860	21.025871		https://kartaview.org/details/2878178/0
1037196058	533|nigelramsay	2018-10-01T01:11:29	taken	105.852090	21.025806		https://kartaview.org/details/2878178/0
1037197586	533|nigelramsay	2018-10-01T01:12:03	taken	105.852547	21.025806		https://kartaview.org/details/2878178/0
1037199042	533|nigelramsay	2018-10-01T18:54:16	taken	105.853424	21.024373		https://kartaview.org/details/2878314/0
1037200642	533|nigelramsay	2018-10-01T18:54:35	taken	105.853541	21.024272		https://kartaview.org/details/2878314/0
1037201702	533|nigelramsay	2018-10-01T21:26:55	taken	105.840825	21.034665		https://kartaview.org/details/2878326/0
1037203106	533|nigelramsay	2018-10-01T21:27:46	taken	105.840932	21.034896		https://kartaview.org/details/2878326/0
1037204686	533|nigelramsay	2018-10-01T21:28:22	taken	105.840959	21.035355		https://kartaview.org/details/2878326/0
1037206730	533|nigelramsay	2018-10-01T21:28:43	taken	105.840994	21.035800		https://kartaview.org/details/2878326/0
1037212582	533|nigelramsay	2018-10-01T21:29:53	taken	105.841034	21.036236		https://kartaview.org/details/2878422/0
1037216026	533|nigelramsay	2018-10-01T22:02:36	taken	105.836646	21.047116		https://kartaview.org/details/2878470/0
1037216270	533|nigelramsay	2018-10-01T22:02:42	taken	105.836720	21.047138		https://kartaview.org/details/2878470/0
1037218058	533|nigelramsay	2018-10-01T22:03:12	taken	105.837104	21.047433		https://kartaview.org/details/2878470/0
1037218414	533|nigelramsay	2018-10-01T22:03:20	taken	105.837171	21.047496		https://kartaview.org/details/2878470/0
1037220262	533|nigelramsay	2018-10-01T22:04:04	taken	105.837517	21.047881		https://kartaview.org/details/2878470/0
1037227070	533|nigelramsay	2018-10-01T22:04:20	taken	105.837633	21.048020		https://kartaview.org/details/2878470/0
1037220482	533|nigelramsay	2018-10-01T22:16:10	taken	105.837998	21.048338		https://kartaview.org/details/2878494/0
1037228690	533|nigelramsay	2018-10-01T22:16:26	taken	105.838118	21.048540		https://kartaview.org/details/2878494/0
1037229850	533|nigelramsay	2018-10-01T22:16:51	taken	105.838227	21.048783		https://kartaview.org/details/2878494/0
1037241946	533|nigelramsay	2018-10-01T22:17:29	taken	105.838428	21.049229		https://kartaview.org/details/2878494/0
1037268958	533|nigelramsay	2018-10-01T22:18:11	taken	105.838511	21.049708		https://kartaview.org/details/2878494/0
1037277786	533|nigelramsay	2018-10-01T22:18:38	taken	105.838610	21.050044		https://kartaview.org/details/2878494/0
1037280626	533|nigelramsay	2018-10-01T22:18:54	taken	105.838682	21.050169		https://kartaview.org/details/2878494/0
1037289690	533|nigelramsay	2018-10-01T22:19:35	taken	105.838574	21.050599		https://kartaview.org/details/2878494/0
1037241954	533|nigelramsay	2018-10-01T22:25:26	taken	105.837647	21.052712		https://kartaview.org/details/2878550/0
1037275906	533|nigelramsay	2018-10-01T22:25:51	taken	105.837791	21.052856		https://kartaview.org/details/2878550/0
1037281346	533|nigelramsay	2018-10-01T22:26:31	taken	105.837577	21.053334		https://kartaview.org/details/2878550/0
1037290402	533|nigelramsay	2018-10-01T22:28:08	taken	105.837123	21.054273		https://kartaview.org/details/2878666/0
1037303498	533|nigelramsay	2018-10-01T22:28:49	taken	105.836873	21.054675		https://kartaview.org/details/2878666/0
1037305018	533|nigelramsay	2018-10-01T22:29:28	taken	105.836626	21.055126		https://kartaview.org/details/2878666/0
1037296598	533|nigelramsay	2018-10-01T22:30:27	taken	105.836349	21.055559		https://kartaview.org/details/2878678/0
2531143049	53705|chicharito-phung	2024-12-19T02:21:47	taken	105.808208	21.019722	14.0000	https://kartaview.org/details/10414441/0
2531143129	53705|chicharito-phung	2024-12-19T02:22:01	taken	105.807963	21.019577	3.3570	https://kartaview.org/details/10414441/0
2531143193	53705|chicharito-phung	2024-12-19T02:22:09	taken	105.807756	21.019199	3.5000	https://kartaview.org/details/10414441/0
2531143209	53705|chicharito-phung	2024-12-19T02:22:11	taken	105.807690	21.019096	3.9000	https://kartaview.org/details/10414441/0
2531143273	53705|chicharito-phung	2024-12-19T02:22:19	taken	105.807400	21.018661	3.4200	https://kartaview.org/details/10414441/0
2535794233	53705|chicharito-phung	2025-01-22T10:06:21	taken	105.816451	21.015749	0.0000	https://kartaview.org/details/10466377/0
2535794281	53705|chicharito-phung	2025-01-22T10:06:25	taken	105.816631	21.015454	0.0000	https://kartaview.org/details/10466377/0
2535794329	53705|chicharito-phung	2025-01-22T10:06:31	taken	105.816949	21.015209	0.0000	https://kartaview.org/details/10466377/0
2535794361	53705|chicharito-phung	2025-01-22T10:06:35	taken	105.817176	21.015069	0.0000	https://kartaview.org/details/10466377/0
2535794409	53705|chicharito-phung	2025-01-22T10:06:39	taken	105.817432	21.014910	0.0000	https://kartaview.org/details/10466377/0
2535794489	53705|chicharito-phung	2025-01-22T10:06:46	taken	105.817812	21.014580	0.0000	https://kartaview.org/details/10466377/0
2535794505	53705|chicharito-phung	2025-01-22T10:06:48	taken	105.817895	21.014494	0.0000	https://kartaview.org/details/10466377/0
2535794633	53705|chicharito-phung	2025-01-22T10:07:22	taken	105.818383	21.014152	0.0000	https://kartaview.org/details/10466377/0
2535794729	53705|chicharito-phung	2025-01-22T10:07:38	taken	105.818858	21.013816	0.0000	https://kartaview.org/details/10466377/0
2535794761	53705|chicharito-phung	2025-01-22T10:07:42	taken	105.818999	21.013709	0.0000	https://kartaview.org/details/10466377/0
2535794841	53705|chicharito-phung	2025-01-22T10:07:55	taken	105.819378	21.013471	0.0000	https://kartaview.org/details/10466377/0
2535794921	53705|chicharito-phung	2025-01-22T10:08:10	taken	105.819639	21.013292	0.0000	https://kartaview.org/details/10466377/0
2535794953	53705|chicharito-phung	2025-01-22T10:08:15	taken	105.819842	21.013171	0.0000	https://kartaview.org/details/10466377/0
2535795049	53705|chicharito-phung	2025-01-22T10:08:29	taken	105.820385	21.012806	0.0000	https://kartaview.org/details/10466377/0
2535795113	53705|chicharito-phung	2025-01-22T10:08:37	taken	105.820801	21.012460	0.0000	https://kartaview.org/details/10466377/0
2535795129	53705|chicharito-phung	2025-01-22T10:08:39	taken	105.820895	21.012364	0.0000	https://kartaview.org/details/10466377/0
2535795209	53705|chicharito-phung	2025-01-22T10:08:50	taken	105.821320	21.011894	0.0000	https://kartaview.org/details/10466377/0
2535795321	53705|chicharito-phung	2025-01-22T10:09:08	taken	105.821660	21.011465	0.0000	https://kartaview.org/details/10466377/0
2535795369	53705|chicharito-phung	2025-01-22T10:09:16	taken	105.821772	21.011299	0.0000	https://kartaview.org/details/10466377/0
2535795433	53705|chicharito-phung	2025-01-22T10:09:24	taken	105.822069	21.011015	0.0000	https://kartaview.org/details/10466377/0
2535795481	53705|chicharito-phung	2025-01-22T10:09:28	taken	105.822242	21.010784	0.0000	https://kartaview.org/details/10466377/0
2535795529	53705|chicharito-phung	2025-01-22T10:09:34	taken	105.822517	21.010525	0.0000	https://kartaview.org/details/10466377/0
2535795577	53705|chicharito-phung	2025-01-22T10:09:40	taken	105.822767	21.010246	0.0000	https://kartaview.org/details/10466377/0
2535795609	53705|chicharito-phung	2025-01-22T10:09:44	taken	105.822968	21.010105	0.0000	https://kartaview.org/details/10466377/0
2535795657	53705|chicharito-phung	2025-01-22T10:09:51	taken	105.823189	21.009948	0.0000	https://kartaview.org/details/10466377/0
2535795753	53705|chicharito-phung	2025-01-22T10:10:06	taken	105.823660	21.009673	0.0000	https://kartaview.org/details/10466377/0
2535795769	53705|chicharito-phung	2025-01-22T10:10:08	taken	105.823752	21.009628	0.0000	https://kartaview.org/details/10466377/0
2535800489	53705|chicharito-phung	2025-01-22T10:11:05	taken	105.824202	21.009297	0.0000	https://kartaview.org/details/10466441/0
2535800505	53705|chicharito-phung	2025-01-22T10:11:07	taken	105.824310	21.009242	0.0000	https://kartaview.org/details/10466441/0
2535800569	53705|chicharito-phung	2025-01-22T10:11:15	taken	105.824719	21.009098	0.0000	https://kartaview.org/details/10466441/0
2535800649	53705|chicharito-phung	2025-01-22T10:11:26	taken	105.825233	21.008998	0.0000	https://kartaview.org/details/10466441/0
2535800729	53705|chicharito-phung	2025-01-22T10:11:39	taken	105.825696	21.008818	0.0000	https://kartaview.org/details/10466441/0
2535800745	53705|chicharito-phung	2025-01-22T10:11:41	taken	105.825780	21.008792	0.0000	https://kartaview.org/details/10466441/0
2031068809	59125|filipb	2024-08-02T09:23:00	taken	105.842103	21.028732	14.2470	https://kartaview.org/details/9254297/0
2031068953	59125|filipb	2024-08-02T09:23:08	taken	105.842312	21.028524	14.2481	https://kartaview.org/details/9254297/0
2031069497	59125|filipb	2024-08-02T09:23:14	taken	105.842451	21.028162	14.2604	https://kartaview.org/details/9254297/0
2031069593	59125|filipb	2024-08-02T09:23:15	taken	105.842475	21.028108	14.2696	https://kartaview.org/details/9254297/0
2031070457	59125|filipb	2024-08-02T09:23:26	taken	105.842940	21.027918	14.2493	https://kartaview.org/details/9254297/0
2031071161	59125|filipb	2024-08-02T09:23:34	taken	105.843446	21.028020	14.2414	https://kartaview.org/details/9254297/0
2031071513	59125|filipb	2024-08-02T09:23:38	taken	105.843575	21.028142	14.2427	https://kartaview.org/details/9254297/0
2031264345	59125|filipb	2024-08-03T04:40:07	taken	105.845658	21.034565	14.2852	https://kartaview.org/details/9257241/0
2031264585	59125|filipb	2024-08-03T04:40:22	taken	105.845254	21.034820	14.2729	https://kartaview.org/details/9257241/0
2031264665	59125|filipb	2024-08-03T04:40:27	taken	105.845103	21.034855	14.2793	https://kartaview.org/details/9257241/0
2031264937	59125|filipb	2024-08-03T04:40:44	taken	105.844837	21.034371	14.4229	https://kartaview.org/details/9257241/0
2031265001	59125|filipb	2024-08-03T04:40:48	taken	105.844852	21.034155	14.2992	https://kartaview.org/details/9257241/0
2031265049	59125|filipb	2024-08-03T04:40:51	taken	105.844762	21.033943	14.3706	https://kartaview.org/details/9257241/0
2031265209	59125|filipb	2024-08-03T04:41:01	taken	105.844667	21.033500	15.1012	https://kartaview.org/details/9257241/0
2031265385	59125|filipb	2024-08-03T04:41:12	taken	105.844582	21.033036	14.9066	https://kartaview.org/details/9257241/0
2031265481	59125|filipb	2024-08-03T04:41:18	taken	105.844465	21.032532	14.4862	https://kartaview.org/details/9257241/0
2031265641	59125|filipb	2024-08-03T04:41:28	taken	105.844377	21.032146	14.4219	https://kartaview.org/details/9257241/0
2031265673	59125|filipb	2024-08-03T04:41:30	taken	105.844355	21.032047	14.3870	https://kartaview.org/details/9257241/0
2031265769	59125|filipb	2024-08-03T04:41:36	taken	105.844265	21.031671	14.3419	https://kartaview.org/details/9257241/0
2031265897	59125|filipb	2024-08-03T04:41:44	taken	105.844179	21.031251	14.6257	https://kartaview.org/details/9257241/0
2031266025	59125|filipb	2024-08-03T04:41:52	taken	105.844110	21.030804	14.5263	https://kartaview.org/details/9257241/0
2031266233	59125|filipb	2024-08-03T04:42:05	taken	105.843992	21.030362	14.7318	https://kartaview.org/details/9257241/0
2031266857	59125|filipb	2024-08-03T04:42:44	taken	105.844361	21.030112	14.3515	https://kartaview.org/details/9257241/0
1519496489	93049|thu-le-to2	2022-06-21T01:13:45	taken	105.789265	21.039703	11.0000	https://kartaview.org/details/5384025/0
1519496601	93049|thu-le-to2	2022-06-21T01:14:08	taken	105.789498	21.039827	19.9490	https://kartaview.org/details/5384025/0
1519496617	93049|thu-le-to2	2022-06-21T01:14:14	taken	105.789512	21.039878	19.2000	https://kartaview.org/details/5384025/0
1519496761	93049|thu-le-to2	2022-06-21T01:14:40	taken	105.789531	21.040247	17.2500	https://kartaview.org/details/5384025/0
1519496793	93049|thu-le-to2	2022-06-21T01:14:44	taken	105.789473	21.040445	13.6660	https://kartaview.org/details/5384025/0
1519496873	93049|thu-le-to2	2022-06-21T01:14:55	taken	105.789210	21.040727	12.1660	https://kartaview.org/details/5384025/0
1519496953	93049|thu-le-to2	2022-06-21T01:15:09	taken	105.789275	21.041158	12.3000	https://kartaview.org/details/5384025/0
1519497145	93049|thu-le-to2	2022-06-21T01:15:39	taken	105.789518	21.041578	7.5000	https://kartaview.org/details/5384025/0
1519497161	93049|thu-le-to2	2022-06-21T01:15:59	taken	105.789590	21.041594	6.0830	https://kartaview.org/details/5384025/0
1519497257	93049|thu-le-to2	2022-06-21T01:16:16	taken	105.789985	21.041613	5.8330	https://kartaview.org/details/5384025/0
1519497353	93049|thu-le-to2	2022-06-21T01:16:32	taken	105.790476	21.041595	6.0610	https://kartaview.org/details/5384025/0
1519497417	93049|thu-le-to2	2022-06-21T01:16:43	taken	105.790868	21.041589	7.8600	https://kartaview.org/details/5384025/0
1519497433	93049|thu-le-to2	2022-06-21T01:16:45	taken	105.790970	21.041582	6.5000	https://kartaview.org/details/5384025/0
1519497513	93049|thu-le-to2	2022-06-21T01:16:58	taken	105.791388	21.041607	7.2000	https://kartaview.org/details/5384025/0
1519497529	93049|thu-le-to2	2022-06-21T01:17:01	taken	105.791469	21.041606	7.0000	https://kartaview.org/details/5384025/0
1519497609	93049|thu-le-to2	2022-06-21T01:17:12	taken	105.791995	21.041607	6.1000	https://kartaview.org/details/5384025/0
1519497705	93049|thu-le-to2	2022-06-21T01:17:29	taken	105.792418	21.041674	6.5000	https://kartaview.org/details/5384025/0
1519497785	93049|thu-le-to2	2022-06-21T01:17:41	taken	105.792896	21.041641	6.3570	https://kartaview.org/details/5384025/0
1519497865	93049|thu-le-to2	2022-06-21T01:17:54	taken	105.793412	21.041669	8.7040	https://kartaview.org/details/5384025/0
1519497929	93049|thu-le-to2	2022-06-21T01:18:01	taken	105.793933	21.041696	7.1660	https://kartaview.org/details/5384025/0
1519497977	93049|thu-le-to2	2022-06-21T01:18:07	taken	105.794367	21.041663	7.0000	https://kartaview.org/details/5384025/0
1519498041	93049|thu-le-to2	2022-06-21T01:18:17	taken	105.794849	21.041812	6.4160	https://kartaview.org/details/5384025/0
1519498121	93049|thu-le-to2	2022-06-21T01:18:24	taken	105.795300	21.042075	6.5000	https://kartaview.org/details/5384025/0
1519498217	93049|thu-le-to2	2022-06-21T01:18:36	taken	105.795822	21.042418	7.0000	https://kartaview.org/details/5384025/0
1519498249	93049|thu-le-to2	2022-06-21T01:18:40	taken	105.795989	21.042533	6.8330	https://kartaview.org/details/5384025/0
1519498297	93049|thu-le-to2	2022-06-21T01:18:46	taken	105.796285	21.042721	6.9000	https://kartaview.org/details/5384025/0
1519498361	93049|thu-le-to2	2022-06-21T01:18:54	taken	105.796750	21.042873	7.5830	https://kartaview.org/details/5384025/0
1519498425	93049|thu-le-to2	2022-06-21T01:19:02	taken	105.797230	21.042846	8.0910	https://kartaview.org/details/5384025/0
1519498521	93049|thu-le-to2	2022-06-21T01:19:17	taken	105.797366	21.042367	6.9000	https://kartaview.org/details/5384025/0
1519498569	93049|thu-le-to2	2022-06-21T01:19:23	taken	105.797353	21.041978	6.5000	https://kartaview.org/details/5384025/0
1519498633	93049|thu-le-to2	2022-06-21T01:19:29	taken	105.797404	21.041575	7.0830	https://kartaview.org/details/5384025/0
1519498713	93049|thu-le-to2	2022-06-21T01:19:41	taken	105.797463	21.041127	7.2140	https://kartaview.org/details/5384025/0
1519498777	93049|thu-le-to2	2022-06-21T01:19:49	taken	105.797468	21.040647	5.5830	https://kartaview.org/details/5384025/0
1519498857	93049|thu-le-to2	2022-06-21T01:19:56	taken	105.797522	21.040169	4.9000	https://kartaview.org/details/5384025/0
1519922553	93049|thu-le-to2	2022-06-21T08:39:41	taken	105.815227	21.077561	5.9780	https://kartaview.org/details/5388745/0
1519922569	93049|thu-le-to2	2022-06-21T08:39:46	taken	105.815137	21.077430	5.3070	https://kartaview.org/details/5388745/0
1519922617	93049|thu-le-to2	2022-06-21T08:39:52	taken	105.814937	21.077103	5.0830	https://kartaview.org/details/5388745/0
1519922633	93049|thu-le-to2	2022-06-21T08:39:54	taken	105.814863	21.077019	5.0000	https://kartaview.org/details/5388745/0
1519922697	93049|thu-le-to2	2022-06-21T08:40:02	taken	105.814625	21.076612	4.9000	https://kartaview.org/details/5388745/0
1519922729	93049|thu-le-to2	2022-06-21T08:40:06	taken	105.814484	21.076378	4.6660	https://kartaview.org/details/5388745/0
1519922761	93049|thu-le-to2	2022-06-21T08:40:10	taken	105.814332	21.076140	4.2500	https://kartaview.org/details/5388745/0
1519922841	93049|thu-le-to2	2022-06-21T08:40:20	taken	105.813991	21.075632	4.0000	https://kartaview.org/details/5388745/0
1519922905	93049|thu-le-to2	2022-06-21T08:40:28	taken	105.813715	21.075211	4.0000	https://kartaview.org/details/5388745/0
1519922953	93049|thu-le-to2	2022-06-21T08:40:34	taken	105.813519	21.074932	4.1000	https://kartaview.org/details/5388745/0
1519922985	93049|thu-le-to2	2022-06-21T08:40:38	taken	105.813399	21.074729	4.2500	https://kartaview.org/details/5388745/0
1519923049	93049|thu-le-to2	2022-06-21T08:40:46	taken	105.813170	21.074315	4.0000	https://kartaview.org/details/5388745/0
1519923097	93049|thu-le-to2	2022-06-21T08:40:51	taken	105.813037	21.074035	4.0000	https://kartaview.org/details/5388745/0
1519923129	93049|thu-le-to2	2022-06-21T08:40:55	taken	105.812948	21.073889	4.2140	https://kartaview.org/details/5388745/0
1519923225	93049|thu-le-to2	2022-06-21T08:41:08	taken	105.812841	21.073437	5.0380	https://kartaview.org/details/5388745/0
1519923289	93049|thu-le-to2	2022-06-21T08:41:16	taken	105.812666	21.072995	5.5000	https://kartaview.org/details/5388745/0
1519923321	93049|thu-le-to2	2022-06-21T08:41:20	taken	105.812585	21.072738	5.4160	https://kartaview.org/details/5388745/0
1519923353	93049|thu-le-to2	2022-06-21T08:41:24	taken	105.812491	21.072481	5.1660	https://kartaview.org/details/5388745/0
1519923401	93049|thu-le-to2	2022-06-21T08:41:29	taken	105.812379	21.072131	5.2000	https://kartaview.org/details/5388745/0
1519923465	93049|thu-le-to2	2022-06-21T08:41:36	taken	105.812236	21.071583	4.9000	https://kartaview.org/details/5388745/0
1519923513	93049|thu-le-to2	2022-06-21T08:41:42	taken	105.812088	21.071081	4.7000	https://kartaview.org/details/5388745/0
1519923561	93049|thu-le-to2	2022-06-21T08:41:47	taken	105.811953	21.070731	5.0000	https://kartaview.org/details/5388745/0
1519923641	93049|thu-le-to2	2022-06-21T08:41:54	taken	105.811786	21.070241	4.8000	https://kartaview.org/details/5388745/0
1519923705	93049|thu-le-to2	2022-06-21T08:42:02	taken	105.811625	21.069789	4.9000	https://kartaview.org/details/5388745/0
1519923769	93049|thu-le-to2	2022-06-21T08:42:10	taken	105.811426	21.069382	4.9160	https://kartaview.org/details/5388745/0
1519923833	93049|thu-le-to2	2022-06-21T08:42:18	taken	105.811373	21.068905	4.0000	https://kartaview.org/details/5388745/0
1519923881	93049|thu-le-to2	2022-06-21T08:42:24	taken	105.811261	21.068537	4.1000	https://kartaview.org/details/5388745/0
1519923945	93049|thu-le-to2	2022-06-21T08:42:30	taken	105.811159	21.068091	4.5000	https://kartaview.org/details/5388745/0
1519923961	93049|thu-le-to2	2022-06-21T08:42:32	taken	105.811123	21.067941	4.5000	https://kartaview.org/details/5388745/0
1519924025	93049|thu-le-to2	2022-06-21T08:42:38	taken	105.810997	21.067494	5.1000	https://kartaview.org/details/5388745/0
1519924057	93049|thu-le-to2	2022-06-21T08:42:42	taken	105.810909	21.067181	5.3330	https://kartaview.org/details/5388745/0
1519924121	93049|thu-le-to2	2022-06-21T08:42:50	taken	105.810652	21.066662	5.5000	https://kartaview.org/details/5388745/0
1519924185	93049|thu-le-to2	2022-06-21T08:42:58	taken	105.810407	21.066173	5.2000	https://kartaview.org/details/5388745/0
1519924233	93049|thu-le-to2	2022-06-21T08:43:03	taken	105.810238	21.065793	5.5000	https://kartaview.org/details/5388745/0
1519924249	93049|thu-le-to2	2022-06-21T08:43:05	taken	105.810169	21.065640	5.5000	https://kartaview.org/details/5388745/0
1519924281	93049|thu-le-to2	2022-06-21T08:43:09	taken	105.810044	21.065324	5.2000	https://kartaview.org/details/5388745/0
1519924345	93049|thu-le-to2	2022-06-21T08:43:15	taken	105.809896	21.064892	5.5000	https://kartaview.org/details/5388745/0
1519924393	93049|thu-le-to2	2022-06-21T08:43:21	taken	105.809768	21.064433	5.8330	https://kartaview.org/details/5388745/0
1519924425	93049|thu-le-to2	2022-06-21T08:43:25	taken	105.809676	21.064143	6.0000	https://kartaview.org/details/5388745/0
1519924441	93049|thu-le-to2	2022-06-21T08:43:27	taken	105.809664	21.063990	5.6000	https://kartaview.org/details/5388745/0
1519924537	93049|thu-le-to2	2022-06-21T08:43:33	taken	105.809550	21.063556	5.3330	https://kartaview.org/details/5388745/0
1519924585	93049|thu-le-to2	2022-06-21T08:43:39	taken	105.809403	21.063107	5.5000	https://kartaview.org/details/5388745/0
1519924633	93049|thu-le-to2	2022-06-21T08:43:45	taken	105.809291	21.062646	5.3000	https://kartaview.org/details/5388745/0
1519924681	93049|thu-le-to2	2022-06-21T08:43:49	taken	105.809220	21.062369	5.5000	https://kartaview.org/details/5388745/0
1519924713	93049|thu-le-to2	2022-06-21T08:43:52	taken	105.809186	21.062147	5.5000	https://kartaview.org/details/5388745/0
1519924761	93049|thu-le-to2	2022-06-21T08:43:57	taken	105.809133	21.061801	5.1000	https://kartaview.org/details/5388745/0
1519924841	93049|thu-le-to2	2022-06-21T08:44:03	taken	105.809148	21.061345	5.0000	https://kartaview.org/details/5388745/0
1519924905	93049|thu-le-to2	2022-06-21T08:44:11	taken	105.809075	21.060778	4.2000	https://kartaview.org/details/5388745/0
1519924969	93049|thu-le-to2	2022-06-21T08:44:17	taken	105.808994	21.060373	4.5000	https://kartaview.org/details/5388745/0
1519925033	93049|thu-le-to2	2022-06-21T08:44:22	taken	105.808938	21.059999	4.8330	https://kartaview.org/details/5388745/0
1519925097	93049|thu-le-to2	2022-06-21T08:44:30	taken	105.808837	21.059511	4.4000	https://kartaview.org/details/5388745/0
1519925161	93049|thu-le-to2	2022-06-21T08:44:36	taken	105.808823	21.059081	4.4160	https://kartaview.org/details/5388745/0
1519925225	93049|thu-le-to2	2022-06-21T08:44:43	taken	105.808839	21.058535	3.6000	https://kartaview.org/details/5388745/0
1519925257	93049|thu-le-to2	2022-06-21T08:44:47	taken	105.808839	21.058206	3.5800	https://kartaview.org/details/5388745/0
1519925305	93049|thu-le-to2	2022-06-21T08:44:53	taken	105.808840	21.057715	3.4160	https://kartaview.org/details/5388745/0
1519925353	93049|thu-le-to2	2022-06-21T08:44:59	taken	105.808840	21.057215	3.2000	https://kartaview.org/details/5388745/0
1519925401	93049|thu-le-to2	2022-06-21T08:45:05	taken	105.808879	21.056723	3.3160	https://kartaview.org/details/5388745/0
1519925433	93049|thu-le-to2	2022-06-21T08:45:09	taken	105.808896	21.056392	3.4600	https://kartaview.org/details/5388745/0
1519925481	93049|thu-le-to2	2022-06-21T08:45:15	taken	105.808898	21.055936	3.8800	https://kartaview.org/details/5388745/0
1519925545	93049|thu-le-to2	2022-06-21T08:45:23	taken	105.808902	21.055377	4.5000	https://kartaview.org/details/5388745/0
1519925593	93049|thu-le-to2	2022-06-21T08:45:29	taken	105.808904	21.054947	4.0000	https://kartaview.org/details/5388745/0
1519925641	93049|thu-le-to2	2022-06-21T08:45:35	taken	105.808930	21.054529	4.4000	https://kartaview.org/details/5388745/0
1519925705	93049|thu-le-to2	2022-06-21T08:45:43	taken	105.809023	21.054078	5.0000	https://kartaview.org/details/5388745/0
1519925753	93049|thu-le-to2	2022-06-21T08:45:49	taken	105.809053	21.053716	5.0000	https://kartaview.org/details/5388745/0
1519925849	93049|thu-le-to2	2022-06-21T08:46:03	taken	105.809203	21.053211	6.3330	https://kartaview.org/details/5388745/0
1519925929	93049|thu-le-to2	2022-06-21T08:46:14	taken	105.809217	21.052745	6.0620	https://kartaview.org/details/5388745/0
1519925945	93049|thu-le-to2	2022-06-21T08:46:16	taken	105.809229	21.052639	6.0830	https://kartaview.org/details/5388745/0
1519925993	93049|thu-le-to2	2022-06-21T08:46:21	taken	105.809220	21.052315	6.2000	https://kartaview.org/details/5388745/0
1519926057	93049|thu-le-to2	2022-06-21T08:46:29	taken	105.808769	21.051816	6.2000	https://kartaview.org/details/5388745/0
1519926073	93049|thu-le-to2	2022-06-21T08:46:30	taken	105.808721	21.051759	6.1660	https://kartaview.org/details/5388745/0
1519926121	93049|thu-le-to2	2022-06-21T08:46:36	taken	105.808416	21.051465	6.0000	https://kartaview.org/details/5388745/0
1519926153	93049|thu-le-to2	2022-06-21T08:46:40	taken	105.808225	21.051253	6.0000	https://kartaview.org/details/5388745/0
1519926201	93049|thu-le-to2	2022-06-21T08:46:46	taken	105.807913	21.050955	5.7500	https://kartaview.org/details/5388745/0
1519926249	93049|thu-le-to2	2022-06-21T08:46:51	taken	105.807769	21.050642	6.0830	https://kartaview.org/details/5388745/0
1519926265	93049|thu-le-to2	2022-06-21T08:46:53	taken	105.807707	21.050526	6.2000	https://kartaview.org/details/5388745/0
1519926329	93049|thu-le-to2	2022-06-21T08:47:00	taken	105.807458	21.050097	6.3330	https://kartaview.org/details/5388745/0
1519926361	93049|thu-le-to2	2022-06-21T08:47:04	taken	105.807290	21.049852	6.7500	https://kartaview.org/details/5388745/0
1519926393	93049|thu-le-to2	2022-06-21T08:47:08	taken	105.807144	21.049609	6.7500	https://kartaview.org/details/5388745/0
1519926457	93049|thu-le-to2	2022-06-21T08:47:16	taken	105.806922	21.049145	7.1000	https://kartaview.org/details/5388745/0
1519926489	93049|thu-le-to2	2022-06-21T08:47:20	taken	105.806790	21.048977	6.5830	https://kartaview.org/details/5388745/0
1519926537	93049|thu-le-to2	2022-06-21T08:47:26	taken	105.806600	21.048691	5.4000	https://kartaview.org/details/5388745/0
1519926601	93049|thu-le-to2	2022-06-21T08:47:34	taken	105.806420	21.048223	5.0830	https://kartaview.org/details/5388745/0
1519926633	93049|thu-le-to2	2022-06-21T08:47:38	taken	105.806307	21.047980	5.4160	https://kartaview.org/details/5388745/0
1519926649	93049|thu-le-to2	2022-06-21T08:47:40	taken	105.806254	21.047870	5.5000	https://kartaview.org/details/5388745/0
1519926713	93049|thu-le-to2	2022-06-21T08:47:48	taken	105.806098	21.047398	5.3330	https://kartaview.org/details/5388745/0
1519926777	93049|thu-le-to2	2022-06-21T08:47:56	taken	105.805956	21.046906	4.6660	https://kartaview.org/details/5388745/0
1519926825	93049|thu-le-to2	2022-06-21T08:48:02	taken	105.805825	21.046616	4.5000	https://kartaview.org/details/5388745/0
1519926857	93049|thu-le-to2	2022-06-21T08:48:06	taken	105.805702	21.046469	4.9160	https://kartaview.org/details/5388745/0
1519926921	93049|thu-le-to2	2022-06-21T08:48:15	taken	105.805593	21.046033	4.6000	https://kartaview.org/details/5388745/0
1519926985	93049|thu-le-to2	2022-06-21T08:48:23	taken	105.805666	21.045628	4.1660	https://kartaview.org/details/5388745/0
1519927065	93049|thu-le-to2	2022-06-21T08:48:31	taken	105.805762	21.045087	4.5000	https://kartaview.org/details/5388745/0
1519927113	93049|thu-le-to2	2022-06-21T08:48:36	taken	105.805818	21.044733	4.5830	https://kartaview.org/details/5388745/0
1519927161	93049|thu-le-to2	2022-06-21T08:48:42	taken	105.805888	21.044475	5.0760	https://kartaview.org/details/5388745/0
1519927193	93049|thu-le-to2	2022-06-21T08:48:45	taken	105.805901	21.044260	5.3120	https://kartaview.org/details/5388745/0
1519927241	93049|thu-le-to2	2022-06-21T08:48:51	taken	105.805931	21.043681	5.5000	https://kartaview.org/details/5388745/0
1519927273	93049|thu-le-to2	2022-06-21T08:48:54	taken	105.805947	21.043368	5.5000	https://kartaview.org/details/5388745/0
1519927321	93049|thu-le-to2	2022-06-21T08:49:00	taken	105.805909	21.042760	5.4160	https://kartaview.org/details/5388745/0
1519927353	93049|thu-le-to2	2022-06-21T08:49:04	taken	105.805823	21.042362	4.6000	https://kartaview.org/details/5388745/0
1519927385	93049|thu-le-to2	2022-06-21T08:49:07	taken	105.805823	21.042023	4.2000	https://kartaview.org/details/5388745/0
1519927433	93049|thu-le-to2	2022-06-21T08:49:13	taken	105.805877	21.041417	4.0000	https://kartaview.org/details/5388745/0
1519927465	93049|thu-le-to2	2022-06-21T08:49:17	taken	105.805994	21.041052	4.2000	https://kartaview.org/details/5388745/0
1519927513	93049|thu-le-to2	2022-06-21T08:49:23	taken	105.806257	21.040580	4.4160	https://kartaview.org/details/5388745/0
1519927529	93049|thu-le-to2	2022-06-21T08:49:25	taken	105.806343	21.040430	4.2500	https://kartaview.org/details/5388745/0
1519927561	93049|thu-le-to2	2022-06-21T08:49:29	taken	105.806491	21.040190	4.0000	https://kartaview.org/details/5388745/0
1519927625	93049|thu-le-to2	2022-06-21T08:49:36	taken	105.806641	21.039785	4.5000	https://kartaview.org/details/5388745/0
1519927673	93049|thu-le-to2	2022-06-21T08:49:42	taken	105.806757	21.039271	4.5000	https://kartaview.org/details/5388745/0
1519927721	93049|thu-le-to2	2022-06-21T08:49:48	taken	105.806818	21.038743	4.5830	https://kartaview.org/details/5388745/0
1519927737	93049|thu-le-to2	2022-06-21T08:49:50	taken	105.806828	21.038579	4.6660	https://kartaview.org/details/5388745/0
1519927753	93049|thu-le-to2	2022-06-21T08:49:52	taken	105.806833	21.038434	4.9160	https://kartaview.org/details/5388745/0
1519927817	93049|thu-le-to2	2022-06-21T08:49:57	taken	105.806818	21.038050	5.5000	https://kartaview.org/details/5388745/0
1519927833	93049|thu-le-to2	2022-06-21T08:49:59	taken	105.806809	21.037882	5.3000	https://kartaview.org/details/5388745/0
1519927865	93049|thu-le-to2	2022-06-21T08:50:03	taken	105.806747	21.037530	4.8000	https://kartaview.org/details/5388745/0
1519927913	93049|thu-le-to2	2022-06-21T08:50:09	taken	105.806663	21.037005	4.1660	https://kartaview.org/details/5388745/0
1519927961	93049|thu-le-to2	2022-06-21T08:50:15	taken	105.806527	21.036516	4.5000	https://kartaview.org/details/5388745/0
1519927993	93049|thu-le-to2	2022-06-21T08:50:19	taken	105.806322	21.036185	4.5000	https://kartaview.org/details/5388745/0
1519928057	93049|thu-le-to2	2022-06-21T08:50:27	taken	105.805985	21.035662	4.6000	https://kartaview.org/details/5388745/0
1519928089	93049|thu-le-to2	2022-06-21T08:50:31	taken	105.805823	21.035435	4.7000	https://kartaview.org/details/5388745/0
1519928121	93049|thu-le-to2	2022-06-21T08:50:35	taken	105.805658	21.035223	4.5000	https://kartaview.org/details/5388745/0
1519928185	93049|thu-le-to2	2022-06-21T08:50:44	taken	105.805398	21.034845	4.5830	https://kartaview.org/details/5388745/0
1519928201	93049|thu-le-to2	2022-06-21T08:51:13	taken	105.805360	21.034786	5.8020	https://kartaview.org/details/5388745/0
1519928297	93049|thu-le-to2	2022-06-21T08:51:26	taken	105.805011	21.034314	4.9440	https://kartaview.org/details/5388745/0
1519928329	93049|thu-le-to2	2022-06-21T08:51:30	taken	105.804850	21.034117	4.5000	https://kartaview.org/details/5388745/0
1519928361	93049|thu-le-to2	2022-06-21T08:51:33	taken	105.804730	21.033939	4.5000	https://kartaview.org/details/5388745/0
1519928425	93049|thu-le-to2	2022-06-21T08:51:40	taken	105.804425	21.033432	4.9000	https://kartaview.org/details/5388745/0
1519928441	93049|thu-le-to2	2022-06-21T08:51:42	taken	105.804327	21.033264	5.0000	https://kartaview.org/details/5388745/0
1519928473	93049|thu-le-to2	2022-06-21T08:51:46	taken	105.804116	21.032916	5.1000	https://kartaview.org/details/5388745/0
1519928505	93049|thu-le-to2	2022-06-21T08:51:50	taken	105.803898	21.032581	5.0000	https://kartaview.org/details/5388745/0
1519928569	93049|thu-le-to2	2022-06-21T08:51:58	taken	105.803445	21.032054	5.0000	https://kartaview.org/details/5388745/0
1519928633	93049|thu-le-to2	2022-06-21T08:52:06	taken	105.803107	21.031699	5.0000	https://kartaview.org/details/5388745/0
1519928681	93049|thu-le-to2	2022-06-21T08:52:12	taken	105.802921	21.031517	4.6500	https://kartaview.org/details/5388745/0
1519928745	93049|thu-le-to2	2022-06-21T08:52:21	taken	105.802631	21.031249	4.3880	https://kartaview.org/details/5388745/0
1519928777	93049|thu-le-to2	2022-06-21T08:52:26	taken	105.802467	21.031079	4.0000	https://kartaview.org/details/5388745/0
1519928873	93049|thu-le-to2	2022-06-21T08:52:41	taken	105.802172	21.030787	4.0830	https://kartaview.org/details/5388745/0
1519928937	93049|thu-le-to2	2022-06-21T08:52:58	taken	105.801994	21.030611	4.3690	https://kartaview.org/details/5388745/0
1519928985	93049|thu-le-to2	2022-06-21T08:53:06	taken	105.801781	21.030361	4.2100	https://kartaview.org/details/5388745/0
1519929033	93049|thu-le-to2	2022-06-21T08:53:14	taken	105.801480	21.030332	4.1150	https://kartaview.org/details/5388745/0
1519929049	93049|thu-le-to2	2022-06-21T08:53:16	taken	105.801351	21.030407	4.0900	https://kartaview.org/details/5388745/0
1519929097	93049|thu-le-to2	2022-06-21T08:53:22	taken	105.801008	21.030638	3.9000	https://kartaview.org/details/5388745/0
1519929129	93049|thu-le-to2	2022-06-21T08:53:26	taken	105.800777	21.030827	4.7000	https://kartaview.org/details/5388745/0
1519929161	93049|thu-le-to2	2022-06-21T08:53:30	taken	105.800547	21.031063	4.8330	https://kartaview.org/details/5388745/0
1519929193	93049|thu-le-to2	2022-06-21T08:53:34	taken	105.800319	21.031313	5.6660	https://kartaview.org/details/5388745/0
1519929225	93049|thu-le-to2	2022-06-21T08:53:38	taken	105.800064	21.031563	6.0000	https://kartaview.org/details/5388745/0
1519929257	93049|thu-le-to2	2022-06-21T08:53:42	taken	105.799849	21.031808	6.7000	https://kartaview.org/details/5388745/0
1519929305	93049|thu-le-to2	2022-06-21T08:53:46	taken	105.799574	21.031970	6.9160	https://kartaview.org/details/5388745/0
1519929353	93049|thu-le-to2	2022-06-21T08:53:52	taken	105.799214	21.032206	7.1660	https://kartaview.org/details/5388745/0
1519929369	93049|thu-le-to2	2022-06-21T08:53:54	taken	105.799103	21.032294	7.7000	https://kartaview.org/details/5388745/0
1519929433	93049|thu-le-to2	2022-06-21T08:54:01	taken	105.798749	21.032651	7.9000	https://kartaview.org/details/5388745/0
1519929465	93049|thu-le-to2	2022-06-21T08:54:04	taken	105.798598	21.032806	7.5830	https://kartaview.org/details/5388745/0
1519929529	93049|thu-le-to2	2022-06-21T08:54:11	taken	105.798242	21.033148	7.2500	https://kartaview.org/details/5388745/0
1519929561	93049|thu-le-to2	2022-06-21T08:54:14	taken	105.798098	21.033303	6.5830	https://kartaview.org/details/5388745/0
1519929609	93049|thu-le-to2	2022-06-21T08:54:19	taken	105.797869	21.033592	6.3330	https://kartaview.org/details/5388745/0
1519929641	93049|thu-le-to2	2022-06-21T08:54:23	taken	105.797673	21.033792	5.7500	https://kartaview.org/details/5388745/0
1519929689	93049|thu-le-to2	2022-06-21T08:54:28	taken	105.797341	21.034004	5.1000	https://kartaview.org/details/5388745/0
1519929705	93049|thu-le-to2	2022-06-21T08:54:30	taken	105.797186	21.034080	5.0000	https://kartaview.org/details/5388745/0
1519929769	93049|thu-le-to2	2022-06-21T08:54:38	taken	105.796583	21.034292	5.5830	https://kartaview.org/details/5388745/0
1519929833	93049|thu-le-to2	2022-06-21T08:54:43	taken	105.796228	21.034432	5.9160	https://kartaview.org/details/5388745/0
1519929897	93049|thu-le-to2	2022-06-21T08:54:51	taken	105.795738	21.034569	7.2500	https://kartaview.org/details/5388745/0
1519929977	93049|thu-le-to2	2022-06-21T08:55:03	taken	105.795232	21.034738	9.0900	https://kartaview.org/details/5388745/0
1519930041	93049|thu-le-to2	2022-06-21T08:55:12	taken	105.794780	21.034889	11.0620	https://kartaview.org/details/5388745/0
1519930105	93049|thu-le-to2	2022-06-21T08:55:20	taken	105.794294	21.035052	13.5000	https://kartaview.org/details/5388745/0
1519930201	93049|thu-le-to2	2022-06-21T08:55:35	taken	105.793805	21.035258	9.6660	https://kartaview.org/details/5388745/0
1519930265	93049|thu-le-to2	2022-06-21T08:55:44	taken	105.793427	21.035329	5.9090	https://kartaview.org/details/5388745/0
1519930281	93049|thu-le-to2	2022-06-21T08:55:46	taken	105.793317	21.035360	5.6360	https://kartaview.org/details/5388745/0
1519930361	93049|thu-le-to2	2022-06-21T08:55:56	taken	105.792754	21.035536	5.5830	https://kartaview.org/details/5388745/0
1519930409	93049|thu-le-to2	2022-06-21T08:56:02	taken	105.792368	21.035686	6.5000	https://kartaview.org/details/5388745/0
1519930441	93049|thu-le-to2	2022-06-21T08:56:06	taken	105.792118	21.035782	6.7000	https://kartaview.org/details/5388745/0
1519930473	93049|thu-le-to2	2022-06-21T08:56:10	taken	105.791898	21.035874	6.7500	https://kartaview.org/details/5388745/0
1519930537	93049|thu-le-to2	2022-06-21T08:56:18	taken	105.791418	21.036064	5.9000	https://kartaview.org/details/5388745/0
1519930569	93049|thu-le-to2	2022-06-21T08:56:24	taken	105.791017	21.036212	5.5830	https://kartaview.org/details/5388745/0
1519930601	93049|thu-le-to2	2022-06-21T08:56:27	taken	105.790806	21.036296	5.7500	https://kartaview.org/details/5388745/0
1519930649	93049|thu-le-to2	2022-06-21T08:56:33	taken	105.790413	21.036428	5.9000	https://kartaview.org/details/5388745/0
1519930729	93049|thu-le-to2	2022-06-21T08:56:44	taken	105.789897	21.036533	6.5960	https://kartaview.org/details/5388745/0
1519930793	93049|thu-le-to2	2022-06-21T08:56:51	taken	105.789384	21.036519	5.5830	https://kartaview.org/details/5388745/0
1519930841	93049|thu-le-to2	2022-06-21T08:56:57	taken	105.788944	21.036546	6.0000	https://kartaview.org/details/5388745/0
1519930921	93049|thu-le-to2	2022-06-21T08:57:07	taken	105.788453	21.036544	6.1250	https://kartaview.org/details/5388745/0
1519930985	93049|thu-le-to2	2022-06-21T08:57:15	taken	105.787992	21.036585	6.6660	https://kartaview.org/details/5388745/0
1519931049	93049|thu-le-to2	2022-06-21T08:57:22	taken	105.787486	21.036602	6.0000	https://kartaview.org/details/5388745/0
1519931113	93049|thu-le-to2	2022-06-21T08:57:28	taken	105.786986	21.036603	5.8330	https://kartaview.org/details/5388745/0
1519931161	93049|thu-le-to2	2022-06-21T08:57:34	taken	105.786517	21.036611	6.0000	https://kartaview.org/details/5388745/0
1519931241	93049|thu-le-to2	2022-06-21T08:57:47	taken	105.786102	21.036640	6.5000	https://kartaview.org/details/5388745/0
1519931321	93049|thu-le-to2	2022-06-21T08:57:58	taken	105.785550	21.036560	7.4160	https://kartaview.org/details/5388745/0
1519931369	93049|thu-le-to2	2022-06-21T08:58:04	taken	105.785069	21.036605	6.8000	https://kartaview.org/details/5388745/0
1519931417	93049|thu-le-to2	2022-06-21T08:58:10	taken	105.784548	21.036631	7.0000	https://kartaview.org/details/5388745/0
1519931449	93049|thu-le-to2	2022-06-21T08:58:14	taken	105.784204	21.036646	6.7000	https://kartaview.org/details/5388745/0
1519931497	93049|thu-le-to2	2022-06-21T08:58:20	taken	105.783739	21.036656	7.2500	https://kartaview.org/details/5388745/0
1519931513	93049|thu-le-to2	2022-06-21T08:58:22	taken	105.783591	21.036664	7.3330	https://kartaview.org/details/5388745/0
1519931561	93049|thu-le-to2	2022-06-21T08:58:28	taken	105.783236	21.036741	7.7500	https://kartaview.org/details/5388745/0
1519931625	93049|thu-le-to2	2022-06-21T08:58:36	taken	105.782606	21.036595	9.3330	https://kartaview.org/details/5388745/0
1519931673	93049|thu-le-to2	2022-06-21T08:58:42	taken	105.782264	21.036527	12.5000	https://kartaview.org/details/5388745/0
1519931753	93049|thu-le-to2	2022-06-21T08:58:52	taken	105.781771	21.036605	11.5830	https://kartaview.org/details/5388745/0
1519931785	93049|thu-le-to2	2022-06-21T08:58:56	taken	105.781563	21.036682	9.0000	https://kartaview.org/details/5388745/0
1519931849	93049|thu-le-to2	2022-06-21T08:59:02	taken	105.781332	21.037107	5.7000	https://kartaview.org/details/5388745/0
1519931865	93049|thu-le-to2	2022-06-21T08:59:03	taken	105.781286	21.037166	5.3000	https://kartaview.org/details/5388745/0
1519931945	93049|thu-le-to2	2022-06-21T08:59:11	taken	105.781021	21.037664	4.4160	https://kartaview.org/details/5388745/0
1519932025	93049|thu-le-to2	2022-06-21T08:59:17	taken	105.781042	21.038146	4.1660	https://kartaview.org/details/5388745/0
1519932057	93049|thu-le-to2	2022-06-21T08:59:21	taken	105.781060	21.038504	3.9160	https://kartaview.org/details/5388745/0
1519932105	93049|thu-le-to2	2022-06-21T08:59:27	taken	105.781095	21.039068	3.5800	https://kartaview.org/details/5388745/0
1519932137	93049|thu-le-to2	2022-06-21T08:59:31	taken	105.781111	21.039427	3.5800	https://kartaview.org/details/5388745/0
1519932185	93049|thu-le-to2	2022-06-21T08:59:37	taken	105.781107	21.039948	3.8000	https://kartaview.org/details/5388745/0
1519932217	93049|thu-le-to2	2022-06-21T08:59:41	taken	105.781118	21.040297	3.8000	https://kartaview.org/details/5388745/0
1519932265	93049|thu-le-to2	2022-06-21T08:59:47	taken	105.781150	21.040750	3.8800	https://kartaview.org/details/5388745/0
1519932329	93049|thu-le-to2	2022-06-21T08:59:53	taken	105.781185	21.041191	3.9160	https://kartaview.org/details/5388745/0
1519932377	93049|thu-le-to2	2022-06-21T08:59:59	taken	105.781239	21.041595	4.1000	https://kartaview.org/details/5388745/0
1519932409	93049|thu-le-to2	2022-06-21T09:00:03	taken	105.781354	21.041742	4.4160	https://kartaview.org/details/5388745/0
1519932473	93049|thu-le-to2	2022-06-21T09:00:11	taken	105.781819	21.041739	4.6660	https://kartaview.org/details/5388745/0
1519932537	93049|thu-le-to2	2022-06-21T09:00:19	taken	105.782329	21.041720	4.8000	https://kartaview.org/details/5388745/0
1519932601	93049|thu-le-to2	2022-06-21T09:00:27	taken	105.782847	21.041697	5.0000	https://kartaview.org/details/5388745/0
1519932649	93049|thu-le-to2	2022-06-21T09:00:33	taken	105.783298	21.041706	4.7500	https://kartaview.org/details/5388745/0
1519932713	93049|thu-le-to2	2022-06-21T09:00:39	taken	105.783802	21.041683	4.6000	https://kartaview.org/details/5388745/0
1519932761	93049|thu-le-to2	2022-06-21T09:00:44	taken	105.784221	21.041659	4.5830	https://kartaview.org/details/5388745/0
1519932809	93049|thu-le-to2	2022-06-21T09:00:50	taken	105.784729	21.041645	4.7000	https://kartaview.org/details/5388745/0
1519932857	93049|thu-le-to2	2022-06-21T09:00:56	taken	105.785194	21.041629	5.2000	https://kartaview.org/details/5388745/0
1519932921	93049|thu-le-to2	2022-06-21T09:01:04	taken	105.785721	21.041580	5.5000	https://kartaview.org/details/5388745/0
1519932985	93049|thu-le-to2	2022-06-21T09:01:12	taken	105.786236	21.041542	5.4000	https://kartaview.org/details/5388745/0
1519933033	93049|thu-le-to2	2022-06-21T09:01:18	taken	105.786632	21.041560	5.9160	https://kartaview.org/details/5388745/0
1519933097	93049|thu-le-to2	2022-06-21T09:01:27	taken	105.787096	21.041548	5.5000	https://kartaview.org/details/5388745/0
1519933161	93049|thu-le-to2	2022-06-21T09:01:35	taken	105.787606	21.041553	5.1000	https://kartaview.org/details/5388745/0
1519933241	93049|thu-le-to2	2022-06-21T09:01:42	taken	105.788121	21.041564	5.6000	https://kartaview.org/details/5388745/0
1519933321	93049|thu-le-to2	2022-06-21T09:01:52	taken	105.788616	21.041566	5.0000	https://kartaview.org/details/5388745/0
1519933369	93049|thu-le-to2	2022-06-21T09:01:58	taken	105.788920	21.041598	5.0000	https://kartaview.org/details/5388745/0
1519933385	93049|thu-le-to2	2022-06-21T09:02:00	taken	105.789066	21.041596	5.0710	https://kartaview.org/details/5388745/0
1519933545	93049|thu-le-to2	2022-06-21T09:02:28	taken	105.790046	21.041566	5.0000	https://kartaview.org/details/5388745/0
1519933641	93049|thu-le-to2	2022-06-21T09:02:43	taken	105.790386	21.041130	5.0550	https://kartaview.org/details/5388745/0
1519933705	93049|thu-le-to2	2022-06-21T09:02:51	taken	105.790399	21.040658	5.2000	https://kartaview.org/details/5388745/0
1519933769	93049|thu-le-to2	2022-06-21T09:02:59	taken	105.790396	21.040222	5.2000	https://kartaview.org/details/5388745/0
1529777449	93049|thu-le-to2	2022-07-05T07:06:07	taken	105.812318	21.069160	5.3470	https://kartaview.org/details/5514857/0
1529777481	93049|thu-le-to2	2022-07-05T07:06:15	taken	105.812063	21.069274	4.5450	https://kartaview.org/details/5514857/0
1529777561	93049|thu-le-to2	2022-07-05T07:06:29	taken	105.811668	21.069460	5.7140	https://kartaview.org/details/5514857/0
1529777577	93049|thu-le-to2	2022-07-05T07:06:32	taken	105.811579	21.069492	5.6660	https://kartaview.org/details/5514857/0
1529777657	93049|thu-le-to2	2022-07-05T07:06:42	taken	105.811063	21.069712	5.2500	https://kartaview.org/details/5514857/0
1529777753	93049|thu-le-to2	2022-07-05T07:06:52	taken	105.810577	21.069914	4.2500	https://kartaview.org/details/5514857/0
1529777817	93049|thu-le-to2	2022-07-05T07:07:00	taken	105.810096	21.070101	5.4000	https://kartaview.org/details/5514857/0
1529777897	93049|thu-le-to2	2022-07-05T07:07:26	taken	105.809676	21.070245	8.9140	https://kartaview.org/details/5514857/0
1529777961	93049|thu-le-to2	2022-07-05T07:08:18	taken	105.809333	21.070348	5.4540	https://kartaview.org/details/5514857/0
1529777977	93049|thu-le-to2	2022-07-05T07:08:20	taken	105.809228	21.070359	5.1110	https://kartaview.org/details/5514857/0
1529778025	93049|thu-le-to2	2022-07-05T07:08:26	taken	105.808983	21.070284	4.5000	https://kartaview.org/details/5514857/0
1529778089	93049|thu-le-to2	2022-07-05T07:08:34	taken	105.808711	21.069873	4.0830	https://kartaview.org/details/5514857/0
1529778153	93049|thu-le-to2	2022-07-05T07:08:42	taken	105.808448	21.069392	4.1660	https://kartaview.org/details/5514857/0
1529778201	93049|thu-le-to2	2022-07-05T07:08:48	taken	105.808177	21.068926	4.0830	https://kartaview.org/details/5514857/0
1529778249	93049|thu-le-to2	2022-07-05T07:08:54	taken	105.807897	21.068425	4.0000	https://kartaview.org/details/5514857/0
1529778281	93049|thu-le-to2	2022-07-05T07:08:58	taken	105.807724	21.068113	4.0000	https://kartaview.org/details/5514857/0
1529778297	93049|thu-le-to2	2022-07-05T07:09:00	taken	105.807631	21.067956	4.0000	https://kartaview.org/details/5514857/0
1529778329	93049|thu-le-to2	2022-07-05T07:09:04	taken	105.807432	21.067621	4.0000	https://kartaview.org/details/5514857/0
1529778361	93049|thu-le-to2	2022-07-05T07:09:08	taken	105.807236	21.067259	4.0000	https://kartaview.org/details/5514857/0
1529778377	93049|thu-le-to2	2022-07-05T07:09:10	taken	105.807134	21.067070	4.0000	https://kartaview.org/details/5514857/0
1529778409	93049|thu-le-to2	2022-07-05T07:09:14	taken	105.806939	21.066699	3.8330	https://kartaview.org/details/5514857/0
1529778441	93049|thu-le-to2	2022-07-05T07:09:18	taken	105.806736	21.066356	3.6500	https://kartaview.org/details/5514857/0
1529778457	93049|thu-le-to2	2022-07-05T07:09:20	taken	105.806641	21.066186	3.5000	https://kartaview.org/details/5514857/0
1529778505	93049|thu-le-to2	2022-07-05T07:09:26	taken	105.806365	21.065754	3.5660	https://kartaview.org/details/5514857/0
1529778521	93049|thu-le-to2	2022-07-05T07:09:28	taken	105.806276	21.065630	3.5000	https://kartaview.org/details/5514857/0
1529778569	93049|thu-le-to2	2022-07-05T07:09:34	taken	105.806102	21.065362	3.7500	https://kartaview.org/details/5514857/0
1529778697	93049|thu-le-to2	2022-07-05T07:10:31	taken	105.805852	21.064923	3.8330	https://kartaview.org/details/5514857/0
1529778777	93049|thu-le-to2	2022-07-05T07:10:41	taken	105.805522	21.064422	3.6600	https://kartaview.org/details/5514857/0
1529778825	93049|thu-le-to2	2022-07-05T07:10:46	taken	105.805353	21.064142	3.8800	https://kartaview.org/details/5514857/0
1529778841	93049|thu-le-to2	2022-07-05T07:10:48	taken	105.805267	21.064010	3.9000	https://kartaview.org/details/5514857/0
1529778889	93049|thu-le-to2	2022-07-05T07:10:54	taken	105.805031	21.063598	3.9830	https://kartaview.org/details/5514857/0
1529778921	93049|thu-le-to2	2022-07-05T07:10:58	taken	105.804868	21.063311	3.8800	https://kartaview.org/details/5514857/0
1529778953	93049|thu-le-to2	2022-07-05T07:11:02	taken	105.804718	21.063010	4.0000	https://kartaview.org/details/5514857/0
1529779001	93049|thu-le-to2	2022-07-05T07:11:08	taken	105.804509	21.062556	4.0000	https://kartaview.org/details/5514857/0
1529779033	93049|thu-le-to2	2022-07-05T07:11:12	taken	105.804423	21.062234	3.9660	https://kartaview.org/details/5514857/0
1529779049	93049|thu-le-to2	2022-07-05T07:11:14	taken	105.804387	21.062071	3.9400	https://kartaview.org/details/5514857/0
1529779081	93049|thu-le-to2	2022-07-05T07:11:18	taken	105.804340	21.061740	3.6600	https://kartaview.org/details/5514857/0
1529779129	93049|thu-le-to2	2022-07-05T07:11:24	taken	105.804309	21.061205	3.8160	https://kartaview.org/details/5514857/0
1529779161	93049|thu-le-to2	2022-07-05T07:11:28	taken	105.804304	21.060800	3.9160	https://kartaview.org/details/5514857/0
1529779193	93049|thu-le-to2	2022-07-05T07:11:32	taken	105.804295	21.060418	4.0000	https://kartaview.org/details/5514857/0
1529779241	93049|thu-le-to2	2022-07-05T07:11:38	taken	105.804298	21.059815	4.0000	https://kartaview.org/details/5514857/0
1529779273	93049|thu-le-to2	2022-07-05T07:11:42	taken	105.804301	21.059398	4.0000	https://kartaview.org/details/5514857/0
1529779305	93049|thu-le-to2	2022-07-05T07:11:46	taken	105.804304	21.058997	4.0000	https://kartaview.org/details/5514857/0
1529779337	93049|thu-le-to2	2022-07-05T07:11:50	taken	105.804306	21.058573	4.0000	https://kartaview.org/details/5514857/0
1529779369	93049|thu-le-to2	2022-07-05T07:11:54	taken	105.804305	21.058161	4.0000	https://kartaview.org/details/5514857/0
1529779417	93049|thu-le-to2	2022-07-05T07:12:00	taken	105.804297	21.057570	4.0830	https://kartaview.org/details/5514857/0
1529779449	93049|thu-le-to2	2022-07-05T07:12:04	taken	105.804301	21.057177	4.0830	https://kartaview.org/details/5514857/0
1529779481	93049|thu-le-to2	2022-07-05T07:12:08	taken	105.804306	21.056786	4.0000	https://kartaview.org/details/5514857/0
1529779513	93049|thu-le-to2	2022-07-05T07:12:12	taken	105.804309	21.056404	4.0000	https://kartaview.org/details/5514857/0
1529779561	93049|thu-le-to2	2022-07-05T07:12:18	taken	105.804305	21.055808	4.0000	https://kartaview.org/details/5514857/0
1529779593	93049|thu-le-to2	2022-07-05T07:12:22	taken	105.804313	21.055392	4.1000	https://kartaview.org/details/5514857/0
1529779625	93049|thu-le-to2	2022-07-05T07:12:26	taken	105.804316	21.054972	4.2500	https://kartaview.org/details/5514857/0
1529779657	93049|thu-le-to2	2022-07-05T07:12:30	taken	105.804312	21.054556	4.1000	https://kartaview.org/details/5514857/0
1529779689	93049|thu-le-to2	2022-07-05T07:12:34	taken	105.804312	21.054125	4.0000	https://kartaview.org/details/5514857/0
1529779753	93049|thu-le-to2	2022-07-05T07:12:38	taken	105.804312	21.053642	3.9000	https://kartaview.org/details/5514857/0
1529779817	93049|thu-le-to2	2022-07-05T07:12:42	taken	105.804315	21.053177	4.0000	https://kartaview.org/details/5514857/0
1529779865	93049|thu-le-to2	2022-07-05T07:12:46	taken	105.804321	21.052738	4.0000	https://kartaview.org/details/5514857/0
1529779913	93049|thu-le-to2	2022-07-05T07:12:51	taken	105.804326	21.052192	4.0000	https://kartaview.org/details/5514857/0
1529779945	93049|thu-le-to2	2022-07-05T07:12:55	taken	105.804327	21.051815	4.0000	https://kartaview.org/details/5514857/0
1529779977	93049|thu-le-to2	2022-07-05T07:12:59	taken	105.804346	21.051444	4.0830	https://kartaview.org/details/5514857/0
1529780025	93049|thu-le-to2	2022-07-05T07:13:05	taken	105.804387	21.050830	4.0830	https://kartaview.org/details/5514857/0
1529780057	93049|thu-le-to2	2022-07-05T07:13:09	taken	105.804435	21.050469	4.1660	https://kartaview.org/details/5514857/0
1529780105	93049|thu-le-to2	2022-07-05T07:13:15	taken	105.804510	21.049948	4.5000	https://kartaview.org/details/5514857/0
1529781769	93049|thu-le-to2	2022-07-05T07:15:01	taken	105.805484	21.048037	24.3000	https://kartaview.org/details/5514873/0
1529781817	93049|thu-le-to2	2022-07-05T07:15:05	taken	105.805310	21.048402	14.6000	https://kartaview.org/details/5514873/0
1529781865	93049|thu-le-to2	2022-07-05T07:15:11	taken	105.805203	21.048892	10.2500	https://kartaview.org/details/5514873/0
1529781897	93049|thu-le-to2	2022-07-05T07:15:15	taken	105.805087	21.049253	9.5830	https://kartaview.org/details/5514873/0
1529782025	93049|thu-le-to2	2022-07-05T07:15:31	taken	105.804682	21.050669	7.5000	https://kartaview.org/details/5514873/0
1529782057	93049|thu-le-to2	2022-07-05T07:15:35	taken	105.804650	21.051059	6.7000	https://kartaview.org/details/5514873/0
1529782121	93049|thu-le-to2	2022-07-05T07:15:40	taken	105.804628	21.051580	6.2500	https://kartaview.org/details/5514873/0
1529782169	93049|thu-le-to2	2022-07-05T07:15:45	taken	105.804595	21.052115	5.5830	https://kartaview.org/details/5514873/0
1529782201	93049|thu-le-to2	2022-07-05T07:15:48	taken	105.804584	21.052440	5.0830	https://kartaview.org/details/5514873/0
1529782281	93049|thu-le-to2	2022-07-05T07:15:52	taken	105.804578	21.052892	4.6000	https://kartaview.org/details/5514873/0
1529782345	93049|thu-le-to2	2022-07-05T07:15:56	taken	105.804575	21.053345	4.6000	https://kartaview.org/details/5514873/0
1529782409	93049|thu-le-to2	2022-07-05T07:16:00	taken	105.804561	21.053834	4.5830	https://kartaview.org/details/5514873/0
1529782457	93049|thu-le-to2	2022-07-05T07:16:03	taken	105.804556	21.054191	4.4000	https://kartaview.org/details/5514873/0
1529782521	93049|thu-le-to2	2022-07-05T07:16:07	taken	105.804548	21.054668	4.4160	https://kartaview.org/details/5514873/0
1529782585	93049|thu-le-to2	2022-07-05T07:16:11	taken	105.804546	21.055156	4.7000	https://kartaview.org/details/5514873/0
1529782617	93049|thu-le-to2	2022-07-05T07:16:15	taken	105.804537	21.055599	5.0000	https://kartaview.org/details/5514873/0
1529782681	93049|thu-le-to2	2022-07-05T07:16:19	taken	105.804544	21.056042	4.9000	https://kartaview.org/details/5514873/0
1529782729	93049|thu-le-to2	2022-07-05T07:16:23	taken	105.804545	21.056476	4.6660	https://kartaview.org/details/5514873/0
1529782793	93049|thu-le-to2	2022-07-05T07:16:27	taken	105.804539	21.056918	4.1660	https://kartaview.org/details/5514873/0
1529782857	93049|thu-le-to2	2022-07-05T07:16:31	taken	105.804536	21.057378	4.0000	https://kartaview.org/details/5514873/0
1529782921	93049|thu-le-to2	2022-07-05T07:16:35	taken	105.804534	21.057855	3.9160	https://kartaview.org/details/5514873/0
1529782969	93049|thu-le-to2	2022-07-05T07:16:38	taken	105.804531	21.058230	3.6800	https://kartaview.org/details/5514873/0
1529783001	93049|thu-le-to2	2022-07-05T07:16:42	taken	105.804524	21.058741	3.6500	https://kartaview.org/details/5514873/0
1529783065	93049|thu-le-to2	2022-07-05T07:16:46	taken	105.804511	21.059219	3.5660	https://kartaview.org/details/5514873/0
1529783113	93049|thu-le-to2	2022-07-05T07:16:49	taken	105.804523	21.059583	3.6330	https://kartaview.org/details/5514873/0
1529783177	93049|thu-le-to2	2022-07-05T07:16:53	taken	105.804529	21.060052	3.7160	https://kartaview.org/details/5514873/0
1529783241	93049|thu-le-to2	2022-07-05T07:16:57	taken	105.804533	21.060530	3.5000	https://kartaview.org/details/5514873/0
1529783305	93049|thu-le-to2	2022-07-05T07:17:01	taken	105.804534	21.061011	3.5660	https://kartaview.org/details/5514873/0
1529783353	93049|thu-le-to2	2022-07-05T07:17:04	taken	105.804538	21.061368	3.5800	https://kartaview.org/details/5514873/0
1529783561	93049|thu-le-to2	2022-07-05T07:17:20	taken	105.804949	21.063120	4.0000	https://kartaview.org/details/5514873/0
1529783641	93049|thu-le-to2	2022-07-05T07:17:30	taken	105.805476	21.063937	4.2000	https://kartaview.org/details/5514873/0
1529783705	93049|thu-le-to2	2022-07-05T07:17:38	taken	105.805927	21.064627	4.0000	https://kartaview.org/details/5514873/0
1529783769	93049|thu-le-to2	2022-07-05T07:17:46	taken	105.806376	21.065352	3.9000	https://kartaview.org/details/5514873/0
1529783881	93049|thu-le-to2	2022-07-05T07:17:54	taken	105.806876	21.066107	4.0830	https://kartaview.org/details/5514873/0
1529783977	93049|thu-le-to2	2022-07-05T07:18:02	taken	105.807332	21.066858	4.4000	https://kartaview.org/details/5514873/0
1529784073	93049|thu-le-to2	2022-07-05T07:18:13	taken	105.807797	21.067714	4.2000	https://kartaview.org/details/5514873/0
1529784217	93049|thu-le-to2	2022-07-05T07:18:28	taken	105.808341	21.068652	4.6000	https://kartaview.org/details/5514873/0
1529784297	93049|thu-le-to2	2022-07-05T07:18:38	taken	105.808751	21.069391	4.0000	https://kartaview.org/details/5514873/0
1529784313	93049|thu-le-to2	2022-07-05T07:18:40	taken	105.808827	21.069551	3.9160	https://kartaview.org/details/5514873/0
1529784569	93049|thu-le-to2	2022-07-05T07:19:15	taken	105.810309	21.069879	5.0000	https://kartaview.org/details/5514873/0
